prid,date_iso,date,call_money_vol_cr,call_money_wacr_pct,treps_vol_cr,treps_wacr_pct,market_repo_vol_cr,market_repo_wacr_pct,net_laf_cr,net_laf_day_cr,net_laf_total_cr
48251,2019-09-26,"September 26, 2019","18,968.39",5.34,"1,38,633.00",5.18,"47,758.03",5.21,"-1,42,272.00",,"-1,42,272.00"
48267,2019-09-27,"September 27, 2019","23,748.31",5.24,"1,43,546.15",5.18,"50,141.41",5.20,"-1,58,784.00",,"-1,58,784.00"
48291,2019-09-30,"September 30, 2019","14,725.60",5.41,"1,48,138.60",5.33,"57,997.68",5.28,"-1,19,490.00",,"-1,19,490.00"
48304,2019-10-01,"October 01, 2019","12,743.52",5.26,"1,64,364.75",5.13,"60,545.29",5.18,"-2,14,313",,"-2,14,313"
48315,2019-10-03,"October 03, 2019","11,663.00",5.22,"1,70,745.95",4.92,"59,833.40",5.11,"-2,64,749.00",,"-2,64,749.00"
48336,2019-10-04,"October 04, 2019","1,109.15",4.94,"3,872.20",4.20,0.00,,"-2,46,315",,"-2,46,315"
48338,2019-10-05,"October 05, 2019","2,333.16",4.87,"7,141.70",4.46,0.00,,"-255,874",,"-255,874"
48346,2019-10-07,"October 07, 2019","15,158.49",5.12,"1,53,424.40",4.81,"56,208.60",4.57,"-2,37,113",,"-2,37,113"
48359,2019-10-09,"October 09, 2019","14,512.17",5.07,"1,53,541.45",4.86,"53,298.25",4.71,"-1,94,561",,"-1,94,561"
48369,2019-10-10,"October 10, 2019","13,044.20",5.07,"1,78,703.20",4.73,"54,028.81",4.72,"-2,02,504",,"-2,02,504"
48386,2019-10-11,"October 11, 2019","16,982.01",5.04,"1,94,195.80",4.58,"54,938.60",4.65,"-2,15,874",,"-2,15,874"
48396,2019-10-14,"October 14, 2019","15,137.23",5.06,"1,81,662.75",4.59,"59,345.28",4.59,"-1,96,252",,"-1,96,252"
48407,2019-10-15,"October 15, 2019","13,933.07",5.05,"1,84,143.05",4.60,"56,747.38",4.56,"-1,91,894",,"-1,91,894"
48423,2019-10-16,"October 16, 2019","13,994.29",5.05,"1,74,981.05",4.73,"60,135.85",4.62,"-1,98,817",,"-1,98,817"
48432,2019-10-17,"October 17, 2019","12,010.18",5.04,"1,70,096.35",4.81,"61,443.16",4.76,"-2,04,040",,"-2,04,040"
48449,2019-10-18,"October 18, 2019","1,009.60",4.50,"6,286.60",4.57,0.00,,"-1,62,359",,"-1,62,359"
48450,2019-10-19,"October 19, 2019","1,509.36",4.86,"4,468.00",5.33,0.00,,"-153,690",,"-153,690"
48451,2019-10-21,"October 21, 2019",0.00,,0.00,,0.00,,"-156,419",,"-156,419"
48460,2019-10-22,"October 22, 2019","14,210.83",5.10,"1,63,583.30",4.96,"57,816.43",4.86,"-1,31,544",,"-1,31,544"
48468,2019-10-23,"October 23, 2019","11,835.82",5.06,"1,60,853.65",4.91,"58,879.45",4.86,"-1,17,969",,"-1,17,969"
48479,2019-10-24,"October 24, 2019","10,837.99",5.06,"1,75,307.70",4.89,"58,388.93",4.80,"-1,51,446",,"-1,51,446"
48492,2019-10-25,"October 25, 2019","10,795.59",5.10,"1,63,553.75",4.89,"55,755.74",4.79,"-1,51,238",,"-1,51,238"
48494,2019-10-28,"October 28, 2019",0.00,-,0.00,-,0.00,-,"-175,803",,"-175,803"
48505,2019-10-29,"October 29, 2019","11,622.68",5.09,"1,74,435.55",4.84,"60,962.99",4.80,"-2,06,802",,"-2,06,802"
48514,2019-10-30,"October 30, 2019","13,504.21",5.10,"1,80,563.15",4.82,"52,190.58",4.79,"-2,19,839",,"-2,19,839"
48525,2019-10-31,"October 31, 2019","11,993.79",5.11,"1,70,574.30",4.83,"53,193.35",4.80,"-2,50,504",,"-2,50,504"
48544,2019-11-01,"November 01, 2019",494.01,4.53,"5,144.95",4.72,0.00,,"-2,65,779",,"-2,65,779"
48545,2019-11-02,"November 02, 2019","2,811.80",4.86,"6,346.50",4.44,0.00,,"-288,058",,"-288,058"
48556,2019-11-04,"November 04, 2019","12,259.31",5.03,"1,85,055.85",4.84,"55,513.06",4.83,"-2,82,759",,"-2,82,759"
48567,2019-11-05,"November 05, 2019","11,825.13",5.04,"1,65,457.40",4.89,"51,499.63",4.86,"-2,64,228",,"-2,64,228"
48578,2019-11-06,"November 06, 2019","10,866.46",5.07,"1,61,403.05",4.93,"56,839.84",4.88,"-2,38,784",,"-2,38,784"
48589,2019-11-07,"November 07, 2019","9,932.14",5.06,"1,62,016.35",4.97,"58,215.23",4.95,"-2,45,812",,"-2,45,812"
48606,2019-11-08,"November 08, 2019","12,249.38",5.02,"1,64,753.55",5.00,"58,116.05",4.95,"-2,40,981",,"-2,40,981"
48616,2019-11-11,"November 11, 2019","9,835.51",5.06,"1,78,888.15",4.99,"58,945.17",4.96,"-2,21,343",,"-2,21,343"
48618,2019-11-12,"November 12, 2019",0.00,-,0.00,-,0.00,-,"-225,625",,"-225,625"
48627,2019-11-13,"November 13, 2019","10,967.04",5.09,"1,88,514.60",4.91,"58,511.77",4.90,"-2,31,700",,"-2,31,700"
48637,2019-11-14,"November 14, 2019","8,503.34",5.07,"1,83,914.10",4.92,"58,136.46",4.92,"-2,42,798",,"-2,42,798"
48655,2019-11-15,"November 15, 2019",560.60,4.68,"4,396.50",4.79,0.00,,"-2,52,391",,"-2,52,391"
48656,2019-11-16,"November 16, 2019","1,111.36",4.61,"7,238.35",4.40,0.00,,"-260,558",,"-260,558"
48667,2019-11-18,"November 18, 2019","11,881.13",5.06,"1,89,715.30",4.93,"57,100.39",4.90,"-2,38,865",,"-2,38,865"
48676,2019-11-19,"November 19, 2019","12,453.14",5.07,"1,89,547.45",4.95,"54,976.81",4.91,"-2,24,792",,"-2,24,792"
48688,2019-11-20,"November 20, 2019","10,829.05",5.07,"1,75,059.70",4.97,"52,482.71",4.90,"-2,05,918",,"-2,05,918"
48695,2019-11-21,"November 21, 2019","10,656.46",5.05,"1,74,884.15",5.02,"60,691.84",4.99,"-1,86,950",,"-1,86,950"
48709,2019-11-22,"November 22, 2019","18,811.97",5.04,"1,85,277.45",5.04,"56,004.38",4.97,"-2,08,553",,"-2,08,553"
48716,2019-11-25,"November 25, 2019","10,570.01",5.04,"1,83,504.95",5.00,"55,962.53",4.97,"-1,99,150",,"-1,99,150"
48728,2019-11-26,"November 26, 2019","12,006.82",5.04,"1,84,302.40",4.98,"59,267.58",4.99,"-2,15,950",,"-2,15,950"
48736,2019-11-27,"November 27, 2019","10,947.01",5.02,"1,89,827.55",4.98,"70,098.03",4.93,"-2,18,300",,"-2,18,300"
48742,2019-11-28,"November 28, 2019","11,449.64",5.03,"1,96,630.55",4.99,"67,961.91",4.94,"-2,33,756",,"-2,33,756"
48770,2019-11-29,"November 29, 2019",787.07,4.70,"6,187.00",4.60,0.00,,"-2,42,442",,"-2,42,442"
48771,2019-11-30,"November 30, 2019","1,035.88",4.59,"6,330.25",4.68,0.00,,"-284,568",,"-284,568"
48780,2019-12-02,"December 02, 2019","10,182.95",4.99,"2,03,382.95",4.78,"67,042.75",4.83,"-3,04,899",,"-3,04,899"
48790,2019-12-03,"December 03, 2019","11,791.37",5.05,"2,12,251.25",4.72,"67,776.30",4.78,"-3,18,584",,"-3,18,584"
48799,2019-12-04,"December 04, 2019","11,666.45",5.02,"2,04,563.65",4.73,"66,311.36",4.75,"-3,16,944",,"-3,16,944"
48812,2019-12-05,"December 05, 2019","15,680.58",5.03,"1,69,525.60",4.76,"72,197.14",4.73,"-3,18,971",,"-3,18,971"
48829,2019-12-06,"December 06, 2019","1,180.81",4.64,"3,335.55",4.83,0.00,,"-2,96,433",,"-2,96,433"
48830,2019-12-07,"December 07, 2019","1,958.41",4.69,"8,213.40",4.99,192.52,4.72,"-300,895",,"-300,895"
48836,2019-12-09,"December 09, 2019","12,087.53",5.01,"1,84,772.15",4.90,"66,878.69",4.83,"-2,88,281",,"-2,88,281"
48853,2019-12-10,"December 10, 2019","11,358.24",5.00,"2,21,285.05",4.75,"71,976.53",4.85,"-2,89,397",,"-2,89,397"
48863,2019-12-11,"December 11, 2019","12,518.04",5.00,"2,19,402.40",4.58,"69,709.82",4.68,"-2,90,340",,"-2,90,340"
48870,2019-12-12,"December 12, 2019","12,176.32",4.95,"2,16,617.45",4.58,"74,406.57",4.62,"-2,86,142",,"-2,86,142"
48886,2019-12-13,"December 13, 2019","11,718.97",4.97,"1,95,568.55",4.78,"65,646.72",4.68,"-2,77,744",,"-2,77,744"
48894,2019-12-16,"December 16, 2019","15,379.30",5.08,"1,93,560.30",4.91,"64,432.25",4.79,"-2,06,282",,"-2,06,282"
48903,2019-12-17,"December 17, 2019","14,945.87",5.06,"2,09,200.70",4.90,"67,630.47",4.79,"-2,33,720",,"-2,33,720"
48911,2019-12-18,"December 18, 2019","13,948.67",5.06,"210,568.45",4.89,"70,324.42",4.81,"-2,37,347",,"-2,37,347"
48923,2019-12-19,"December 19, 2019","12,013.69",4.99,"211,124.05",4.88,"67,818.94",4.79,"-2,44,608",,"-2,44,608"
48939,2019-12-20,"December 20, 2019",682.30,4.61,"2,695.30",4.76,0.00,,"-1,98,059",,"-1,98,059"
48940,2019-12-21,"December 21, 2019","1,513.99",4.90,"7,543.25",5.06,0.00,,"-190,486",,"-190,486"
48941,2019-12-22,"December 22, 2019",0.00,-,0.00,-,0.00,-,"-1,90,900",,"-1,90,900"
48950,2019-12-23,"December 23, 2019","15,878.63",5.11,"2,10,870.00",4.87,"67,042.99",4.80,"-2,06,222",,"-2,06,222"
48962,2019-12-24,"December 24, 2019","16,096.31",5.12,"205,939.65",4.79,"73,411.79",4.79,"-2,02,333",,"-2,02,333"
48963,2019-12-25,"December 25, 2019",0.00,-,0.00,-,0.00,-,"-202,356",,"-202,356"
48973,2019-12-26,"December 26, 2019","18,524.33",5.13,"2,18,403.65",4.58,"73,626.21",4.75,"-2,34,446",,"-2,34,446"
48989,2019-12-27,"December 27, 2019","16,870.05",5.11,"206,237.10",4.50,"73,523.94",4.59,"-2,41,445",,"-2,41,445"
48990,2019-12-29,"December 29, 2019",0.00,-,0.00,-,0.00,-,"-241,787",,"-241,787"
49001,2019-12-30,"December 30, 2019","16,237.43",5.09,"195,653.65",4.61,"78,231.83",4.61,"-2,43,243",,"-2,43,243"
49019,2019-12-31,"December 31, 2019","10,277.19",5.10,"1,76,192.65",4.82,"69,899.94",4.75,"-3,04,886",,"-3,04,886"
49037,2020-01-01,"January 01, 2020","17,293.42",5.12,"2,05,926.50",4.60,"73,423.42",4.60,"-3,00,019",,"-3,00,019"
49051,2020-01-02,"January 02, 2020","11,801.14",5.01,"2,31,458.45",3.95,"70,503.82",4.31,"-4,15,187",,"-4,15,187"
49068,2020-01-03,"January 03, 2020","1,356.65",4.52,"3,241.45",3.57,0.00,,"-4,07,026",,"-4,07,026"
49069,2020-01-04,"January 04, 2020","2,271.10",4.69,"9,275.75",4.73,0.00,,"-410,034",,"-410,034"
49070,2020-01-05,"January 05, 2020",0.00,,0.00,,0.00,,"-410,050",,"-410,050"
49081,2020-01-06,"January 06, 2020","9,860.35",4.90,"2,20,758.60",3.95,"66,602.33",3.69,"-3,78,339",,"-3,78,339"
49092,2020-01-07,"January 07, 2020","8,624.86",4.91,"2,03,353.95",4.62,"65,824.94",4.20,"-3,52,775",,"-3,52,775"
49101,2020-01-08,"January 08, 2020","8,081.17",4.91,"1,95,946.75",4.90,"63,208.22",4.61,"-3,18,283",,"-3,18,283"
49109,2020-01-09,"January 09, 2020","10,328.76",4.96,"1,93,893.75",4.91,"61,073.77",4.77,"-3,28,741",,"-3,28,741"
49126,2020-01-10,"January 10, 2020","11,877.95",4.99,"1,93,355.65",4.92,"65,190.93",4.85,"-3,17,547",,"-3,17,547"
49127,2020-01-12,"January 12, 2020",0.00,,0.00,,0.00,,"-318,381",,"-318,381"
49138,2020-01-13,"January 13, 2020","8,058.74",4.99,"200,662.90",4.90,"64,632.08",4.76,"-3,07,916",,"-3,07,916"
49147,2020-01-14,"January 14, 2020","6,815.97",4.97,"175,078.65",4.94,"65,967.83",4.61,"-2,81,840",,"-2,81,840"
49158,2020-01-15,"January 15, 2020","6,740.73",4.96,"1,70,375.45",4.98,"65,180.19",4.63,"-2,72,076",,"-2,72,076"
49178,2020-01-16,"January 16, 2020","8,358.14",4.95,"183,343.65",4.88,"67,144.04",4.61,"-3,28,328",,"-3,28,328"
49192,2020-01-17,"January 17, 2020","1,362.71",4.69,"3,220.10",4.84,340.00,1.00,"-3,05,682",,"-3,05,682"
49193,2020-01-18,"January 18, 2020","1,460.40",4.77,"6,674.95",5.07,0.00,,"-294,621",,"-294,621"
49194,2020-01-19,"January 19, 2020",0.00,,0.00,,0.00,,"-294,636",,"-294,636"
49204,2020-01-20,"January 20, 2020","9,979.78",4.97,"193,256.30",4.96,"64,532.09",4.78,"-2,71,674",,"-2,71,674"
49214,2020-01-21,"January 21, 2020","8,377.77",4.94,"1,99,050.10",4.99,"58,449.02",4.92,"-2,52,713",,"-2,52,713"
49223,2020-01-22,"January 22, 2020","8,990.15",4.98,"1,95,655.60",5.00,"54,566.17",4.97,"-2,53,538",,"-2,53,538"
49249,2020-01-26,"January 26, 2020",0.00,-,0.00,-,0.00,-,"-280,776",,"-280,776"
49256,2020-01-27,"January 27, 2020","9,019.00",4.93,"1,80,759.80",4.98,"66,833.05",4.96,"-2,93,189",,"-2,93,189"
49311,2020-02-02,"February 02, 2020",0.00,,0.00,,0.00,,"-355,827",,"-355,827"
49409,2020-02-14,"February 14, 2020","1,139.33",4.64,"3,139.30",4.27,0.00,,"-2,91,544.97","-1,85,973.00","-2,91,544.97"
49410,2020-02-15,"February 15, 2020","2,214.16",4.81,"12,413.50",4.85,0.00,,"-309,299.97","-17,755.00","-309,299.97"
49411,2020-02-16,"February 16, 2020",0.00,-,0.00,-,0.00,-,"-309,312.97",-13.00,"-309,312.97"
49417,2020-02-17,"February 17, 2020","15,017.92",4.93,"158,892.65",4.85,"77,713.72",4.92,"-282,451.66","-64,768.00","-282,451.66"
49422,2020-02-18,"February 18, 2020","19,383.76",4.95,"163,563.80",4.89,"72,614.59",4.88,"-259,733.66","-61,875.00","-259,733.66"
49423,2020-02-19,"February 19, 2020",0.00,-,0.00,-,0.00,-,"-269,810","-10,076","-269,810"
49429,2020-02-20,"February 20, 2020","19,907.94",5.04,"1,81,381.00",5.01,"71,073.35",4.96,"-2,28,086.66","-35,918.00","-2,28,086.66"
49430,2020-02-23,"February 23, 2020",0.00,,0.00,,0.00,,"-232,351.66","-1,822.00","-232,351.66"
49435,2020-02-24,"February 24, 2020","21,430.72",5.04,"1,80,015.15",4.98,"74,165.51",4.98,"-2,04,848.66","-30,970.00","-2,04,848.66"
49439,2020-02-25,"February 25, 2020","13,738.84",4.94,"1,82,835.25",4.91,"70,471.73",4.96,"-2,58,418.66","-1,33,476.00","-2,58,418.66"
49445,2020-02-26,"February 26, 2020","15,056.57",4.93,"1,79,831.75",4.84,"75,361.83",4.79,"-2,62,737.57","-1,37,363.00","-2,62,737.57"
49448,2020-02-27,"February 27, 2020","16,997.92",4.90,"1,75,652.15",4.80,"73,049.95",4.74,"-2,77,321.17","-1,51,730.00","-2,77,321.17"
49459,2020-02-28,"February 28, 2020","1,392.71",4.66,"3,068.40",4.35,0.00,,"-3,02,807.17","-2,89,645.00","-3,02,807.17"
49460,2020-02-29,"February 29, 2020","3,654.51",5.06,"13,609.40",5.09,0.00,,"-324,769.17","-21,962.00","-324,769.17"
49461,2020-03-01,"March 01, 2020",0.00,,0.00,,0.00,,"-324,792.17",-23.00,"-324,792.17"
49464,2020-03-02,"March 02, 2020","12,771.46",4.96,"1,95,730.45",4.69,"76,192.01",4.79,"-336,382.17","-160,495.00","-336,382.17"
49469,2020-03-03,"March 03, 2020","11,144.49",4.91,"2,24,416.95",4.66,"73,948.75",4.66,"-3,52,091.17","-2,01,232.00","-3,52,091.17"
49473,2020-03-04,"March 04, 2020","15,183.40",4.96,"2,21,315.60",4.81,"83,696.11",4.73,"-3,29,541.17","-1,78,682.00","-3,29,541.17"
49478,2020-03-05,"March 05, 2020","12,976.29",4.94,"2,00,219.35",4.78,"77,963.71",4.84,"-3,36,250.17","-1,85,391.00","-3,36,250.17"
49484,2020-03-06,"March 06, 2020",893.31,4.52,"6,795.90",3.39,0.00,,"-2,95,445.17","-1,69,592.00","-2,95,445.17"
49485,2020-03-07,"March 07, 2020","1,873.36",4.84,"6,817.90",4.99,0.00,,"-304,564.17","-9,119.00","-304,564.17"
49486,2020-03-08,"March 08, 2020",0.00,-,0.00,-,0.00,-,"-305,400.17",-836.00,"-305,400.17"
49491,2020-03-09,"March 09, 2020","12,460.08",4.96,"154,944.20",4.86,"77,312.28",4.85,"-2,87,815.94","-1,61,906.00","-2,87,815.94"
49492,2020-03-10,"March 10, 2020",0.00,-,0.00,-,0.00,-,"-301,264.94","-13,449.00","-301,264.94"
49499,2020-03-11,"March 11, 2020","20,177.58",4.95,"151,823.35",4.88,"74,494.90",4.87,"-2,97,926.85","-2,22,102.00","-2,97,926.85"
49508,2020-03-12,"March 12, 2020","18,033.75",4.93,"212,982.35",4.70,"80,904.74",4.81,"-2,99,125.85","-2,23,301.00","-2,99,125.85"
49517,2020-03-13,"March 13, 2020","18,365.40",4.96,"194,952.85",4.69,"83,749.19",4.46,"-2,71,694.85","-3,73,615.00","-2,71,694.85"
49518,2020-03-15,"March 15, 2020",0.00,-,0.00,-,0.00,-,"-270,958.85",736.00,"-270,958.85"
49526,2020-03-16,"March 16, 2020","19,526.47",4.97,"1,82,169.40",4.88,"81,469.47",4.31,"-1,78,792.85","-1,70,438.00","-1,78,792.85"
49531,2020-03-17,"March 17, 2020","17,725.51",4.97,"2,07,212.25",4.55,"83,515.28",4.35,"-2,63,272.85","-2,54,348.00","-2,63,272.85"
49538,2020-03-18,"March 18, 2020","18,709.05",4.98,"2,10,422.25",4.44,"81,155.47",4.25,"-2,78,132.85","-2,69,778.00","-2,78,132.85"
49542,2020-03-19,"March 19, 2020","18,479.04",4.96,"2,05,137.95",4.39,"77,519.37",4.13,"-2,76,125.85","-2,92,783.00","-2,76,125.85"
49549,2020-03-20,"March 20, 2020","1,900.56",4.70,"2,228.75",4.56,0.00,,"-2,16,631.85","-2,33,289.00","-2,16,631.85"
49551,2020-03-21,"March 21, 2020","5,199.30",5.04,"5,481.60",4.82,0.00,,"-229,670.85","-13,039.00","-229,670.85"
49552,2020-03-22,"March 22, 2020",0.00,-,0.00,-,0.00,,"-238,810.85","-9,140.00","-238,810.85"
49560,2020-03-23,"March 23, 2020","13,411.61",4.99,"2,34,474.10",3.48,"74,737.72",4.18,"-2,94,431.38","-3,11,136.00","-2,94,431.38"
49570,2020-03-24,"March 24, 2020","11,938.08",5.10,"2,08,743.50",1.10,"52,998.54",3.21,"-2,59,340.85","-3,07,583.00","-2,59,340.85"
49572,2020-03-25,"March 25, 2020",0.00,-,0.00,-,0.00,-,"-291,645.38","-32,352.00","-291,645.38"
49580,2020-03-26,"March 26, 2020","15,500.97",5.35,"2,18,117.25",0.91,"56,728.46",1.27,"-2,94,019.38","-3,89,169.00","-2,94,019.38"
49592,2020-03-27,"March 27, 2020","13,751.18",4.68,"2,10,651.70",0.85,"61,842.19",1.11,"-3,16,314.94","-5,35,731.00","-3,16,314.94"
49593,2020-03-29,"March 29, 2020",0.00,-,0.00,-,0.00,-,"-414,107.94",-13.00,"-414,107.94"
49602,2020-03-30,"March 30, 2020","9,594.53",4.23,"2,00,623.00",0.48,"63,895.45",1.00,"-4,84,177.94","-6,10,574.00","-4,84,177.94"
49623,2020-03-31,"March 31, 2020","6,828.89",4.29,"1,65,846.90",0.55,"68,644.80",1.13,"-2,52,988.62","-3,80,523.00","-2,52,988.62"
49626,2020-04-02,"April 02, 2020",0.00,-,0.00,-,0.00,-,"-386,449.62","-72,216.00","-386,449.62"
49634,2020-04-03,"April 03, 2020","1,084.90",3.61,637.75,1.52,0.00,,"-3,96,821.81","-5,23,712.00","-3,96,821.81"
49635,2020-04-04,"April 04, 2020","1,701.25",3.70,"7,689.05",4.18,0.00,,"-441,674.81","-44,853.00","-441,674.81"
49636,2020-04-06,"April 06, 2020",0.00,-,0.00,-,0.00,-,"-460,467.81","-18,793.00","-460,467.81"
49641,2020-04-07,"April 07, 2020","10,259.48",4.20,"1,82,316.35",2.69,"71,301.56",3.42,"-4,74,078.46","-6,14,543.00","-4,74,078.46"
49648,2020-04-08,"April 08, 2020","11,021.24",4.25,"1,79,132.10",2.22,"74,671.33",2.72,"-4,60,268.56","-5,69,189.00","-4,60,268.56"
49658,2020-04-09,"April 09, 2020","12,377.72",4.34,"1,71,788.90",2.89,"78,349.69",2.71,"-4,82,957.56","-6,63,747.00","-4,82,957.56"
49660,2020-04-12,"April 12, 2020",0.00,-,0.00,-,0.00,-,"-4,89,953.56",-12.00,"-4,89,953.56"
49666,2020-04-13,"April 13, 2020","11,300.54",4.26,"171,255.10",3.20,"75,259.50",3.10,"-482,273.56","-688,079.00","-482,273.56"
49667,2020-04-14,"April 14, 2020",0.00,-,0.00,-,0.00,-,"-482,809.56",-536.00,"-482,809.56"
49676,2020-04-15,"April 15, 2020","14,049.40",4.27,"185,676.80",3.47,"71,125.18",3.55,"-4,87,000.56","-6,92,305.00","-4,87,000.56"
49682,2020-04-16,"April 16, 2020","12,272.83",4.24,"197,816.50",3.54,"71,291.93",3.57,"-4,94,051.75","-6,99,312.00","-4,94,051.75"
49697,2020-04-17,"April 17, 2020",761.45,3.43,"1,495.30",3.40,0.00,,"-4,79,020.75","-6,84,281.00","-4,79,020.75"
49698,2020-04-18,"April 18, 2020",883.70,3.12,"4,246.30",2.83,0.00,,"-496,479.75","-17,459.00","-496,479.75"
49699,2020-04-19,"April 19, 2020",0.00,-,0.00,-,0.00,-,"-496,492.75",-13.00,"-496,492.75"
49703,2020-04-20,"April 20, 2020","11,341.65",4.16,"221,774.70",2.97,"70,824.47",3.01,"-4,82,263.75","-7,12,533.00","-4,82,263.75"
49706,2020-04-21,"April 21, 2020","11,539.42",4.10,"214,021.25",3.28,"72,779.94",3.35,"-4,76,315.75","-7,06,116.00","-4,76,315.75"
49710,2020-04-22,"April 22, 2020","11,253.74",4.12,"217,902.15",3.33,"73,005.13",3.42,"-475,593.75","-705,394.00","-475,593.75"
49715,2020-04-23,"April 23, 2020","11,849.91",4.15,"226,218.25",3.19,"68,641.80",3.35,"-479,321.07","-708,650.00","-479,321.07"
49727,2020-04-24,"April 24, 2020","10,643.69",4.04,"212,506.00",2.12,"71,579.40",2.91,"-478,492.07","-720,671.00","-478,492.07"
49736,2020-04-28,"April 28, 2020","11,288.38",4.05,"197,086.95",2.80,"76,196.02",2.82,"-512,837.50","-756,801.00","-512,837.50"
49743,2020-04-29,"April 29, 2020","12,083.70",4.08,"181,167.20",3.30,"76,443.65",3.26,"-503,583.13","-748,828.00","-503,583.13"
49758,2020-05-02,"May 02, 2020","1,094.90",3.19,"15,236.90",2.55,0.00,,"-602,974.23","-85,592.00","-602,974.23"
49893,2020-06-02,"June 02, 2020","10,571.78",3.53,"169,210.15",3.15,"98,635.44",3.07,"-418,671.23","-685,893.00","-418,671.23"
50082,2020-07-14,"July 14, 2020","12,148.29",3.46,"197,630.25",3.11,"80,168.20",3.12,"-368,377.91","-640,688.00","-368,377.91"
50089,2020-07-15,"July 15, 2020","13,351.06",3.51,"186,022.85",3.13,"82,346.33",3.10,"-359,113.91","-634,299.00","-359,113.91"
50094,2020-07-16,"July 16, 2020","13,200.07",3.53,"179,954.35",3.14,"79,637.07",3.10,"-348,406.34","-623,568.00","-348,406.34"
50103,2020-07-17,"July 17, 2020","1,222.16",3.58,"3,730.00",3.44,0.00,,"-338,406.24","-613,571.00","-338,406.24"
50104,2020-07-18,"July 18, 2020","1,170.95",3.10,"4,526.95",3.29,0.00,,"-352,809.24","-14,403.00","-352,809.24"
50105,2020-07-19,"July 19, 2020",0.00,-,0.00,-,0.00,-,"-352,815.24",-6.00,"-352,815.24"
50108,2020-07-20,"July 20, 2020","13,572.36",3.48,"166,306.30",3.17,"75,882.30",3.16,"-309,667.24","-584,832.00","-309,667.24"
50111,2020-07-21,"July 21, 2020","11,561.33",3.43,"164,704.55",3.18,"80,022.72",3.18,"-305,135.24","-580,300.00","-305,135.24"
50116,2020-07-22,"July 22, 2020","12,544.33",3.48,"192,794.45",3.18,"76,630.92",3.19,"-290,428.24","-565,321.00","-290,428.24"
50118,2020-07-23,"July 23, 2020","12,647.14",3.48,"191,829.30",3.16,"83,570.39",3.18,"-293,188.24","-568,206.00","-293,188.24"
50127,2020-07-24,"July 24, 2020","12,187.87",3.42,"195,747.25",3.18,"83,611.58",3.17,"-296,616.91","-571,660.00","-296,616.91"
50128,2020-07-26,"July 26, 2020",0.00,-,0.00,-,0.00,-,"-296,616.91",0.00,"-296,616.91"
50132,2020-07-27,"July 27, 2020","12,497.37",3.48,"178,868.40",3.12,"85,514.91",3.19,"-280,699.91","-553,743.00","-280,699.91"
50135,2020-07-28,"July 28, 2020","10,761.40",3.48,"186,866.20",3.12,"84,163.37",3.13,"-321,136.91","-594,180.00","-321,136.91"
50140,2020-07-29,"July 29, 2020","12,316.22",3.47,"160,658.05",3.16,"91,837.10",3.15,"-334,532.91","-607,146.00","-334,532.91"
50146,2020-07-30,"July 30, 2020","12,421.04",3.45,"165,299.50",3.18,"89,982.67",3.18,"-337,680.91","-610,294.00","-337,680.91"
50158,2020-07-31,"July 31, 2020","9,754.85",3.48,"188,895.65",3.16,"83,288.17",3.14,"-382,530.91","-654,954.00","-382,530.91"
50159,2020-08-02,"August 02, 2020",0.00,-,0.00,-,0.00,-,"-392,710.91",0.00,"-392,710.91"
50161,2020-08-03,"August 03, 2020","9,642.09",3.48,"160,872.35",3.18,"95,012.71",3.18,"-409,313.91","-681,241.00","-409,313.91"
50164,2020-08-04,"August 04, 2020","10,917.05",3.39,"174,238.55",3.18,"95,157.84",3.13,"-432,810.91","-704,638.00","-432,810.91"
50172,2020-08-05,"August 05, 2020","11,885.58",3.41,"173,866.75",3.00,"100,168.49",3.10,"-433,241.91","-705,069.00","-433,241.91"
50179,2020-08-06,"August 06, 2020","11,661.86",3.41,"148,874.95",2.90,"96,076.05",3.01,"-366,022.91","-637,700.00","-366,022.91"
50190,2020-08-07,"August 07, 2020","11,904.07",3.44,"153,299.20",3.18,"97,925.70",2.97,"-377,696.91","-649,324.00","-377,696.91"
50191,2020-08-09,"August 09, 2020",0.00,-,0.00,-,0.00,-,"-377,779.91",-59.00,"-377,779.91"
50195,2020-08-10,"August 10, 2020","11,520.38",3.43,"150,797.80",3.20,"95,279.17",3.05,"-342,268.91","-613,376.00","-342,268.91"
50198,2020-08-11,"August 11, 2020","9,392.21",3.47,"158,703.65",3.20,"88,959.67",3.05,"-343,808.91","-614,916.00","-343,808.91"
50203,2020-08-12,"August 12, 2020","10,801.18",3.49,"1,73,273.30",3.19,"86,312.88",3.05,"-3,32,267.91","-6,04,875.00","-3,32,267.91"
50212,2020-08-13,"August 13, 2020","11,400.26",3.44,"179,443.10",3.18,"81,515.06",3.06,"-327,843.91","-600,451.00","-327,843.91"
50225,2020-08-14,"August 14, 2020","12,387.58",3.45,"185,438.05",3.18,"82,419.59",3.09,"-327,678.91","-600,286.00","-327,678.91"
50226,2020-08-16,"August 16, 2020",0.00,-,0.00,-,0.00,-,"-3,35,985.91",-189.00,"-3,35,985.91"
50229,2020-08-17,"August 17, 2020","12,345.22",3.48,"188,833.70",3.20,"80,231.44",3.06,"-325,270.91","-597,878.00","-325,270.91"
50234,2020-08-18,"August 18, 2020","10,961.23",3.42,"193,287.95",3.20,"76,497.81",3.13,"-327,918.91","-600,526.00","-327,918.91"
50238,2020-08-19,"August 19, 2020","12,243.48",3.42,"186,901.85",3.20,"72,973.80",3.16,"-317,426.91","-590,034.00","-317,426.91"
50241,2020-08-20,"August 20, 2020","12,061.85",3.43,"238,472.25",2.95,"84,852.98",2.96,"-375,506.91","-648,114.00","-375,506.91"
50248,2020-08-21,"August 21, 2020","11,386.70",3.43,"227,025.10",3.01,"83,878.68",2.96,"-364,000.91","-636,574.00","-364,000.91"
50249,2020-08-23,"August 23, 2020",0.00,-,0.00,-,0.00,-,"-365,804.91",-871.00,"-365,804.91"
50251,2020-08-24,"August 24, 2020","11,065.24",3.43,"209,100.95",3.08,"87,971.20",3.07,"-342,011.91","-614,555.00","-342,011.91"
50256,2020-08-25,"August 25, 2020","11,184.81",3.43,"2,06,030.85",3.09,"95,301.65",3.09,"-3,63,647.91","-6,34,836.00","-3,63,647.91"
50263,2020-08-26,"August 26, 2020","12,703.54",3.44,"207,108.60",3.04,"92,831.09",3.04,"-361,754.08","-632,912.00","-361,754.08"
50269,2020-08-27,"August 27, 2020","13,298.29",3.43,"218,864.05",3.02,"100,259.47",2.98,"-373,205.08","-644,363.00","-373,205.08"
50282,2020-08-28,"August 28, 2020",215.50,3.18,"2,240.00",3.20,0.00,,"-401,612.08","-673,795.00","-401,612.08"
50284,2020-08-29,"August 29, 2020",138.50,3.14,"6,835.30",3.28,0.00,,"-417,734.08","-16,122.00","-417,734.08"
50285,2020-08-30,"August 30, 2020",0.00,-,0.00,-,0.00,-,"-417,759.08",-25.00,"-417,759.08"
50297,2020-08-31,"August 31, 2020","10,334.00",3.45,"202,921.30",3.02,"100,168.94",2.98,"-411,520.33","-685,457.00","-411,520.33"
50300,2020-09-01,"September 01, 2020","11,264.06",3.43,"197,593.90",3.00,"99,782.71",2.96,"-441,257.33","-715,074.00","-441,257.33"
50304,2020-09-02,"September 02, 2020","13,531.54",3.42,"203,443.15",3.00,"93,189.57",2.97,"-435,488.33","-709,305.00","-435,488.33"
50308,2020-09-03,"September 03, 2020","14,918.24",3.42,"214,727.25",3.00,"88,048.65",2.96,"-454,301.33","-728,118.00","-454,301.33"
50318,2020-09-04,"September 04, 2020",700.80,2.64,"5,732.00",0.47,0.00,,"-413,896.33","-687,713.00","-413,896.33"
50320,2020-09-05,"September 05, 2020",587.35,2.64,"4,119.45",4.08,0.00,,"-421,151.33","-7,255.00","-421,151.33"
50321,2020-09-06,"September 06, 2020",0.00,-,0.00,-,0.00,-,"-421,160.33",-9.00,"-421,160.33"
50325,2020-09-07,"September 07, 2020","11,414.83",3.42,"173,713.40",3.12,"92,523.00",3.07,"-395,712.33","-669,529.00","-395,712.33"
50329,2020-09-08,"September 08, 2020","11,943.77",3.39,"173,975.35",3.17,"93,023.19",3.12,"-372,634.33","-646,451.00","-372,634.33"
50335,2020-09-09,"September 09, 2020","14,982.67",3.43,"175,847.90",3.20,"89,098.29",3.14,"-365,636.33","-639,453.00","-365,636.33"
50340,2020-09-10,"September 10, 2020","16,404.38",3.42,"168,629.70",3.20,"87,593.35",3.12,"-366,258.33","-640,075.00","-366,258.33"
50350,2020-09-11,"September 11, 2020","11,874.25",3.41,"163,496.00",3.20,"95,845.73",3.13,"-355,537.09","-629,509.00","-355,537.09"
50352,2020-09-13,"September 13, 2020",0.00,-,0.00,-,0.00,-,"-356,598.09",-181.00,"-356,598.09"
50357,2020-09-14,"September 14, 2020","12,385.67",3.43,"1,65,476.45",3.20,"89,430.25",3.16,"-3,41,144.09","-5,91,580.00","-3,41,144.09"
50362,2020-09-15,"September 15, 2020","12,439.32",3.41,"167,057.80",3.21,"88,768.49",3.16,"-336,380.09","-561,810.00","-336,380.09"
50369,2020-09-16,"September 16, 2020","11,537.26",3.43,"170,913.20",3.22,"91,199.96",3.18,"-268,285.09","-468,940.00","-268,285.09"
50377,2020-09-17,"September 17, 2020","11,737.10",3.43,"191,617.30",3.21,"94,723.24",3.18,"-271,351.09","-447,469.00","-271,351.09"
50385,2020-09-18,"September 18, 2020",366.00,3.13,"1,051.50",1.75,0.00,,"-256,949.09","-408,349.00","-256,949.09"
50386,2020-09-19,"September 19, 2020",205.50,3.41,"7,543.00",3.72,0.00,,"-276,570.09","-19,621.00","-276,570.09"
50387,2020-09-20,"September 20, 2020",0.00,-,0.00,-,0.00,-,"-276,902.09",-332.00,"-276,902.09"
50392,2020-09-21,"September 21, 2020","11,715.96",3.43,"187,430.10",3.22,"89,128.83",3.22,"-213,377.09","-365,617.00","-213,377.09"
50397,2020-09-22,"September 22, 2020","11,404.52",3.40,"214,201.80",3.22,"92,323.93",3.19,"-259,265.09","-411,505.00","-259,265.09"
50402,2020-09-23,"September 23, 2020","12,616.25",3.42,"180,401.80",3.23,"94,754.87",3.20,"-254,601.09","-406,841.00","-254,601.09"
50416,2020-09-24,"September 24, 2020","13,394.31",3.43,"162,866.70",3.23,"98,454.09",3.19,"-272,734.09","-424,974.00","-272,734.09"
50424,2020-09-25,"September 25, 2020","12,387.63",3.41,"177,104.90",3.23,"89,065.29",3.20,"-283,077.09","-436,213.00","-283,077.09"
50425,2020-09-27,"September 27, 2020",0.00,-,0.00,-,0.00,-,"-285,812.09",-384.00,"-285,812.09"
50428,2020-09-28,"September 28, 2020","12,642.40",3.42,"160,235.75",3.24,"98,131.01",3.23,"-271,891.09","-425,042.00","-271,891.09"
50433,2020-09-29,"September 29, 2020","11,233.53",3.40,"172,100.10",3.23,"108,159.10",3.26,"-300,517.09","-453,668.00","-300,517.09"
50447,2020-09-30,"September 30, 2020","7,719.72",3.43,"2,05,863.70",3.21,"93,094.22",3.23,"-3,33,169.09","-4,86,320.00","-3,33,169.09"
50457,2020-10-01,"October 01, 2020",572.26,2.93,"3,123.50",2.81,230.00,3.04,"-3,71,947.09","-5,24,873.00","-3,71,947.09"
50458,2020-10-03,"October 03, 2020",636.36,2.66,"9,133.10",3.36,0.00,,"-4,08,221.09","-35,752.00","-4,08,221.09"
50459,2020-10-04,"October 04, 2020",0.00,-,0.00,-,0.00,-,"-4,08,879.09",-658.00,"-4,08,879.09"
50462,2020-10-05,"October 05, 2020","11,790.82",3.42,"1,82,427.30",3.19,"1,08,000.08",3.23,"-4,11,220.09","-5,64,146.00","-4,11,220.09"
50467,2020-10-06,"October 06, 2020","11,323.58",3.43,"166,064.80",3.21,"111,447.15",3.23,"-390,413.09","-543,339.00","-390,413.09"
50473,2020-10-07,"October 07, 2020","12,592.94",3.44,"1,56,920.65",3.22,"1,10,380.15",3.24,"-3,81,715.09","-5,34,641.00","-3,81,715.09"
50478,2020-10-08,"October 08, 2020","11,247.81",3.43,"1,58,336.40",3.22,"1,08,814.26",3.23,"-3,92,962.09","-5,45,888.00","-3,92,962.09"
50493,2020-10-09,"October 09, 2020","11,167.23",3.39,"182,643.20",3.21,"115,741.27",3.21,"-386,389.09","-539,325.00","-386,389.09"
50494,2020-10-11,"October 11, 2020",0.00,-,0.00,-,0.00,-,"-387,659.09",-598.00,"-387,659.09"
50499,2020-10-12,"October 12, 2020","13,023.45",3.41,"1,89,436.05",3.14,"1,10,730.75",3.23,"-3,78,176.09","-5,31,112.00","-3,78,176.09"
50504,2020-10-13,"October 13, 2020","11,307.00",3.39,"1,91,729.70",3.20,"1,15,450.41",3.23,"-4,03,694.09","-5,56,230.00","-4,03,694.09"
50511,2020-10-14,"October 14, 2020","13,037.93",3.41,"190,927.25",3.18,"114,081.77",3.20,"-407,509.09","-560,045.00","-407,509.09"
50522,2020-10-15,"October 15, 2020","12,216.08",3.40,"2,06,658.45",3.15,"1,10,341.90",3.11,"-4,12,432.09","-5,65,593.00","-4,12,432.09"
50531,2020-10-16,"October 16, 2020",746.51,3.09,"2,518.30",3.18,0.00,,"-4,19,207.09","-5,71,238.00","-4,19,207.09"
50532,2020-10-17,"October 17, 2020",371.05,2.69,"6,545.05",3.25,0.00,,"-439,677.09","-20,470.00","-439,677.09"
50533,2020-10-18,"October 18, 2020",0.00,-,0.00,-,0.00,-,"-439,906.09",-229.00,"-439,906.09"
50537,2020-10-19,"October 19, 2020","10,810.87",3.36,"2,06,272.40",3.05,"1,01,871.13",3.08,"-4,11,029.09","-5,63,072.00","-4,11,029.09"
50542,2020-10-20,"October 20, 2020","9,929.43",3.36,"1,97,019.50",3.06,"93,853.58",3.07,"-4,07,189.09","-5,59,122.00","-4,07,189.09"
50549,2020-10-21,"October 21, 2020","7,372.09",3.22,"1,97,527.10",3.06,"89,884.43",3.06,"-3,60,914.09","-5,12,847.00","-3,60,914.09"
50556,2020-10-22,"October 22, 2020","6,480.26",3.14,"2,02,813.75",3.08,"91,015.47",3.09,"-3,89,329.09","-5,41,262.00","-3,89,329.09"
50568,2020-10-23,"October 23, 2020","6,509.15",3.22,"1,98,803.40",3.08,"92,428.99",3.09,"-4,17,397.09","-5,69,330.00","-4,17,397.09"
50569,2020-10-25,"October 25, 2020",0.00,-,0.00,-,0.00,-,"-4,19,965.09",-543.00,"-4,19,965.09"
50570,2020-10-26,"October 26, 2020","6,377.13",3.21,"1,90,476.20",3.04,"1,00,824.93",3.08,"-4,09,954.20","-5,61,933.00","-4,09,954.20"
50574,2020-10-27,"October 27, 2020","6,842.42",3.15,"2,04,268.80",3.05,"83,456.01",3.06,"-4,33,422.20","-5,85,364.00","-4,33,422.20"
50582,2020-10-28,"October 28, 2020","7,602.56",3.20,"1,93,673.35",3.06,"83,309.44",3.06,"-4,30,967.07","-5,82,941.00","-4,30,967.07"
50601,2020-10-29,"October 29, 2020",528.35,2.70,"1,918.60",2.48,0.00,,"-4,51,348.07","-6,02,552.00","-4,51,348.07"
50602,2020-10-31,"October 31, 2020","1,143.50",3.58,"14,795.00",3.53,0.00,,"-5,01,219.07","-45,865.00","-5,01,219.07"
50603,2020-11-01,"November 01, 2020",0.00,-,0.00,-,0.00,-,"-5,01,366.07",-147.00,"-5,01,366.07"
50608,2020-11-02,"November 02, 2020","7,485.69",3.18,"1,88,648.20",3.05,"96,771.06",3.07,"-5,28,461.07","-6,79,665.00","-5,28,461.07"
50611,2020-11-03,"November 03, 2020","6,715.37",3.18,"2,13,405.60",3.04,"97,733.87",3.05,"-5,40,868.07","-6,92,072.00","-5,40,868.07"
50620,2020-11-04,"November 04, 2020","7,109.14",3.16,"2,15,302.40",2.96,"97,113.72",2.97,"-5,31,317.07","-6,82,521.00","-5,31,317.07"
50627,2020-11-05,"November 05, 2020","6,970.97",3.14,"2,11,681.35",2.95,"93,853.86",2.97,"-5,39,802.07","-6,91,006.00","-5,39,802.07"
50639,2020-11-06,"November 06, 2020",500.70,2.74,"2,226.00",2.88,0.00,,"-4,97,392.07","-6,47,596.00","-4,97,392.07"
50640,2020-11-07,"November 07, 2020","2,124.06",3.62,"7,228.30",3.90,0.00,,"-5,04,820.07","-7,428.00","-5,04,820.07"
50641,2020-11-08,"November 08, 2020",0.00,-,0.00,-,0.00,-,"-5,04,957.07",-137.00,"-5,04,957.07"
50642,2020-11-09,"November 09, 2020","8,464.45",3.20,"2,04,585.55",2.98,"97,006.35",2.99,"-4,92,024.07","-6,42,228.00","-4,92,024.07"
50646,2020-11-10,"November 10, 2020","7,359.96",3.13,"2,27,385.75",3.00,"97,782.67",3.00,"-5,19,891.07","-6,70,095.00","-5,19,891.07"
50651,2020-11-11,"November 11, 2020","8,577.05",3.18,"2,25,070.55",2.93,"1,00,612.94",3.01,"-5,09,357.07","-6,59,561.00","-5,09,357.07"
50656,2020-11-12,"November 12, 2020","8,259.63",3.18,"2,45,067.90",2.64,"95,473.76",2.86,"-5,48,100.07","-6,98,304.00","-5,48,100.07"
50663,2020-11-13,"November 13, 2020","8,139.76",3.21,"2,45,505.25",2.62,"97,021.14",2.57,"-5,15,872.07","-6,66,076.00","-5,15,872.07"
50664,2020-11-16,"November 16, 2020",0.00,-,0.00,-,0.00,-,"-538,039.07","-21,726.00","-538,039.07"
50676,2020-11-17,"November 17, 2020","6,527.52",3.12,"2,63,263.30",2.78,"93,255.26",2.84,"-5,69,790.77","-7,17,470.00","-5,69,790.77"
50681,2020-11-18,"November 18, 2020","6,977.95",3.13,"255,712.05",2.68,"93,199.08",2.72,"-567,935.77","-715,615.00","-567,935.77"
50691,2020-11-19,"November 19, 2020","7,549.40",3.15,"2,65,397.35",2.60,"95,054.24",2.64,"-5,82,449.77","-7,30,129.00","-5,82,449.77"
50700,2020-11-20,"November 20, 2020",475.75,2.80,"1,348.00",2.87,0.00,,"-5,20,132.77","-6,67,812.00","-5,20,132.77"
50701,2020-11-21,"November 21, 2020",579.90,2.78,"8,052.55",3.65,321.10,2.95,"-5,27,430.77","-7,298.00","-5,27,430.77"
50702,2020-11-22,"November 22, 2020",0.00,-,0.00,-,0.00,-,"-5,27,639.77",-209.00,"-5,27,639.77"
50705,2020-11-23,"November 23, 2020","6,926.20",3.11,"2,26,843.00",2.89,"92,785.50",2.90,"-5,04,761.77","-6,52,791.00","-5,04,761.77"
50708,2020-11-24,"November 24, 2020","7,806.00",3.07,"248,847.25",2.74,"81,252.16",2.92,"-518,234.77","-653,491.00","-518,234.77"
50714,2020-11-25,"November 25, 2020","6,996.03",3.12,"2,57,843.85",2.67,"71,780.32",2.68,"-5,20,611.47","-6,46,452.00","-5,20,611.47"
50720,2020-11-26,"November 26, 2020","7,088.52",3.13,"244,520.15",2.68,"82,979.48",2.68,"-554,433.47","-673,301.00","-554,433.47"
50730,2020-11-27,"November 27, 2020","7,073.65",3.13,"246,210.20",2.88,"79,448.43",2.75,"-536,824.47","-646,182.00","-536,824.47"
50731,2020-11-30,"November 30, 2020",0.00,-,0.00,-,0.00,-,"-5,61,893.47","-22,403.00","-5,61,893.47"
50737,2020-12-01,"December 01, 2020","6,284.55",3.09,"269,326.50",2.93,"85,868.23",2.87,"-586,038.47","-695,396.00","-586,038.47"
50742,2020-12-02,"December 02, 2020","4,530.92",3.09,"265,404.60",2.97,"100,591.92",2.95,"-591,057.47","-702,615.00","-591,057.47"
50745,2020-12-03,"December 03, 2020","5,070.88",3.09,"274,138.70",2.98,"102,240.47",2.99,"-623,737.47","-735,295.00","-623,737.47"
50762,2020-12-04,"December 04, 2020",441.25,2.64,"2,955.00",1.00,0.00,,"-5,82,634.47","-6,94,192.00","-5,82,634.47"
50763,2020-12-05,"December 05, 2020",867.25,2.92,"8,944.10",3.73,0.00,,"-598,787.47","-16,153.00","-598,787.47"
50764,2020-12-06,"December 06, 2020",0.00,-,0.00,-,0.00,-,"-598,686.47",101.00,"-598,686.47"
50767,2020-12-07,"December 07, 2020","6,236.72",3.02,"2,11,239.70",3.05,"97,164.43",3.03,"-5,69,749.47","-6,81,307.00","-5,69,749.47"
50772,2020-12-08,"December 08, 2020","7,439.78",3.09,"219,350.20",3.13,"93,301.80",3.10,"-5,65,701.47","-6,77,259.00","-5,65,701.47"
50779,2020-12-09,"December 09, 2020","8,676.93",3.15,"223,450.10",3.20,"91,396.60",3.16,"-5,57,611.47","-6,69,169.00","-5,57,611.47"
50785,2020-12-10,"December 10, 2020","9,346.20",3.16,"259,576.85",3.18,"94,663.61",3.16,"-6,29,830.47","-7,41,388.00","-6,29,830.47"
50797,2020-12-11,"December 11, 2020","7,862.92",3.13,"294,238.65",3.08,"93,864.79",3.12,"-6,24,167.47","-7,35,725.00","-6,24,167.47"
50798,2020-12-13,"December 13, 2020",0.00,-,0.00,-,0.00,-,"-6,25,302.47",-262.00,"-6,25,302.47"
50800,2020-12-14,"December 14, 2020","8,707.78",3.15,"286,072.50",3.06,"101,940.41",3.05,"-6,13,331.47","-7,22,888.00","-6,13,331.47"
50810,2020-12-15,"December 15, 2020","11,665.66",3.21,"276,249.40",3.10,"96,229.22",3.07,"-5,98,068.47","-7,07,625.00","-5,98,068.47"
50815,2020-12-16,"December 16, 2020","11,881.22",3.20,"277,413.25",3.18,"91,236.33",3.15,"-4,94,286.47","-6,03,843.00","-4,94,286.47"
50823,2020-12-17,"December 17, 2020","10,853.40",3.21,"251,307.70",3.22,"85,882.26",3.21,"-5,13,036.47","-6,24,893.00","-5,13,036.47"
50834,2020-12-18,"December 18, 2020",823.60,2.83,769.00,1.47,0.00,,"-458,332.47","-570,189.00","-458,332.47"
50835,2020-12-19,"December 19, 2020","1,002.60",2.90,"9,547.80",3.65,0.00,,"-4,85,024.47","-26,692.00","-4,85,024.47"
50836,2020-12-20,"December 20, 2020",0.00,-,0.00,-,0.00,-,"-4,86,299.47","-1,275.00","-4,86,299.47"
50838,2020-12-21,"December 21, 2020","10,377.56",3.24,"2,42,444.95",3.24,"86,935.64",3.24,"-4,77,730.47","-5,89,587.00","-4,77,730.47"
50841,2020-12-22,"December 22, 2020","11,110.43",3.26,"2,34,106.55",3.25,"92,112.51",3.24,"-4,95,814.47","-6,07,671.00","-4,95,814.47"
50850,2020-12-23,"December 23, 2020","10,576.43",3.26,"2,58,741.20",3.23,"93,089.15",3.24,"-5,04,595.47","-6,16,452.00","-5,04,595.47"
50864,2020-12-24,"December 24, 2020","8,856.55",3.23,"3,17,787.65",3.17,"95,984.90",3.18,"-5,08,718.47","-6,20,575.00","-5,08,718.47"
50865,2020-12-27,"December 27, 2020",0.00,-,0.00,-,0.00,-,"-5,23,135.47","-3,899.00","-5,23,135.47"
50868,2020-12-28,"December 28, 2020","9,214.58",3.20,"3,22,199.60",3.16,"93,958.45",3.17,"-5,38,512.47","-6,50,369.00","-5,38,512.47"
50873,2020-12-29,"December 29, 2020","11,955.26",3.15,"3,23,178.80",3.00,"87,491.97",3.08,"-5,57,499.47","-6,69,356.00","-5,57,499.47"
50883,2020-12-30,"December 30, 2020","12,975.04",3.25,"3,11,961.35",2.99,"96,533.18",3.00,"-5,56,943.77","-6,69,273.00","-5,56,943.77"
50897,2020-12-31,"December 31, 2020","10,536.43",3.31,"341,464.50",2.75,"80,254.29",2.93,"-625,024.77","-737,314.00","-625,024.77"
50908,2021-01-01,"January 01, 2021","1,902.65",3.10,"1,690.75",2.18,0.00,,"-6,21,371.77","-7,33,262.00","-6,21,371.77"
50909,2021-01-02,"January 02, 2021","1,080.35",2.76,"19,431.90",3.18,0.00,,"-664,189.77","-42,818.00","-664,189.77"
50910,2021-01-03,"January 03, 2021",0.00,-,0.00,-,0.00,-,"-664,979.77",-790.00,"-664,979.77"
50914,2021-01-04,"January 04, 2021","10,520.16",3.18,"319,635.45",2.89,"105,315.29",2.94,"-6,52,060.83","-7,62,750.00","-6,52,060.83"
50920,2021-01-05,"January 05, 2021","10,514.86",3.15,"3,33,742.90",2.96,"95,383.80",2.97,"-6,54,428.83","-7,65,118.00","-6,54,428.83"
50925,2021-01-06,"January 06, 2021","10,270.77",3.16,"314,676.90",3.10,"90,270.06",3.07,"-5,99,302.83","-7,09,992.00","-5,99,302.83"
50933,2021-01-07,"January 07, 2021","11,000.72",3.20,"321,875.15",3.21,"90,590.15",3.20,"-5,98,351.83","-7,09,041.00","-5,98,351.83"
50946,2021-01-08,"January 08, 2021","9,773.43",3.18,"3,15,757.90",3.22,"90,120.59",3.20,"-5,58,732.83","-6,69,422.00","-5,58,732.83"
50948,2021-01-10,"January 10, 2021",0.00,-,0.00,-,0.00,-,"-5,62,824.83",-859.00,"-5,62,824.83"
50953,2021-01-11,"January 11, 2021","9,528.35",3.19,"3,29,217.05",3.20,"78,545.57",3.25,"-5,44,788.83","-6,55,478.00","-5,44,788.83"
50958,2021-01-12,"January 12, 2021","9,000.97",3.19,"304,835.65",3.14,"93,533.13",3.18,"-5,49,124.83","-6,59,814.00","-5,49,124.83"
50966,2021-01-13,"January 13, 2021","7,274.11",3.21,"304,285.00",2.99,"98,636.15",3.02,"-5,37,500.83","-6,48,190.00","-5,37,500.83"
50974,2021-01-14,"January 14, 2021","8,027.66",3.25,"3,33,132.25",3.00,"92,544.89",2.81,"-5,59,951.83","-6,70,641.00","-5,59,951.83"
50985,2021-01-15,"January 15, 2021",681.40,2.75,"2,785.00",2.86,0.00,,"-5,13,649.24","-6,23,785.00","-5,13,649.24"
50986,2021-01-16,"January 16, 2021",828.10,2.80,"6,376.10",3.23,0.00,,"-5,34,343.24","-20,694.00","-5,34,343.24"
50987,2021-01-17,"January 17, 2021",0.00,-,0.00,-,0.00,-,"-5,35,192.24",-849.00,"-5,35,192.24"
50991,2021-01-18,"January 18, 2021","10,035.73",3.16,"3,25,706.05",3.21,"1,04,335.00",3.20,"-5,28,418.24","-4,38,545.00","-5,28,418.24"
50996,2021-01-19,"January 19, 2021","9,037.68",3.16,"3,29,760.75",3.22,"99,116.17",3.19,"-5,41,435.24","-4,51,562.00","-5,41,435.24"
51000,2021-01-20,"January 20, 2021","9,470.08",3.19,"3,21,809.25",3.22,"99,079.39",3.22,"-5,05,452.24","-4,15,579.00","-5,05,452.24"
51007,2021-01-21,"January 21, 2021","10,546.17",3.18,"3,32,958.50",3.21,"1,00,741.99",3.16,"-5,19,671.94","-4,28,965.00","-5,19,671.94"
51016,2021-01-22,"January 22, 2021","11,059.47",3.20,"3,21,911.95",3.23,"1,00,284.47",3.18,"-5,00,533.94","-4,09,827.00","-5,00,533.94"
51017,2021-01-24,"January 24, 2021",0.00,-,0.00,-,0.00,-,"-5,08,500.94","-5,716.00","-5,08,500.94"
51024,2021-01-25,"January 25, 2021","11,881.89",3.25,"2,90,323.35",3.23,"98,111.85",3.22,"-5,02,924.94","-4,12,218.00","-5,02,924.94"
51025,2021-01-26,"January 26, 2021",0.00,-,0.00,-,0.00,-,"-5,06,039.94","-3,115.00","-5,06,039.94"
51030,2021-01-27,"January 27, 2021","9,595.51",3.23,"2,91,274.35",3.23,"94,167.55",3.22,"-5,14,853.94","-4,24,147.00","-5,14,853.94"
51035,2021-01-28,"January 28, 2021","11,040.39",3.20,"2,92,143.05",3.24,"89,561.95",3.22,"-5,58,103.94","-4,67,397.00","-5,58,103.94"
51048,2021-01-29,"January 29, 2021","1,595.65",3.09,991.80,1.66,0.00,,"-5,75,723.94","-6,85,026.00","-5,75,723.94"
51049,2021-01-30,"January 30, 2021",787.20,2.87,"16,659.35",3.31,0.00,,"-6,29,645.94","-51,422.00","-6,29,645.94"
51050,2021-01-31,"January 31, 2021",0.00,-,0.00,-,0.00,-,"-6,31,470.94","-1,825.00","-6,31,470.94"
51058,2021-02-01,"February 01, 2021","8,858.87",3.21,"3,38,839.40",3.20,"88,125.33",3.21,"-6,46,577.94","-5,53,373.00","-6,46,577.94"
51062,2021-02-02,"February 02, 2021","10,036.54",3.20,"3,52,444.55",3.21,"80,518.16",3.05,"-6,72,252.94","-5,79,113.00","-6,72,252.94"
51071,2021-02-03,"February 03, 2021","8,957.86",3.20,"3,44,180.65",3.19,"90,930.96",3.09,"-6,57,919.94","-5,64,780.00","-6,57,919.94"
51075,2021-02-04,"February 04, 2021","8,945.60",3.18,"3,64,369.40",3.18,"92,132.84",3.12,"-6,71,039.94","-5,77,900.00","-6,71,039.94"
51091,2021-02-05,"February 05, 2021",623.95,2.93,"8,918.00",0.56,0.00,,"-6,18,397.94","-5,25,258.00","-6,18,397.94"
51093,2021-02-06,"February 06, 2021",924.35,3.17,"12,932.55",3.80,0.00,,"-6,21,496.94","-3,099.00","-6,21,496.94"
51094,2021-02-07,"February 07, 2021",0.00,-,0.00,-,0.00,-,"-6,24,326.94","-2,830.00","-6,24,326.94"
51098,2021-02-08,"February 08, 2021","9,626.77",3.23,"3,49,540.90",3.21,"97,195.50",3.03,"-5,79,733.94","-4,86,594.00","-5,79,733.94"
51102,2021-02-09,"February 09, 2021","10,014.39",3.24,"3,45,693.40",3.22,"1,02,313.29",3.03,"-5,98,366.94","-5,05,227.00","-5,98,366.94"
51109,2021-02-10,"February 10, 2021","10,084.34",3.25,"3,47,313.40",3.22,"1,02,530.74",2.87,"-5,93,033.94","-4,99,894.00","-5,93,033.94"
51118,2021-02-11,"February 11, 2021","9,866.68",3.25,"3,61,745.30",3.20,"1,02,105.28",2.70,"-6,20,932.94","-5,28,013.00","-6,20,932.94"
51127,2021-02-12,"February 12, 2021","13,778.07",3.31,"3,48,634.20",3.07,"97,299.47",2.75,"-6,17,221.94","-7,24,309.00","-6,17,221.94"
51128,2021-02-14,"February 14, 2021",0.00,-,0.00,-,0.00,-,"-6,31,656.94","-10,018.00","-6,31,656.94"
51134,2021-02-15,"February 15, 2021","8,300.99",3.25,"336,483.75",3.03,"94,758.46",2.78,"-6,16,807.94","-5,23,878.00","-6,16,807.94"
51139,2021-02-16,"February 16, 2021","8,111.63",3.21,"3,34,731.90",2.71,"94,822.28",2.78,"-6,24,570.94","-5,31,641.00","-6,24,570.94"
51149,2021-02-17,"February 17, 2021","9,903.36",3.22,"342,474.90",2.26,"91,189.83",2.36,"-6,27,112.94","-5,34,183.00","-6,27,112.94"
51158,2021-02-18,"February 18, 2021",314.60,2.68,"1,640.70",1.28,0.00,,"-5,50,945.94","-4,60,648.00","-5,50,945.94"
51159,2021-02-20,"February 20, 2021","3,302.55",3.54,"7,325.95",3.93,0.00,,"-5,97,248.94","-43,296.00","-5,97,248.94"
51160,2021-02-21,"February 21, 2021",0.00,-,0.00,-,0.00,-,"-5,98,319.94","-1,071.00","-5,98,319.94"
51164,2021-02-22,"February 22, 2021","10,017.62",3.23,"3,35,257.85",2.86,"1,03,587.85",2.70,"-5,54,477.94","-4,64,400.00","-5,54,477.94"
51167,2021-02-23,"February 23, 2021","9,650.25",3.22,"3,54,382.35",2.91,"91,008.41",2.80,"-5,71,292.94","-4,81,200.00","-5,71,292.94"
51173,2021-02-24,"February 24, 2021","9,096.81",3.22,"3,35,746.75",2.90,"1,07,137.07",2.80,"-5,71,604.94","-4,81,512.00","-5,71,604.94"
51182,2021-02-25,"February 25, 2021","9,750.30",3.26,"3,32,765.50",2.98,"1,19,305.86",2.84,"-6,01,953.94","-5,11,861.00","-6,01,953.94"
51200,2021-02-26,"February 26, 2021","8,031.93",3.24,"3,16,115.90",3.22,"88,302.12",3.05,"-5,99,583.94","-7,09,508.00","-5,99,583.94"
51202,2021-02-28,"February 28, 2021",0.00,-,0.00,-,0.00,-,"-6,15,239.94","-6,246.00","-6,15,239.94"
51206,2021-03-01,"March 01, 2021","8,017.83",3.21,"3,08,216.35",3.22,"1,09,261.90",3.11,"-6,43,579.94","-5,53,494.00","-6,43,579.94"
51212,2021-03-02,"March 02, 2021","8,228.85",3.21,"3,22,174.55",3.22,"1,02,737.75",3.11,"-6,56,842.94","-5,66,757.00","-6,56,842.94"
51216,2021-03-03,"March 03, 2021","7,555.73",3.19,"3,06,387.90",3.13,"1,19,501.53",3.07,"-6,46,648.94","-5,56,563.00","-6,46,648.94"
51227,2021-03-04,"March 04, 2021","7,599.36",3.17,"3,28,347.55",3.07,"1,19,487.22",2.89,"-6,54,584.94","-5,64,499.00","-6,54,584.94"
51235,2021-03-05,"March 05, 2021",357.80,2.64,"8,993.00",0.30,0.00,,"-5,77,262.94","-4,87,177.00","-5,77,262.94"
51236,2021-03-06,"March 06, 2021",643.28,2.93,"15,612.30",3.92,0.00,,"-5,99,081.94","-21,819.00","-5,99,081.94"
51237,2021-03-07,"March 07, 2021",0.00,-,0.00,-,0.00,-,"-6,02,402.94","-3,321.00","-6,02,402.94"
51240,2021-03-08,"March 08, 2021","6,827.26",3.12,"2,68,094.75",3.25,"99,482.18",3.11,"-5,61,939.94","-4,71,854.00","-5,61,939.94"
51244,2021-03-09,"March 09, 2021","8,942.77",3.17,"2,84,475.30",3.26,"91,790.28",3.11,"-5,86,921.94","-4,96,861.00","-5,86,921.94"
51256,2021-03-10,"March 10, 2021","11,786.64",3.24,"2,82,333.10",3.24,"1,01,334.70",3.07,"-5,43,751.94","-4,53,691.00","-5,43,751.94"
51258,2021-03-11,"March 11, 2021",0.00,-,0.00,-,0.00,-,"-5,79,864.94","-36,113.00","-5,79,864.94"
51268,2021-03-12,"March 12, 2021","9,279.94",3.22,"2,92,798.50",3.25,"1,00,831.99",3.02,"-5,66,933.94","-6,76,633.00","-5,66,933.94"
51269,2021-03-14,"March 14, 2021",0.00,-,0.00,-,0.00,-,"-5,75,009.94","-1,479.00","-5,75,009.94"
51273,2021-03-15,"March 15, 2021","8,330.82",3.25,"2,90,968.45",3.26,"96,984.26",3.06,"-5,51,063.94","-4,60,756.00","-5,51,063.94"
51279,2021-03-16,"March 16, 2021","10,029.64",3.27,"2,97,142.00",3.27,"99,580.07",3.13,"-4,74,185.94","-3,83,878.00","-4,74,185.94"
51285,2021-03-17,"March 17, 2021","11,047.30",3.25,"2,86,876.70",3.29,"1,06,138.30",3.12,"-4,63,531.94","-3,73,224.00","-4,63,531.94"
51293,2021-03-18,"March 18, 2021","10,924.00",3.26,"2,93,504.20",3.26,"1,02,795.79",3.08,"-4,89,543.94","-3,99,236.00","-4,89,543.94"
51304,2021-03-19,"March 19, 2021",433.22,2.71,"4,195.70",2.62,0.00,,"-3,92,311.94","-3,02,044.00","-3,92,311.94"
51305,2021-03-20,"March 20, 2021","1,541.45",2.97,"13,269.30",3.36,0.00,,"-4,55,946.94","-63,635.00","-4,55,946.94"
51306,2021-03-21,"March 21, 2021",0.00,-,0.00,-,0.00,-,"-4,59,663.94","-3,717.00","-4,59,663.94"
51311,2021-03-22,"March 22, 2021","16,161.76",3.27,"2,91,767.30",3.29,"91,205.99",3.27,"-419,547.29","-3,29,194.00","-419,547.29"
51316,2021-03-23,"March 23, 2021","15,698.94",3.26,"2,69,006.60",3.26,"1,09,791.89",3.30,"-4,40,224.29","-3,54,871.00","-4,40,224.29"
51321,2021-03-24,"March 24, 2021","16,292.32",3.27,"2,61,436.00",3.26,"1,11,732.74",3.30,"-4,48,490.94","-3,62,953.00","-4,48,490.94"
51330,2021-03-25,"March 25, 2021","14,574.87",3.24,"2,71,891.90",3.26,"1,10,838.79",3.25,"-4,68,793.94","-3,83,256.00","-4,68,793.94"
51338,2021-03-26,"March 26, 2021","12,671.70",3.23,"2,79,349.70",3.26,"1,07,582.96",3.25,"-3,78,424.94","-4,92,894.00","-3,78,424.94"
51339,2021-03-29,"March 29, 2021",0.00,-,0.00,-,0.00,-,"-425,053.94","-41,790.00","-425,053.94"
51348,2021-03-30,"March 30, 2021","11,551.13",3.22,"2,81,048.55",3.29,"90,317.67",3.32,"-4,97,860.94","-6,13,565.00","-4,97,860.94"
51369,2021-03-31,"March 31, 2021",314.50,3.47,"4,566.00",1.91,0.00,,"-3,79,891.54","-4,93,793.00","-3,79,891.54"
51370,2021-04-01,"April 01, 2021",0.00,-,0.00,-,0.00,-,"-4,56,829.54","-2,46,286.00","-4,56,829.54"
51371,2021-04-03,"April 03, 2021","3,960.50",3.15,"36,706.85",3.70,0.00,,"-571,236.54","-82,847.00","-571,236.54"
51372,2021-04-04,"April 04, 2021",0.00,-,0.00,-,0.00,-,"-579,710.54","-8,474.00","-579,710.54"
51376,2021-04-05,"April 05, 2021","9,528.09",3.11,"294,932.55",3.07,"113,190.33",3.13,"-606,647.54","-720,549.00","-606,647.54"
51379,2021-04-06,"April 06, 2021","9,527.04",3.13,"299,555.80",2.95,"115,911.44",3.00,"-615,679.94","-728,884.00","-615,679.94"
51388,2021-04-07,"April 07, 2021","10,360.36",3.14,"309,704.55",3.04,"114,652.17",2.98,"-606,785.94","-719,990.00","-606,785.94"
51396,2021-04-08,"April 08, 2021","9,835.24",3.13,"306,726.55",2.78,"118,183.47",2.95,"-579,421.94","-692,626.00","-579,421.94"
51404,2021-04-09,"April 09, 2021","10,777.45",3.15,"3,24,453.50",2.99,"1,11,684.55",2.86,"-6,18,498.94","-7,31,703.00","-6,18,498.94"
51405,2021-04-11,"April 11, 2021",0.00,-,0.00,-,0.00,-,"-625,604.94","-4,938.00","-625,604.94"
51414,2021-04-12,"April 12, 2021","8,994.37",3.21,"328,474.30",3.19,"106,635.59",3.00,"-535,970.94","-447,158.00","-535,970.94"
51416,2021-04-14,"April 14, 2021",0.00,-,0.00,-,0.00,-,"-5,87,357.94","-33,847.00","-5,87,357.94"
51429,2021-04-15,"April 15, 2021","10,174.21",3.20,"3,42,321.15",3.22,"1,04,733.36",3.02,"-5,86,008.94","-4,99,196.00","-5,86,008.94"
51437,2021-04-16,"April 16, 2021",404.15,2.70,"3,015.00",2.93,0.00,,"-555,234.94","-464,422.00","-555,234.94"
51438,2021-04-17,"April 17, 2021",534.20,2.78,"9,838.30",3.44,0.00,,"-584,555.94","-29,321.00","-584,555.94"
51439,2021-04-18,"April 18, 2021",0.00,-,0.00,-,0.00,-,"-588,083.94","-3,528.00","-588,083.94"
51446,2021-04-19,"April 19, 2021","11,468.94",3.23,"347,677.00",3.22,"109,846.75",3.09,"-580,716.94","-489,904.00","-580,716.94"
51452,2021-04-20,"April 20, 2021","11,172.03",3.23,"314,751.75",3.23,"108,714.02",3.12,"-469,290.94","-378,478.00","-469,290.94"
51453,2021-04-21,"April 21, 2021",0.00,-,0.00,-,0.00,-,"-511,652.94","-42,362.00","-511,652.94"
51462,2021-04-22,"April 22, 2021","12,199.67",3.24,"280,485.45",3.13,"155,923.00",3.12,"-512,759.94","-421,947.00","-512,759.94"
51472,2021-04-23,"April 23, 2021","11,074.66",3.21,"320,491.60",3.20,"106,850.92",3.09,"-480,705.94","-589,910.00","-480,705.94"
51473,2021-04-25,"April 25, 2021",0.00,-,0.00,-,0.00,-,"-4,93,106.94","-6,562.00","-4,93,106.94"
51479,2021-04-26,"April 26, 2021","10,905.75",3.20,"3,19,470.00",3.23,"1,08,190.88",3.14,"-5,09,231.94","-4,18,499.00","-5,09,231.94"
51486,2021-04-27,"April 27, 2021","10,778.18",3.20,"316,336.30",3.23,"109,731.43",3.14,"-513,607.94","-422,875.00","-513,607.94"
51493,2021-04-28,"April 28, 2021","12,017.50",3.22,"3,02,856.85",3.24,"1,03,705.99",3.13,"-5,12,690.94","-4,18,958.00","-5,12,690.94"
51500,2021-04-29,"April 29, 2021","12,149.01",3.22,"293,262.10",3.25,"103,860.48",3.16,"-525,354.94","-430,122.00","-525,354.94"
51513,2021-04-30,"April 30, 2021","10,583.16",3.21,"2,91,345.70",3.25,"97,419.96",3.16,"-5,13,903.94","-4,18,671.00","-5,13,903.94"
51514,2021-05-02,"May 02, 2021",0.00,-,0.00,-,0.00,-,"-550,444.94","-1,006.00","-550,444.94"
51520,2021-05-03,"May 03, 2021","11,479.54",3.21,"270,214.75",3.21,"110,924.79",3.20,"-538,837.94","-440,105.00","-538,837.94"
51531,2021-05-05,"May 05, 2021","12,034.85",3.24,"255,378.50",3.19,"111,253.07",3.21,"-550,635.94","-440,903.00","-550,635.94"
51539,2021-05-06,"May 06, 2021","12,367.03",3.24,"2,30,138.85",3.22,"1,23,039.62",3.22,"-4,81,445.29","-3,69,084.00","-4,81,445.29"
51551,2021-05-07,"May 07, 2021","12,231.52",3.22,"242,284.15",3.28,"108,941.29",3.24,"-474,554.29","-562,210.00","-474,554.29"
51552,2021-05-09,"May 09, 2021",0.00,-,0.00,-,0.00,-,"-491,781.29","-3,744.00","-491,781.29"
51555,2021-05-10,"May 10, 2021","12,783.91",3.24,"2,37,554.25",3.27,"1,17,689.09",3.30,"-4,92,598.29","-3,80,234.00","-4,92,598.29"
51560,2021-05-11,"May 11, 2021","11,625.86",3.21,"259,614.30",3.26,"108,118.82",3.29,"-503,097.29","-390,733.00","-503,097.29"
51570,2021-05-12,"May 12, 2021","6,847.59",3.31,"2,67,073.00",3.26,"1,10,520.14",3.30,"-4,51,734.29","-3,39,370.00","-4,51,734.29"
51572,2021-05-13,"May 13, 2021",0.00,-,0.00,-,0.00,-,"-5,12,510.29","-60,776.00","-5,12,510.29"
51582,2021-05-14,"May 14, 2021",79.25,2.71,502.00,2.50,0.00,,"-429,213.29","-316,849.00","-429,213.29"
51584,2021-05-15,"May 15, 2021","1,601.80",3.06,"8,076.05",3.41,0.00,,"-481,098.29","-51,885.00","-481,098.29"
51585,2021-05-16,"May 16, 2021",0.00,-,0.00,-,0.00,-,"-4,82,992.29","-1,894.00","-4,82,992.29"
51590,2021-05-17,"May 17, 2021","9,812.17",3.15,"2,80,771.20",3.28,"1,10,056.94",3.31,"-4,82,736.29","-3,70,387.00","-4,82,736.29"
51594,2021-05-18,"May 18, 2021","8,400.28",3.11,"277,292.40",3.28,"110,112.89",3.33,"-489,343.29","-377,394.00","-489,343.29"
51599,2021-05-19,"May 19, 2021","10,034.85",3.14,"2,70,322.15",3.29,"1,09,138.21",3.30,"-4,76,642.29","-3,64,693.00","-4,76,642.29"
51614,2021-05-20,"May 20, 2021","12,356.88",3.19,"252,892.95",3.29,"111,249.70",3.28,"-434,408.00","-318,532.00","-434,408.00"
51624,2021-05-21,"May 21, 2021","9,560.38",3.14,"2,61,744.55",3.32,"1,13,064.34",3.31,"-3,65,564.00","-4,49,708.00","-3,65,564.00"
51627,2021-05-23,"May 23, 2021",0.00,-,0.00,-,0.00,-,"-3,73,674.00","-1,191.00","-3,73,674.00"
51632,2021-05-24,"May 24, 2021","12,417.34",3.21,"2,69,664.25",3.32,"1,13,936.80",3.35,"-3,84,231.00","-2,68,354.00","-3,84,231.00"
51636,2021-05-25,"May 25, 2021","10,179.40",3.20,"258,729.50",3.27,"114,330.45",3.35,"-344,525.00","-228,648.00","-344,525.00"
51638,2021-05-26,"May 26, 2021",0.00,-,0.00,-,0.00,-,"-376,126.00","-31,601.00","-376,126.00"
51643,2021-05-27,"May 27, 2021","9,587.04",3.16,"258,688.40",3.26,"115,388.67",3.34,"-395,550.00","-279,673.00","-395,550.00"
51653,2021-05-28,"May 28, 2021",386.55,2.83,"1,171.90",2.84,0.00,,"-411,597.00","-295,720.00","-411,597.00"
51654,2021-05-29,"May 29, 2021",479.97,2.80,"6,054.20",3.29,0.00,,"-4,62,381.00","-50,784.00","-4,62,381.00"
51655,2021-05-30,"May 30, 2021",0.00,-,0.00,-,0.00,-,"-463,192.00",-811.00,"-463,192.00"
51660,2021-05-31,"May 31, 2021","10,664.04",3.18,"262,886.00",3.23,"109,585.58",3.30,"-475,026.00","-359,149.00","-475,026.00"
51664,2021-06-01,"June 01, 2021","8,763.01",3.12,"262,194.25",3.23,"114,263.68",3.29,"-518,440.00","-402,563.00","-518,440.00"
51673,2021-06-02,"June 02, 2021","8,984.84",3.12,"264,059.25",3.23,"110,967.16",3.29,"-520,374.00","-404,497.00","-520,374.00"
51681,2021-06-03,"June 03, 2021","7,682.97",3.09,"2,55,812.30",3.23,"1,18,775.87",3.30,"-5,22,454.00","-4,06,577.00","-5,22,454.00"
51692,2021-06-04,"June 04, 2021",531.95,2.85,"1,265.05",0.84,0.00,,"-474,857.00","-559,001.00","-474,857.00"
51693,2021-06-06,"June 06, 2021",0.00,-,0.00,-,0.00,-,"-5,10,371.00",-961.00,"-5,10,371.00"
51694,2021-06-05,"June 05, 2021",899.77,3.07,"5,381.35",3.64,0.00,,"-5,09,410.00","-34,553.00","-5,09,410.00"
51699,2021-06-07,"June 07, 2021","8,257.43",3.13,"253,304.15",3.25,"111,938.34",3.30,"-514,891.00","-398,856.00","-514,891.00"
51703,2021-06-08,"June 08, 2021","7,651.62",3.09,"2,55,144.10",3.18,"1,11,960.96",3.30,"-4,99,964.00","-3,83,929.00","-4,99,964.00"
51710,2021-06-09,"June 09, 2021","7,356.99",3.12,"262,786.15",3.21,"102,962.52",3.24,"-494,948.00","-378,913.00","-494,948.00"
51715,2021-06-10,"June 10, 2021","6,946.72",3.09,"246,559.35",3.23,"104,556.45",3.28,"-483,607.00","-367,572.00","-483,607.00"
51722,2021-06-11,"June 11, 2021","6,926.87",3.10,"2,52,859.75",3.26,"1,07,432.27",3.29,"-4,78,312.00","-3,62,277.00","-4,78,312.00"
51723,2021-06-13,"June 13, 2021",0.00,-,0.00,-,0.00,-,"-4,82,193.00","-1,588.00","-4,82,193.00"
51728,2021-06-14,"June 14, 2021","7,329.82",3.11,"2,59,293.95",3.26,"1,05,880.29",3.32,"-4,77,307.00","-3,61,272.00","-4,77,307.00"
51734,2021-06-15,"June 15, 2021","8,234.19",3.14,"2,50,391.90",3.24,"1,13,350.11",3.33,"-4,85,814.00","-3,74,015.00","-4,85,814.00"
51740,2021-06-16,"June 16, 2021","9,427.76",3.20,"2,46,986.25",3.26,"1,08,985.86",3.32,"-4,24,963.00","-3,13,654.00","-4,24,963.00"
51748,2021-06-17,"June 17, 2021","8,280.66",3.15,"2,28,788.70",3.27,"1,03,650.22",3.23,"-4,28,771.00","-3,17,462.00","-4,28,771.00"
51762,2021-06-18,"June 18, 2021",542.40,2.82,"1,072.35",2.03,0.00,,"-4,16,626.00","-5,05,496.00","-4,16,626.00"
51763,2021-06-19,"June 19, 2021",662.45,2.88,"6,578.20",3.39,0.00,,"-4,60,844.00","-44,218.00","-4,60,844.00"
51764,2021-06-20,"June 20, 2021",0.00,-,0.00,-,0.00,-,"-4,63,178.00","-2,334.00","-4,63,178.00"
51772,2021-06-21,"June 21, 2021","7,908.31",3.16,"2,41,333.80",3.28,"1,00,692.46",3.30,"-4,26,488.00","-3,14,349.00","-4,26,488.00"
51775,2021-06-22,"June 22, 2021","8,324.92",3.13,"2,76,941.80",3.27,"96,086.01",3.30,"-4,47,756.20","-3,45,816.00","-4,47,756.20"
51783,2021-06-23,"June 23, 2021","8,203.95",3.17,"2,96,689.20",3.25,"99,584.52",3.29,"-4,50,945.20","-3,49,005.00","-4,50,945.20"
51789,2021-06-24,"June 24, 2021","7,078.07",3.14,"3,00,135.55",3.25,"99,522.06",3.30,"-4,47,661.20","-3,45,721.00","-4,47,661.20"
51799,2021-06-25,"June 25, 2021","7,265.63",3.13,"3,06,843.20",3.24,"95,496.59",3.29,"-4,56,193.20","-3,54,253.00","-4,56,193.20"
51800,2021-06-27,"June 27, 2021",0.00,-,0.00,-,0.00,-,"-4,64,585.20",-5942,"-4,64,585.20"
51804,2021-06-28,"June 28, 2021","6,969.77",3.13,"3,12,369.60",3.24,"94,625.28",3.27,"-4,77,774.20","-3,75,834.00","-4,77,774.20"
51812,2021-06-29,"June 29, 2021","6,932.98",3.14,"3,08,897.65",3.22,"94,157.60",3.25,"-5,01,617.20","-4,01,214.00","-5,01,617.20"
51826,2021-06-30,"June 30, 2021","5,889.68",3.16,"3,02,534.40",3.22,"97,971.54",3.21,"-5,83,342.20","-4,84,804.00","-5,83,342.20"
51835,2021-07-01,"July 01, 2021","6,999.21",3.12,"2,98,886.60",3.20,"1,03,678.95",3.22,"-6,00,610.20","-5,02,072.00","-6,00,610.20"
51851,2021-07-02,"July 02, 2021",760.60,2.87,"1,557.75",3.21,0.00,,"-5,66,235.18","-6,68,715.00","-5,66,235.18"
51852,2021-07-03,"July 03, 2021",947.95,2.90,"7,150.50",3.19,0.00,,"-6,04,136.18","-37,901.00","-6,04,136.18"
51853,2021-07-04,"July 04, 2021",0.00,-,0.00,-,0.00,-,"-6,12,754.18","-8,618.00","-6,12,754.18"
51856,2021-07-05,"July 05, 2021","7,250.77",3.15,"3,18,297.30",3.23,"98,825.57",3.28,"-5,82,214.18","-4,82,734.00","-5,82,214.18"
51860,2021-07-06,"July 06, 2021","6,498.87",3.11,"3,08,675.05",3.24,"95,574.18",3.27,"-5,57,898.18","-4,58,418.00","-5,57,898.18"
51865,2021-07-07,"July 07, 2021","6,414.14",3.14,"3,14,968.20",3.24,"94,859.95",3.23,"-5,46,230.18","-4,46,750.00","-5,46,230.18"
51871,2021-07-08,"July 08, 2021","7,393.64",3.17,"3,28,450.05",3.01,"96,509.79",3.21,"-5,45,943.18","-4,46,463.00","-5,45,943.18"
51881,2021-07-09,"July 09, 2021","8,743.61",3.17,"2,73,542.55",3.19,"90,471.27",3.23,"-5,59,390.18","-4,59,910.00","-5,59,390.18"
51882,2021-07-11,"July 11, 2021",0.00,-,0.00,-,0.00,-,"-5,63,290.18",-986.00,"-5,63,290.18"
51885,2021-07-12,"July 12, 2021","8,626.23",3.20,"274,141.10",3.22,"86,377.49",3.24,"-549,929.18","-450,449.00","-549,929.18"
51889,2021-07-13,"July 13, 2021","8,276.98",3.18,"2,77,804.85",3.23,"89,328.57",3.22,"-5,61,357.20","-4,61,868.00","-5,61,357.20"
51896,2021-07-14,"July 14, 2021","9,794.62",3.21,"283,057.05",3.23,"82,796.49",3.23,"-555,101.20","-455,612.00","-555,101.20"
51906,2021-07-15,"July 15, 2021","8,515.01",3.19,"313,567.15",3.24,"86,632.40",3.24,"-608,957.20","-509,468.00","-608,957.20"
51917,2021-07-16,"July 16, 2021",753.70,2.94,"2,968.00",3.33,0.00,,"-563,735.20","-666,956.00","-563,735.20"
51918,2021-07-17,"July 17, 2021",733.25,2.91,"10,301.30",3.26,0.00,,"-5,97,073.20","-33,338.00","-5,97,073.20"
51919,2021-07-18,"July 18, 2021",0.00,-,0.00,-,0.00,-,"-5,98,503.20","-1,430.00","-5,98,503.20"
51926,2021-07-19,"July 19, 2021","8,789.44",3.21,"324,850.40",3.23,"87,709.58",3.23,"-580,354.20","-480,515.00","-580,354.20"
51932,2021-07-20,"July 20, 2021","8,761.49",3.20,"300,699.70",3.25,"87,172.31",3.24,"-526,376.20","-426,537.00","-526,376.20"
51933,2021-07-21,"July 21, 2021",0.00,-,0.00,-,0.00,-,"-526,472.20",-96.00,"-526,472.20"
51938,2021-07-22,"July 22, 2021","9,119.10",3.21,"293,848.35",3.24,"89,545.46",3.26,"-545,083.20","-445,244.00","-545,083.20"
51946,2021-07-23,"July 23, 2021","8,484.64",3.20,"312,057.70",3.25,"84,754.40",3.24,"-552,237.20","-451,498.00","-552,237.20"
51947,2021-07-25,"July 25, 2021",0.00,-,0.00,-,0.00,-,"-556,419.20","-1,259.00","-556,419.20"
51955,2021-07-26,"July 26, 2021","8,864.76",3.23,"315,239.30",3.24,"84,450.19",3.26,"-556,999.20","-456,260.00","-556,999.20"
51959,2021-07-27,"July 27, 2021","8,595.27",3.21,"3,36,721.05",3.23,"85,386.84",3.27,"-5,61,713.20","-4,60,374.00","-5,61,713.20"
51967,2021-07-28,"July 28, 2021","7,258.60",3.18,"335,335.00",3.22,"82,350.36",3.26,"-572,245.20","-470,906.00","-572,245.20"
51973,2021-07-29,"July 29, 2021","7,745.99",3.18,"3,48,576.20",3.20,"82,716.87",3.23,"-6,11,070.20","-5,15,171.00","-6,11,070.20"
51986,2021-07-30,"July 30, 2021",738.03,2.92,"2,988.25",2.61,0.00,,"-650,471.20","-757,809.00","-650,471.20"
51987,2021-07-31,"July 31, 2021",502.20,3.05,"19,675.45",3.33,0.00,,"-7,30,466.20","-79,995.00","-7,30,466.20"
51988,2021-08-01,"August 01, 2021",0.00,-,0.00,-,0.00,-,"-7,33,188.20","-2,722.00","-7,33,188.20"
51993,2021-08-02,"August 02, 2021","9,341.87",3.24,"2,80,541.15",3.21,"88,136.27",3.25,"-7,38,336.20","-6,41,963.00","-7,38,336.20"
51998,2021-08-03,"August 03, 2021","7,400.70",3.18,"285,414.80",3.19,"84,909.05",3.25,"-751,655.20","-655,282.00","-751,655.20"
52005,2021-08-04,"August 04, 2021","7,311.63",3.18,"273,524.20",3.15,"90,303.27",3.25,"-749,804.20","-653,431.00","-749,804.20"
52007,2021-08-05,"August 05, 2021","6,386.75",3.13,"301,007.55",3.03,"82,649.92",3.21,"-775,366.20","-678,993.00","-775,366.20"
52022,2021-08-06,"August 06, 2021",696.47,2.94,"2,074.25",2.82,0.00,,"-7,00,402.20","-6,04,029.00","-7,00,402.20"
52023,2021-08-07,"August 07, 2021",751.46,2.92,"6,478.15",3.33,61.00,2.90,"-7,38,653.20","-38,251.00","-7,38,653.20"
52024,2021-08-08,"August 08, 2021",0.00,-,0.00,-,0.00,-,"-7,42,143.20","-3,490.00","-7,42,143.20"
52028,2021-08-09,"August 09, 2021","6,936.87",3.18,"2,65,470.95",3.04,"79,531.41",3.15,"-7,26,783.20","-6,30,410.00","-7,26,783.20"
52034,2021-08-10,"August 10, 2021","7,581.21",3.19,"272,720.25",3.06,"79,431.34",3.10,"-749,660.20","-653,287.00","-749,660.20"
52041,2021-08-11,"August 11, 2021","8,400.40",3.22,"284,381.85",3.05,"81,361.54",3.05,"-740,106.20","-643,733.00","-740,106.20"
52050,2021-08-12,"August 12, 2021","8,491.42",3.21,"270,491.60",3.05,"81,286.59",2.96,"-736,735.20","-640,362.00","-736,735.20"
52066,2021-08-13,"August 13, 2021","6,705.23",3.15,"2,98,737.45",3.14,"85,385.02",3.07,"-7,26,739.20","-8,34,077.00","-7,26,739.20"
52067,2021-08-16,"August 16, 2021",0.00,-,0.00,-,0.00,-,"-791,264.20","-59,809.00","-791,264.20"
52073,2021-08-17,"August 17, 2021","9,364.63",3.23,"3,21,450.85",3.12,"89,294.88",3.15,"-7,78,977.20","-6,31,453.00","-7,78,977.20"
52080,2021-08-18,"August 18, 2021","3,727.38",3.20,"3,24,572.45",3.12,"88,330.35",3.14,"-7,30,783.20","-5,83,509.00","-7,30,783.20"
52083,2021-08-19,"August 19, 2021",0.00,-,0.00,-,0.00,-,"-7,91,998.20","-61,215.00","-7,91,998.20"
52090,2021-08-20,"August 20, 2021",370.90,2.97,"2,445.00",2.88,0.00,,"-687,086.20","-539,812.00","-687,086.20"
52091,2021-08-21,"August 21, 2021",695.15,2.82,"6,041.70",3.40,0.00,,"-7,21,515.20","-34,429.00","-7,21,515.20"
52092,2021-08-22,"August 22, 2021",0.00,-,0.00,-,0.00,-,"-7,26,250.20","-4,735.00","-7,26,250.20"
52098,2021-08-23,"August 23, 2021","8,560.00",3.22,"340,801.15",3.12,"88,959.41",3.15,"-705,841.20","-558,567.00","-705,841.20"
52103,2021-08-24,"August 24, 2021","6,799.92",3.15,"3,45,432.05",3.13,"90,918.27",3.17,"-7,24,164.20","-5,76,890.00","-7,24,164.20"
52109,2021-08-25,"August 25, 2021","7,091.91",3.19,"3,43,574.30",3.13,"89,391.18",3.15,"-7,19,758.20","-5,72,484.00","-7,19,758.20"
52120,2021-08-26,"August 26, 2021","10,114.22",3.23,"3,52,712.70",3.13,"90,331.94",3.10,"-7,43,658.20","-5,96,384.00","-7,43,658.20"
52162,2021-09-01,"September 01, 2021","7,572.61",3.19,"2,94,846.15",3.07,"93,271.02",3.13,"-8,57,445.20","-6,62,871.00","-8,57,445.20"
52166,2021-09-02,"September 02, 2021","7,113.30",3.16,"319,120.00",3.06,"94,600.90",3.11,"-908,786.20","-714,212.00","-908,786.20"
52176,2021-09-03,"September 03, 2021",520.10,2.85,"2,270.90",2.95,0.00,,"-8,78,113.20","-6,83,539.00","-8,78,113.20"
52177,2021-09-04,"September 04, 2021",816.25,2.90,"5,471.30",3.19,0.00,,"-9,14,997.20","-36,884.00","-9,14,997.20"
52178,2021-09-05,"September 05, 2021",0.00,-,0.00,-,0.00,-,"-9,20,611.20","-5,614.00","-9,20,611.20"
52183,2021-09-06,"September 06, 2021","7,578.62",3.15,"276,842.35",3.00,"98,079.81",3.08,"-878,767.20","-684,193.00","-878,767.20"
52189,2021-09-07,"September 07, 2021","7,340.80",3.15,"281,610.20",3.05,"90,547.20",3.09,"-872,225.20","-677,651.00","-872,225.20"
52199,2021-09-08,"September 08, 2021","6,937.91",3.14,"278,160.20",3.08,"87,018.97",3.09,"-840,720.20","-594,538.00","-840,720.20"
52213,2021-09-09,"September 09, 2021","6,730.96",3.14,"307,066.50",3.18,"88,648.67",3.15,"-779,543.20","-840,573.00","-779,543.20"
52214,2021-09-12,"September 12, 2021",0.00,-,0.00,-,0.00,-,"-8,60,781.20","-2,510.00","-8,60,781.20"
52222,2021-09-13,"September 13, 2021","6,969.05",3.15,"3,02,246.90",3.16,"97,984.08",3.20,"-8,38,944.20","-5,40,509.00","-8,38,944.20"
52229,2021-09-14,"September 14, 2021","6,654.19",3.14,"2,88,356.45",3.18,"91,961.20",3.21,"-8,46,135.20","-5,97,908.00","-8,46,135.20"
52236,2021-09-15,"September 15, 2021","7,083.47",3.18,"2,82,792.05",3.22,"90,136.96",3.23,"-7,98,750.20","-4,50,504.00","-7,98,750.20"
52241,2021-09-16,"September 16, 2021","6,737.39",3.15,"2,92,721.35",3.26,"96,287.61",3.28,"-7,23,835.20","-3,75,739.00","-7,23,835.20"
52249,2021-09-17,"September 17, 2021",413.85,2.80,"1,770.00",1.74,0.00,,"-667,840.20","-319,744.00","-667,840.20"
52250,2021-09-18,"September 18, 2021",460.70,2.81,"8,160.20",3.35,0.00,,"-7,11,129.20","-43,289.00","-7,11,129.20"
52251,2021-09-19,"September 19, 2021",0.00,-,0.00,-,0.00,-,"-7,13,895.20","-2,766.00","-7,13,895.20"
52259,2021-09-20,"September 20, 2021","8,425.55",3.21,"3,13,183.90",3.28,"89,846.12",3.30,"-6,71,798.20","-3,23,702.00","-6,71,798.20"
52266,2021-09-21,"September 21, 2021","7,726.10",3.18,"300,256.50",3.29,"96,821.09",3.32,"-675,480.20","-427,403.00","-675,480.20"
52275,2021-09-22,"September 22, 2021","7,088.98",3.16,"302,332.65",3.29,"94,922.54",3.31,"-685,355.20","-285,971.00","-685,355.20"
52284,2021-09-23,"September 23, 2021","9,795.87",3.22,"305,827.45",3.30,"90,783.96",3.25,"-741,925.20","-342,541.00","-741,925.20"
52297,2021-09-24,"September 24, 2021","6,650.06",3.15,"3,02,344.35",3.28,"96,942.73",3.30,"-7,32,736.20","-7,42,823.00","-7,32,736.20"
52298,2021-09-26,"September 26, 2021",0.00,-,0.00,-,0.00,-,"-7,47,780.20","-3,042.00","-7,47,780.20"
52306,2021-09-27,"September 27, 2021","6,409.18",3.15,"306,003.60",3.26,"93,708.96",3.31,"-720,455.20","-326,315.00","-720,455.20"
52312,2021-09-28,"September 28, 2021","7,564.98",3.19,"3,18,120.65",3.28,"86,733.69",3.30,"-7,43,441.20","-4,99,903.00","-7,43,441.20"
52319,2021-09-29,"September 29, 2021","10,276.06",3.25,"3,36,904.05",3.34,"87,651.10",3.32,"-7,29,466.20","-2,88,805.00","-7,29,466.20"
52334,2021-09-30,"September 30, 2021","10,424.61",3.37,"3,58,355.40",3.31,"86,332.79",3.31,"-8,03,058.20","-3,62,897.00","-8,03,058.20"
52343,2021-10-01,"October 01, 2021","7,847.28",3.22,"347,642.85",3.27,"106,172.75",3.28,"-832,940.20","-392,779.00","-832,940.20"
52344,2021-10-03,"October 03, 2021",0.00,-,0.00,-,0.00,-,"-8,50,321.20","-3,086.00","-8,50,321.20"
52350,2021-10-04,"October 04, 2021","7,443.67",3.20,"3,51,959.85",3.20,"1,08,664.89",3.29,"-8,45,950.20","-4,03,889.00","-8,45,950.20"
52355,2021-10-05,"October 05, 2021","5,850.64",3.20,"358,048.15",3.14,"101,514.77",3.24,"-865,165.20","-620,577.00","-865,165.20"
52361,2021-10-06,"October 06, 2021","6,077.52",3.19,"3,49,354.45",3.10,"99,602.14",3.19,"-8,07,965.20","-3,63,376.00","-8,07,965.20"
52365,2021-10-07,"October 07, 2021","6,625.60",3.17,"349,399.50",3.10,"96,789.37",3.17,"-783,487.20","-338,898.00","-783,487.20"
52383,2021-10-08,"October 08, 2021","11,547.80",3.28,"3,42,442.40",3.11,"1,02,090.30",3.15,"-7,51,470.20","-6,61,107.00","-7,51,470.20"
52385,2021-10-10,"October 10, 2021",0.00,-,0.00,-,0.00,-,"-7,66,173.20","-5,410.00","-7,66,173.20"
52391,2021-10-11,"October 11, 2021","9,614.84",3.27,"348,652.20",3.09,"102,304.76",3.15,"-763,045.20","-263,384.00","-763,045.20"
52399,2021-10-12,"October 12, 2021","5,762.05",3.18,"3,50,109.00",3.06,"1,01,967.86",3.10,"-7,71,191.20","-4,71,531.00","-7,71,191.20"
52407,2021-10-13,"October 13, 2021","6,937.60",3.27,"332,992.80",3.05,"105,257.35",3.05,"-764,401.20","-262,428.00","-764,401.20"
52417,2021-10-14,"October 14, 2021",904.35,3.20,"2,306.60",3.26,0.00,,"-7,09,768.20","-2,07,795.00","-7,09,768.20"
52418,2021-10-16,"October 16, 2021",488.40,2.82,"8,688.30",3.36,0.00,,"-7,61,381.20","-51,084.00","-7,61,381.20"
52419,2021-10-17,"October 17, 2021",0.00,-,0.00,-,0.00,-,"-766,684.20","-5,303.00","-766,684.20"
52428,2021-10-18,"October 18, 2021","8,249.58",3.30,"3,47,530.90",3.28,"98,645.41",3.26,"-7,02,471.20","-2,00,498.00","-7,02,471.20"
52429,2021-10-19,"October 19, 2021",0.00,-,0.00,-,0.00,-,"-743,077.20","-40,606.00","-743,077.20"
52435,2021-10-20,"October 20, 2021","8,964.42",3.32,"334,238.20",3.32,"95,513.30",3.29,"-707,627.20","-405,667.00","-707,627.20"
52441,2021-10-21,"October 21, 2021","12,472.40",3.33,"359,106.10",3.33,"97,183.91",3.32,"-668,618.2","-169,150.00","-668,618.2"
52456,2021-10-22,"October 22, 2021","11,762.45",3.33,"366,349.15",3.37,"109,178.62",3.33,"-659,842.2","-567,172.00","-659,842.2"
52457,2021-10-24,"October 24, 2021",0.00,-,0.00,-,0.00,-,"-677,626.2","-3,344.00","-677,626.2"
52460,2021-10-25,"October 25, 2021","10,104.72",3.31,"370,667.95",3.41,"111,698.94",3.40,"-656,174.2","-139,244.00","-656,174.2"
52466,2021-10-26,"October 26, 2021","9,789.74",3.33,"3,91,408.90",3.40,"91,888.19",3.41,"-6,93,709.2","-3,74,287.00","-6,93,709.2"
52473,2021-10-27,"October 27, 2021","7,721.58",3.28,"397,446.95",3.35,"87,278.31",3.39,"-698,758.2","-179,317.00","-698,758.2"
52476,2021-10-28,"October 28, 2021","7,844.35",3.24,"393,857.05",3.28,"89,201.69",3.33,"-719,203.2","-202,262.00","-719,203.2"
52489,2021-10-29,"October 29, 2021",964.95,2.98,"2,554.60",2.78,15.00,3.00,"-7,03,726.2","-1,84,285.00","-7,03,726.2"
52491,2021-10-30,"October 30, 2021","2,369.50",3.28,"14,985.00",3.47,41.00,3.25,"-765,049.2","-61,323.00","-765,049.2"
52492,2021-10-31,"October 31, 2021",0.00,-,0.00,-,0.00,-,"-773,324.2","-8,275.00","-773,324.2"
52498,2021-11-01,"November 01, 2021","10,736.42",3.31,"3,80,410.40",3.31,"1,05,368.58",3.32,"-7,97,995.2","-2,78,554.00","-7,97,995.2"
52506,2021-11-02,"November 02, 2021","12,826.21",3.34,"3,29,183.25",3.36,"1,13,047.02",3.34,"-7,69,402.2","-4,49,980.00","-7,69,402.2"
52516,2021-11-03,"November 03, 2021",740.37,3.10,"2,121.65",1.16,0.00,,"-688,866.2","-596,182.00","-688,866.2"
52523,2021-11-06,"November 06, 2021","2,037.55",3.37,"19,757.60",3.97,0.00,,"-729,736.2","3,121.00","-729,736.2"
52524,2021-11-07,"November 07, 2021",0.00,-,0.00,-,0.00,-,"-730,879.2","-1,143.00","-730,879.2"
52528,2021-11-08,"November 08, 2021","11,119.48",3.31,"3,54,304.65",3.28,"1,00,484.42",3.34,"-7,84,580.2","-2,55,955.00","-7,84,580.2"
52535,2021-11-09,"November 09, 2021","9,024.59",3.24,"3,95,843.20",3.30,"1,11,176.78",3.31,"-7,93,319.2","-4,14,709.00","-7,93,319.2"
52541,2021-11-10,"November 10, 2021","7,661.34",3.20,"4,26,806.85",3.26,"1,10,918.49",3.30,"-8,30,329.2","-2,51,704.00","-8,30,329.2"
52545,2021-11-11,"November 11, 2021","6,984.51",3.19,"425,218.20",3.21,"105,827.19",3.27,"-825,041.2","-246,416.00","-825,041.2"
52557,2021-11-12,"November 12, 2021","8,127.38",3.21,"406,887.70",3.25,"108,303.16",3.24,"-822,161.2","-243,536.00","-822,161.2"
52558,2021-11-14,"November 14, 2021",0.00,-,0.00,-,0.00,-,"-830,421.2","-4,572.00","-830,421.2"
52564,2021-11-15,"November 15, 2021","7,224.43",3.19,"362,640.40",3.27,"103,224.73",3.30,"-828,525.2","-249,900.00","-828,525.2"
52574,2021-11-16,"November 16, 2021","6,786.86",3.16,"3,66,229.60",3.28,"1,04,044.46",3.32,"-8,29,724.2","-4,51,469.00","-8,29,724.2"
52583,2021-11-17,"November 17, 2021","7,693.09",3.20,"359,535.00",3.27,"104,857.69",3.32,"-815,441.2","-237,176.00","-815,441.2"
52592,2021-11-18,"November 18, 2021","1,063.85",3.17,"2,102.00",3.55,0.00,,"-6,82,154.2","-5,42,330.00","-6,82,154.2"
52593,2021-11-21,"November 21, 2021",0.00,-,0.00,-,0.00,-,"-738,997.2","-1,873.00","-738,997.2"
52594,2021-11-20,"November 20, 2021","1,860.35",3.49,"11,624.85",3.95,57.00,3.60,"-7,37,124.2","-15,552.00","-7,37,124.2"
52599,2021-11-22,"November 22, 2021","13,122.49",3.55,"3,79,810.45",3.82,"1,23,837.30",3.71,"-7,02,866.2","-1,13,106.00","-7,02,866.2"
52603,2021-11-23,"November 23, 2021","8,404.91",3.34,"3,90,811.45",3.55,"1,02,121.32",3.72,"-6,94,537.2","-3,04,887.00","-6,94,537.2"
52613,2021-11-24,"November 24, 2021","8,727.45",3.27,"378,107.65",3.32,"109,313.70",3.34,"-715,177.2","-177,454.00","-715,177.2"
52615,2021-11-25,"November 25, 2021","6,898.92",3.21,"3,94,694.05",3.25,"1,30,965.10",3.31,"-7,29,560.2","-1,91,837.00","-7,29,560.2"
52629,2021-11-26,"November 26, 2021","7,448.88",3.24,"397,375.05",3.26,"137,292.26",3.29,"-733,802.2","-196,079.00","-733,802.2"
52630,2021-11-28,"November 28, 2021",0.00,-,0.00,-,0.00,-,"-739,537.2","-2,444.00","-739,537.2"
52641,2021-11-29,"November 29, 2021","8,643.15",3.24,"397,817.90",3.32,"121,633.82",3.33,"-719,438.2","-181,715.00","-719,438.2"
52652,2021-11-30,"November 30, 2021","8,332.57",3.25,"407,528.25",3.37,"122,256.55",3.37,"-774,964.2","-435,626.00","-774,964.2"
52659,2021-12-01,"December 01, 2021","10,143.16",3.28,"4,15,397.90",3.28,"1,34,374.65",3.34,"-8,31,591.2","-2,42,237.00","-8,31,591.2"
52664,2021-12-02,"December 02, 2021","8,849.76",3.26,"438,779.40",3.25,"131,546.68",3.29,"-857,588.2","-268,234.00","-857,588.2"
52672,2021-12-03,"December 03, 2021",658.85,2.96,"1,695.50",2.97,0.00,-,"-8,40,906.2","-6,97,294.00","-8,40,906.2"
52673,2021-12-04,"December 04, 2021",780.85,3.00,"5,264.00",3.20,0.00,,"-8,75,591.2","-34,685.00","-8,75,591.2"
52674,2021-12-05,"December 05, 2021",0.00,-,0.00,-,0.00,-,"-880,581.2","-4,990.00","-880,581.2"
52680,2021-12-06,"December 06, 2021","9,621.64",3.26,"369,793.30",3.27,"114,775.59",3.31,"-834,263.2","-220,914.00","-834,263.2"
52685,2021-12-07,"December 07, 2021","11,160.89",3.29,"353,298.90",3.31,"121,944.00",3.33,"-843,020.2","-429,682.00","-843,020.2"
52696,2021-12-08,"December 08, 2021","8,846.32",3.26,"366,172.10",3.29,"105,763.68",3.34,"-825,950.2","-212,600.00","-825,950.2"
52699,2021-12-09,"December 09, 2021","10,299.66",3.29,"388,768.30",3.30,"102,919.41",3.32,"-832,470.2","-219,120.00","-832,470.2"
52710,2021-12-10,"December 10, 2021","9,582.00",3.28,"381,877.95",3.30,"109,392.16",3.33,"-818,815.2","-205,465.00","-818,815.2"
52711,2021-12-12,"December 12, 2021",0.00,-,0.00,-,0.00,-,"-824,539.2","-2,442.00","-824,539.2"
52714,2021-12-13,"December 13, 2021","9,269.38",3.28,"382,659.45",3.32,"112,927.82",3.36,"-825,087.2","-211,737.00","-825,087.2"
52720,2021-12-14,"December 14, 2021","9,162.07",3.29,"355,864.75",3.33,"99,857.20",3.34,"-823,206.2","-410,018.00","-823,206.2"
52739,2021-12-15,"December 15, 2021","10,161.77",3.33,"3,61,204.40",3.45,"1,03,230.99",3.41,"-7,80,385.2","-1,67,187.00","-7,80,385.2"
52748,2021-12-16,"December 16, 2021","9,706.45",3.54,"393,574.05",3.82,"118,063.62",3.77,"-699,486.2","-87,288.00","-699,486.2"
52760,2021-12-17,"December 17, 2021","1,139.80",3.37,"5,480.00",3.60,0.00,,"-6,23,234.2","-4,79,773.00","-6,23,234.2"
52762,2021-12-18,"December 18, 2021","2,467.45",3.31,"6,961.35",3.39,0.00,,"-6,72,367.2","-49,133.00","-6,72,367.2"
52763,2021-12-19,"December 19, 2021",0.00,-,0.00,-,0.00,-,"-6,74,806.2","-2,439.00","-6,74,806.2"
52768,2021-12-20,"December 20, 2021","12,222.93",3.39,"3,63,135.00",3.47,"1,11,142.00",3.41,"-6,34,559.2","-1,78,222.00","-6,34,559.2"
52781,2021-12-21,"December 21, 2021","10,534.33",3.54,"3,79,885.20",3.56,"1,04,761.24",3.69,"-6,05,684.8","-2,71,416.00","-6,05,684.8"
52844,2021-12-22,"December 22, 2021","8,913.95",3.38,"419,467.15",3.43,"88,369.01",3.48,"-603,783.8","-112,924.00","-603,783.8"
52914,2021-12-23,"December 23, 2021","8,255.25",3.44,"397,648.00",3.54,"98,336.72",3.65,"-636,277.8","-226,578.00","-636,277.8"
52926,2021-12-24,"December 24, 2021","10,691.53",3.42,"3,93,955.30",3.44,"99,098.37",3.51,"-6,30,478.8","-87,447.00","-6,30,478.8"
52927,2021-12-26,"December 26, 2021",0.00,-,0.00,-,0.00,-,"-6,36,034.8","-1,782.00","-6,36,034.8"
52952,2021-12-27,"December 27, 2021","6,892.97",3.27,"3,91,310.90",3.52,"1,07,703.41",3.55,"-6,31,647.8","-2,21,948.00","-6,31,647.8"
52960,2021-12-28,"December 28, 2021","8,567.22",3.25,"4,14,265.25",3.50,"98,110.54",3.58,"-6,41,452.8","-3,10,159.00","-6,41,452.8"
52998,2021-12-29,"December 29, 2021","7,694.03",3.28,"3,95,531.90",3.36,"99,637.42",3.41,"-6,67,886.8","-1,62,181.00","-6,67,886.8"
53005,2021-12-30,"December 30, 2021","8,882.43",3.33,"4,14,021.15",3.41,"94,693.66",3.45,"-6,99,269.8","-3,23,131.00","-6,99,269.8"
53027,2021-12-31,"December 31, 2021","2,518.20",3.64,"2,128.00",2.71,0.00,,"-6,72,907.8","-4,66,916.00","-6,72,907.8"
53029,2022-01-01,"January 01, 2022","1,785.40",3.27,"17,018.00",3.42,0.00,,"-739,396.8","-66,489.00","-739,396.8"
53030,2022-01-02,"January 02, 2022",0.00,-,0.00,-,0.00,-,"-744,612.8","-5,216.00","-744,612.8"
53041,2022-01-03,"January 03, 2022","8,811.40",3.29,"4,25,464.60",3.25,"1,04,447.87",3.36,"-7,91,348.8","-4,61,064.00","-7,91,348.8"
53051,2022-01-04,"January 04, 2022","8,619.36",3.28,"4,00,568.10",3.16,"1,09,508.20",3.27,"-7,91,991.8","-3,86,718.00","-7,91,991.8"
53057,2022-01-05,"January 05, 2022","6,942.99",3.21,"3,95,286.00",3.17,"1,09,674.79",3.23,"-7,78,822.8","-1,73,528.00","-7,78,822.8"
53060,2022-01-06,"January 06, 2022","7,519.83",3.21,"3,95,862.75",3.22,"1,12,983.35",3.25,"-7,42,242.8","-3,36,962.00","-7,42,242.8"
53070,2022-01-07,"January 07, 2022","7,660.18",3.26,"3,77,786.75",3.36,"1,17,009.53",3.39,"-6,97,342.8","-93,307.00","-6,97,342.8"
53071,2022-01-09,"January 09, 2022",0.00,-,0.00,-,0.00,-,"-7,03,425.8","-2,566.00","-7,03,425.8"
53078,2022-01-10,"January 10, 2022","9,607.59",3.31,"3,69,462.35",3.40,"1,08,969.65",3.43,"-6,63,786.8","-2,58,506.00","-6,63,786.8"
53085,2022-01-11,"January 11, 2022","9,066.54",3.36,"3,81,933.70",3.48,"1,09,941.92",3.57,"-6,73,051.8","-2,84,200.00","-6,73,051.8"
53090,2022-01-12,"January 12, 2022","9,146.28",3.33,"3,97,940.35",3.39,"1,03,356.53",3.47,"-6,72,597.8","-1,08,704.00","-6,72,597.8"
53096,2022-01-13,"January 13, 2022","9,454.60",3.28,"4,22,691.55",3.21,"98,214.21",3.30,"-6,67,498.8","-2,87,197.00","-6,67,498.8"
53107,2022-01-14,"January 14, 2022","1,845.60",3.35,"2,063.35",3.02,0.00,,"-6,19,632.8","-5,09,353.00","-6,19,632.8"
53109,2022-01-15,"January 15, 2022",705.95,3.07,"6,474.95",3.44,0.00,,"-645,702.8","-26,070.00","-645,702.8"
53110,2022-01-16,"January 16, 2022",0.00,-,0.00,-,0.00,-,"-6,48,347.8","-2,645.00","-6,48,347.8"
53116,2022-01-17,"January 17, 2022","10,062.01",3.41,"3,97,303.95",3.47,"1,13,796.91",3.46,"-6,20,771.8","-76,066.00","-6,20,771.8"
53120,2022-01-18,"January 18, 2022","10,230.44",3.62,"3,60,572.30",3.66,"1,18,589.70",3.64,"-6,33,876.8","-2,64,213.00","-6,33,876.8"
53125,2022-01-19,"January 19, 2022","7,378.83",3.67,"3,45,282.20",4.03,"1,18,283.29",3.97,"-6,06,267.8","-36,575.00","-6,06,267.8"
53133,2022-01-20,"January 20, 2022","8,966.32",3.99,"3,49,420.55",4.22,"1,08,249.95",4.25,"-5,64,114.8","5,578.00","-5,64,114.8"
53144,2022-01-21,"January 21, 2022","8,069.96",4.00,"359,992.40",4.20,"107,128.92",4.26,"-535,916.2","32,394.00","-535,916.2"
53149,2022-01-23,"January 23, 2022",0.00,-,0.00,-,0.00,-,"-5,41,542.2","-2,395.00","-5,41,542.2"
53166,2022-01-24,"January 24, 2022","8,793.50",3.98,"3,72,840.65",4.20,"1,03,583.61",4.27,"-5,49,120.2","19,140.00","-5,49,120.2"
53172,2022-01-25,"January 25, 2022","8,244.46",3.66,"3,92,371.25",3.91,"1,08,182.70",3.88,"-5,15,345.2","-1,96,501.00","-5,15,345.2"
53175,2022-01-26,"January 26, 2022",0.00,-,0.00,-,0.00,-,"-5,21,009.2","-5,664.00","-5,21,009.2"
53178,2022-01-27,"January 27, 2022","8,548.01",3.68,"4,04,920.20",4.04,"1,19,687.54",4.04,"-5,18,535.2","-79,436.00","-5,18,535.2"
53191,2022-01-28,"January 28, 2022",640.68,2.96,"3,370.60",3.24,0.00,,"-5,32,748.8","-5,98,352.00","-5,32,748.8"
53192,2022-01-29,"January 29, 2022",596.20,2.89,"7,289.75",3.43,6.00,3.20,"-5,69,525.8","-36,777.00","-5,69,525.8"
53193,2022-01-30,"January 30, 2022",0.00,-,0.00,-,0.00,-,"-5,74,677.8","-5,152.00","-5,74,677.8"
53202,2022-01-31,"January 31, 2022","7,995.89",3.22,"4,32,730.30",3.17,"79,826.63",3.25,"-6,15,771.8","-3,53,243.00","-6,15,771.8"
53208,2022-02-01,"February 01, 2022","7,819.75",3.25,"402,801.15",3.39,"92,219.78",3.45,"-659,866.8","-396,834.00","-659,866.8"
53213,2022-02-02,"February 02, 2022","7,415.55",3.29,"4,11,954.20",3.46,"1,03,402.71",3.52,"-7,10,165.8","-2,48,666.00","-7,10,165.8"
53218,2022-02-03,"February 03, 2022","7,806.73",3.23,"410,268.85",3.31,"98,669.84",3.34,"-706,129.8","-123,418.00","-706,129.8"
53233,2022-02-04,"February 04, 2022",626.90,2.92,"1,838.50",0.85,0.00,-,"-6,45,053.8","-3,82,021.00","-6,45,053.8"
53235,2022-02-05,"February 05, 2022",627.65,2.92,"6,876.20",4.08,39.00,3.20,"-679,417.8","-34,364.00","-679,417.8"
53236,2022-02-07,"February 07, 2022",0.00,-,0.00,-,0.00,-,"-6,82,704.8","-2,355.00","-6,82,704.8"
53241,2022-02-08,"February 08, 2022","7,775.70",3.26,"4,27,795.15",3.40,"1,25,078.88",3.30,"-5,98,183.8","-83,118.00","-5,98,183.8"
53246,2022-02-09,"February 09, 2022","7,207.09",3.28,"4,32,711.15",3.46,"1,00,299.86",3.41,"-6,52,438.8","-1,37,373.00","-6,52,438.8"
53258,2022-02-10,"February 10, 2022","6,779.98",3.27,"4,32,770.85",3.49,"1,07,574.19",3.45,"-6,81,641.8","-99,077.00","-6,81,641.8"
53265,2022-02-11,"February 11, 2022","7,460.65",3.28,"4,37,351.85",3.28,"97,038.68",3.38,"-6,59,341.8","-7,24,211.00","-6,59,341.8"
53266,2022-02-13,"February 13, 2022",0.00,-,0.00,-,0.00,-,"-6,72,474.8","-3,850.00","-6,72,474.8"
53275,2022-02-14,"February 14, 2022","7,979.50",3.27,"395,884.50",3.37,"103,968.62",3.38,"-660,753.8","-234,345.00","-660,753.8"
53279,2022-02-15,"February 15, 2022","8,333.53",3.26,"427,951.60",3.33,"105,885.79",3.35,"-695,482.8","-128,679.00","-695,482.8"
53286,2022-02-16,"February 16, 2022","7,513.45",3.24,"410,421.05",3.27,"112,262.46",3.32,"-729,784.8","-162,981.00","-729,784.8"
53289,2022-02-17,"February 17, 2022","7,089.98",3.22,"411,941.55",3.22,"113,915.64",3.24,"-735,910.8","-169,107.00","-735,910.8"
53296,2022-02-18,"February 18, 2022","8,439.03",3.29,"388,478.00",3.36,"118,499.50",3.39,"-664,546.8","-238,138.00","-664,546.8"
53297,2022-02-20,"February 20, 2022",0.00,-,0.00,-,0.00,-,"-6,95,950.8","-3,025.00","-6,95,950.8"
53304,2022-02-21,"February 21, 2022","9,147.92",3.33,"4,01,740.10",3.48,"1,23,759.10",3.45,"-6,83,654.8","-89,767.00","-6,83,654.8"
53309,2022-02-22,"February 22, 2022","7,665.85",3.32,"4,09,983.10",3.45,"1,22,609.61",3.51,"-6,99,598.8","-1,51,991.00","-6,99,598.8"
53314,2022-02-23,"February 23, 2022","7,564.25",3.29,"409,378.90",3.36,"115,135.35",3.40,"-698,338.8","-105,671.00","-698,338.8"
53322,2022-02-24,"February 24, 2022","8,557.41",3.27,"3,95,083.00",3.34,"1,24,551.34",3.38,"-7,11,938.8","-1,19,271.00","-7,11,938.8"
53332,2022-02-25,"February 25, 2022","7,429.99",3.28,"412,582.65",3.25,"117,514.57",3.32,"-716,988.8","-783,078.00","-716,988.8"
53334,2022-02-27,"February 27, 2022",0.00,-,0.00,-,0.00,-,"-7,36,207.8","-3,082.00","-7,36,207.8"
53352,2022-02-28,"February 28, 2022","7,696.11",3.29,"376,262.65",3.23,"119,620.81",3.24,"-736,818.8","-305,208.00","-736,818.8"
53353,2022-03-01,"March 01, 2022",0.00,-,0.00,-,0.00,-,"-7,74,717.8","-37,899.00","-7,74,717.8"
53360,2022-03-02,"March 02, 2022","8,234.44",3.27,"366,076.95",3.25,"120,526.47",3.28,"-804,629.8","-224,554.00","-804,629.8"
53364,2022-03-03,"March 03, 2022","8,376.20",3.28,"376,714.30",3.25,"129,145.08",3.26,"-801,671.8","-221,596.00","-801,671.8"
53369,2022-03-04,"March 04, 2022",548.98,2.95,"5,540.50",0.89,0.00,,"-737,539.8","-305,929.00","-737,539.8"
53370,2022-03-05,"March 05, 2022","1,233.95",3.23,"6,670.45",3.51,10.00,3.30,"-7,76,907.8","-39,368.00","-7,76,907.8"
53371,2022-03-06,"March 06, 2022",0.00,-,0.00,-,0.00,-,"-7,88,032.8","-11,125.00","-7,88,032.8"
53382,2022-03-07,"March 07, 2022","7,603.34",3.29,"375,979.90",3.43,"135,872.04",3.48,"-787,695.8","-130,989.00","-787,695.8"
53387,2022-03-08,"March 08, 2022","6,617.51",3.28,"382,609.35",3.50,"151,052.28",3.50,"-722,454.8","-65,748.00","-722,454.8"
53395,2022-03-09,"March 09, 2022","7,802.59",3.32,"372,860.60",3.52,"140,495.92",3.57,"-741,467.8","-84,761.00","-741,467.8"
53400,2022-03-10,"March 10, 2022","9,830.25",3.45,"360,539.10",3.77,"141,114.52",3.69,"-703,964.8","-54,258.00","-703,964.8"
53408,2022-03-11,"March 11, 2022","8,495.81",3.28,"368,832.30",3.26,"125,648.48",3.37,"-665,800.8","-731,890.00","-665,800.8"
53410,2022-03-13,"March 13, 2022",0.00,-,0.00,-,0.00,-,"-6,89,759.8","-6,175.00","-6,89,759.8"
53418,2022-03-14,"March 14, 2022","7,736.69",3.24,"371,072.20",3.22,"121,030.65",3.27,"-680,619.8","-392,765.00","-680,619.8"
53421,2022-03-15,"March 15, 2022","7,437.05",3.24,"350,066.95",3.27,"118,118.53",3.28,"-664,516.8","-376,662.00","-664,516.8"
53428,2022-03-16,"March 16, 2022","7,705.01",3.24,"344,745.85",3.29,"111,888.49",3.28,"-536,865.8","-249,011.00","-536,865.8"
53436,2022-03-17,"March 17, 2022",781.55,3.19,"3,073.25",2.91,0.00,-,"-429,770.8","-144,716.00","-429,770.8"
53437,2022-03-20,"March 20, 2022",0.00,-,0.00,-,0.00,-,"-5,20,886.8","-8,411.00","-5,20,886.8"
53438,2022-03-19,"March 19, 2022",630.95,2.93,"16,214.45",3.43,48.00,3.01,"-5,12,475.8","-71,938.00","-5,12,475.8"
53445,2022-03-21,"March 21, 2022","9,801.35",3.33,"361,436.50",3.40,"129,660.80",3.48,"-506,466.8","-164,292.00","-506,466.8"
53452,2022-03-22,"March 22, 2022","9,503.25",3.36,"370,094.50",3.56,"133,351.04",3.54,"-527,442.8","-230,328.00","-527,442.8"
53456,2022-03-23,"March 23, 2022","7,708.10",3.30,"370,028.80",3.51,"127,784.01",3.52,"-527,387.8","-115,661.00","-527,387.8"
53461,2022-03-24,"March 24, 2022","14,239.92",3.41,"365,722.65",3.46,"127,090.73",3.45,"-545,531.8","-135,805.00","-545,531.8"
53472,2022-03-25,"March 25, 2022","11,325.66",3.30,"3,48,388.50",3.30,"1,22,009.50",3.33,"-4,99,638.8","-5,71,598.00","-4,99,638.8"
53473,2022-03-27,"March 27, 2022",0.00,-,0.00,-,0.00,-,"-5,36,758.8","-5,026.00","-5,36,758.8"
53478,2022-03-28,"March 28, 2022","10,398.31",3.29,"382,799.65",3.27,"103,671.12",3.28,"-589,550.8","-430,252.00","-589,550.8"
53484,2022-03-29,"March 29, 2022","9,753.92",3.31,"354,281.40",3.39,"119,616.67",3.40,"-627,301.8","-470,303.00","-627,301.8"
53489,2022-03-30,"March 30, 2022","11,484.75",3.27,"339,887.25",3.38,"102,443.35",3.34,"-727,306.8","-353,466.00","-727,306.8"
53505,2022-04-01,"April 01, 2022",0.00,-,0.00,-,0.00,-,"-634,971.8","-80,945.00","-634,971.8"
53506,2022-03-31,"March 31, 2022","7,013.25",3.56,"325,705.55",3.64,"128,003.95",3.56,"-554,026.8","-399,148.00","-554,026.8"
53507,2022-04-03,"April 03, 2022",0.00,-,0.00,-,0.00,-,"-7,46,517.8","-5,277.00","-7,46,517.8"
53513,2022-04-04,"April 04, 2022","9,308.26",3.25,"344,847.35",3.13,"109,958.58",3.17,"-812,182.8","-657,304.00","-812,182.8"
53519,2022-04-05,"April 05, 2022","11,105.02",3.27,"3,50,152.40",3.41,"1,22,915.92",3.34,"-8,03,590.8","-6,48,712.00","-8,03,590.8"
53523,2022-04-06,"April 06, 2022","8,365.77",3.26,"354,084.80",3.34,"120,309.85",3.28,"-792,954.77","-138,496.00","-792,954.77"
53534,2022-04-07,"April 07, 2022","12,343.00",3.27,"360,162.35",3.36,"126,186.48",3.29,"-771,099.77","-116,641.00","-771,099.77"
53549,2022-04-08,"April 08, 2022","8,556.47",3.33,"3,95,106.85",3.34,"1,23,666.15",3.43,"-7,01,030.77","-7,74,610.00","-7,01,030.77"
53551,2022-04-10,"April 10, 2022",0.00,-,0.00,-,0.00,-,"-719,416.77","-7,961.00","-719,416.77"
53561,2022-04-11,"April 11, 2022","8,492.87",3.43,"393,625.80",3.54,"113,277.84",3.21,"-701,425.77","-235,358.00","-701,425.77"
53568,2022-04-12,"April 12, 2022","8,152.59",3.44,"373,991.50",3.55,"121,064.24",3.24,"-709,156.77","-243,089.00","-709,156.77"
53576,2022-04-13,"April 13, 2022",788.11,3.37,"4,441.10",3.63,0.00,-,"-676,253.77","-210,186.00","-676,253.77"
53577,2022-04-16,"April 16, 2022","2,144.10",3.69,"31,937.90",4.00,"7,617.83",4.01,"-727,629.77","-37,203.00","-727,629.77"
53578,2022-04-17,"April 17, 2022",0.00,-,0.00,-,0.00,-,"-733,880.77","-6,251.00","-733,880.77"
53584,2022-04-18,"April 18, 2022","9,253.55",3.51,"406,126.60",3.56,"107,743.47",3.27,"-700,207.77","-234,140.00","-700,207.77"
53586,2022-04-19,"April 19, 2022","8,784.50",3.52,"4,00,239.25",3.52,"1,01,731.71",3.19,"-6,88,369.77","-2,66,492.00","-6,88,369.77"
53590,2022-04-20,"April 20, 2022","8,487.61",3.52,"377,175.90",3.57,"108,375.55",3.25,"-657,515.77","-185,628.00","-657,515.77"
53594,2022-04-21,"April 21, 2022","9,234.84",3.53,"370,501.35",3.68,"123,760.03",3.41,"-589,871.77","-117,984.00","-589,871.77"
53607,2022-04-22,"April 22, 2022","8,441.66",3.55,"364,254.35",3.75,"124,745.72",3.33,"-550,763.77","-618,523.00","-550,763.77"
53608,2022-04-24,"April 24, 2022",0.00,-,0.00,-,0.00,-,"-571,160.77","-3,879.00","-571,160.77"
53613,2022-04-25,"April 25, 2022","8,831.29",3.57,"354,615.75",3.74,"119,344.59",3.47,"-520,436.77","-136,295.00","-520,436.77"
53617,2022-04-26,"April 26, 2022","9,202.60",3.60,"366,333.30",3.79,"111,760.92",3.53,"-525,012.77","-140,871.00","-525,012.77"
53621,2022-04-27,"April 27, 2022","10,377.57",3.63,"368,925.80",3.78,"119,274.11",3.59,"-517,378.77","-133,237.00","-517,378.77"
53624,2022-04-28,"April 28, 2022","11,548.58",3.64,"367,466.75",3.81,"121,849.54",3.67,"-475,956.77","-91,815.00","-475,956.77"
53638,2022-04-29,"April 29, 2022",594.57,3.14,"2,886.20",3.46,0.00,-,"-497,089.77","-110,748.00","-497,089.77"
53640,2022-04-30,"April 30, 2022",466.33,3.19,"15,941.40",3.87,228.00,3.65,"-538,140.77","-41,051.00","-538,140.77"
53641,2022-05-01,"May 01, 2022",0.00,-,0.00,-,0.00,-,"-547,254.77","-9,114.00","-547,254.77"
53647,2022-05-02,"May 02, 2022","9,524.38",3.65,"3,14,234.60",3.76,"1,32,089.53",3.73,"-5,27,275.77","-1,38,634.00","-5,27,275.77"
53648,2022-05-03,"May 03, 2022",0.00,-,0.00,-,0.00,-,"-556,351.77","-29,076.00","-556,351.77"
53654,2022-05-04,"May 04, 2022","9,960.11",3.67,"315,485.00",3.76,"124,929.22",3.72,"-571,422.77","-182,781.00","-571,422.77"
53663,2022-05-05,"May 05, 2022","13,135.56",4.06,"326,148.95",4.14,"142,211.57",4.12,"-549,247.77","-160,606.00","-549,247.77"
53676,2022-05-06,"May 06, 2022",420.74,3.57,"2,720.00",4.04,0.00,-,"-471,030.77","-535,790.00","-471,030.77"
53677,2022-05-07,"May 07, 2022",487.92,3.65,"11,924.60",4.27,40.00,4.09,"-4,96,935.77","-25,905.00","-4,96,935.77"
53678,2022-05-08,"May 08, 2022",0.00,-,0.00,-,0.00,-,"-5,04,549.77","-7,614.00","-5,04,549.77"
53683,2022-05-09,"May 09, 2022","9,550.10",4.05,"324,806.75",4.07,"124,333.99",4.09,"-483,358.77","-209,839.00","-483,358.77"
53689,2022-05-10,"May 10, 2022","10,740.55",4.09,"325,439.25",4.04,"126,951.35",4.02,"-497,088.77","-223,569.00","-497,088.77"
53694,2022-05-11,"May 11, 2022","10,054.40",4.04,"327,273.90",4.03,"135,880.55",3.97,"-493,822.77","-220,803.00","-493,822.77"
53699,2022-05-12,"May 12, 2022","11,609.69",4.06,"344,822.30",4.05,"140,327.33",4.01,"-492,380.77","-226,361.00","-492,380.77"
53714,2022-05-13,"May 13, 2022","10,596.39",4.08,"354,326.60",4.05,"137,824.22",4.01,"-487,572.77","-221,553.00","-487,572.77"
53715,2022-05-16,"May 16, 2022",0.00,-,0.00,-,0.00,-,"-5,30,034.77","-33,672.00","-5,30,034.77"
53723,2022-05-17,"May 17, 2022","10,771.36",4.05,"390,724.00",4.04,"110,561.92",4.08,"-531,335.77","-315,326.00","-531,335.77"
53730,2022-05-18,"May 18, 2022","10,317.59",4.04,"401,835.00",4.01,"102,104.92",4.02,"-497,913.77","-248,193.00","-497,913.77"
53736,2022-05-19,"May 19, 2022","9,318.24",4.00,"393,063.55",4.04,"114,730.52",4.03,"-479,111.77","-229,391.00","-479,111.77"
53745,2022-05-20,"May 20, 2022",843.65,3.58,"5,832.90",4.04,360.00,4.11,"-321,905.77","-410,464.00","-321,905.77"
53746,2022-05-21,"May 21, 2022",738.65,3.80,"8,472.90",4.23,50.00,4.05,"-3,55,041.77","-33,136.00","-3,55,041.77"
53747,2022-05-22,"May 22, 2022",0.00,-,0.00,-,0.00,-,"-3,60,067.77","-5,026.00","-3,60,067.77"
53752,2022-05-23,"May 23, 2022","11,534.64",4.13,"412,334.15",4.15,"102,112.30",4.13,"-338,950.77","-155,359.00","-338,950.77"
53758,2022-05-24,"May 24, 2022","9,557.52",4.08,"3,99,905.95",4.11,"99,226.32",4.11,"-3,30,684.77","-1,47,093.00","-3,30,684.77"
53764,2022-05-25,"May 25, 2022","11,005.98",4.11,"3,89,683.30",4.13,"1,10,869.46",4.09,"-3,17,333.77","-1,33,742.00","-3,17,333.77"
53766,2022-05-26,"May 26, 2022","10,778.07",4.08,"3,92,603.30",4.17,"1,12,906.75",4.12,"-3,10,235.77","-1,26,644.00","-3,10,235.77"
53778,2022-05-27,"May 27, 2022","10,198.89",4.09,"3,91,060.00",4.19,"1,23,041.77",4.15,"-3,04,202.77","-1,20,611.00","-3,04,202.77"
53779,2022-05-29,"May 29, 2022",0.00,-,0.00,-,0.00,-,"-314,136.77","-6,057.00","-314,136.77"
53781,2022-05-30,"May 30, 2022","11,319.06",4.11,"380,178.30",4.18,"127,172.83",4.16,"-296,283.77","-112,692.00","-296,283.77"
53788,2022-05-31,"May 31, 2022","10,939.32",4.09,"3,86,245.95",4.15,"1,46,982.42",4.15,"-3,27,692.77","-1,44,101.00","-3,27,692.77"
53793,2022-06-01,"June 01, 2022","12,737.33",4.13,"386,829.35",4.10,"111,068.69",4.11,"-377,705.77","-194,114.00","-377,705.77"
53800,2022-06-02,"June 02, 2022","11,865.95",4.07,"381,481.00",4.07,"116,110.36",4.08,"-364,051.77","-181,760.00","-364,051.77"
53809,2022-06-03,"June 03, 2022",919.13,3.83,"3,859.25",3.89,0.00,-,"-3,39,736.77","-4,33,595.00","-3,39,736.77"
53810,2022-06-04,"June 04, 2022","1,265.15",3.88,"5,184.10",4.22,0.00,-,"-3,76,647.77","-36,911.00","-3,76,647.77"
53811,2022-06-05,"June 05, 2022",0.00,-,0.00,-,0.00,-,"-3,79,920.77","-3,273.00","-3,79,920.77"
53820,2022-06-06,"June 06, 2022","14,927.21",4.15,"3,86,118.90",4.05,"1,19,453.82",4.06,"-3,19,998.77","-3,57,437.00","-3,19,998.77"
53830,2022-06-07,"June 07, 2022","12,747.23",4.11,"3,82,459.50",4.06,"1,16,930.63",4.06,"-3,16,882.77","-3,54,321.00","-3,16,882.77"
53838,2022-06-08,"June 08, 2022","13,057.37",4.37,"3,90,402.00",4.53,"1,09,932.25",4.54,"-3,29,335.77","-3,66,774.00","-3,29,335.77"
53845,2022-06-09,"June 09, 2022","15,184.98",4.60,"3,92,702.00",4.53,"1,12,754.87",4.55,"-3,21,675.77","-3,59,114.00","-3,21,675.77"
53854,2022-06-10,"June 10, 2022","11,777.14",4.54,"4,22,908.75",4.54,"1,17,537.76",4.52,"-3,54,961.77","-3,92,400.00","-3,54,961.77"
53856,2022-06-12,"June 12, 2022",0.00,-,0.00,-,0.00,-,"-369,965.77","-6,927.00","-369,965.77"
53860,2022-06-13,"June 13, 2022","12,266.78",4.55,"4,33,422.60",4.54,"1,06,468.08",4.54,"-3,57,496.77","-3,94,935.00","-3,57,496.77"
53865,2022-06-14,"June 14, 2022","10,723.86",4.54,"4,26,216.35",4.54,"1,10,967.77",4.43,"-3,60,523.57","-4,31,671.00","-3,60,523.57"
53870,2022-06-15,"June 15, 2022","11,190.77",4.54,"4,05,673.70",4.54,"1,17,713.02",4.56,"-3,46,261.57","-3,83,953.00","-3,46,261.57"
53878,2022-06-16,"June 16, 2022","11,922.57",4.54,"4,21,173.15",4.56,"1,16,129.21",4.56,"-2,86,640.57","-3,24,332.00","-2,86,640.57"
53890,2022-06-17,"June 17, 2022","1,327.10",4.09,"3,018.00",4.67,0.00,-,"-2,28,712.57","-3,31,369.00","-2,28,712.57"
53891,2022-06-18,"June 18, 2022","1,373.97",4.28,"6,182.40",4.64,38.00,4.60,"-252,789.57","-24,077.00","-252,789.57"
53892,2022-06-19,"June 19, 2022",0.00,-,0.00,-,0.00,-,"-254,927.57","-2,138.00","-254,927.57"
53897,2022-06-20,"June 20, 2022","12,103.81",4.58,"4,30,572.30",4.71,"1,30,623.30",4.69,"-2,14,434.57","-1,51,907.00","-2,14,434.57"
53901,2022-06-21,"June 21, 2022","13,247.02",4.62,"412,298.60",4.70,"145,781.10",4.68,"-214,229.57","-146,202.00","-214,229.57"
53908,2022-06-22,"June 22, 2022","12,292.27",4.61,"4,23,416.45",4.72,"1,42,931.70",4.70,"-2,10,920.57","-1,42,893.00","-2,10,920.57"
53912,2022-06-23,"June 23, 2022","13,244.31",4.64,"4,32,409.60",4.73,"1,42,244.85",4.71,"-1,98,377.57","-1,30,350.00","-1,98,377.57"
53923,2022-06-24,"June 24, 2022","12,609.98",4.66,"4,24,279.90",4.77,"1,59,391.12",4.72,"-2,00,026.57","-1,32,999.00","-2,00,026.57"
53924,2022-06-26,"June 26, 2022",0.00,-,0.00,-,0.00,-,"-2,10,298.57","-4,973.00","-2,10,298.57"
53928,2022-06-27,"June 27, 2022","14,275.98",4.68,"4,07,482.60",4.76,"1,50,028.28",4.74,"-2,15,990.57","-1,48,963.00","-2,15,990.57"
53932,2022-06-28,"June 28, 2022","14,274.30",4.68,"3,93,039.70",4.73,"1,48,056.83",4.74,"-2,35,568.57","-1,68,541.00","-2,35,568.57"
53937,2022-06-29,"June 29, 2022","20,303.16",4.75,"3,90,194.05",4.66,"1,32,308.59",4.67,"-2,50,143.57","-1,83,566.00","-2,50,143.57"
53950,2022-06-30,"June 30, 2022","12,730.02",4.75,"3,81,991.75",4.69,"1,39,002.85",4.62,"-2,89,499.57","-2,22,922.00","-2,89,499.57"
53962,2022-07-01,"July 01, 2022","1,181.30",4.30,"4,246.00",4.77,50.00,4.60,"-2,76,209.57","-3,74,816.00","-2,76,209.57"
53963,2022-07-02,"July 02, 2022","1,291.43",4.28,"13,142.65",4.65,0.00,-,"-320,608.57","-44,399.00","-320,608.57"
53964,2022-07-03,"July 03, 2022",0.00,-,0.00,-,0.00,-,"-3,25,523.57","-4,915.00","-3,25,523.57"
53974,2022-07-04,"July 04, 2022","16,932.34",4.72,"393,745.75",4.67,"169,746.60",4.72,"-287,785.57","-160,897.00","-287,785.57"
53977,2022-07-05,"July 05, 2022","15,620.69",4.72,"367,879.70",4.64,"136,604.81",4.65,"-323,060.57","-196,172.00","-323,060.57"
53988,2022-07-06,"July 06, 2022","13,909.54",4.69,"344,904.80",4.64,"141,120.35",4.65,"-285,775.57","-158,887.00","-285,775.57"
53994,2022-07-07,"July 07, 2022","15,207.72",4.68,"346,508.85",4.66,"144,235.24",4.68,"-252,182.57","-125,294.00","-252,182.57"
54008,2022-07-08,"July 08, 2022","14,031.28",4.68,"368,289.70",4.75,"138,092.59",4.73,"-242,420.57","-115,532.00","-242,420.57"
54009,2022-07-10,"July 10, 2022",0.00,-,0.00,-,0.00,-,"-2,54,861.57","-7,084.00","-2,54,861.57"
54016,2022-07-11,"July 11, 2022","14,136.58",4.69,"3,62,419.75",4.76,"1,27,729.23",4.77,"-2,19,598.57","-92,710.00","-2,19,598.57"
54023,2022-07-12,"July 12, 2022","11,710.21",4.66,"3,61,401.05",4.73,"1,34,981.27",4.77,"-2,40,849.57","-1,47,417.00","-2,40,849.57"
54028,2022-07-13,"July 13, 2022","13,919.61",4.67,"3,52,268.35",4.66,"1,37,030.45",4.70,"-2,59,935.57","-1,35,619.00","-2,59,935.57"
54034,2022-07-14,"July 14, 2022","14,850.16",4.68,"3,67,471.05",4.65,"1,26,496.51",4.68,"-2,46,348.57","-1,22,032.00","-2,46,348.57"
54045,2022-07-15,"July 15, 2022","1,046.02",4.46,"4,253.30",4.80,0.00,-,"-1,81,235.57","-2,82,414.00","-1,81,235.57"
54046,2022-07-16,"July 16, 2022",705.80,4.31,"10,891.00",4.70,36.00,4.55,"-209,112.57","-27,877.00","-209,112.57"
54047,2022-07-17,"July 17, 2022",0.00,-,0.00,-,0.00,-,"-213,585.57","-4,473.00","-213,585.57"
54052,2022-07-18,"July 18, 2022","14,735.46",4.70,"366,120.45",4.78,"130,097.22",4.79,"-170,355.57","-88,258.00","-170,355.57"
54060,2022-07-19,"July 19, 2022","14,316.95",4.74,"3,66,397.60",4.79,"1,37,900.26",4.81,"-1,69,519.57","-87,422.00","-1,69,519.57"
54067,2022-07-20,"July 20, 2022","15,665.47",4.76,"3,42,801.45",4.82,"1,35,891.50",4.83,"-1,54,744.57","-72,647.00","-1,54,744.57"
54083,2022-07-22,"July 22, 2022","14,576.47",4.98,"3,47,560.20",5.15,"1,32,034.23",5.14,"-1,15,644.12","-34,340.00","-1,15,644.12"
54084,2022-07-24,"July 24, 2022",0.00,-,0.00,-,0.00,-,"-1,24,007.12","-3,900.00","-1,24,007.12"
54089,2022-07-25,"July 25, 2022","14,590.08",5.06,"3,51,329.30",5.15,"1,24,973.60",5.15,"-73,741.12","7,403.00","-73,741.12"
54094,2022-07-26,"July 26, 2022","13,259.27",5.09,"3,60,211.20",5.15,"1,21,573.39",5.18,"-49,876.91","30,833.00","-49,876.91"
54101,2022-07-27,"July 27, 2022","11,742.45",5.07,"3,62,041.15",5.15,"1,21,793.24",5.17,"-49,245.52","-18,809.00","-49,245.52"
54113,2022-07-28,"July 28, 2022","11,831.40",5.06,"3,49,140.55",5.15,"1,21,353.09",5.18,"-76,034.52","-40,598.00","-76,034.52"
54127,2022-07-29,"July 29, 2022","1,364.98",4.44,"7,948.70",5.03,0.00,-,"-63,627.52","-1,61,461.00","-63,627.52"
54128,2022-07-31,"July 31, 2022",0.00,-,0.00,-,0.00,-,"-1,05,067.52","-4,950.00","-1,05,067.52"
54129,2022-07-30,"July 30, 2022",618.87,4.24,"22,442.55",4.78,159.00,4.63,"-100,117.52","-36,490.00","-100,117.52"
54132,2022-08-01,"August 01, 2022","12,187.48",4.74,"3,56,299.55",4.60,"1,31,746.22",4.76,"-1,29,475.52","-2,14,597.00","-1,29,475.52"
54136,2022-08-02,"August 02, 2022","12,042.10",4.66,"3,43,225.55",4.52,"1,27,606.67",4.61,"-2,01,655.57","-2,85,636.00","-2,01,655.57"
54144,2022-08-03,"August 03, 2022","13,735.48",4.66,"3,55,845.95",4.52,"1,26,011.72",4.60,"-1,93,695.57","-2,76,176.00","-1,93,695.57"
54147,2022-08-04,"August 04, 2022","10,492.23",4.59,"3,63,098.10",4.52,"1,21,018.03",4.59,"-2,13,828.17","-2,97,753.00","-2,13,828.17"
54163,2022-08-05,"August 05, 2022",799.65,4.44,"2,819.65",4.48,0.00,-,"-1,70,638.17","-2,54,563.00","-1,70,638.17"
54164,2022-08-06,"August 06, 2022",518.47,4.45,"6,750.95",5.33,15.00,5.00,"-190,034.17","-19,396.00","-190,034.17"
54165,2022-08-07,"August 07, 2022",0.00,-,0.00,-,0.00,-,"-193,706.17","-3,672.00","-193,706.17"
54182,2022-08-08,"August 08, 2022","12,608.51",5.11,"3,65,835.85",5.12,"1,31,086.14",5.14,"-97,301.17","-1,73,726.00","-97,301.17"
54184,2022-08-09,"August 09, 2022",0.00,-,0.00,-,0.00,-,"-135,911.17","-38,610.00","-135,911.17"
54193,2022-08-10,"August 10, 2022","11,233.53",5.10,"3,78,972.05",5.13,"1,31,404.21",5.16,"-1,36,660.17","-2,43,860.00","-1,36,660.17"
54200,2022-08-11,"August 11, 2022","11,083.16",5.06,"3,79,973.65",5.11,"1,35,596.47",5.15,"-1,47,890.17","-2,09,400.00","-1,47,890.17"
54211,2022-08-12,"August 12, 2022","13,029.69",5.17,"3,83,926.45",5.27,"1,50,136.24",5.30,"-74,876.17","-1,49,098.00","-74,876.17"
54212,2022-08-16,"August 16, 2022",0.00,-,0.00,-,0.00,-,"-1,28,607.17","-45,595.00","-1,28,607.17"
54219,2022-08-17,"August 17, 2022","11,838.88",5.08,"3,92,511.60",5.16,"1,33,600.74",5.19,"-1,01,254.17","-1,53,251.00","-1,01,254.17"
54227,2022-08-18,"August 18, 2022","9,791.55",5.09,"3,85,941.00",5.16,"1,39,423.10",5.19,"-1,29,928.17","-1,81,925.00","-1,29,928.17"
54238,2022-08-19,"August 19, 2022","1,234.15",4.91,"4,280.50",4.91,0.00,-,"-64,102.17","-1,23,499.00","-64,102.17"
54239,2022-08-20,"August 20, 2022",810.85,4.41,"9,121.95",5.37,71.00,5.12,"-103,472.17","-39,370.00","-103,472.17"
54240,2022-08-21,"August 21, 2022",0.00,-,0.00,-,0.00,-,"-1,07,825.17","-4,353.00","-1,07,825.17"
54244,2022-08-22,"August 22, 2022","11,465.21",5.11,"4,16,150.95",5.20,"1,42,490.29",5.22,"-45,775.17","-1,05,172.00","-45,775.17"
54248,2022-08-23,"August 23, 2022","11,634.23",5.12,"4,24,507.10",5.20,"1,41,853.07",5.22,"-73,699.17","-1,33,096.00","-73,699.17"
54255,2022-08-24,"August 24, 2022","11,005.79",5.08,"4,18,698.10",5.18,"1,39,866.99",5.21,"-70,764.17","-1,29,916.00","-70,764.17"
54262,2022-08-25,"August 25, 2022","14,265.95",5.13,"4,12,788.55",5.17,"1,35,785.75",5.19,"-84,205.17","-1,43,357.00","-84,205.17"
54272,2022-08-26,"August 26, 2022","11,804.00",5.15,"4,11,476.95",5.28,"1,42,838.64",5.27,"-96,970.17","-1,78,347.00","-96,970.17"
54273,2022-08-28,"August 28, 2022",0.00,-,0.00,-,0.00,-,"-105,869.17","-3,318.00","-105,869.17"
54285,2022-08-29,"August 29, 2022","13,325.48",5.15,"3,96,450.15",5.23,"1,50,223.75",5.24,"-1,03,305.17","-1,09,351.00","-1,03,305.17"
54295,2022-08-30,"August 30, 2022","12,103.39",5.21,"3,83,220.25",5.43,"1,65,067.95",5.34,"-66,244.17","-72,290.00","-66,244.17"
54296,2022-08-31,"August 31, 2022",0.00,-,0.00,-,0.00,-,"-1,14,554.17","-48,310.00","-1,14,554.17"
54300,2022-09-01,"September 01, 2022","12,925.79",5.30,"4,10,964.45",5.42,"1,53,777.73",5.45,"-1,42,594.82","-1,48,950.00","-1,42,594.82"
54308,2022-09-02,"September 02, 2022",556.90,4.43,"1,955.85",4.95,0.00,-,"-1,75,414.17","-1,78,460.00","-1,75,414.17"
54309,2022-09-03,"September 03, 2022",819.17,4.72,"5,364.30",5.16,121.59,5.07,"-2,13,345.17","-37,931.00","-2,13,345.17"
54310,2022-09-04,"September 04, 2022",0.00,-,0.00,-,0.00,-,"-2,16,354.17","-3,009.00","-2,16,354.17"
54320,2022-09-05,"September 05, 2022","12,271.14",5.12,"4,03,736.70",5.11,"1,14,130.09",5.17,"-2,06,487.17","-2,09,533.00","-2,06,487.17"
54330,2022-09-06,"September 06, 2022","10,513.77",5.08,"3,81,397.15",5.12,"1,27,086.90",5.15,"-1,85,980.17","-2,34,556.00","-1,85,980.17"
54336,2022-09-07,"September 07, 2022","11,487.34",5.08,"3,92,623.50",5.13,"1,22,989.67",5.16,"-1,59,435.17","-1,63,996.00","-1,59,435.17"
54344,2022-09-08,"September 08, 2022","11,233.38",5.07,"3,94,514.50",5.14,"1,26,020.99",5.15,"-1,34,398.17","-1,38,959.00","-1,34,398.17"
54358,2022-09-09,"September 09, 2022","11,745.59",5.15,"4,03,318.50",5.21,"1,32,331.28",5.23,"-99,933.17","-1,74,825.00","-99,933.17"
54359,2022-09-11,"September 11, 2022",0.00,-,0.00,-,0.00,-,"-115,735.17","-6,702.00","-115,735.17"
54362,2022-09-12,"September 12, 2022","11,546.98",5.13,"3,88,677.10",5.18,"1,24,037.05",5.19,"-59,819.17","-1,01,319.00","-59,819.17"
54365,2022-09-13,"September 13, 2022","10,854.71",5.13,"3,85,704.80",5.17,"1,21,164.77",5.19,"-50,836.17","-92,336.00","-50,836.17"
54370,2022-09-14,"September 14, 2022","10,912.00",5.13,"3,80,902.60",5.16,"1,21,909.65",5.20,"-68,377.17","-1,09,877.00","-68,377.17"
54373,2022-09-15,"September 15, 2022","11,419.65",5.17,"3,70,036.15",5.30,"1,26,446.23",5.29,"-48,207.17","-89,707.00","-48,207.17"
54382,2022-09-16,"September 16, 2022",493.61,4.65,"4,049.50",5.27,932.24,5.15,"-3,243.57","-48,139.00","-3,243.57"
54383,2022-09-17,"September 17, 2022",411.88,4.46,"12,999.25",5.54,56.00,5.48,"-27,671.57","-24,428.00","-27,671.57"
54384,2022-09-18,"September 18, 2022",0.00,-,0.00,-,0.00,-,"-22,913.57","4,758.00","-22,913.57"
54392,2022-09-19,"September 19, 2022","9,881.00",5.38,"3,97,693.20",5.62,"1,35,362.94",5.57,-294.57,"-45,190.00",-294.57
54396,2022-09-20,"September 20, 2022","13,056.75",5.47,"4,10,312.10",5.65,"1,39,739.12",5.62,"21,873.43","-23,227.00","21,873.43"
54404,2022-09-21,"September 21, 2022","13,475.26",5.54,"4,21,068.75",5.65,"1,35,047.08",5.64,"11,886.43","-33,439.00","11,886.43"
54415,2022-09-22,"September 22, 2022","14,220.23",5.51,"4,09,715.60",5.53,"1,35,067.54",5.60,"-26,620.57","-72,030.00","-26,620.57"
54427,2022-09-23,"September 23, 2022","14,145.36",5.40,"4,40,584.15",5.45,"1,50,701.96",5.44,"-17,171.57","-91,853.00","-17,171.57"
54429,2022-09-25,"September 25, 2022",0.00,-,0.00,-,0.00,-,"-35,445.57","-3,630.00","-35,445.57"
54445,2022-09-26,"September 26, 2022","12,951.56",5.35,"4,52,679.95",5.52,"1,54,177.42",5.41,"-1,641.57","-72,575.00","-1,641.57"
54448,2022-09-27,"September 27, 2022","12,896.18",5.44,"4,52,750.50",5.65,"1,51,105.53",5.53,"5,796.43","-65,137.00","5,796.43"
54453,2022-09-28,"September 28, 2022","13,574.74",5.51,"4,43,073.15",5.65,"1,55,403.30",5.58,"8,919.43","-56,469.00","8,919.43"
54463,2022-09-29,"September 29, 2022","13,834.63",5.55,"4,56,159.20",5.65,"1,53,875.96",5.57,"18,728.03","-41,416.00","18,728.03"
54477,2022-09-30,"September 30, 2022",471.50,4.91,"3,856.00",5.52,"1,998.44",5.90,"-32,950.97","-93,095.00","-32,950.97"
54478,2022-10-01,"October 01, 2022","1,129.00",5.72,"18,807.05",5.66,110.00,5.60,"-1,05,500.97","-72,550.00","-1,05,500.97"
54479,2022-10-02,"October 02, 2022",0.00,-,0.00,-,0.00,-,"-1,14,699.97","-9,199.00","-1,14,699.97"
54489,2022-10-03,"October 03, 2022","12,550.14",5.77,"4,10,381.25",5.65,"1,44,297.57",5.58,"-1,17,246.97","-1,77,391.00","-1,17,246.97"
54495,2022-10-04,"October 04, 2022","10,756.81",5.75,"4,07,830.60",5.64,"1,29,882.96",5.50,"-1,00,374.57","-2,04,138.00","-1,00,374.57"
54499,2022-10-05,"October 05, 2022",0.00,-,0.00,-,0.00,-,"-115,070.57","-14,696.00","-115,070.57"
54504,2022-10-06,"October 06, 2022","11,331.88",5.73,"3,99,347.00",5.65,"1,51,964.20",5.57,"-74,214.57","-1,77,978.00","-74,214.57"
54515,2022-10-07,"October 07, 2022","10,608.96",5.84,"3,88,398.25",5.93,"1,52,681.82",5.78,"-40,488.57","-1,48,000.00","-40,488.57"
54516,2022-10-09,"October 09, 2022",0.00,-,0.00,-,0.00,-,"-50,617.57","-2,153.00","-50,617.57"
54520,2022-10-10,"October 10, 2022","11,773.81",6.02,"4,30,514.40",6.13,"1,37,957.62",5.99,"8,764.43","-36,757.00","8,764.43"
54523,2022-10-11,"October 11, 2022","9,947.19",6.11,"4,28,949.70",6.14,"1,47,780.16",6.08,"-11,306.30","-57,333.00","-11,306.30"
54533,2022-10-12,"October 12, 2022","10,639.83",6.13,"4,41,013.05",6.14,"1,43,998.34",6.09,"7,139.70","-38,887.00","7,139.70"
54535,2022-10-13,"October 13, 2022","11,256.45",6.12,"4,30,635.20",6.14,"1,54,339.78",6.08,"2,558.70","-43,471.00","2,558.70"
54546,2022-10-14,"October 14, 2022",490.00,5.89,"6,269.65",6.00,0.00,-,"9,957.70","-36,072.00","9,957.70"
54547,2022-10-15,"October 15, 2022",146.00,5.22,"22,128.90",5.88,15.75,5.60,"-19,528.30","-29,486.00","-19,528.30"
54548,2022-10-16,"October 16, 2022",0.00,-,0.00,-,0.00,-,"-11,400.30","8,128.00","-11,400.30"
54556,2022-10-17,"October 17, 2022","8,820.40",6.15,"4,63,844.65",6.12,"1,35,528.47",6.10,"-12,531.30","-58,561.00","-12,531.30"
54560,2022-10-18,"October 18, 2022","11,305.75",6.16,"4,57,581.45",6.07,"1,51,098.87",6.09,"-30,003.30","-76,033.00","-30,003.30"
54566,2022-10-19,"October 19, 2022","10,856.06",6.09,"4,56,321.30",6.00,"1,39,056.46",5.96,"-6,437.30","-52,467.00","-6,437.30"
54576,2022-10-20,"October 20, 2022","12,460.11",6.13,"4,24,362.05",6.14,"1,41,258.68",6.05,"13,887.70","-32,142.00","13,887.70"
54588,2022-10-21,"October 21, 2022","11,819.67",6.20,"4,48,723.15",6.15,"1,46,245.54",6.11,"72,860.70","-35,159.00","72,860.70"
54589,2022-10-24,"October 24, 2022",0.00,-,0.00,-,0.00,-,"62,835.70","-6,140.00","62,835.70"
54593,2022-10-25,"October 25, 2022","10,057.27",6.17,"4,53,875.20",6.15,"1,43,599.76",6.13,"98,372.89","-4,276.00","98,372.89"
54594,2022-10-26,"October 26, 2022",0.00,-,0.00,-,0.00,-,"73,296.89","-25,076.00","73,296.89"
54600,2022-10-27,"October 27, 2022","12,666.91",6.15,"4,61,406.30",6.15,"1,63,133.74",6.14,"54,918.53","-48,078.00","54,918.53"
54607,2022-10-28,"October 28, 2022",355.50,5.75,"6,911.60",6.10,0.00,-,"64,017.53","-38,979.00","64,017.53"
54608,2022-10-29,"October 29, 2022",94.00,5.73,"7,996.35",6.15,154.00,6.00,"61,804.53","-2,213.00","61,804.53"
54609,2022-10-30,"October 30, 2022",0.00,-,0.00,-,0.00,-,"60,091.53","-1,713.00","60,091.53"
54624,2022-10-31,"October 31, 2022","13,639.27",6.21,"4,51,455.30",6.13,"1,48,548.89",6.10,"20,125.81","-83,106.00","20,125.81"
54630,2022-11-01,"November 01, 2022","11,325.56",6.13,"4,52,242.05",5.90,"1,42,718.88",5.97,"-26,140.89","-1,26,608.00","-26,140.89"
54636,2022-11-02,"November 02, 2022","13,241.06",5.93,"4,17,223.00",5.66,"1,40,655.10",5.71,"-93,163.62","-1,89,419.00","-93,163.62"
54642,2022-11-03,"November 03, 2022","12,620.96",5.79,"4,02,965.35",5.59,"1,29,686.12",5.58,"-93,965.62","-1,90,016.00","-93,965.62"
54653,2022-11-04,"November 04, 2022","1,058.75",5.67,"6,607.95",5.53,0.00,-,"-73,545.62","-1,75,244.00","-73,545.62"
54657,2022-11-05,"November 05, 2022",325.40,5.89,"7,376.10",6.05,38.00,5.85,"-83,619.62","-11,074.00","-83,619.62"
54658,2022-11-06,"November 06, 2022",0.00,-,0.00,-,0.00,-,"-85,839.62","-2,220.00","-85,839.62"
54665,2022-11-07,"November 07, 2022","12,008.31",5.83,"4,18,103.70",5.77,"1,43,098.43",5.68,"5,540.11","-67,170.00","5,540.11"
54666,2022-11-08,"November 08, 2022",0.00,-,0.00,-,0.00,-,-916.89,"-6,457.00",-916.89
54671,2022-11-09,"November 09, 2022","12,933.35",5.92,"4,21,201.60",5.89,"1,51,340.61",5.83,"-25,593.74","-1,02,210.00","-25,593.74"
54678,2022-11-10,"November 10, 2022","12,050.35",5.89,"4,16,070.45",5.74,"1,50,728.51",5.77,"-46,154.89","-1,22,360.00","-46,154.89"
54689,2022-11-11,"November 11, 2022","12,216.18",5.87,"4,16,816.50",5.68,"1,38,497.50",5.69,"-66,041.89","-1,37,357.00","-66,041.89"
54690,2022-11-13,"November 13, 2022",0.00,-,0.00,-,0.00,-,"-71,600.89","-1,943.00","-71,600.89"
54702,2022-11-14,"November 14, 2022","13,942.41",5.83,"3,94,807.85",5.68,"1,36,795.17",5.69,"-66,601.89","-1,37,917.00","-66,601.89"
54708,2022-11-15,"November 15, 2022","11,815.69",5.82,"4,00,668.35",5.68,"1,48,445.11",5.69,"-80,373.89","-1,51,689.00","-80,373.89"
54714,2022-11-16,"November 16, 2022","11,978.69",5.83,"3,82,526.50",5.66,"1,39,497.98",5.67,"-83,502.89","-1,54,818.00","-83,502.89"
54720,2022-11-17,"November 17, 2022","11,206.24",5.84,"4,02,261.05",5.66,"1,27,436.79",5.68,"-97,496.89","-1,68,812.00","-97,496.89"
54732,2022-11-18,"November 18, 2022",221.60,5.38,"5,600.35",5.53,0.00,-,"-40,523.32","-1,39,922.00","-40,523.32"
54733,2022-11-19,"November 19, 2022",245.90,5.61,"7,913.35",5.78,20.00,5.65,"-55,688.32","-15,165.00","-55,688.32"
54734,2022-11-20,"November 20, 2022",0.00,-,0.00,-,0.00,-,"-57,927.32","-2,239.00","-57,927.32"
54738,2022-11-21,"November 21, 2022","14,332.65",6.06,"4,03,414.40",6.09,"1,56,306.22",6.01,"14,416.68","-37,917.00","14,416.68"
54741,2022-11-22,"November 22, 2022","12,503.42",6.17,"4,30,815.75",6.15,"1,41,316.67",6.12,"22,387.84","-30,438.00","22,387.84"
54746,2022-11-23,"November 23, 2022","11,086.71",6.19,"4,22,998.35",6.15,"1,38,070.32",6.14,"14,789.84","-38,036.00","14,789.84"
54750,2022-11-24,"November 24, 2022","9,806.14",6.15,"4,42,905.00",6.15,"1,44,031.06",6.14,"7,018.84","-45,807.00","7,018.84"
54759,2022-11-25,"November 25, 2022","10,001.40",6.12,"4,22,498.35",6.11,"1,50,921.11",6.10,"-19,524.16","-72,350.00","-19,524.16"
54760,2022-11-27,"November 27, 2022",0.00,-,0.00,-,0.00,-,"-28,833.16","-3,577.00","-28,833.16"
54771,2022-11-28,"November 28, 2022","9,470.38",6.09,"414,847.70",5.97,"153,093.82",6.03,"-28,788.16","-81,614.00","-28,788.16"
54775,2022-11-29,"November 29, 2022","9,901.49",5.98,"404,195.30",5.73,"144,367.39",5.82,"-56,986.32","-109,320.00","-56,986.32"
54784,2022-11-30,"November 30, 2022","9,995.98",5.82,"360,895.20",5.66,"132,419.76",5.69,"-119,340.32","-171,674.00","-119,340.32"
54790,2022-12-01,"December 01, 2022","10,116.77",5.76,"3,68,951.70",5.63,"1,26,513.22",5.65,"-1,68,045.32","-2,20,379.00","-1,68,045.32"
54801,2022-12-02,"December 02, 2022",227.70,5.49,"1,822.05",5.28,0.00,-,"-1,72,113.32","-2,76,512.00","-1,72,113.32"
54802,2022-12-03,"December 03, 2022",133.70,5.39,"7,900.65",5.72,31.00,5.65,"-185,537.32","-13,424.00","-185,537.32"
54803,2022-12-04,"December 04, 2022",0.00,-,0.00,-,0.00,-,"-188,787.32","-3,250.00","-188,787.32"
54806,2022-12-05,"December 05, 2022","11,208.70",5.76,"3,50,133.65",5.62,"1,30,051.55",5.65,"-1,53,678.32","-2,26,843.00","-1,53,678.32"
54816,2022-12-06,"December 06, 2022","8,545.95",5.76,"356,801.35",5.65,"133,516.29",5.66,"-85,481.32","-158,646.00","-85,481.32"
54826,2022-12-07,"December 07, 2022","9,737.25",6.07,"3,26,774.50",5.97,"1,35,726.69",5.99,"-1,61,493.32","-2,29,658.00","-1,61,493.32"
54830,2022-12-08,"December 08, 2022","9,217.38",6.09,"3,38,445.25",5.98,"1,24,551.08",5.98,"-1,41,036.15","-2,08,576.00","-1,41,036.15"
54840,2022-12-09,"December 09, 2022","10,243.49",6.10,"3,57,872.60",5.99,"1,32,221.00",5.84,"-1,54,918.15","-2,19,058.00","-1,54,918.15"
54841,2022-12-11,"December 11, 2022",0.00,-,0.00,-,0.00,-,"-1,67,943.15","-7,277.00","-1,67,943.15"
54856,2022-12-12,"December 12, 2022","11,235.14",6.08,"3,48,440.45",5.98,"1,24,532.77",5.97,"-1,40,613.15","-2,04,753.00","-1,40,613.15"
54861,2022-12-13,"December 13, 2022","10,708.90",6.08,"3,44,865.65",5.97,"1,22,008.04",5.99,"-1,41,761.15","-2,05,901.00","-1,41,761.15"
54867,2022-12-14,"December 14, 2022","10,717.11",6.10,"3,51,156.55",5.98,"1,23,192.05",6.01,"-1,12,951.15","-1,77,091.00","-1,12,951.15"
55089,2023-01-20,"January 20, 2023",935.80,6.13,"5,463.50",6.01,0.00,-,"5,892.13","-32,035.00","5,892.13"
55090,2023-01-21,"January 21, 2023",647.85,5.92,"11,021.30",6.17,66.00,6.03,"-11,797.87","-17,690.00","-11,797.87"
55091,2023-01-22,"January 22, 2023",0.00,-,0.00,-,0.00,-,"-14,936.87","-3,139.00","-14,936.87"
55097,2023-01-23,"January 23, 2023","16,377.92",6.43,"3,85,861.00",6.43,"1,29,089.53",6.41,"-2,053.16","-44,586.00","-2,053.16"
55102,2023-01-24,"January 24, 2023","14,351.82",6.46,"3,95,948.00",6.48,"1,29,387.46",6.46,"-1,057.16","-43,590.00","-1,057.16"
55113,2023-01-25,"January 25, 2023","12,417.73",6.46,"4,04,851.35",6.46,"1,40,336.46",6.47,"-35,553.16","-78,086.00","-35,553.16"
55116,2023-01-26,"January 26, 2023",0.00,-,0.00,-,0.00,-,"-43,125.16","-7,572.00","-43,125.16"
55130,2023-01-27,"January 27, 2023","16,279.12",6.44,"3,92,417.70",6.43,"1,62,348.70",6.46,"18,916.84","-77,006.00","18,916.84"
55131,2023-01-29,"January 29, 2023",0.00,-,0.00,-,0.00,-,"12,020.84","-3,049.00","12,020.84"
55134,2023-01-30,"January 30, 2023","16,764.18",6.47,"4,03,094.40",6.49,"1,49,226.89",6.50,"2,364.84","-61,669.00","2,364.84"
55143,2023-01-31,"January 31, 2023","14,468.99",6.45,"3,97,029.15",6.42,"1,49,254.14",6.49,"-2,687.16","-66,721.00","-2,687.16"
55149,2023-02-01,"February 01, 2023","12,823.56",6.26,"3,85,015.05",6.14,"1,53,939.70",6.30,"-18,506.87","-82,035.00","-18,506.87"
55151,2023-02-02,"February 02, 2023","15,861.62",6.10,"3,66,640.75",6.00,"1,63,203.28",6.11,"-54,210.87","-1,15,194.00","-54,210.87"
55168,2023-02-03,"February 03, 2023",435.55,5.78,"1,574.50",5.84,0.00,-,"-39,665.87","-100,377.00","-39,665.87"
55169,2023-02-04,"February 04, 2023",310.85,5.70,"7,994.20",6.10,72.00,5.96,"-59,759.87","-20,094.00","-59,759.87"
55170,2023-02-05,"February 05, 2023",0.00,-,0.00,-,0.00,-,"-65,513.87","-5,754.00","-65,513.87"
55173,2023-02-06,"February 06, 2023","14,562.25",6.08,"383,494.80",6.02,"173,729.71",6.07,"-41,896.87","-102,608.00","-41,896.87"
55176,2023-02-07,"February 07, 2023","14,717.20",6.11,"375,956.65",6.04,"167,240.15",6.14,"-29,270.87","-89,982.00","-29,270.87"
55186,2023-02-08,"February 08, 2023","11,642.08",6.39,"373,191.30",6.40,"173,939.76",6.42,"11,172.13","-49,539.00","11,172.13"
55194,2023-02-09,"February 09, 2023","14,919.51",6.71,"379,697.60",6.71,"165,776.26",6.67,"10,830.40","-50,337.00","10,830.40"
55209,2023-02-10,"February 10, 2023","10,943.00",6.61,"381,269.95",6.54,"165,912.83",6.56,"18,035.40","-78,491.00","18,035.40"
55210,2023-02-12,"February 12, 2023",0.00,-,0.00,-,0.00,-,"11,182.40","-3,344.00","11,182.40"
55215,2023-02-13,"February 13, 2023","12,234.74",6.49,"370,946.65",6.34,"164,260.67",6.47,"54,515.13","-91,702.00","54,515.13"
55219,2023-02-14,"February 14, 2023","14,820.26",6.38,"390,371.15",6.28,"153,052.48",6.35,"57,877.13","-88,340.00","57,877.13"
55226,2023-02-15,"February 15, 2023","13,901.63",6.32,"380,827.95",6.25,"152,101.84",6.31,"24,082.13","-122,135.00","24,082.13"
55229,2023-02-16,"February 16, 2023","13,999.99",6.32,"381,811.10",6.24,"150,157.56",6.29,"12,299.13","-133,419.00","12,299.13"
55244,2023-02-17,"February 17, 2023","14,906.16",6.33,"360,769.75",6.34,"167,170.36",6.32,"20,418.13","-125,300.00","20,418.13"
55245,2023-02-19,"February 19, 2023",0.00,-,0.00,-,0.00,-,"2,094.13","-2,649.00","2,094.13"
55259,2023-02-20,"February 20, 2023","15,945.40",6.61,"376,654.60",6.54,"155,787.10",6.59,"41,009.83","-105,208.00","41,009.83"
55264,2023-02-21,"February 21, 2023","12,697.64",6.58,"370,091.60",6.51,"164,040.07",6.52,"71,659.08","-75,070.00","71,659.08"
55269,2023-02-22,"February 22, 2023","14,624.06",6.64,"378,880.05",6.54,"142,887.30",6.60,"48,802.08","-97,927.00","48,802.08"
55272,2023-02-23,"February 23, 2023","15,180.54",6.55,"390,598.90",6.35,"148,577.48",6.46,"29,480.38","-116,749.00","29,480.38"
55289,2023-02-24,"February 24, 2023","16,341.41",6.72,"384,404.65",6.68,"160,279.88",6.63,"14,506.47","-82,200.00","14,506.47"
55290,2023-02-26,"February 26, 2023",0.00,-,0.00,-,0.00,-,"5,200.47","-2,832.00","5,200.47"
55296,2023-02-27,"February 27, 2023","16,300.98",6.67,"376,743.10",6.64,"160,540.21",6.65,"27,668.47","-63,786.00","27,668.47"
55305,2023-02-28,"February 28, 2023","14,843.98",6.65,"368,152.95",6.60,"152,597.43",6.63,"-18,256.53","-109,711.00","-18,256.53"
55313,2023-03-01,"March 01, 2023","15,877.64",6.36,"332,300.05",6.27,"154,974.13",6.34,"-67,145.62","-153,450.00","-67,145.62"
55320,2023-03-02,"March 02, 2023","13,998.53",6.34,"330,032.55",6.24,"144,199.08",6.28,"-82,019.87","-167,616.00","-82,019.87"
55330,2023-03-03,"March 03, 2023",587.40,5.91,"1,874.50",6.02,0.00,-,"-61,300.87","-146,897.00","-61,300.87"
55331,2023-03-04,"March 04, 2023",547.50,5.72,"6,718.10",6.23,291.00,5.77,"-1,05,376.87","-44,076.00","-1,05,376.87"
55332,2023-03-05,"March 05, 2023",0.00,-,0.00,-,0.00,-,"-1,13,874.87","-8,498.00","-1,13,874.87"
55338,2023-03-06,"March 06, 2023","9,166.16",6.32,"3,42,813.40",6.26,"1,51,283.00",6.30,"-49,519.87","-1,39,266.00","-49,519.87"
55339,2023-03-07,"March 07, 2023",0.00,-,0.00,-,0.00,-,"-69,975.87","-20,456.00","-69,975.87"
55343,2023-03-08,"March 08, 2023","11,472.10",6.35,"342,844.25",6.31,"162,522.48",6.33,"-25,742.87","-115,005.00","-25,742.87"
55349,2023-03-09,"March 09, 2023","13,528.25",6.35,"332,695.90",6.31,"162,795.21",6.37,"-51,360.87","-140,788.00","-51,360.87"
55363,2023-03-10,"March 10, 2023","13,969.88",6.31,"314,961.90",6.24,"154,011.14",6.30,"-4,519.87","-106,699.00","-4,519.87"
55364,2023-03-12,"March 12, 2023",0.00,-,0.00,-,0.00,-,"-12,433.87","-3,553.00","-12,433.87"
55365,2023-03-13,"March 13, 2023","14,566.60",6.34,"333,714.85",6.23,"159,196.55",6.30,"-4,183.87","-189,013.00","-4,183.87"
55368,2023-03-14,"March 14, 2023","14,088.59",6.32,"320,450.90",6.18,"159,557.43",6.27,"-35,576.87","-220,406.00","-35,576.87"
55373,2023-03-15,"March 15, 2023","15,709.98",6.34,"317,303.80",6.29,"162,362.70",6.38,"49,796.13","-135,278.00","49,796.13"
55375,2023-03-16,"March 16, 2023","13,418.32",6.52,"350,106.30",6.61,"180,541.19",6.61,"110,772.12","-74,719.00","110,772.12"
55381,2023-03-17,"March 17, 2023",338.80,5.93,"2,764.75",6.18,0.00,-,"123,881.47","-62,830.00","123,881.47"
55382,2023-03-18,"March 18, 2023",232.75,5.74,"5,838.40",6.41,265.67,6.07,"1,00,484.47","-23,397.00","1,00,484.47"
55383,2023-03-19,"March 19, 2023",0.00,-,0.00,-,0.00,-,"94,082.47","-6,402.00","94,082.47"
55391,2023-03-20,"March 20, 2023","14,050.81",6.68,"339,430.80",6.67,"177,523.53",6.73,"79,077.68","-107,641.00","79,077.68"
55397,2023-03-21,"March 21, 2023","13,764.28",6.65,"332,881.40",6.65,"163,678.82",6.69,"113,001.68","-73,717.00","113,001.68"
55398,2023-03-22,"March 22, 2023",0.00,-,0.00,-,0.00,-,"76,513.68","-36,488.00","76,513.68"
55406,2023-03-23,"March 23, 2023","14,724.08",6.61,"316,228.25",6.50,"170,157.60",6.66,"44,916.26","-141,788.00","44,916.26"
55416,2023-03-24,"March 24, 2023","16,510.89",6.54,"291,673.45",6.54,"187,017.74",6.56,"77,893.82","-13,679.00","77,893.82"
55417,2023-03-26,"March 26, 2023",0.00,-,0.00,-,0.00,-,"65,816.82","-3,034.00","65,816.82"
55425,2023-03-27,"March 27, 2023","14,962.62",6.63,"314,323.90",6.70,"182,075.13",6.71,"45,575.37","-102,338.00","45,575.37"
55429,2023-03-28,"March 28, 2023","13,893.00",6.67,"342,985.00",6.65,"180,965.46",6.78,"-13,582.63","-161,986.00","-13,582.63"
55437,2023-03-29,"March 29, 2023","11,801.43",6.72,"337,165.30",6.77,"182,154.33",6.92,"-37,541.63","-131,248.00","-37,541.63"
55438,2023-03-30,"March 30, 2023",0.00,-,0.00,-,0.00,-,"-1,06,659.63","-69,118.00","-1,06,659.63"
55451,2023-03-31,"March 31, 2023","5,979.84",7.37,"3,17,234.05",6.92,"1,91,436.77",7.41,"-1,04,121.40","-2,01,728.00","-1,04,121.40"
55453,2023-04-02,"April 02, 2023",0.00,-,0.00,-,0.00,-,"-1,52,299.40","-37,600.00","-1,52,299.40"
55460,2023-04-03,"April 03, 2023","14,137.61",6.31,"302,197.15",6.26,"201,143.30",6.29,"-210,461.10","-287,589.00","-210,461.10"
55463,2023-04-04,"April 04, 2023",0.00,-,0.00,-,0.00,-,"-2,47,704.10","-37,243.00","-2,47,704.10"
55470,2023-04-05,"April 05, 2023","14,181.39",6.26,"289,016.50",6.23,"196,874.31",6.15,"-271,963.18","-347,648.00","-271,963.18"
55490,2023-04-06,"April 06, 2023","13,832.75",6.40,"330,316.95",6.39,"208,679.08",6.43,"-194,749.25","-269,216.00","-194,749.25"
55491,2023-04-09,"April 09, 2023",0.00,-,0.00,-,0.00,-,"-235,594.25","-3,524.00","-235,594.25"
55496,2023-04-10,"April 10, 2023","12,859.46",6.32,"314,922.85",6.29,"199,458.48",6.32,"-184,491.25","-116,361.00","-184,491.25"
55501,2023-04-11,"April 11, 2023","12,770.41",6.31,"3,15,191.65",6.28,"1,93,115.33",6.37,"-1,91,401.25","-1,22,999.00","-1,91,401.25"
55507,2023-04-12,"April 12, 2023","11,480.12",6.31,"290,867.90",6.27,"194,436.56",6.37,"-199,079.25","-130,677.00","-199,079.25"
55518,2023-04-13,"April 13, 2023",842.25,6.16,"2,314.05",6.23,0.00,-,"-170,304.25","-82,156.00","-170,304.25"
55519,2023-04-15,"April 15, 2023","1,230.10",6.15,"16,073.50",6.24,42.80,5.71,"-2,15,340.25","-37,808.00","-2,15,340.25"
55520,2023-04-16,"April 16, 2023",0.00,-,0.00,-,0.00,-,"-2,20,723.25","-5,383.00","-2,20,723.25"
55524,2023-04-17,"April 17, 2023","12,526.07",6.43,"3,09,434.50",6.51,"2,03,095.63",6.49,"-1,82,384.25","-94,236.00","-1,82,384.25"
55531,2023-04-18,"April 18, 2023","10,404.09",6.57,"329,236.55",6.59,"193,903.14",6.62,"-189,474.76","-101,984.00","-189,474.76"
55535,2023-04-19,"April 19, 2023","12,261.01",6.51,"319,672.65",6.42,"185,523.91",6.49,"-173,333.69","-87,844.00","-173,333.69"
55544,2023-04-20,"April 20, 2023","11,391.85",6.55,"311,905.35",6.55,"198,400.73",6.50,"-135,496.69","-50,007.00","-135,496.69"
55562,2023-04-21,"April 21, 2023","10,354.30",6.64,"320,898.50",6.71,"190,903.54",6.61,"-53,372.33","-85,091.00","-53,372.33"
55563,2023-04-23,"April 23, 2023",0.00,-,0.00,-,0.00,-,"-61,584.33","-4,043.00","-61,584.33"
55571,2023-04-24,"April 24, 2023","10,677.43",6.65,"308,961.40",6.72,"190,050.35",6.69,"-45,923.33","-57,162.00","-45,923.33"
55574,2023-04-25,"April 25, 2023","9,968.34",6.70,"310,956.60",6.76,"191,096.76",6.70,"-60,537.24","-70,727.00","-60,537.24"
55579,2023-04-26,"April 26, 2023","9,081.10",6.69,"334,056.30",6.75,"179,086.73",6.69,"-43,107.62","-53,501.00","-43,107.62"
55583,2023-04-27,"April 27, 2023","10,393.17",6.72,"294,763.45",6.76,"192,926.82",6.70,"-42,452.62","-53,946.00","-42,452.62"
55604,2023-04-28,"April 28, 2023",752.80,6.36,"17,438.90",6.71,0.00,-,"-41,953.62","-53,447.00","-41,953.62"
55605,2023-04-29,"April 29, 2023",425.00,6.20,"15,469.70",6.76,247.56,6.39,"-60,110.62","-18,157.00","-60,110.62"
55606,2023-05-01,"May 01, 2023",0.00,-,0.00,-,0.00,-,"-81,272.62","-20,876.00","-81,272.62"
55618,2023-05-02,"May 02, 2023","12,605.68",6.59,"313,244.20",6.62,"197,511.00",6.56,"-56,001.77","-67,637.00","-56,001.77"
55626,2023-05-03,"May 03, 2023","11,466.01",6.67,"313,425.95",6.72,"182,816.32",6.66,"-70,105.77","-81,741.00","-70,105.77"
55639,2023-05-04,"May 04, 2023","2,200.50",6.69,"4,283.90",6.45,48.00,6.00,"-51,430.77","-83,546.00","-51,430.77"
55640,2023-05-06,"May 06, 2023",923.80,6.63,"9,226.20",6.82,185.89,6.39,"-73,007.77","-1,460.00","-73,007.77"
55641,2023-05-07,"May 07, 2023",0.00,-,0.00,-,0.00,-,"-78,290.77","-5,283.00","-78,290.77"
55648,2023-05-08,"May 08, 2023","11,190.56",6.75,"291,080.80",6.76,"197,315.02",6.76,"-22,893.77","-43,412.00","-22,893.77"
55653,2023-05-09,"May 09, 2023","9,742.94",6.80,"290,343.85",6.77,"181,645.53",6.82,"-34,551.77","-49,820.00","-34,551.77"
55659,2023-05-10,"May 10, 2023","8,617.74",6.78,"280,490.65",6.76,"188,374.85",6.82,"-55,113.77","-62,882.00","-55,113.77"
55663,2023-05-11,"May 11, 2023","11,565.30",6.75,"278,727.70",6.76,"189,519.64",6.80,"-53,899.77","-61,668.00","-53,899.77"
55678,2023-05-12,"May 12, 2023","14,360.88",6.77,"278,976.20",6.76,"190,881.95",6.79,"-46,729.77","-54,498.00","-46,729.77"
55679,2023-05-14,"May 14, 2023",0.00,-,0.00,-,0.00,-,"-55,638.77","-4,004.00","-55,638.77"
55685,2023-05-15,"May 15, 2023","13,796.93",6.77,"271,262.45",6.76,"196,170.65",6.81,"-46,216.77","-53,985.00","-46,216.77"
55689,2023-05-16,"May 16, 2023","12,572.64",6.76,"284,319.80",6.73,"192,822.37",6.80,"-55,505.77","-63,274.00","-55,505.77"
55694,2023-05-17,"May 17, 2023","10,140.79",6.50,"298,654.50",6.45,"192,228.73",6.59,"-81,865.77","-89,634.00","-81,865.77"
55697,2023-05-18,"May 18, 2023","11,642.06",6.44,"282,318.70",6.32,"187,431.03",6.47,"-87,580.91","-95,356.00","-87,580.91"
55709,2023-05-19,"May 19, 2023","1,634.75",6.21,"4,822.00",6.20,0.00,-,"-49,499.40","-65,399.00","-49,499.40"
55710,2023-05-20,"May 20, 2023","1,661.30",6.23,"18,525.45",6.27,32.34,6.00,"-89,883.40","-40,384.00","-89,883.40"
55711,2023-05-21,"May 21, 2023",0.00,-,0.00,-,0.00,-,"-93,461.40","-3,578.00","-93,461.40"
55720,2023-05-22,"May 22, 2023","11,126.44",6.37,"291,625.95",6.33,"171,696.50",6.40,"-47,484.00","-110,177.00","-47,484.00"
55724,2023-05-23,"May 23, 2023","11,055.97",6.37,"296,214.20",6.31,"175,183.72",6.39,"-44,255.00","-106,388.00","-44,255.00"
55730,2023-05-24,"May 24, 2023","10,270.65",6.36,"3,02,998.10",6.30,"1,65,016.72",6.39,"-49,635.45","-1,11,109.00","-49,635.45"
55734,2023-05-25,"May 25, 2023","10,994.00",6.36,"293,501.90",6.28,"172,754.94",6.35,"-80,614.45","-142,088.00","-80,614.45"
55746,2023-05-26,"May 26, 2023","10,250.74",6.35,"296,214.80",6.26,"170,144.13",6.31,"-99,725.45","-160,976.00","-99,725.45"
55747,2023-05-28,"May 28, 2023",0.00,-,0.00,-,0.00,-,"-1,12,272.45","-5,067.00","-1,12,272.45"
55751,2023-05-29,"May 29, 2023","10,037.57",6.34,"307,956.80",6.26,"168,879.77",6.30,"-104,330.45","-165,581.00","-104,330.45"
55757,2023-05-30,"May 30, 2023","10,232.26",6.34,"310,873.70",6.26,"168,117.20",6.28,"-135,498.95","-196,077.00","-135,498.95"
55765,2023-05-31,"May 31, 2023","9,876.06",6.33,"279,258.55",6.24,"182,825.53",6.26,"-175,870.95","-236,449.00","-175,870.95"
55772,2023-06-01,"June 01, 2023","10,635.51",6.32,"300,811.65",6.21,"172,855.69",6.25,"-240,125.95","-300,704.00","-240,125.95"
55784,2023-06-02,"June 02, 2023",660.05,6.10,"1,394.00",5.91,55.00,5.90,"-237,853.95","-251,642.00","-237,853.95"
55786,2023-06-03,"June 03, 2023","1,438.55",6.28,"10,573.60",6.62,130.38,6.01,"-255,162.95","-17,309.00","-255,162.95"
55787,2023-06-04,"June 04, 2023",0.00,-,0.00,-,0.00,-,"-258,645.95","-3,483.00","-258,645.95"
55797,2023-06-05,"June 05, 2023","9,594.39",6.32,"303,906.80",6.25,"179,390.05",6.27,"-225,940.95","-188,861.00","-225,940.95"
55806,2023-06-06,"June 06, 2023","8,968.08",6.34,"291,110.50",6.30,"186,709.65",6.31,"-210,587.95","-106,868.00","-210,587.95"
55813,2023-06-07,"June 07, 2023","10,565.15",6.43,"277,122.35",6.42,"183,875.01",6.44,"-215,858.95","-79,764.00","-215,858.95"
55825,2023-06-08,"June 08, 2023","10,335.63",6.59,"268,398.35",6.60,"175,605.44",6.60,"-200,733.95","-62,789.00","-200,733.95"
55836,2023-06-09,"June 09, 2023","9,894.87",6.61,"299,796.10",6.44,"178,271.74",6.54,"-168,535.39","-132,059.00","-168,535.39"
55837,2023-06-11,"June 11, 2023",0.00,-,0.00,-,0.00,-,"-181,954.39","-2,929.00","-181,954.39"
55845,2023-06-12,"June 12, 2023","10,280.09",6.48,"312,106.70",6.36,"172,330.49",6.38,"-160,993.39","-119,045.00","-160,993.39"
55851,2023-06-13,"June 13, 2023","9,708.91",6.40,"313,201.85",6.34,"170,856.07",6.23,"-160,486.62","-124,321.00","-160,486.62"
55860,2023-06-14,"June 14, 2023","9,799.50",6.54,"312,039.70",6.45,"172,740.46",6.44,"-146,893.60","-81,674.00","-146,893.60"
55866,2023-06-15,"June 15, 2023","9,111.02",6.57,"319,578.65",6.48,"162,056.97",6.49,"-158,507.46","-122,586.00","-158,507.46"
55879,2023-06-16,"June 16, 2023",534.20,6.08,"4,805.50",6.30,52.00,6.00,"-85,479.21","-100,421.00","-85,479.21"
55881,2023-06-17,"June 17, 2023",763.70,6.18,"10,493.00",6.57,34.00,5.50,"-100,087.21","-14,608.00","-100,087.21"
55882,2023-06-18,"June 18, 2023",0.00,-,0.00,-,0.00,-,"-103,613.21","-3,526.00","-103,613.21"
55889,2023-06-19,"June 19, 2023","9,937.91",6.64,"357,986.95",6.60,"177,738.57",6.60,"-18,657.21","-17,268.00","-18,657.21"
55892,2023-06-20,"June 20, 2023","10,074.05",6.55,"332,925.15",6.37,"177,023.67",6.46,"-34,843.21","-108,458.00","-34,843.21"
55897,2023-06-21,"June 21, 2023","8,715.38",6.47,"322,004.25",6.32,"174,453.44",6.44,"-29,083.21","-102,698.00","-29,083.21"
55900,2023-06-22,"June 22, 2023","10,272.32",6.40,"330,700.45",6.28,"164,338.30",6.33,"-37,786.21","-111,401.00","-37,786.21"
55912,2023-06-23,"June 23, 2023","9,877.49",6.56,"339,185.25",6.64,"172,989.56",6.50,"-48,799.16","-47,737.00","-48,799.16"
55913,2023-06-25,"June 25, 2023",0.00,-,0.00,-,0.00,-,"-55,345.16","-2,664.00","-55,345.16"
55930,2023-06-26,"June 26, 2023","10,903.70",6.73,"349,949.55",6.74,"172,152.07",6.65,"-41,972.81","-41,061.00","-41,972.81"
55938,2023-06-27,"June 27, 2023","14,931.68",6.82,"329,198.55",6.76,"152,106.34",6.62,"-31,676.81","-30,765.00","-31,676.81"
55946,2023-06-28,"June 28, 2023","9,927.06",6.82,"292,480.50",6.76,"169,000.96",6.65,"-27,832.81","-26,921.00","-27,832.81"
55949,2023-06-29,"June 29, 2023",0.00,-,0.00,-,0.00,-,"-35,151.81","-7,319.00","-35,151.81"
55968,2023-06-30,"June 30, 2023",808.90,6.55,"7,060.80",6.45,523.82,6.31,"-1,25,874.81","-1,41,294.00","-1,25,874.81"
55970,2023-07-01,"July 01, 2023",331.95,5.94,"22,597.45",6.31,197.63,5.87,"-156,381.81","-30,507.00","-156,381.81"
55971,2023-07-02,"July 02, 2023",0.00,-,0.00,-,0.00,-,"-168,154.81","-11,773.00","-168,154.81"
55978,2023-07-03,"July 03, 2023","11,258.81",6.39,"310,400.25",6.27,"159,388.39",6.28,"-221,721.81","-225,352.00","-221,721.81"
55985,2023-07-04,"July 04, 2023","11,923.46",6.38,"305,198.40",6.30,"151,639.44",6.26,"-230,375.21","-169,685.00","-230,375.21"
55997,2023-07-05,"July 05, 2023","11,290.15",6.41,"303,132.85",6.35,"142,789.47",6.26,"-235,291.66","-170,550.00","-235,291.66"
56005,2023-07-06,"July 06, 2023","12,398.95",6.44,"314,940.45",6.39,"157,886.44",6.38,"-244,602.91","-159,891.00","-244,602.91"
56022,2023-07-07,"July 07, 2023","11,825.28",6.59,"289,926.60",6.37,"160,138.17",6.40,"-180,259.40","-182,750.00","-180,259.40"
56023,2023-07-09,"July 09, 2023",0.00,-,0.00,-,0.00,-,"-195,015.40","-2,998.00","-195,015.40"
56026,2023-07-10,"July 10, 2023","14,136.45",6.56,"296,736.80",6.49,"160,075.20",6.34,"-158,311.40","-54,578.00","-158,311.40"
56033,2023-07-11,"July 11, 2023","12,371.41",6.56,"309,622.25",6.39,"162,199.96",6.37,"-137,746.40","-140,237.00","-137,746.40"
56039,2023-07-12,"July 12, 2023","10,528.46",6.45,"303,726.30",6.29,"159,753.36",6.34,"-181,488.40","-143,688.00","-181,488.40"
56045,2023-07-13,"July 13, 2023","10,735.86",6.41,"304,924.70",6.26,"156,840.63",6.30,"-207,290.40","-169,490.00","-207,290.40"
56055,2023-07-14,"July 14, 2023",375.12,5.99,"2,804.40",6.10,"2,482.84",6.08,"-178,926.40","-193,206.00","-178,926.40"
56056,2023-07-15,"July 15, 2023",345.55,6.10,"11,246.95",6.71,480.62,1.97,"-192,140.40","-13,214.00","-192,140.40"
56057,2023-07-16,"July 16, 2023",0.00,-,0.00,-,0.00,-,"-194,792.40","-2,652.00","-194,792.40"
56062,2023-07-17,"July 17, 2023","12,357.02",6.45,"300,566.15",6.33,"167,240.38",6.38,"-135,419.40","-89,824.00","-135,419.40"
56068,2023-07-18,"July 18, 2023","13,577.49",6.46,"308,138.65",6.30,"166,772.41",6.37,"-125,368.84","-79,532.00","-125,368.84"
56073,2023-07-19,"July 19, 2023","13,694.54",6.42,"3,01,241.30",6.31,"1,56,965.12",6.36,"-1,10,823.84","-64,987.00","-1,10,823.84"
56076,2023-07-20,"July 20, 2023","13,914.36",6.52,"299,182.50",6.45,"164,107.81",6.48,"-114,894.84","-69,058.00","-114,894.84"
56089,2023-07-21,"July 21, 2023","12,069.54",6.61,"293,815.60",6.51,"155,292.12",6.57,"-105,119.77","-59,950.00","-105,119.77"
56090,2023-07-23,"July 23, 2023",0.00,-,0.00,-,0.00,-,"-121,151.77","-8,737.00","-121,151.77"
56093,2023-07-24,"July 24, 2023","11,832.42",6.60,"294,763.90",6.55,"167,491.12",6.55,"-107,811.87","-62,972.00","-107,811.87"
56096,2023-07-25,"July 25, 2023","10,576.27",6.59,"309,174.20",6.47,"165,044.72",6.55,"-137,527.08","-92,837.00","-137,527.08"
56101,2023-07-26,"July 26, 2023","11,887.46",6.44,"311,424.50",6.32,"156,544.91",6.40,"-134,589.77","-89,420.00","-134,589.77"
56108,2023-07-27,"July 27, 2023","10,082.53",6.37,"311,723.00",6.27,"154,126.13",6.31,"-152,515.77","-107,346.00","-152,515.77"
56124,2023-07-28,"July 28, 2023","9,239.73",6.48,"309,929.95",6.54,"168,517.89",6.45,"-138,294.47","-153,476.00","-138,294.47"
56125,2023-07-30,"July 30, 2023",0.00,-,0.00,-,0.00,-,"-148,873.47","-2,774.00","-148,873.47"
56130,2023-07-31,"July 31, 2023","9,354.16",6.52,"297,979.10",6.37,"149,002.07",6.45,"-143,166.77","-64,111.00","-143,166.77"
56135,2023-08-01,"August 01, 2023","9,334.66",6.39,"283,672.30",6.27,"150,183.85",6.35,"-220,906.77","-141,851.00","-220,906.77"
56140,2023-08-02,"August 02, 2023","8,568.67",6.34,"288,740.45",6.25,"140,933.17",6.30,"-250,464.49","-170,811.00","-250,464.49"
56142,2023-08-03,"August 03, 2023","9,022.79",6.35,"292,780.55",6.24,"144,804.77",6.28,"-277,278.49","-197,375.00","-277,278.49"
56152,2023-08-04,"August 04, 2023",341.90,5.90,"1,833.30",6.03,"1,561.49",5.92,"-263,188.49","-182,977.00","-263,188.49"
56153,2023-08-05,"August 05, 2023",716.70,6.30,"7,068.15",6.57,300.56,6.02,"-277,688.49","-14,500.00","-277,688.49"
56154,2023-08-06,"August 06, 2023",0.00,-,0.00,-,0.00,-,"-281,019.49","-3,331.00","-281,019.49"
56160,2023-08-07,"August 07, 2023","9,445.27",6.36,"276,556.00",6.24,"148,566.50",6.28,"-225,199.49","-144,988.00","-225,199.49"
56163,2023-08-08,"August 08, 2023","10,044.49",6.36,"295,439.25",6.28,"150,146.31",6.30,"-192,113.49","-111,902.00","-192,113.49"
56172,2023-08-09,"August 09, 2023","8,883.79",6.39,"286,307.10",6.30,"145,969.78",6.33,"-211,106.49","-130,895.00","-211,106.49"
56187,2023-08-10,"August 10, 2023","9,441.00",6.45,"289,953.50",6.34,"153,742.61",6.40,"-264,184.78","-184,383.00","-264,184.78"
56197,2023-08-11,"August 11, 2023","8,909.69",6.60,"338,180.30",6.40,"156,783.74",6.53,"-184,520.78","-198,730.00","-184,520.78"
56198,2023-08-13,"August 13, 2023",0.00,-,0.00,-,0.00,-,"-121,317.78","-3,152.00","-121,317.78"
56208,2023-08-14,"August 14, 2023","10,227.52",6.64,"326,612.60",6.67,"154,129.47",6.59,"-20,822.26","-1,650.00","-20,822.26"
56210,2023-08-16,"August 16, 2023",0.00,-,0.00,-,0.00,-,"-60,329.26","-36,429.00","-60,329.26"
56222,2023-08-17,"August 17, 2023","10,047.41",6.76,"396,047.35",6.69,"149,007.93",6.70,"-100,355.75","-81,396.00","-100,355.75"
56229,2023-08-18,"August 18, 2023",306.90,5.94,"4,520.00",6.24,79.24,6.04,"-38,375.57","-19,459.00","-38,375.57"
56230,2023-08-19,"August 19, 2023",735.00,6.25,"8,917.20",6.67,64.98,6.17,"-49,979.57","-11,604.00","-49,979.57"
56231,2023-08-20,"August 20, 2023",0.00,-,0.00,-,0.00,-,"-53,808.57","-3,829.00","-53,808.57"
56238,2023-08-21,"August 21, 2023","11,724.19",6.77,"356,083.40",6.75,"143,915.76",6.74,"23,644.43","42,561.00","23,644.43"
56243,2023-08-22,"August 22, 2023","9,597.99",6.76,"359,880.25",6.76,"145,713.93",6.77,"15,552.43","34,469.00","15,552.43"
56249,2023-08-23,"August 23, 2023","10,381.92",6.77,"374,299.70",6.75,"135,478.92",6.76,"23,111.43","42,028.00","23,111.43"
56259,2023-08-24,"August 24, 2023","11,979.00",6.77,"370,711.95",6.75,"142,578.28",6.77,"-25,833.57","-6,917.00","-25,833.57"
56269,2023-08-25,"August 25, 2023","9,020.40",6.74,"365,749.05",6.75,"159,956.24",6.77,"-11,496.57","-26,719.00","-11,496.57"
56270,2023-08-27,"August 27, 2023",0.00,-,0.00,-,0.00,-,"-17,203.57","-2,455.00","-17,203.57"
56273,2023-08-28,"August 28, 2023","8,243.66",6.74,"359,185.85",6.75,"151,485.18",6.76,"-26,015.57","-19,464.00","-26,015.57"
56281,2023-08-29,"August 29, 2023","7,220.09",6.75,"380,961.75",6.75,"148,209.92",6.77,"-41,283.57","-34,087.00","-41,283.57"
56289,2023-08-30,"August 30, 2023","6,817.73",6.72,"361,838.55",6.69,"153,847.54",6.73,"-54,131.57","-46,935.00","-54,131.57"
56298,2023-08-31,"August 31, 2023","8,199.30",6.58,"369,382.60",6.62,"146,069.96",6.64,"-80,233.57","-73,037.00","-80,233.57"
56311,2023-09-01,"September 01, 2023",469.60,5.94,"3,168.00",6.42,535.25,6.25,"-85,164.57","-77,968.00","-85,164.57"
56312,2023-09-02,"September 02, 2023",419.20,6.00,"13,095.35",6.22,"2,092.83",6.11,"-118,099.57","-32,935.00","-118,099.57"
56313,2023-09-03,"September 03, 2023",0.00,-,0.00,-,0.00,-,"-131,723.57","-13,624.00","-131,723.57"
56316,2023-09-04,"September 04, 2023","11,005.70",6.44,"353,941.50",6.31,"164,320.75",6.40,"-1,58,238.46","-1,50,581.00","-1,58,238.46"
56319,2023-09-05,"September 05, 2023","11,644.72",6.38,"360,212.90",6.25,"144,084.92",6.29,"-154,405.86","-146,083.00","-154,405.86"
56327,2023-09-06,"September 06, 2023","9,652.57",6.33,"352,787.25",6.26,"143,259.52",6.28,"-93,934.86","-85,362.00","-93,934.86"
56331,2023-09-07,"September 07, 2023","6,113.26",6.40,"355,296.95",6.44,"156,205.06",6.39,"-76,047.44","-68,086.00","-76,047.44"
56351,2023-09-08,"September 08, 2023","8,626.50",6.71,"365,089.95",6.71,"149,678.68",6.69,"-79,654.44","-94,112.00","-79,654.44"
56352,2023-09-10,"September 10, 2023",0.00,-,0.00,-,0.00,-,"-90,721.44","-4,628.00","-90,721.44"
56354,2023-09-11,"September 11, 2023","10,039.56",6.67,"357,334.95",6.68,"153,083.43",6.69,"-41,706.06","-38,190.00","-41,706.06"
56361,2023-09-12,"September 12, 2023","8,882.07",6.73,"391,568.75",6.75,"137,798.87",6.76,"-28,384.06","-24,868.00","-28,384.06"
56366,2023-09-13,"September 13, 2023","9,402.46",6.74,"389,354.55",6.75,"139,480.17",6.78,"-18,504.06","-14,988.00","-18,504.06"
56375,2023-09-14,"September 14, 2023","10,178.96",6.73,"377,532.90",6.75,"138,994.04",6.79,"-2,696.06",820.00,"-2,696.06"
56385,2023-09-15,"September 15, 2023",555.20,6.07,"5,018.55",6.68,"1,475.47",6.45,"45,699.94","49,216.00","45,699.94"
56386,2023-09-16,"September 16, 2023",524.10,6.19,"12,732.20",6.74,49.00,6.31,"68,785.94","23,086.00","68,785.94"
56387,2023-09-17,"September 17, 2023",0.00,-,0.00,-,0.00,-,"67,576.94","-1,209.00","67,576.94"
56396,2023-09-18,"September 18, 2023","9,449.74",6.82,"344,598.25",6.76,"145,539.12",6.81,"146,924.94","150,441.00","146,924.94"
56397,2023-09-19,"September 19, 2023",0.00,-,0.00,-,0.00,-,"145,663.94","-1,261.00","145,663.94"
56401,2023-09-20,"September 20, 2023","7,402.61",6.76,"350,960.25",6.76,"155,907.29",6.81,"111,773.94","115,290.00","111,773.94"
56417,2023-09-21,"September 21, 2023","8,368.30",6.75,"355,691.55",6.76,"147,415.31",6.81,"148,451.94","151,968.00","148,451.94"
56429,2023-09-22,"September 22, 2023","8,600.82",6.77,"354,266.05",6.76,"152,708.44",6.79,"116,856.94","101,703.00","116,856.94"
56430,2023-09-24,"September 24, 2023",0.00,-,0.00,-,0.00,-,"108,300.94","-3,175.00","108,300.94"
56440,2023-09-25,"September 25, 2023","9,966.15",6.75,"367,646.70",6.76,"134,345.06",6.79,"136,175.94","127,017.00","136,175.94"
56448,2023-09-26,"September 26, 2023","9,413.45",6.73,"353,740.70",6.76,"136,713.83",6.79,"131,078.54","121,931.00","131,078.54"
56456,2023-09-27,"September 27, 2023","9,782.40",6.77,"320,314.85",6.77,"133,325.10",6.79,"119,933.54","110,799.00","119,933.54"
56470,2023-09-28,"September 28, 2023",841.00,6.59,"27,261.00",6.78,821.54,6.78,"86,709.54","77,575.00","86,709.54"
56476,2023-09-29,"September 29, 2023","3,310.45",6.43,"18,243.00",6.79,"3,729.04",6.44,"100,044.54","90,910.00","100,044.54"
56477,2023-09-30,"September 30, 2023",964.40,6.27,"32,342.30",6.42,39.20,6.36,"43,665.54","-56,379.00","43,665.54"
56478,2023-10-02,"October 02, 2023",0.00,-,0.00,-,0.00,-,"30,203.54","-9,439.00","30,203.54"
56488,2023-10-03,"October 03, 2023","12,213.06",6.77,"368,046.70",6.75,"138,597.07",6.75,"40,335.79","31,806.00","40,335.79"
56495,2023-10-04,"October 04, 2023","10,685.33",6.74,"369,086.90",6.75,"127,169.22",6.75,"47,146.33","37,892.00","47,146.33"
56500,2023-10-05,"October 05, 2023","10,862.05",6.73,"364,806.20",6.75,"125,775.89",6.75,"34,061.33","24,807.00","34,061.33"
56521,2023-10-06,"October 06, 2023",524.70,6.17,"8,481.90",6.70,463.31,6.55,"-2,760.67","-18,010.00","-2,760.67"
56522,2023-10-07,"October 07, 2023",745.15,6.14,"17,080.65",6.79,197.00,6.28,"-5,390.67","-2,630.00","-5,390.67"
56523,2023-10-08,"October 08, 2023",0.00,-,0.00,-,0.00,-,"-9,071.67","-3,681.00","-9,071.67"
56530,2023-10-09,"October 09, 2023","9,622.20",6.71,"391,078.90",6.73,"131,031.64",6.67,"-1,606.67","-10,188.00","-1,606.67"
56534,2023-10-10,"October 10, 2023","9,900.35",6.70,"375,831.60",6.74,"137,469.75",6.53,"41,884.33","33,303.00","41,884.33"
56539,2023-10-11,"October 11, 2023","10,054.18",6.72,"3,73,544.85",6.76,"1,37,221.79",6.55,"50,487.33","41,906.00","50,487.33"
56551,2023-10-12,"October 12, 2023","9,149.22",6.71,"383,608.55",6.76,"135,370.80",6.68,"28,932.33","20,351.00","28,932.33"
56564,2023-10-13,"October 13, 2023","10,742.23",6.73,"348,178.65",6.76,"145,360.81",6.72,"20,882.66","12,957.00","20,882.66"
56565,2023-10-15,"October 15, 2023",0.00,-,0.00,-,0.00,-,"18,302.66","-3,570.00","18,302.66"
56574,2023-10-16,"October 16, 2023","11,931.21",6.72,"368,817.25",6.75,"146,143.21",6.71,"6,359.41","-2,222.00","6,359.41"
56580,2023-10-17,"October 17, 2023","10,896.08",6.72,"377,200.75",6.74,"146,752.58",6.74,"-1,512.59","-10,094.00","-1,512.59"
56586,2023-10-18,"October 18, 2023","11,005.94",6.73,"366,754.85",6.74,"149,782.67",6.72,"2,987.23","-5,626.00","2,987.23"
56597,2023-10-19,"October 19, 2023","8,899.00",6.70,"357,312.15",6.75,"152,851.19",6.74,"17,858.23","9,245.00","17,858.23"
56610,2023-10-20,"October 20, 2023","1,311.00",6.42,"9,992.50",6.70,"3,546.80",6.31,"82,457.23","67,176.00","82,457.23"
56611,2023-10-21,"October 21, 2023",608.80,6.19,"7,763.55",6.74,60.15,6.47,"93,495.23","11,038.00","93,495.23"
56612,2023-10-22,"October 22, 2023",0.00,-,0.00,-,0.00,-,"92,017.23","-1,478.00","92,017.23"
56619,2023-10-23,"October 23, 2023","6,530.96",6.73,"340,544.90",6.76,"157,987.31",6.76,"98,476.23","88,549.00","98,476.23"
56620,2023-10-24,"October 24, 2023",0.00,-,0.00,-,0.00,-,"98,754.23",278.00,"98,754.23"
56631,2023-10-26,"October 26, 2023","12,773.39",6.77,"374,186.90",6.76,"145,869.20",6.77,"94,365.23","84,438.00","94,365.23"
56649,2023-10-27,"October 27, 2023","10,607.39",6.76,"339,910.40",6.76,"149,933.56",6.76,"94,479.23","84,552.00","94,479.23"
56663,2023-10-31,"October 31, 2023","10,837.38",6.78,"327,363.95",6.76,"138,236.07",6.78,"106,032.23","96,105.00","106,032.23"
56675,2023-11-01,"November 01, 2023","11,269.08",6.77,"326,711.95",6.76,"138,113.59",6.77,"54,534.23","44,607.00","54,534.23"
56679,2023-11-02,"November 02, 2023","11,504.01",6.71,"328,987.10",6.72,"149,340.05",6.72,"16,951.23","7,024.00","16,951.23"
56693,2023-11-03,"November 03, 2023",843.30,6.28,"2,838.10",6.59,330.92,6.36,"-13,521.77","-28,803.00","-13,521.77"
56694,2023-11-05,"November 05, 2023",0.00,-,0.00,-,0.00,-,"-37,975.77","-6,104.00","-37,975.77"
56695,2023-11-04,"November 04, 2023",583.20,6.11,"5,716.00",6.48,118.44,6.27,"-31,871.77","-18,350.00","-31,871.77"
56703,2023-11-06,"November 06, 2023","10,014.39",6.76,"324,522.55",6.73,"135,809.63",6.75,"4,686.23","9,887.00","4,686.23"
56707,2023-11-07,"November 07, 2023","10,100.40",6.76,"304,284.00",6.75,"135,768.80",6.77,"21,074.23","26,275.00","21,074.23"
56717,2023-11-08,"November 08, 2023","11,784.83",6.79,"298,165.10",6.76,"140,074.39",6.79,"70,696.23","75,897.00","70,696.23"
56721,2023-11-09,"November 09, 2023","11,878.63",6.77,"298,277.55",6.78,"142,787.89",6.80,"46,200.23","51,401.00","46,200.23"
56732,2023-11-10,"November 10, 2023","10,151.38",6.80,"306,140.95",6.78,"143,244.98",6.81,"41,142.23","46,343.00","41,142.23"
56733,2023-11-12,"November 12, 2023",0.00,-,0.00,-,0.00,-,"46,611.23","-3,676.00","46,611.23"
56739,2023-11-13,"November 13, 2023","10,217.76",6.79,"317,091.45",6.78,"143,156.05",6.80,"54,319.23","59,520.00","54,319.23"
56740,2023-11-14,"November 14, 2023",0.00,-,0.00,-,0.00,-,"47,104.23","-7,215.00","47,104.23"
56748,2023-11-15,"November 15, 2023","10,099.25",6.79,"340,566.50",6.77,"141,369.73",6.81,"43,925.23","49,126.00","43,925.23"
56755,2023-11-16,"November 16, 2023","10,711.19",6.78,"321,963.70",6.77,"153,383.95",6.81,"42,383.23","47,584.00","42,383.23"
56766,2023-11-17,"November 17, 2023",764.00,6.16,"6,989.55",6.74,"2,118.53",6.52,"54,743.23","39,462.00","54,743.23"
56767,2023-11-18,"November 18, 2023",610.65,6.14,"6,196.95",6.75,93.60,6.70,"48,618.23","-6,125.00","48,618.23"
56768,2023-11-19,"November 19, 2023",0.00,-,0.00,-,0.00,-,"46,610.23","-2,008.00","46,610.23"
56778,2023-11-20,"November 20, 2023","12,066.85",6.79,"323,633.20",6.78,"157,703.08",6.81,"104,698.23","111,859.00","104,698.23"
56782,2023-11-21,"November 21, 2023","11,596.43",6.80,"338,108.80",6.78,"153,599.42",6.81,"173,526.23","180,687.00","173,526.23"
56786,2023-11-22,"November 22, 2023","11,945.08",6.81,"345,995.85",6.79,"145,300.25",6.81,"176,850.23","184,011.00","176,850.23"
56797,2023-11-23,"November 23, 2023","11,157.20",6.79,"368,441.10",6.80,"146,501.76",6.81,"157,553.49","164,726.00","157,553.49"
56810,2023-11-24,"November 24, 2023","13,372.58",6.81,"371,722.45",6.79,"169,649.24",6.80,"116,694.49","123,867.00","116,694.49"
56811,2023-11-27,"November 27, 2023",0.00,-,0.00,-,0.00,-,"109,640.49","-5,611.00","109,640.49"
56815,2023-11-28,"November 28, 2023","14,947.81",6.81,"388,104.30",6.79,"168,314.60",6.80,"110,424.79","118,322.00","110,424.79"
56819,2023-11-29,"November 29, 2023","7,912.85",6.79,"369,615.35",6.77,"147,644.35",6.79,"104,333.92","111,509.00","104,333.92"
56834,2023-11-30,"November 30, 2023","11,115.29",6.78,"351,036.80",6.76,"140,345.12",6.78,"48,754.92","55,930.00","48,754.92"
56853,2023-12-01,"December 01, 2023",961.55,6.20,"12,206.90",6.75,"2,153.03",6.57,"-8,157.08","-23,424.00","-8,157.08"
56854,2023-12-02,"December 02, 2023","1,029.80",6.18,"12,301.85",6.59,45.96,6.25,"-20,403.08","-12,246.00","-20,403.08"
56855,2023-12-03,"December 03, 2023",0.00,-,0.00,-,0.00,-,"-26,239.08","-5,836.00","-26,239.08"
56863,2023-12-04,"December 04, 2023","13,049.08",6.74,"393,872.85",6.75,"152,879.60",6.77,"-6,378.08",823.00,"-6,378.08"
56866,2023-12-05,"December 05, 2023","11,293.73",6.72,"394,827.15",6.74,"157,302.85",6.77,"-11,559.08","-4,358.00","-11,559.08"
56873,2023-12-06,"December 06, 2023","11,997.56",6.70,"379,527.40",6.73,"158,884.69",6.75,"2,503.92","9,705.00","2,503.92"
56886,2023-12-07,"December 07, 2023","12,055.35",6.70,"371,228.70",6.72,"153,525.41",6.74,"16,253.92","23,455.00","16,253.92"
56907,2023-12-08,"December 08, 2023","9,991.14",6.71,"352,042.50",6.75,"159,321.60",6.75,"12,796.92","19,998.00","12,796.92"
56908,2023-12-10,"December 10, 2023",0.00,-,0.00,-,0.00,-,"23,158.92","12,090.00","23,158.92"
56914,2023-12-11,"December 11, 2023","12,024.13",6.77,"343,433.70",6.76,"157,845.84",6.78,"46,666.92","53,868.00","46,666.92"
56917,2023-12-12,"December 12, 2023","11,912.66",6.76,"365,629.30",6.76,"153,497.17",6.78,"34,228.92","41,430.00","34,228.92"
56925,2023-12-13,"December 13, 2023","12,006.19",6.78,"364,884.80",6.75,"142,116.47",6.78,"38,774.92","45,976.00","38,774.92"
56936,2023-12-14,"December 14, 2023","11,803.92",6.76,"358,439.55",6.75,"148,610.73",6.78,"44,284.92","51,486.00","44,284.92"
56948,2023-12-15,"December 15, 2023",749.60,6.26,"4,113.50",6.43,28.40,6.25,"59,260.92","43,994.00","59,260.92"
56949,2023-12-16,"December 16, 2023",360.65,6.11,"11,953.80",6.79,97.67,6.35,"150,763.92","91,503.00","150,763.92"
56950,2023-12-17,"December 17, 2023",0.00,-,0.00,-,0.00,-,"150,700.92",-63.00,"150,700.92"
56959,2023-12-18,"December 18, 2023","14,030.92",6.75,"353,869.95",6.77,"151,064.00",6.78,"201,762.92","86,490.00","201,762.92"
56962,2023-12-19,"December 19, 2023","12,214.37",6.80,"375,344.80",6.77,"135,958.13",6.81,"182,039.92","66,767.00","182,039.92"
56967,2023-12-20,"December 20, 2023","11,078.23",6.80,"354,624.65",6.77,"134,873.82",6.81,"226,678.92","111,406.00","226,678.92"
56972,2023-12-21,"December 21, 2023","11,155.30",6.81,"360,565.80",6.79,"140,390.41",6.83,"258,449.92","143,177.00","258,449.92"
56987,2023-12-22,"December 22, 2023","10,601.70",6.79,"353,597.85",6.77,"132,982.65",6.79,"261,786.92","246,520.00","261,786.92"
56988,2023-12-25,"December 25, 2023",0.00,-,0.00,-,0.00,-,"266,987.92",-856.00,"266,987.92"
57336,2024-02-15,"February 15, 2024","11,243.60",6.66,"362,756.20",6.64,"151,393.89",6.68,"209,842.94","-61,013.00","209,842.94"
57349,2024-02-16,"February 16, 2024",812.53,6.14,"7,108.65",6.54,0.00,-,"184,293.94","-11,550.00","184,293.94"
57351,2024-02-17,"February 17, 2024",737.13,6.20,"12,391.10",6.38,353.11,5.77,"186,208.94","-80,814.00","186,208.94"
57352,2024-02-18,"February 18, 2024",0.00,-,0.00,-,0.00,-,"186,327.94","-68,877.00","186,327.94"
57353,2024-02-19,"February 19, 2024",0.00,-,0.00,-,0.00,-,"194,342.94","-70,367.00","194,342.94"
57358,2024-02-20,"February 20, 2024","11,932.40",6.70,"357,597.30",6.46,"166,404.39",6.64,"193,885.67","-77,150.00","193,885.67"
57363,2024-02-21,"February 21, 2024","11,754.80",6.62,"338,956.15",6.35,"162,994.77",6.50,"251,825.67","-69,213.00","251,825.67"
57372,2024-02-22,"February 22, 2024","10,475.36",6.55,"358,764.90",6.34,"165,798.85",6.46,"237,111.39","-84,073.00","237,111.39"
57381,2024-02-23,"February 23, 2024","12,722.44",6.68,"373,074.50",6.67,"166,518.97",6.67,"225,524.39","204,358.00","225,524.39"
57384,2024-02-24,"February 24, 2024",0.00,-,0.00,-,0.00,-,"212,664.39","25,725.00","212,664.39"
57385,2024-02-25,"February 25, 2024",0.00,-,0.00,-,0.00,-,"214,199.39","26,822.00","214,199.39"
57394,2024-02-26,"February 26, 2024","12,249.44",6.69,"367,552.70",6.70,"165,081.66",6.71,"241,454.39","120,284.00","241,454.39"
57399,2024-02-27,"February 27, 2024","10,136.16",6.67,"377,073.30",6.48,"166,282.09",6.66,"188,075.39","-83,101.00","188,075.39"
57411,2024-02-28,"February 28, 2024","10,572.21",6.43,"331,263.55",6.37,"161,155.14",6.40,"189,110.39","-82,066.00","189,110.39"
57428,2024-02-29,"February 29, 2024","11,917.02",6.67,"337,829.10",6.68,"150,758.54",6.67,"88,698.39","-32,472.00","88,698.39"
57436,2024-03-01,"March 01, 2024",912.05,6.15,"5,669.75",6.45,994.74,6.60,"40,002.39","-81,168.00","40,002.39"
57439,2024-03-02,"March 02, 2024","1,014.70",6.15,"10,049.60",6.09,585.55,5.70,"23,993.39","-91,848.00","23,993.39"
57440,2024-03-03,"March 03, 2024",0.00,-,0.00,-,0.00,-,"19,210.39","-65,620.00","19,210.39"
57446,2024-03-04,"March 04, 2024","10,252.07",6.49,"358,252.70",6.34,"169,638.55",6.49,"-40,901.86","-162,347.00","-40,901.86"
57457,2024-03-05,"March 05, 2024","10,008.45",6.44,"326,076.10",6.29,"166,367.90",6.41,"-63,631.86","-167,177.00","-63,631.86"
57465,2024-03-06,"March 06, 2024","9,994.53",6.44,"310,463.95",6.35,"169,186.21",6.39,"-52,926.76","-155,985.00","-52,926.76"
57476,2024-03-07,"March 07, 2024","10,473.93",6.54,"346,150.80",6.60,"192,132.99",6.57,"5,701.28","-15,740.00","5,701.28"
57477,2024-03-08,"March 08, 2024",0.00,-,0.00,-,0.00,-,"14,553.28","-55,974.00","14,553.28"
57478,2024-03-10,"March 10, 2024",0.00,-,0.00,-,0.00,-,"28,926.28","-44,394.00","28,926.28"
57479,2024-03-09,"March 09, 2024",0.00,-,0.00,-,0.00,-,"31,066.28","-42,227.00","31,066.28"
57488,2024-03-11,"March 11, 2024","13,691.88",6.59,"365,222.20",6.67,"181,102.35",6.69,"7,599.28","-63,849.00","7,599.28"
57491,2024-03-12,"March 12, 2024","12,513.28",6.51,"384,456.70",6.46,"165,398.37",6.61,"-4,356.72","-75,805.00","-4,356.72"
57501,2024-03-13,"March 13, 2024","12,178.71",6.49,"327,595.00",6.31,"168,212.41",6.42,"-13,377.23","-84,172.00","-13,377.23"
57506,2024-03-14,"March 14, 2024","11,162.09",6.43,"322,078.50",6.29,"176,142.25",6.37,"-29,817.65","-100,074.00","-29,817.65"
57512,2024-03-15,"March 15, 2024",828.15,6.11,"11,070.25",6.46,0.00,-,"71,257.28",-191.00,"71,257.28"
57513,2024-03-16,"March 16, 2024",904.60,6.12,"25,827.90",6.53,894.18,5.96,"80,675.28","-59,161.00","80,675.28"
57514,2024-03-17,"March 17, 2024",0.00,-,0.00,-,0.00,-,"79,135.28","-49,945.00","79,135.28"
57516,2024-03-18,"March 18, 2024","11,528.74",6.55,"354,216.05",6.53,"169,040.74",6.64,"72,918.47","-73,077.00","72,918.47"
57525,2024-03-19,"March 19, 2024","11,489.51",6.51,"327,872.25",6.34,"169,440.33",6.47,"54,284.03","-91,474.00","54,284.03"
57529,2024-03-20,"March 20, 2024","12,124.25",6.48,"309,961.15",6.49,"178,838.34",6.47,"97,529.03","-48,229.00","97,529.03"
57545,2024-03-21,"March 21, 2024","10,681.34",6.63,"319,579.40",6.73,"178,039.10",6.74,"138,651.05","-2,449.00","138,651.05"
57558,2024-03-22,"March 22, 2024","11,652.75",6.70,"319,092.65",6.76,"166,297.73",6.80,"137,373.86","70,463.00","137,373.86"
57560,2024-03-23,"March 23, 2024",0.00,-,0.00,-,0.00,-,"132,559.86","-48,436.00","132,559.86"
57561,2024-03-24,"March 24, 2024",0.00,-,0.00,-,0.00,-,"130,568.86","-50,805.00","130,568.86"
57562,2024-03-25,"March 25, 2024",0.00,-,0.00,-,0.00,-,"122,930.86","-71,342.00","122,930.86"
57574,2024-03-26,"March 26, 2024","11,561.35",6.65,"355,819.05",6.63,"160,620.37",6.74,"45,266.86","3,353.00","45,266.86"
57588,2024-03-27,"March 27, 2024","14,998.99",6.64,"316,548.50",6.66,"164,189.68",6.64,"40,981.86",-932.00,"40,981.86"
57597,2024-03-28,"March 28, 2024","1,464.65",6.28,0.00,-,0.00,-,"73,144.51","-43,319.00","73,144.51"
57598,2024-03-29,"March 29, 2024",0.00,-,0.00,-,0.00,-,"62,275.51","-139,150.00","62,275.51"
57599,2024-03-30,"March 30, 2024",385.30,6.15,"76,411.45",6.69,"1,376.92",6.72,"-61,264.49","-183,059.00","-61,264.49"
57605,2024-04-01,"April 01, 2024",0.00,-,0.00,-,0.00,-,"-78,422.49","-191,167.00","-78,422.49"
57606,2024-03-31,"March 31, 2024",0.00,-,0.00,-,0.00,-,"-48,210.49","-176,251.00","-48,210.49"
57615,2024-04-02,"April 02, 2024","12,881.56",6.44,"381,453.90",6.41,"192,643.09",6.42,"-137,040.49","-178,502.00","-137,040.49"
57625,2024-04-03,"April 03, 2024","12,684.11",6.44,"351,881.35",6.42,"185,037.69",6.46,"-157,650.41","-145,071.00","-157,650.41"
58086,2024-06-12,"June 12, 2024","11,680.88",6.52,"376,105.60",6.43,"161,339.48",6.43,"7,761.01","-58,254.00","7,761.01"
58097,2024-06-13,"June 13, 2024","11,242.86",6.48,"374,826.25",6.42,"163,301.29",6.41,"14,822.01","-51,193.00","14,822.01"
58109,2024-06-14,"June 14, 2024",857.40,6.13,"9,199.90",6.52,133.00,6.33,"55,327.01","40,126.00","55,327.01"
58111,2024-06-16,"June 16, 2024",0.00,-,0.00,-,0.00,-,"64,581.01","-25,770.00","64,581.01"
58112,2024-06-15,"June 15, 2024",740.65,6.31,"16,839.00",6.76,363.17,6.58,"65,937.01","-20,915.00","65,937.01"
58113,2024-06-17,"June 17, 2024",0.00,-,0.00,-,0.00,-,"98,612.01","4,154.00","98,612.01"
58118,2024-06-18,"June 18, 2024","12,009.81",6.73,"391,968.40",6.64,"172,805.71",6.70,"148,821.01","58,619.00","148,821.01"
58126,2024-06-19,"June 19, 2024","11,578.75",6.65,"383,926.80",6.50,"169,075.09",6.59,"155,916.01","-34,288.00","155,916.01"
58129,2024-06-20,"June 20, 2024","12,345.52",6.64,"371,042.30",6.53,"163,797.54",6.59,"146,940.01","-43,264.00","146,940.01"
58141,2024-06-21,"June 21, 2024","13,107.90",6.70,"375,406.85",6.68,"164,913.98",6.69,"160,968.01","70,766.00","160,968.01"
58143,2024-06-22,"June 22, 2024",0.00,-,0.00,-,0.00,-,"158,393.01","-19,197.00","158,393.01"
58144,2024-06-23,"June 23, 2024",0.00,-,0.00,-,0.00,-,"156,042.01","-21,486.00","156,042.01"
58152,2024-06-24,"June 24, 2024","15,333.45",6.71,"388,662.95",6.57,"167,989.27",6.64,"166,146.01","-24,061.00","166,146.01"
58159,2024-06-25,"June 25, 2024","15,147.06",6.59,"408,238.65",6.50,"165,438.03",6.54,"146,809.01","-68,403.00","146,809.01"
58167,2024-06-26,"June 26, 2024","13,845.66",6.59,"412,647.50",6.54,"162,369.13",6.54,"152,308.01","-62,904.00","152,308.01"
58172,2024-06-27,"June 27, 2024","12,363.72",6.72,"392,211.65",6.71,"167,050.84",6.68,"92,651.27","-21,603.00","92,651.27"
58193,2024-06-28,"June 28, 2024","3,215.15",6.60,"14,174.05",6.63,"1,000.08",6.36,"-22,317.76","-37,269.00","-22,317.76"
58194,2024-06-29,"June 29, 2024",396.40,6.04,"28,744.95",6.48,769.68,6.08,"-29,726.76","-91,176.00","-29,726.76"
58195,2024-06-30,"June 30, 2024",0.00,-,0.00,-,0.00,-,"-27,942.76","-65,921.00","-27,942.76"
58208,2024-07-01,"July 01, 2024","10,820.99",6.54,"407,011.70",6.45,"182,932.12",6.47,"-58,120.76","-73,072.00","-58,120.76"
58215,2024-07-02,"July 02, 2024","12,233.49",6.49,"409,653.25",6.35,"161,529.54",6.41,"-91,225.32","-100,983.00","-91,225.32"
58222,2024-07-03,"July 03, 2024","12,119.80",6.49,"393,536.70",6.34,"156,965.40",6.36,"-125,044.91","-97,427.00","-125,044.91"
58228,2024-07-04,"July 04, 2024","12,084.89",6.50,"389,141.30",6.35,"150,674.19",6.36,"-133,219.89","-79,748.00","-133,219.89"
58241,2024-07-05,"July 05, 2024",858.00,6.14,"11,169.40",6.34,65.00,6.30,"-128,609.72","-143,469.00","-128,609.72"
58243,2024-07-06,"July 06, 2024",963.50,6.13,"17,811.15",6.36,"2,729.24",6.43,"-106,411.72","-58,654.00","-106,411.72"
58244,2024-07-07,"July 07, 2024",0.00,-,0.00,-,0.00,-,"-111,449.72","-51,445.00","-111,449.72"
58254,2024-07-08,"July 08, 2024","11,306.49",6.54,"381,965.95",6.43,"166,895.38",6.50,"-77,262.72","-92,122.00","-77,262.72"
58261,2024-07-09,"July 09, 2024","10,660.39",6.47,"361,180.70",6.40,"161,083.99",6.44,"-98,617.72","-90,679.00","-98,617.72"
58268,2024-07-10,"July 10, 2024","9,506.65",6.47,"354,475.80",6.40,"153,023.85",6.45,"-107,539.72","-78,291.00","-107,539.72"
58276,2024-07-11,"July 11, 2024","10,082.55",6.47,"343,655.00",6.38,"148,834.20",6.45,"-130,380.72","-90,362.00","-130,380.72"
58287,2024-07-12,"July 12, 2024","9,999.47",6.46,"362,994.55",6.33,"156,043.20",6.41,"-135,856.72","-150,058.00","-135,856.72"
58289,2024-07-13,"July 13, 2024",0.00,-,0.00,-,0.00,-,"-95,337.72","-56,705.00","-95,337.72"
58290,2024-07-14,"July 14, 2024",0.00,-,0.00,-,0.00,-,"-93,870.72","-55,232.00","-93,870.72"
58304,2024-07-15,"July 15, 2024","10,700.02",6.47,"364,121.10",6.34,"158,551.62",6.40,"-82,874.72","-87,495.00","-82,874.72"
58310,2024-07-16,"July 16, 2024","10,066.22",6.48,"359,267.55",6.38,"154,790.23",6.42,"-111,989.72","-79,390.00","-111,989.72"
58312,2024-07-17,"July 17, 2024",0.00,-,0.00,-,0.00,-,"-114,911.72","-42,131.00","-114,911.72"
58326,2024-07-18,"July 18, 2024","9,934.97",6.47,"369,588.85",6.40,"153,007.73",6.43,"-139,480.42","-80,898.00","-139,480.42"
58341,2024-07-19,"July 19, 2024",868.24,6.11,"4,894.55",6.34,80.00,6.26,"-99,878.68","-104,500.00","-99,878.68"
58342,2024-07-20,"July 20, 2024",768.10,6.11,"21,018.00",6.30,489.05,6.29,"-72,481.68","-40,596.00","-72,481.68"
58343,2024-07-21,"July 21, 2024",0.00,-,0.00,-,0.00,-,"-73,444.68","-32,187.00","-73,444.68"
58347,2024-07-22,"July 22, 2024","11,462.43",6.60,"403,412.00",6.59,"172,781.43",6.57,"-38,756.68","-43,378.00","-38,756.68"
58352,2024-07-23,"July 23, 2024","10,660.09",6.67,"419,338.75",6.67,"167,906.62",6.64,"-42,373.68","-46,995.00","-42,373.68"
58361,2024-07-24,"July 24, 2024","9,887.54",6.68,"418,089.80",6.62,"165,513.15",6.65,"-58,702.68","-63,324.00","-58,702.68"
58368,2024-07-25,"July 25, 2024","9,436.54",6.56,"407,485.90",6.45,"169,395.75",6.49,"-85,920.68","-86,682.00","-85,920.68"
58383,2024-07-26,"July 26, 2024","11,220.28",6.48,"405,514.10",6.39,"168,748.84",6.39,"-145,222.68","-159,425.00","-145,222.68"
58386,2024-07-27,"July 27, 2024",0.00,-,0.00,-,0.00,-,"-115,367.68","-78,216.00","-115,367.68"
58387,2024-07-28,"July 28, 2024",0.00,-,0.00,-,0.00,-,"-114,717.68","-77,540.00","-114,717.68"
58390,2024-07-29,"July 29, 2024","11,426.68",6.48,"387,078.95",6.36,"167,031.56",6.42,"-114,205.68","-104,988.00","-114,205.68"
58395,2024-07-30,"July 30, 2024","11,239.34",6.47,"371,397.75",6.37,"159,279.73",6.42,"-125,352.68","-74,350.00","-125,352.68"
58407,2024-07-31,"July 31, 2024","11,300.63",6.49,"335,962.45",6.41,"147,617.31",6.45,"-155,617.68","-80,291.00","-155,617.68"
58418,2024-08-01,"August 01, 2024","10,739.61",6.47,"322,577.05",6.36,"152,495.48",6.43,"-196,508.68","-114,182.00","-196,508.68"
58427,2024-08-02,"August 02, 2024","1,194.11",6.11,"2,699.00",6.22,4.99,6.50,"-255,686.68","-246,000.00","-255,686.68"
58429,2024-08-03,"August 03, 2024","1,130.05",6.08,"9,801.55",5.82,794.89,5.95,"-277,978.68","-158,314.00","-277,978.68"
58430,2024-08-04,"August 04, 2024",0.00,-,0.00,-,0.00,-,"-277,916.68","-136,856.00","-277,916.68"
58435,2024-08-05,"August 05, 2024","9,957.04",6.44,"322,230.65",6.18,"153,691.15",6.34,"-286,196.27","-215,883.00","-286,196.27"
58442,2024-08-06,"August 06, 2024","10,378.45",6.41,"327,444.85",6.24,"149,530.61",6.34,"-278,759.60","-129,402.00","-278,759.60"
58446,2024-08-07,"August 07, 2024","10,908.38",6.48,"342,161.25",6.36,"147,380.38",6.39,"-197,620.28","-24,092.00","-197,620.28"
58456,2024-08-08,"August 08, 2024","10,344.59",6.65,"336,076.90",6.65,"161,997.00",6.68,"-165,608.16","6,704.00","-165,608.16"
58471,2024-08-09,"August 09, 2024","10,387.73",6.53,"341,982.95",6.32,"161,293.47",6.47,"-146,452.16","-160,139.00","-146,452.16"
58474,2024-08-10,"August 10, 2024",0.00,-,0.00,-,0.00,-,"-121,105.16","-56,458.00","-121,105.16"
58475,2024-08-11,"August 11, 2024",0.00,-,0.00,-,0.00,-,"-122,467.16","-57,292.00","-122,467.16"
58484,2024-08-12,"August 12, 2024","11,163.56",6.47,"332,418.15",6.28,"148,505.24",6.39,"-112,620.16","-111,361.00","-112,620.16"
58493,2024-08-13,"August 13, 2024","11,382.33",6.48,"355,162.80",6.34,"146,395.79",6.43,"-125,501.95","-79,849.00","-125,501.95"
58502,2024-08-14,"August 14, 2024","10,128.90",6.48,"351,539.00",6.35,"154,389.56",6.45,"-137,249.64","-76,312.00","-137,249.64"
58505,2024-08-15,"August 15, 2024",0.00,-,0.00,-,0.00,-,"-140,344.64","-39,780.00","-140,344.64"
58517,2024-08-16,"August 16, 2024",780.50,6.11,"7,519.70",6.39,77.00,6.30,"-155,230.64","-153,708.00","-155,230.64"
58519,2024-08-17,"August 17, 2024",725.90,6.17,"10,650.85",6.25,"1,228.61",6.35,"-162,410.64","-61,481.00","-162,410.64"
58520,2024-08-18,"August 18, 2024",0.00,-,0.00,-,0.00,-,"-163,762.64","-56,506.00","-163,762.64"
58525,2024-08-19,"August 19, 2024","9,144.92",6.49,"387,403.50",6.33,"152,949.30",6.44,"-117,257.64","-115,735.00","-117,257.64"
58536,2024-08-20,"August 20, 2024","10,918.63",6.50,"373,758.40",6.33,"152,996.53",6.48,"-126,124.64","-102,917.00","-126,124.64"
58540,2024-08-21,"August 21, 2024","10,337.40",6.53,"388,769.40",6.40,"147,363.00",6.50,"-79,818.64","-55,736.00","-79,818.64"
58553,2024-08-22,"August 22, 2024","9,575.57",6.52,"382,238.90",6.38,"146,922.19",6.46,"-107,476.64","-83,394.00","-107,476.64"
58568,2024-08-23,"August 23, 2024","7,616.48",6.53,"388,232.70",6.32,"146,866.37",6.41,"-103,920.64","-117,352.00","-103,920.64"
58570,2024-08-24,"August 24, 2024",0.00,-,0.00,-,0.00,-,"-85,858.64","-65,779.00","-85,858.64"
58571,2024-08-25,"August 25, 2024",0.00,-,0.00,-,0.00,-,"-84,776.64","-64,706.00","-84,776.64"
58574,2024-08-26,"August 26, 2024","7,491.54",6.52,"4,00,961.60",6.32,"1,42,408.28",6.37,"-82,235.23","-75,295.00","-82,235.23"
58580,2024-08-27,"August 27, 2024","9,327.56",6.51,"398,924.85",6.40,"137,374.96",6.39,"-103,563.23","-67,543.00","-103,563.23"
58587,2024-08-28,"August 28, 2024","12,698.71",6.56,"396,098.90",6.46,"139,122.44",6.43,"-94,845.23","-58,825.00","-94,845.23"
58596,2024-08-29,"August 29, 2024","11,870.75",6.66,"359,165.55",6.63,"161,382.24",6.60,"-101,715.23","-55,770.00","-101,715.23"
58614,2024-08-30,"August 30, 2024","1,757.65",6.39,"7,551.75",6.54,256.46,6.60,"-122,340.23","-115,350.00","-122,340.23"
58616,2024-08-31,"August 31, 2024",958.70,6.13,"20,182.70",6.17,800.71,5.50,"-144,464.23","-87,928.00","-144,464.23"
58617,2024-09-01,"September 01, 2024",0.00,-,0.00,-,0.00,-,"-165,161.23","-100,090.00","-165,161.23"
58624,2024-09-02,"September 02, 2024","11,622.07",6.49,"387,774.70",6.26,"166,204.82",6.34,"-223,150.23","-212,160.00","-223,150.23"
58630,2024-09-03,"September 03, 2024","11,457.31",6.47,"359,586.40",6.20,"148,531.99",6.32,"-248,391.83","-197,699.00","-248,391.83"
58637,2024-09-04,"September 04, 2024","10,930.84",6.46,"343,292.85",6.20,"143,452.90",6.31,"-245,616.54","-150,283.00","-245,616.54"
58644,2024-09-05,"September 05, 2024","11,191.17",6.49,"352,277.35",6.30,"139,430.09",6.38,"-255,296.54","-102,303.00","-255,296.54"
58659,2024-09-06,"September 06, 2024","8,337.70",6.48,"352,683.00",6.27,"158,780.47",6.39,"-235,314.54","-247,278.00","-235,314.54"
58660,2024-09-07,"September 07, 2024",0.00,-,0.00,-,0.00,-,"-146,389.54","-55,548.00","-146,389.54"
58661,2024-09-08,"September 08, 2024",0.00,-,0.00,-,0.00,-,"-152,316.54","-54,195.00","-152,316.54"
58669,2024-09-09,"September 09, 2024","11,247.15",6.52,"363,638.70",6.29,"152,064.33",6.39,"-134,918.66","-80,436.00","-134,918.66"
58677,2024-09-10,"September 10, 2024","8,197.21",6.50,"371,916.80",6.33,"155,889.32",6.42,"-108,210.65","-103,091.00","-108,210.65"
58682,2024-09-11,"September 11, 2024","12,058.45",6.54,"388,368.40",6.40,"154,527.78",6.49,"-153,288.65","-148,169.00","-153,288.65"
58688,2024-09-12,"September 12, 2024","11,270.59",6.52,"350,744.70",6.27,"154,422.96",6.41,"-196,094.65","-165,775.00","-196,094.65"
58713,2024-09-13,"September 13, 2024","10,654.05",6.62,"355,928.90",6.43,"152,185.37",6.55,"-135,893.65","-130,424.00","-135,893.65"
58714,2024-09-14,"September 14, 2024",0.00,-,0.00,-,0.00,-,"-133,547.65","-104,900.00","-133,547.65"
58715,2024-09-15,"September 15, 2024",0.00,-,0.00,-,0.00,-,"-134,953.65","-102,040.00","-134,953.65"
58718,2024-09-16,"September 16, 2024",128.40,6.03,"69,855.70",6.63,"2,451.72",6.45,"-22,152.65","-16,683.00","-22,152.65"
58723,2024-09-17,"September 17, 2024","10,794.41",6.65,"3,57,241.00",6.60,"1,53,777.01",6.70,"4,982.73","9,773.00","4,982.73"
58724,2024-09-18,"September 18, 2024",0.00,-,0.00,-,0.00,-,"2,626.73","-72,600.00","2,626.73"
58731,2024-09-19,"September 19, 2024","10,599.98",6.65,"392,970.40",6.46,"156,313.41",6.68,"-24,824.74","-103,409.00","-24,824.74"
58743,2024-09-20,"September 20, 2024","1,164.20",6.22,"5,257.05",6.48,199.58,6.75,"-26,092.74","-39,130.00","-26,092.74"
58744,2024-09-21,"September 21, 2024","1,061.10",6.29,"19,575.90",6.73,"1,838.09",6.19,"30,948.26","-6,687.00","30,948.26"
58745,2024-09-22,"September 22, 2024",0.00,-,0.00,-,0.00,-,"30,073.26","-14,525.00","30,073.26"
58750,2024-09-23,"September 23, 2024","9,938.90",6.68,"403,004.70",6.67,"169,807.50",6.74,"33,447.26","-4,592.00","33,447.26"
58755,2024-09-24,"September 24, 2024","11,157.67",6.69,"397,183.95",6.66,"164,382.92",6.74,"26,382.29","-10,954.00","26,382.29"
58758,2024-09-25,"September 25, 2024","10,906.90",6.68,"383,880.85",6.49,"162,306.77",6.67,"9,957.66","-78,033.00","9,957.66"
58766,2024-09-26,"September 26, 2024","12,503.25",6.54,"398,599.90",6.43,"166,728.48",6.58,"-44,337.34","-81,725.00","-44,337.34"
58779,2024-09-27,"September 27, 2024","10,317.52",6.53,"409,571.75",6.44,"154,783.44",6.55,"-76,155.34","-113,543.00","-76,155.34"
58780,2024-09-28,"September 28, 2024",0.00,-,0.00,-,0.00,-,"-78,090.34","-88,028.00","-78,090.34"
58781,2024-09-29,"September 29, 2024",0.00,-,0.00,-,0.00,-,"-79,806.34","-90,201.00","-79,806.34"
58794,2024-09-30,"September 30, 2024","6,770.59",6.68,"348,881.75",6.64,"158,994.55",6.66,"-145,899.34","-183,287.00","-145,899.34"
58801,2024-10-01,"October 01, 2024","9,683.93",6.48,"365,772.85",6.28,"170,912.98",6.46,"-206,767.13","-242,671.00","-206,767.13"
58803,2024-10-02,"October 02, 2024",0.00,-,0.00,-,0.00,-,"-213,430.13","-114,058.00","-213,430.13"
58816,2024-10-03,"October 03, 2024","10,590.81",6.45,"375,564.65",6.17,"156,369.88",6.36,"-288,364.21","-229,341.00","-288,364.21"
58828,2024-10-04,"October 04, 2024","1,478.85",6.15,"5,109.60",6.06,209.20,6.16,"-281,101.26","-291,492.00","-281,101.26"
58830,2024-10-05,"October 05, 2024","1,358.35",6.09,"17,516.10",6.25,280.92,5.57,"-198,279.26","-137,639.00","-198,279.26"
58831,2024-10-06,"October 06, 2024",0.00,-,0.00,-,0.00,-,"-202,222.26","-130,600.00","-202,222.26"
58841,2024-10-07,"October 07, 2024","11,161.74",6.43,"3,51,569.00",6.20,"1,59,200.97",6.30,"-157,431.26","-123,547.00","-157,431.26"
58849,2024-10-08,"October 08, 2024","9,875.51",6.42,"366,048.45",6.21,"147,457.77",6.29,"-164,088.54","-92,829.00","-164,088.54"
58856,2024-10-09,"October 09, 2024","9,077.67",6.43,"3,74,188.00",6.26,"1,39,458.90",6.28,"-1,29,032.48","-49,017.00","-1,29,032.48"
58865,2024-10-10,"October 10, 2024","8,605.93",6.43,"3,70,072.45",6.30,"1,46,549.57",6.30,"-1,34,491.48","-54,476.00","-1,34,491.48"
58877,2024-10-11,"October 11, 2024","7,782.39",6.43,"3,67,217.50",6.25,"1,52,769.44",6.32,"-1,80,160.48","-1,46,643.00","-1,80,160.48"
58879,2024-10-12,"October 12, 2024",0.00,-,0.00,-,0.00,-,"-1,81,729.48","-81,300.00","-1,81,729.48"
58880,2024-10-13,"October 13, 2024",0.00,-,0.00,-,0.00,-,"-1,83,322.48","-82,805.00","-1,83,322.48"
58889,2024-10-14,"October 14, 2024","10,988.08",6.42,"369,234.60",6.24,"151,494.92",6.29,"-150,092.48","-116,575.00","-150,092.48"
58899,2024-10-15,"October 15, 2024","10,248.04",6.42,"369,769.45",6.27,"151,167.07",6.31,"-159,750.22","-101,188.00","-159,750.22"
58910,2024-10-16,"October 16, 2024","8,755.18",6.44,"3,90,913.55",6.28,"1,40,357.75",6.33,"-1,89,761.13","-1,06,119.00","-1,89,761.13"
58926,2024-10-17,"October 17, 2024","8,226.89",6.43,"406,519.90",6.28,"140,522.93",6.31,"-175,175.13","-117,593.00","-175,175.13"
58938,2024-10-18,"October 18, 2024",970.10,6.11,"4,266.15",6.34,6.00,5.90,"-208,694.13","-219,457.00","-208,694.13"
58939,2024-10-19,"October 19, 2024","1,105.70",6.23,"8,850.10",6.39,100.39,5.76,"-147,256.13","-82,282.00","-147,256.13"
58940,2024-10-20,"October 20, 2024",0.00,-,0.00,-,0.00,-,"-152,253.13","-55,024.00","-152,253.13"
58947,2024-10-21,"October 21, 2024","9,384.15",6.50,"373,248.65",6.46,"156,933.71",6.46,"-79,488.13","-70,178.00","-79,488.13"
58954,2024-10-22,"October 22, 2024","9,130.51",6.65,"408,209.20",6.66,"145,104.74",6.61,"-73,775.07","-64,631.00","-73,775.07"
58959,2024-10-23,"October 23, 2024","11,484.88",6.75,"424,741.25",6.69,"141,021.43",6.67,"-57,428.30","-49,492.00","-57,428.30"
58964,2024-10-24,"October 24, 2024","11,198.85",6.68,"425,191.85",6.66,"149,090.85",6.66,"-67,217.30","-59,281.00","-67,217.30"
58977,2024-10-25,"October 25, 2024","8,472.75",6.61,"400,343.95",6.58,"150,100.13",6.57,"-48,906.95","-41,073.00","-48,906.95"
58980,2024-10-27,"October 27, 2024",0.00,-,0.00,-,0.00,-,"-63,976.95","-74,891.00","-63,976.95"
58981,2024-10-26,"October 26, 2024",0.00,-,0.00,-,0.00,-,"-60,481.95","-71,341.00","-60,481.95"
58987,2024-10-28,"October 28, 2024","9,351.89",6.62,"407,058.50",6.43,"142,040.79",6.52,"-84,983.19","-102,152.00","-84,983.19"
58995,2024-10-29,"October 29, 2024","9,985.73",6.44,"3,89,946.80",6.26,"1,37,976.88",6.33,"-1,01,203.09","-1,17,145.00","-1,01,203.09"
59002,2024-10-30,"October 30, 2024","7,712.90",6.47,"375,673.15",6.31,"134,564.87",6.32,"-155,902.09","-171,844.00","-155,902.09"
59013,2024-10-31,"October 31, 2024","5,197.80",6.54,"375,967.35",6.27,"143,559.05",6.30,"-153,592.09","-164,602.00","-153,592.09"
59016,2024-11-01,"November 01, 2024",0.00,-,0.00,-,0.00,-,"-208,269.09","-177,032.00","-208,269.09"
59017,2024-11-02,"November 02, 2024",0.00,-,0.00,-,0.00,-,"-158,584.09","-100,397.00","-158,584.09"
59018,2024-11-03,"November 03, 2024",0.00,-,0.00,-,0.00,-,"-164,705.09","-96,968.00","-164,705.09"
59026,2024-11-04,"November 04, 2024","7,899.89",6.41,"396,114.85",6.08,"145,225.79",6.22,"-275,989.49","-262,291.00","-275,989.49"
59032,2024-11-05,"November 05, 2024","9,966.71",6.31,"388,609.10",6.10,"139,673.67",6.17,"-283,860.83","-195,271.00","-283,860.83"
59039,2024-11-06,"November 06, 2024","9,289.46",6.34,"380,224.25",6.22,"147,464.45",6.23,"-276,889.83","-117,475.00","-276,889.83"
59051,2024-11-07,"November 07, 2024","9,683.69",6.42,"3,77,853.70",6.23,"1,41,098.95",6.23,"-2,44,732.83","-2,30,143.00","-2,44,732.83"
59069,2024-11-08,"November 08, 2024","11,266.68",6.44,"376,823.20",6.37,"153,624.58",6.32,"-216,028.92","-98,719.00","-216,028.92"
59071,2024-11-09,"November 09, 2024",0.00,-,0.00,-,0.00,-,"-225,483.92","-49,439.00","-225,483.92"
59072,2024-11-10,"November 10, 2024",0.00,-,0.00,-,0.00,-,"-226,220.92","-49,176.00","-226,220.92"
59078,2024-11-11,"November 11, 2024","9,449.82",6.45,"417,572.25",6.29,"145,562.64",6.32,"-198,704.92","-184,750.00","-198,704.92"
59087,2024-11-12,"November 12, 2024","9,244.78",6.45,"407,466.70",6.22,"145,760.14",6.32,"-205,388.92","-129,474.00","-205,388.92"
59097,2024-11-13,"November 13, 2024","8,404.45",6.39,"412,094.25",6.37,"148,794.91",6.34,"-212,259.92","-107,195.00","-212,259.92"
59115,2024-11-14,"November 14, 2024",871.55,6.13,"3,528.50",6.24,0.00,-,"-181,379.92","-191,767.00","-181,379.92"
59118,2024-11-15,"November 15, 2024",0.00,-,0.00,-,0.00,-,"-196,339.92","-158,598.00","-196,339.92"
59119,2024-11-16,"November 16, 2024","1,141.35",6.16,"16,680.65",6.04,142.29,5.31,"-163,962.92","-130,077.00","-163,962.92"
59120,2024-11-17,"November 17, 2024",0.00,-,0.00,-,0.00,-,"-166,136.92","-105,544.00","-166,136.92"
59133,2024-11-18,"November 18, 2024","7,529.65",6.43,"433,555.45",6.28,"153,315.03",6.25,"-169,057.09","-171,039.00","-169,057.09"
59139,2024-11-19,"November 19, 2024","9,415.67",6.49,"409,692.75",6.40,"154,931.55",6.34,"-103,894.09","-77,156.00","-103,894.09"
59141,2024-11-20,"November 20, 2024",0.00,-,0.00,-,0.00,-,"-97,136.09","-47,524.00","-97,136.09"
59154,2024-11-21,"November 21, 2024","8,987.68",6.62,"444,469.60",6.70,"155,682.51",6.61,"-84,154.75","-35,054.00","-84,154.75"
59168,2024-11-22,"November 22, 2024","9,109.84",6.73,"455,748.90",6.71,"150,002.42",6.65,"-19,036.76","-22,145.00","-19,036.76"
59171,2024-11-23,"November 23, 2024",0.00,-,0.00,-,0.00,-,"-30,939.76","-43,871.00","-30,939.76"
59172,2024-11-24,"November 24, 2024",0.00,-,0.00,-,0.00,-,"-28,203.76","-41,378.00","-28,203.76"
59179,2024-11-25,"November 25, 2024","8,570.82",6.72,"4,49,333.20",6.71,"1,43,776.27",6.66,"6,956.24","-21,153.00","6,956.24"
59190,2024-11-26,"November 26, 2024","7,965.11",6.69,"4,88,228.95",6.70,"1,42,353.35",6.67,"36,418.24","-16,696.00","36,418.24"
59195,2024-11-27,"November 27, 2024","9,293.26",6.71,"4,66,981.35",6.69,"1,45,963.06",6.65,"30,848.24","-47,272.00","30,848.24"
59205,2024-11-28,"November 28, 2024","9,454.64",6.71,"4,69,068.55",6.67,"1,44,649.74",6.66,"9,489.24","-43,325.00","9,489.24"
59219,2024-11-29,"November 29, 2024","1,229.35",6.26,"13,258.80",6.65,3.00,6.60,"-49,611.76","-60,820.00","-49,611.76"
59220,2024-11-30,"November 30, 2024","1,234.05",6.23,"27,235.30",6.48,455.92,5.97,"-53,315.76","-61,586.00","-53,315.76"
59243,2024-12-05,"December 05, 2024","12,150.79",6.53,"4,35,140.30",6.54,"1,48,181.85",6.54,"-42,369.97","-49,684.00","-42,369.97"
59261,2024-12-07,"December 07, 2024","1,101.40",6.15,"30,406.80",6.57,101.23,6.25,"-47,300.39","-51,999.00","-47,300.39"
59268,2024-12-09,"December 09, 2024","11,618.93",6.56,"404,756.00",6.52,"155,430.17",6.57,"-23,342.39","-31,855.00","-23,342.39"
59275,2024-12-10,"December 10, 2024","12,645.15",6.67,"4,17,331.55",6.64,"1,55,239.91",6.66,"-35,667.39","-44,180.00","-35,667.39"
59588,2025-01-23,"January 23, 2025","10,718.40",6.57,"3,81,865.60",6.54,"1,49,466.53",6.61,"3,15,618.48","81,056.00","3,15,618.48"
59605,2025-01-24,"January 24, 2025","11,569.87",6.57,"3,81,193.75",6.58,"1,53,863.34",6.61,"2,82,021.48","2,72,465.00","2,82,021.48"
59607,2025-01-25,"January 25, 2025",0.00,-,0.00,-,0.00,-,"3,13,609.48","-50,380.00","3,13,609.48"
59608,2025-01-26,"January 26, 2025",0.00,-,0.00,-,0.00,-,"3,13,103.48","-50,886.00","3,13,103.48"
59618,2025-01-27,"January 27, 2025","12,208.54",6.57,"3,82,808.20",6.53,"1,51,866.04",6.60,"3,10,114.71","1,38,462.00","3,10,114.71"
59624,2025-01-28,"January 28, 2025","14,705.14",6.55,"3,91,434.90",6.53,"1,52,590.05",6.58,"2,51,171.71","79,519.00","2,51,171.71"
59633,2025-01-29,"January 29, 2025","13,598.84",6.58,"3,58,446.55",6.46,"1,55,029.90",6.59,"2,55,641.71","83,989.00","2,55,641.71"
59645,2025-01-30,"January 30, 2025","14,941.07",6.58,"3,85,768.80",6.55,"1,43,070.44",6.59,"2,22,438.71","50,786.00","2,22,438.71"
59662,2025-01-31,"January 31, 2025","2,607.70",6.53,"8,450.45",6.49,0.00,-,"1,75,081.71","3,429.00","1,75,081.71"
59664,2025-02-01,"February 01, 2025","1,388.90",6.24,"29,352.60",6.06,589.88,4.60,"1,49,405.71","-1,18,994.00","1,49,405.71"
59665,2025-02-02,"February 02, 2025",0.00,-,0.00,-,0.00,-,"1,59,187.71","-99,510.00","1,59,187.71"
59669,2025-02-03,"February 03, 2025","11,834.94",6.56,"4,05,311.75",6.38,"1,58,696.83",6.54,"1,08,486.71","-63,166.00","1,08,486.71"
59674,2025-02-04,"February 04, 2025","17,135.14",6.50,"3,90,143.40",6.27,"1,61,386.03",6.42,"38,215.71","-1,33,437.00","38,215.71"
59681,2025-02-05,"February 05, 2025","11,104.02",6.46,"3,71,578.05",6.25,"1,68,446.60",6.34,"45,005.65","-1,25,989.00","45,005.65"
59691,2025-02-06,"February 06, 2025","14,447.56",6.45,"3,61,611.60",6.25,"1,84,089.88",6.33,"69,755.42","-1,00,669.00","69,755.42"
59714,2025-02-07,"February 07, 2025","14,567.31",6.26,"3,70,891.25",6.26,"1,73,895.29",6.25,"1,07,780.42","99,452.00","1,07,780.42"
59717,2025-02-08,"February 08, 2025",0.00,-,0.00,-,0.00,-,"1,35,183.42","-38,689.00","1,35,183.42"
59718,2025-02-09,"February 09, 2025",0.00,-,0.00,-,0.00,-,"1,32,503.42","-41,424.00","1,32,503.42"
59723,2025-02-10,"February 10, 2025","12,879.97",6.32,"3,80,693.90",6.25,"1,71,142.14",6.35,"1,96,334.42","1,37,996.00","1,96,334.42"
59729,2025-02-11,"February 11, 2025","12,933.60",6.33,"4,15,256.05",6.23,"1,57,425.85",6.32,"1,90,866.81","1,32,100.00","1,90,866.81"
59739,2025-02-12,"February 12, 2025","13,411.47",6.29,"4,03,454.35",6.26,"1,58,648.59",6.30,"2,07,082.81","1,48,316.00","2,07,082.81"
59753,2025-02-13,"February 13, 2025","17,096.91",6.34,"3,75,991.85",6.31,"1,65,791.99",6.35,"2,41,834.81","1,83,068.00","2,41,834.81"
59773,2025-02-14,"February 14, 2025",878.15,5.90,"3,291.45",6.15,61.00,6.00,"2,14,135.27","1,54,570.00","2,14,135.27"
59775,2025-02-15,"February 15, 2025",803.45,5.89,"12,985.10",5.67,530.28,4.84,"1,79,481.27","-1,00,745.00","1,79,481.27"
59776,2025-02-16,"February 16, 2025",0.00,-,0.00,-,0.00,-,"1,80,378.27","-84,553.00","1,80,378.27"
59786,2025-02-17,"February 17, 2025","13,904.85",6.34,"4,25,598.80",6.16,"1,60,868.37",6.32,"1,81,329.27","46,761.00","1,81,329.27"
59793,2025-02-18,"February 18, 2025","14,414.61",6.35,"4,01,857.25",6.25,"1,60,689.05",6.28,"1,67,294.71","-24,227.00","1,67,294.71"
59796,2025-02-19,"February 19, 2025",0.00,-,0.00,-,0.00,-,"1,77,120.71","-78,615.00","1,77,120.71"
59808,2025-02-20,"February 20, 2025","16,460.79",6.35,"3,88,782.20",6.20,"1,66,214.48",6.27,"1,87,571.71","-3,950.00","1,87,571.71"
59831,2025-02-21,"February 21, 2025","12,495.25",6.29,"3,88,401.35",6.18,"1,60,631.66",6.26,"1,92,542.71","58,434.00","1,92,542.71"
59833,2025-02-22,"February 22, 2025",0.00,-,0.00,-,0.00,-,"2,38,021.71","-64,603.00","2,38,021.71"
59834,2025-02-23,"February 23, 2025",0.00,-,0.00,-,0.00,-,"2,37,924.71","-64,691.00","2,37,924.71"
59846,2025-02-24,"February 24, 2025","16,262.22",6.33,"4,15,094.95",6.24,"1,63,441.16",6.29,"1,93,489.71","-39,616.00","1,93,489.71"
59852,2025-02-25,"February 25, 2025","14,886.68",6.31,"4,19,180.40",6.23,"1,58,098.13",6.28,"1,96,171.71","-36,934.00","1,96,171.71"
59854,2025-02-26,"February 26, 2025",0.00,-,0.00,-,0.00,-,"1,96,644.71","-1,01,126.00","1,96,644.71"
59884,2025-02-28,"February 28, 2025","1,111.65",6.18,"3,591.00",6.34,0.00,-,"1,61,068.71","-72,037.00","1,61,068.71"
59886,2025-03-01,"March 01, 2025",965.50,5.91,"18,439.75",6.05,653.34,4.53,"1,28,236.71","-1,12,996.00","1,28,236.71"
59887,2025-03-02,"March 02, 2025",0.00,-,0.00,-,0.00,-,"1,18,213.71","-1,17,056.00","1,18,213.71"
59891,2025-03-03,"March 03, 2025","12,742.85",6.32,"3,90,173.80",6.04,"1,72,735.61",6.23,"1,09,791.71","-1,23,314.00","1,09,791.71"
59896,2025-03-04,"March 04, 2025","13,610.28",6.27,"3,82,192.65",5.93,"1,68,859.58",6.05,"20,416.70","-2,11,896.00","20,416.70"
59905,2025-03-05,"March 05, 2025","13,251.02",6.23,"3,43,188.10",5.90,"1,75,708.01",6.00,"54,476.88","-1,78,080.00","54,476.88"
59918,2025-03-06,"March 06, 2025","14,033.49",6.21,"3,36,760.85",5.87,"1,82,163.69",5.98,"56,909.03","-1,74,421.00","56,909.03"
59937,2025-03-07,"March 07, 2025","16,812.95",6.25,"3,96,328.85",6.13,"1,82,147.71",6.12,"82,464.93","-1,09,046.00","82,464.93"
59939,2025-03-08,"March 08, 2025",0.00,-,0.00,-,0.00,-,"1,45,773.93","-51,220.00","1,45,773.93"
59940,2025-03-09,"March 09, 2025",0.00,-,0.00,-,0.00,-,"1,45,175.93","-51,777.00","1,45,175.93"
59945,2025-03-10,"March 10, 2025","17,279.79",6.26,"3,86,478.40",6.18,"1,75,149.12",6.29,"1,44,856.55","-55,020.00","1,44,856.55"
59954,2025-03-11,"March 11, 2025","15,201.99",6.30,"4,12,273.65",6.13,"1,73,686.79",6.32,"1,04,705.89","-94,640.00","1,04,705.89"
59966,2025-03-12,"March 12, 2025","14,028.48",6.27,"4,02,218.35",6.13,"1,73,907.10",6.30,"1,38,152.89","-61,193.00","1,38,152.89"
59979,2025-03-13,"March 13, 2025","1,350.85",6.04,"3,405.60",6.08,"2,329.72",6.13,"1,54,916.52","-45,866.00","1,54,916.52"
59983,2025-03-14,"March 14, 2025",0.00,-,0.00,-,0.00,-,"2,22,117.52","-32,870.00","2,22,117.52"
59984,2025-03-15,"March 15, 2025","1,461.80",6.05,"25,438.10",6.26,266.49,5.46,"2,10,105.52","-47,804.00","2,10,105.52"
59985,2025-03-16,"March 16, 2025",0.00,-,0.00,-,0.00,-,"2,07,381.52","-47,294.00","2,07,381.52"
59998,2025-03-17,"March 17, 2025","18,275.81",6.34,"4,15,270.25",6.19,"1,77,076.37",6.41,"2,42,911.52","32,269.00","2,42,911.52"
60007,2025-03-18,"March 18, 2025","19,571.59",6.33,"3,95,087.15",6.34,"1,75,111.43",6.45,"2,26,043.52","-8,364.00","2,26,043.52"
60018,2025-03-19,"March 19, 2025","18,500.02",6.37,"3,53,387.05",6.20,"1,81,673.09",6.50,"2,28,682.52","-5,725.00","2,28,682.52"
60028,2025-03-20,"March 20, 2025","17,169.61",6.36,"3,51,382.05",6.16,"1,71,771.83",6.46,"2,32,074.87","-1,884.00","2,32,074.87"
60040,2025-03-21,"March 21, 2025","16,518.82",6.33,"3,90,123.95",6.30,"1,62,325.58",6.39,"2,06,271.37","13,790.00","2,06,271.37"
60042,2025-03-22,"March 22, 2025",0.00,-,0.00,-,0.00,-,"2,61,494.37","-67,198.00","2,61,494.37"
60043,2025-03-23,"March 23, 2025",0.00,-,0.00,-,0.00,-,"2,60,508.37","-68,093.00","2,60,508.37"
60050,2025-03-24,"March 24, 2025","17,773.82",6.31,"4,10,927.65",6.31,"1,64,847.55",6.37,"1,93,451.37","-45,234.00","1,93,451.37"
60058,2025-03-25,"March 25, 2025","18,953.50",6.30,"4,11,280.25",6.21,"1,65,836.08",6.35,"1,57,442.09","-81,243.00","1,57,442.09"
60070,2025-03-26,"March 26, 2025","13,209.17",6.20,"4,14,106.80",6.10,"1,58,230.02",6.23,"40,788.09","-1,51,693.00","40,788.09"
60088,2025-03-27,"March 27, 2025","16,238.23",6.16,"4,06,476.50",6.14,"1,76,079.11",6.14,"13,030.09","-1,79,116.00","13,030.09"
60116,2025-03-28,"March 28, 2025","2,813.50",6.03,"30,904.55",6.18,"2,295.69",6.74,"9,354.09","-1,82,792.00","9,354.09"
60117,2025-03-29,"March 29, 2025",457.45,5.89,"34,317.45",6.06,368.08,4.75,"-71,671.91","-3,46,074.00","-71,671.91"
60118,2025-03-30,"March 30, 2025",0.00,-,0.00,-,0.00,-,"-89,398.91","-3,09,319.00","-89,398.91"
60127,2025-03-31,"March 31, 2025",0.00,-,0.00,-,0.00,-,"-1,21,078.91","-3,76,932.00","-1,21,078.91"
60128,2025-04-01,"April 01, 2025",0.00,-,0.00,-,0.00,-,"-1,42,440.91","-3,54,478.00","-1,42,440.91"
60133,2025-04-02,"April 02, 2025","16,354.78",6.19,"4,25,750.50",5.75,"1,78,131.62",5.96,"-1,93,088.61","-3,84,571.00","-1,93,088.61"
60146,2025-04-03,"April 03, 2025","16,939.32",5.99,"3,88,306.40",5.61,"1,78,887.56",5.76,"-2,16,118.07","-4,05,548.00","-2,16,118.07"
60159,2025-04-04,"April 04, 2025","1,522.60",5.87,"1,680.75",5.82,62.00,5.75,"-1,79,484.01","-2,44,501.00","-1,79,484.01"
60161,2025-04-05,"April 05, 2025","1,528.20",5.77,"16,226.30",5.89,294.43,6.23,"-1,61,024.01","-2,04,883.00","-1,61,024.01"
60162,2025-04-06,"April 06, 2025",0.00,-,0.00,-,0.00,-,"-1,60,791.01","-1,77,748.00","-1,60,791.01"
60166,2025-04-07,"April 07, 2025","17,239.13",6.16,"4,31,084.95",6.11,"2,17,626.40",6.14,"-1,41,274.01","-1,48,340.00","-1,41,274.01"
60175,2025-04-08,"April 08, 2025","14,970.37",6.15,"4,18,997.90",6.06,"2,19,925.71",6.17,"-1,32,864.99","-1,39,724.00","-1,32,864.99"
60194,2025-04-09,"April 09, 2025","14,256.06",5.91,"3,97,245.15",5.76,"2,15,209.76",5.86,"-1,81,839.30","-1,89,644.00","-1,81,839.30"
60196,2025-04-10,"April 10, 2025",0.00,-,0.00,-,0.00,-,"-1,86,057.30","-1,55,346.00","-1,86,057.30"
60213,2025-04-11,"April 11, 2025","14,691.71",5.79,"3,94,644.55",5.73,"2,15,303.06",5.76,"-1,69,303.30","-1,77,108.00","-1,69,303.30"
60215,2025-04-12,"April 12, 2025",0.00,-,0.00,-,0.00,-,"-1,72,149.30","-1,37,518.00","-1,72,149.30"
60216,2025-04-13,"April 13, 2025",0.00,-,0.00,-,0.00,-,"-1,74,663.30","-1,34,789.00","-1,74,663.30"
60217,2025-04-14,"April 14, 2025",0.00,-,0.00,-,0.00,-,"-1,64,596.30","-1,30,683.00","-1,64,596.30"
60225,2025-04-15,"April 15, 2025","14,971.25",5.84,"4,07,428.90",5.74,"2,01,961.26",5.79,"-1,59,725.30","-1,67,530.00","-1,59,725.30"
60235,2025-04-16,"April 16, 2025","18,005.06",5.85,"4,28,281.20",5.71,"1,94,927.67",5.85,"-1,69,845.06",-177844.00,"-1,69,845.06"
60253,2025-04-17,"April 17, 2025","1,373.30",5.50,"3,476.00",5.72,213.97,5.25,"-2,13,939.06","-2,21,938.00","-2,13,939.06"
60255,2025-04-18,"April 18, 2025",0.00,-,0.00,-,0.00,-,"-1,88,477.06","-2,11,020.00","-1,88,477.06"
60256,2025-04-19,"April 19, 2025","1,556.10",5.50,"9,033.00",5.63,358.48,4.55,"-1,00,696.06","-1,28,965.00","-1,00,696.06"
60257,2025-04-20,"April 20, 2025",0.00,-,0.00,-,0.00,-,"-1,00,950.06","-1,01,175.00","-1,00,950.06"
60262,2025-04-21,"April 21, 2025","18,423.34",5.87,"4,16,314.00",5.83,"1,90,944.01",5.90,"-46,235.06","-80,140.00","-46,235.06"
60274,2025-04-22,"April 22, 2025","16,344.62",5.87,"4,28,406.90",5.86,"1,78,167.38",5.98,"-38,243.62","-72,917.00","-38,243.62"
60284,2025-04-23,"April 23, 2025","16,433.95",5.91,"4,23,148.05",5.83,"1,76,708.68",5.97,"-78,690.78","-1,14,453.00","-78,690.78"
60289,2025-04-24,"April 24, 2025","12,680.45",5.85,"4,11,215.45",5.77,"1,95,422.73",5.89,"-1,00,864.78","-1,36,627.00","-1,00,864.78"
60307,2025-04-25,"April 25, 2025","14,474.89",5.86,"4,05,721.70",5.76,"1,94,293.12",5.85,"-1,01,998.78","-1,37,761.00","-1,01,998.78"
60309,2025-04-26,"April 26, 2025",0.00,-,0.00,-,0.00,-,"-1,07,587.78","-1,33,533.00","-1,07,587.78"
60310,2025-04-27,"April 27, 2025",0.00,-,0.00,-,0.00,-,"-1,09,769.78","-1,25,700.00","-1,09,769.78"
60314,2025-04-28,"April 28, 2025","15,719.99",5.87,"4,01,754.30",5.75,"1,89,873.96",5.82,"-90,338.98","-1,24,771.00","-90,338.98"
60327,2025-04-29,"April 29, 2025","16,789.55",5.90,"4,07,447.80",5.85,"1,88,703.54",5.84,"-80,643.79","-1,15,084.00","-80,643.79"
60735,2025-06-27,"June 27, 2025","15,051.98",5.38,"4,06,137.85",5.42,"2,21,441.08",4.98,"-3,00,782.54","-3,07,793.00","-3,00,782.54"
60736,2025-06-28,"June 28, 2025",0.00,-,0.00,-,0.00,-,"-2,59,324.54","-1,55,408.00","-2,59,324.54"
60747,2025-06-30,"June 30, 2025","13,225.85",5.50,"3,96,463.00",5.42,"2,00,456.17",5.38,"-2,61,773.71","-1,84,046.00","-2,61,773.71"
60755,2025-07-01,"July 01, 2025","16,015.92",5.31,"4,61,298.45",5.19,"2,00,852.61",5.21,"-3,31,875.71","-2,54,148.00","-3,31,875.71"
60759,2025-07-02,"July 02, 2025","16,924.02",5.27,"4,29,235.45",5.14,"1,89,448.64",5.20,"-3,74,638.89","-2,95,881.00","-3,74,638.89"
60764,2025-07-03,"July 03, 2025","17,240.47",5.26,"4,15,519.40",5.12,"1,94,980.30",5.20,"-4,04,416.89","-3,25,659.00","-4,04,416.89"
60775,2025-07-04,"July 04, 2025","1,279.55",5.00,"3,957.00",5.00,97.00,5.00,"-4,24,668.89","-4,30,886.00","-4,24,668.89"
60776,2025-07-05,"July 05, 2025","1,535.90",4.91,"7,828.30",4.87,146.51,3.96,"-4,08,343.89","-2,84,939.00","-4,08,343.89"
60777,2025-07-06,"July 06, 2025",0.00,-,0.00,-,0.00,-,"-4,08,699.89","-2,50,311.00","-4,08,699.89"
60790,2025-07-07,"July 07, 2025","17,060.89",5.26,"4,00,746.10",5.11,"1,92,328.36",5.18,"-3,43,836.89","-2,49,814.00","-3,43,836.89"
60794,2025-07-08,"July 08, 2025","18,712.20",5.26,"3,90,353.65",5.13,"1,84,543.48",5.19,"-3,07,211.89","-2,12,949.00","-3,07,211.89"
60800,2025-07-09,"July 09, 2025","17,823.20",5.32,"3,95,112.65",5.29,"1,84,573.20",5.33,"-3,26,719.22","-2,32,270.00","-3,26,719.22"
60808,2025-07-10,"July 10, 2025","19,066.40",5.36,"3,86,756.85",5.25,"1,90,297.90",5.32,"-3,15,352.22","-1,23,543.00","-3,15,352.22"
60822,2025-07-11,"July 11, 2025","15,690.99",5.45,"4,01,112.75",5.30,"1,97,033.19",5.39,"-3,31,620.22","-3,37,501.00","-3,31,620.22"
60823,2025-07-12,"July 12, 2025",0.00,-,0.00,-,0.00,-,"-2,89,630.22","-1,27,808.00","-2,89,630.22"
60824,2025-07-13,"July 13, 2025",0.00,-,0.00,-,0.00,-,"-2,94,224.22","-1,32,371.00","-2,94,224.22"
60829,2025-07-14,"July 14, 2025","15,488.90",5.31,"3,74,506.85",5.19,"1,91,715.20",5.27,"-2,60,951.22","-1,15,199.00","-2,60,951.22"
60836,2025-07-15,"July 15, 2025","16,248.43",5.38,"3,95,077.45",5.30,"1,92,544.59",5.37,"-2,99,765.22","-1,54,013.00","-2,99,765.22"
60843,2025-07-16,"July 16, 2025","19,774.73",5.36,"3,84,694.90",5.28,"1,84,341.05",5.34,"-3,11,405.37","-1,08,185.00","-3,11,405.37"
60851,2025-07-17,"July 17, 2025","18,360.64",5.35,"4,06,012.65",5.28,"1,82,713.18",5.34,"-3,08,696.55","-1,05,471.00","-3,08,696.55"
60860,2025-07-18,"July 18, 2025","1,238.40",5.11,"3,345.50",5.22,140.12,4.76,"-3,09,515.52","-3,15,666.00","-3,09,515.52"
60864,2025-07-19,"July 19, 2025",897.80,5.00,"5,887.85",5.07,105.77,4.60,"-3,06,799.52","-1,10,343.00","-3,06,799.52"
60865,2025-07-20,"July 20, 2025",0.00,-,0.00,-,0.00,-,"-3,04,393.52","-1,02,490.00","-3,04,393.52"
60874,2025-07-21,"July 21, 2025","18,053.92",5.48,"4,14,235.80",5.51,"1,84,961.35",5.51,"-2,39,617.81","-46,102.00","-2,39,617.81"
60879,2025-07-22,"July 22, 2025","17,157.62",5.62,"4,17,073.80",5.69,"1,76,684.55",5.69,"-2,41,924.60","-50,472.00","-2,41,924.60"
60888,2025-07-23,"July 23, 2025","17,346.55",5.73,"4,04,014.05",5.72,"1,79,687.94",5.75,"-2,17,230.79","-27,607.00","-2,17,230.79"
60894,2025-07-24,"July 24, 2025","15,971.76",5.54,"4,10,930.35",5.44,"1,79,185.50",5.53,"-2,55,830.79","-1,16,208.00","-2,55,830.79"
60906,2025-07-25,"July 25, 2025","17,742.32",5.39,"3,88,181.05",5.32,"1,92,068.35",5.39,"-2,87,763.79","-2,98,063.00","-2,87,763.79"
60907,2025-07-26,"July 26, 2025",0.00,-,0.00,-,0.00,-,"-2,46,595.79","-1,19,046.00","-2,46,595.79"
60908,2025-07-27,"July 27, 2025",0.00,-,0.00,-,0.00,-,"-2,48,491.79","-1,20,957.00","-2,48,491.79"
60915,2025-07-28,"July 28, 2025","16,044.93",5.35,"3,88,160.45",5.26,"1,91,849.94",5.32,"-2,23,617.79","-1,08,909.00","-2,23,617.79"
60919,2025-07-29,"July 29, 2025","17,090.36",5.38,"3,99,756.25",5.30,"1,83,875.18",5.38,"-2,68,139.79","-1,53,431.00","-2,68,139.79"
60927,2025-07-30,"July 30, 2025","20,087.24",5.37,"3,97,447.20",5.33,"1,75,488.07",5.35,"-2,54,074.79","-93,308.00","-2,54,074.79"
60936,2025-07-31,"July 31, 2025","18,011.87",5.49,"3,98,426.75",5.43,"1,83,826.13",5.45,"-2,86,387.79","-1,25,621.00","-2,86,387.79"
60946,2025-08-01,"August 01, 2025",950.45,5.04,"6,437.05",5.24,0.00,-,"-3,65,201.79","-3,75,501.00","-3,65,201.79"
60947,2025-08-02,"August 02, 2025","1,089.75",4.95,"9,236.50",5.10,"1,165.05",4.60,"-4,11,606.79","-2,32,638.00","-4,11,606.79"
60948,2025-08-03,"August 03, 2025",0.00,-,0.00,-,0.00,-,"-4,09,619.79","-2,04,626.00","-4,09,619.79"
60952,2025-08-04,"August 04, 2025","15,411.51",5.37,"4,02,397.55",5.22,"1,91,802.07",5.29,"-3,99,964.79","-2,38,469.00","-3,99,964.79"
60956,2025-08-05,"August 05, 2025","15,815.00",5.36,"3,94,438.90",5.20,"1,88,662.53",5.26,"-3,97,132.79","-2,35,637.00","-3,97,132.79"
60969,2025-08-06,"August 06, 2025","16,511.94",5.33,"3,89,060.35",5.20,"1,92,246.61",5.20,"-3,90,650.79","-2,29,155.00","-3,90,650.79"
60979,2025-08-07,"August 07, 2025","20,333.19",5.44,"3,75,738.90",5.39,"1,97,916.24",5.26,"-3,54,931.76","-1,24,143.00","-3,54,931.76"
60991,2025-08-08,"August 08, 2025","14,810.72",5.55,"3,92,741.05",5.47,"2,14,455.05",5.32,"-3,12,788.53","-3,23,129.00","-3,12,788.53"
60994,2025-08-10,"August 10, 2025",0.00,-,0.00,-,0.00,-,"-2,46,779.53","-86,446.00","-2,46,779.53"
60995,2025-08-09,"August 09, 2025",0.00,-,0.00,-,0.00,-,"-2,43,858.53","-83,728.00","-2,43,858.53"
61004,2025-08-11,"August 11, 2025","16,907.59",5.36,"3,87,158.25",5.35,"2,02,920.78",5.19,"-2,77,141.53","-1,41,438.00","-2,77,141.53"
61009,2025-08-12,"August 12, 2025","17,909.75",5.45,"4,05,364.55",5.41,"1,97,505.11",5.33,"-2,62,980.53","-82,487.00","-2,62,980.53"
61020,2025-08-13,"August 13, 2025","13,293.67",5.46,"4,13,411.25",5.36,"1,94,366.96",5.33,"-2,90,261.53","-1,10,113.00","-2,90,261.53"
61036,2025-08-14,"August 14, 2025",673.25,5.22,"1,759.25",5.32,0.00,-,"-3,03,340.53","-3,14,426.00","-3,03,340.53"
61038,2025-08-15,"August 15, 2025",0.00,-,0.00,-,0.00,-,"-3,07,884.53","-1,19,385.00","-3,07,884.53"
61039,2025-08-16,"August 16, 2025",477.65,5.01,"15,686.45",5.05,330.37,3.74,"-3,10,675.53","-1,32,921.00","-3,10,675.53"
61040,2025-08-17,"August 17, 2025",0.00,-,0.00,-,0.00,-,"-3,11,504.53","-1,20,280.00","-3,11,504.53"
61044,2025-08-18,"August 18, 2025","16,504.70",5.40,"4,20,800.50",5.32,"2,00,259.39",5.32,"-3,06,055.24","-1,33,990.00","-3,06,055.24"
61053,2025-08-19,"August 19, 2025","16,735.50",5.43,"4,17,278.35",5.34,"1,94,784.35",5.05,"-2,98,619.24","-1,03,194.00","-2,98,619.24"
61060,2025-08-20,"August 20, 2025","16,699.90",5.47,"4,00,321.15",5.40,"1,98,968.05",4.96,"-2,65,333.24","-69,908.00","-2,65,333.24"
61068,2025-08-21,"August 21, 2025","19,022.22",5.52,"4,15,978.15",5.55,"1,96,101.80",5.13,"-2,17,469.13","-44,772.00","-2,17,469.13"
61078,2025-08-22,"August 22, 2025","17,970.39",5.51,"4,44,453.45",5.51,"2,04,044.63",5.32,"-2,18,866.90","-2,29,852.00","-2,18,866.90"
61079,2025-08-23,"August 23, 2025",0.00,-,0.00,-,0.00,-,"-1,62,204.90","-90,241.00","-1,62,204.90"
61080,2025-08-24,"August 24, 2025",0.00,-,0.00,-,0.00,-,"-1,64,115.90","-92,091.00","-1,64,115.90"
61092,2025-08-25,"August 25, 2025","18,313.38",5.45,"4,36,906.95",5.39,"2,11,600.35",5.39,"-1,79,528.33","-1,14,433.00","-1,79,528.33"
61096,2025-08-26,"August 26, 2025","17,767.78",5.44,"4,56,046.05",5.36,"1,93,823.01",5.37,"-1,90,952.42","-1,26,125.00","-1,90,952.42"
61098,2025-08-27,"August 27, 2025",0.00,-,0.00,-,0.00,-,"-1,83,263.42","-1,14,654.00","-1,83,263.42"
61109,2025-08-28,"August 28, 2025","17,689.02",5.46,"4,47,565.80",5.36,"1,85,240.93",5.38,"-2,37,211.42","-1,72,384.00","-2,37,211.42"
61125,2025-08-29,"August 29, 2025","1,328.45",5.07,"9,477.70",5.32,829.10,4.80,"-2,43,080.42","-2,54,034.00","-2,43,080.42"
61127,2025-08-30,"August 30, 2025",956.00,4.97,"12,805.55",5.17,372.60,3.99,"-2,64,908.42","-1,37,952.00","-2,64,908.42"
61138,2025-09-01,"September 01, 2025","19,090.43",5.42,"4,11,539.75",5.28,"1,87,119.53",5.32,"-2,89,959.42","-1,62,547.00","-2,89,959.42"
61141,2025-09-02,"September 02, 2025","19,453.43",5.39,"4,19,838.50",5.27,"1,96,842.70",5.28,"-3,03,379.34","-1,25,933.00","-3,03,379.34"
61170,2025-09-07,"September 07, 2025",0.00,-,0.00,-,0.00,-,"-2,53,508.46","-1,03,762.00","-2,53,508.46"
61171,2025-09-08,"September 08, 2025",0.00,-,0.00,-,0.00,-,"-2,36,007.46","-92,841.00","-2,36,007.46"
61832,2025-12-16,"December 16, 2025","22,735.79",5.41,"4,46,366.65",5.32,"2,11,013.88",5.36,"60,787.81","27,572.00","60,787.81"
61841,2025-12-17,"December 17, 2025","18,160.19",5.46,"4,39,833.90",5.28,"2,05,109.38",5.32,"68,586.12","-93,475.00","68,586.12"
61850,2025-12-18,"December 18, 2025","16,291.54",5.36,"4,77,284.75",5.15,"1,93,038.24",4.82,"29,910.12","-82,360.00","29,910.12"
61861,2025-12-19,"December 19, 2025",726.50,4.87,"8,267.50",5.06,259.60,4.00,"37,409.83","-1,25,397.00","37,409.83"
61863,2025-12-20,"December 20, 2025",704.25,4.77,"10,161.15",5.07,"1,135.02",4.43,"57,018.83","-1,04,278.00","57,018.83"
61864,2025-12-21,"December 21, 2025",0.00,-,0.00,-,0.00,-,"57,720.83","-92,751.00","57,720.83"
61868,2025-12-22,"December 22, 2025","18,149.59",5.38,"5,03,670.60",5.30,"1,99,071.77",5.26,"54,851.83","-57,902.00","54,851.83"
61878,2025-12-23,"December 23, 2025","16,171.31",5.42,"4,79,202.00",5.23,"2,10,106.69",5.34,"61,636.12","-66,653.00","61,636.12"
61887,2025-12-24,"December 24, 2025","17,445.39",5.47,"4,75,553.65",5.31,"2,08,589.84",5.38,"81,064.77","-32,074.00","81,064.77"
61891,2025-12-25,"December 25, 2025",0.00,-,0.00,-,0.00,-,"84,523.77","-1,12,517.00","84,523.77"
61898,2025-12-26,"December 26, 2025","19,903.06",5.46,"4,57,698.45",5.25,"1,93,728.87",5.40,"62,673.77","51,883.00","62,673.77"
61899,2025-12-27,"December 27, 2025",0.00,-,0.00,-,0.00,-,"63,982.77","-1,30,591.00","63,982.77"
61900,2025-12-28,"December 28, 2025",0.00,-,0.00,-,0.00,-,"62,301.77","-1,32,403.00","62,301.77"
61912,2025-12-29,"December 29, 2025","16,432.00",5.48,"4,64,752.00",5.23,"1,91,598.67",5.38,"71,584.27","-1,42,225.00","71,584.27"
61918,2025-12-30,"December 30, 2025","14,769.98",5.48,"4,51,287.55",5.29,"1,76,918.62",5.44,"8,603.70","-2,184.00","8,603.70"
61936,2025-12-31,"December 31, 2025","9,658.66",5.56,"3,94,577.20",5.33,"1,82,281.78",5.60,"-17,335.30","-1,71,841.00","-17,335.30"
61945,2026-01-01,"January 01, 2026","14,118.97",5.35,"4,39,396.35",5.20,"1,90,923.76",5.32,"-23,865.30","-34,653.00","-23,865.30"
61957,2026-01-02,"January 02, 2026","1,214.30",4.93,"6,228.50",5.25,150.64,5.15,"-61,447.30","-72,130.00","-61,447.30"
61959,2026-01-03,"January 03, 2026","1,065.60",4.75,"18,260.20",5.22,146.23,3.89,"-51,338.30","-86,931.00","-51,338.30"
61960,2026-01-04,"January 04, 2026",0.00,-,0.00,-,0.00,-,"-49,702.30","-82,143.00","-49,702.30"
61976,2026-01-05,"January 05, 2026","18,787.42",5.40,"4,51,651.35",5.15,"1,97,591.86",5.32,"-64,812.30","-1,01,290.00","-64,812.30"
61984,2026-01-06,"January 06, 2026","16,263.37",5.31,"4,62,195.55",5.07,"1,95,043.02",5.25,"-80,134.30","-1,18,082.00","-80,134.30"
61995,2026-01-07,"January 07, 2026","18,861.41",5.30,"4,45,876.75",5.19,"1,95,305.15",5.29,"-35,384.34","-48,943.00","-35,384.34"
62002,2026-01-08,"January 08, 2026","22,210.69",5.40,"4,52,368.30",5.33,"1,93,581.80",5.40,"19,309.66","-13,405.00","19,309.66"
62013,2026-01-09,"January 09, 2026","18,256.21",5.44,"4,65,773.05",5.20,"1,95,207.09",5.44,"-21,299.34","-34,858.00","-21,299.34"
62014,2026-01-10,"January 10, 2026",0.00,-,0.00,-,0.00,-,"-27,471.34","-1,39,417.00","-27,471.34"
62015,2026-01-11,"January 11, 2026",0.00,-,0.00,-,0.00,-,"-29,872.34","-1,41,108.00","-29,872.34"
62023,2026-01-12,"January 12, 2026","16,029.49",5.32,"4,68,466.40",5.06,"1,94,101.76",5.29,"-16,411.34","-1,56,800.00","-16,411.34"
62031,2026-01-13,"January 13, 2026","16,979.29",5.35,"4,90,765.15",5.26,"1,97,977.92",5.33,"-1,00,542.34","-1,13,721.00","-1,00,542.34"
62045,2026-01-14,"January 14, 2026","16,343.12",5.39,"4,64,481.15",5.29,"1,90,595.44",5.34,"-76,438.34","-89,617.00","-76,438.34"
62048,2026-01-15,"January 15, 2026",0.00,-,0.00,-,0.00,-,"-1,09,313.34","-1,50,050.00","-1,09,313.34"
62058,2026-01-16,"January 16, 2026","1,001.05",4.89,"5,510.00",5.05,254.27,4.42,"-1,21,502.34","-1,34,681.00","-1,21,502.34"
62060,2026-01-17,"January 17, 2026",802.25,4.82,"9,401.75",5.11,246.34,4.49,"-1,25,440.34","-1,35,402.00","-1,25,440.34"
62061,2026-01-18,"January 18, 2026",0.00,-,0.00,-,0.00,-,"-1,22,954.34","-1,20,931.00","-1,22,954.34"
62066,2026-01-19,"January 19, 2026","13,619.35",5.40,"4,87,279.30",5.13,"1,93,306.51",5.27,"-81,862.34","-95,041.00","-81,862.34"
62072,2026-01-20,"January 20, 2026","15,456.37",5.42,"4,69,748.15",5.12,"1,96,598.44",5.29,"-72,130.74","-1,43,424.00","-72,130.74"
62080,2026-01-21,"January 21, 2026","18,454.62",5.44,"4,85,016.85",5.27,"1,88,726.51",5.31,"6,121.05","-65,871.00","6,121.05"
62092,2026-01-22,"January 22, 2026","17,853.30",5.52,"4,92,727.90",5.19,"1,83,521.98",5.33,"-10,169.95","-1,08,697.00","-10,169.95"
62103,2026-01-23,"January 23, 2026","15,722.95",5.39,"5,18,956.15",5.11,"1,81,143.39",5.24,"-63,648.95","-1,53,446.00","-63,648.95"
62104,2026-01-24,"January 24, 2026",0.00,-,0.00,-,0.00,-,"-50,086.95","-1,36,705.00","-50,086.95"
62105,2026-01-25,"January 25, 2026",0.00,-,0.00,-,0.00,-,"-52,052.95","-1,35,881.00","-52,052.95"
62106,2026-01-26,"January 26, 2026",0.00,-,0.00,-,0.00,-,"-56,986.95","-1,40,840.00","-56,986.95"
62116,2026-01-27,"January 27, 2026","14,136.04",5.40,"5,26,795.00",5.16,"1,92,569.49",5.18,"-83,686.95","-1,23,474.00","-83,686.95"
62122,2026-01-28,"January 28, 2026","21,164.47",5.26,"5,36,068.95",5.16,"1,86,185.75",5.15,"-67,707.95","-1,07,495.00","-67,707.95"
62127,2026-01-29,"January 29, 2026","19,688.01",5.31,"5,21,347.75",5.27,"2,00,879.68",5.26,"-82,967.95","-1,02,455.00","-82,967.95"
62143,2026-01-30,"January 30, 2026","1,251.50",4.92,"7,893.95",4.67,250.82,4.63,"-1,46,350.95","-1,59,603.00","-1,46,350.95"
62144,2026-01-31,"January 31, 2026","3,158.15",5.28,"19,183.85",4.43,192.93,4.24,"-1,84,239.95","-3,29,220.00","-1,84,239.95"
62145,2026-02-01,"February 01, 2026",0.00,-,0.00,-,0.00,-,"-88,641.95","-1,97,747.00","-88,641.95"
62151,2026-02-02,"February 02, 2026","14,162.12",5.20,"4,97,242.60",4.57,"1,79,840.36",5.00,"-1,70,590.95","-3,20,187.00","-1,70,590.95"
62154,2026-02-03,"February 03, 2026","13,967.13",5.06,"4,90,010.35",4.40,"1,70,516.89",4.67,"-2,16,561.59","-3,63,991.00","-2,16,561.59"
62160,2026-02-04,"February 04, 2026","12,305.09",4.98,"4,68,035.05",4.24,"1,77,676.73",4.50,"-1,95,988.11","-3,41,537.00","-1,95,988.11"
62168,2026-02-05,"February 05, 2026","14,402.18",5.03,"4,72,526.15",4.30,"1,66,385.26",4.21,"-2,11,645.88","-3,56,713.00","-2,11,645.88"
62186,2026-02-06,"February 06, 2026",973.55,4.71,"2,538.00",4.60,184.94,3.66,"-3,62,475.52","-5,03,011.00","-3,62,475.52"
62187,2026-02-07,"February 07, 2026",865.45,4.55,"7,580.90",4.10,145.66,3.36,"-3,09,790.52","-3,94,075.00","-3,09,790.52"
62188,2026-02-08,"February 08, 2026",0.00,-,0.00,-,0.00,-,"-2,97,220.52","-3,65,615.00","-2,97,220.52"
62193,2026-02-09,"February 09, 2026","12,543.02",5.03,"4,73,682.45",4.27,"1,73,065.46",4.47,"-3,11,005.52","-4,51,271.00","-3,11,005.52"
62203,2026-02-10,"February 10, 2026","11,387.69",5.02,"4,82,804.85",4.40,"1,77,559.27",4.48,"-3,36,775.52","-4,76,696.00","-3,36,775.52"
62210,2026-02-11,"February 11, 2026","13,945.12",5.03,"4,85,867.80",4.66,"1,65,788.61",4.67,"-2,86,404.21","-4,23,296.00","-2,86,404.21"
62219,2026-02-12,"February 12, 2026","12,810.41",5.04,"4,84,117.55",4.79,"1,68,514.01",4.80,"-3,03,147.50","-4,39,387.00","-3,03,147.50"
62236,2026-02-13,"February 13, 2026","13,319.43",5.04,"4,86,262.60",4.86,"1,67,724.36",4.86,"-3,23,512.50","-4,58,907.00","-3,23,512.50"
62237,2026-02-14,"February 14, 2026",0.00,-,0.00,-,0.00,-,"-3,18,821.50","-3,70,352.00","-3,18,821.50"
62238,2026-02-15,"February 15, 2026",0.00,-,0.00,-,0.00,-,"-3,17,603.50","-3,70,909.00","-3,17,603.50"
62244,2026-02-16,"February 16, 2026","16,327.67",5.09,"4,96,434.95",4.84,"1,73,585.68",4.88,"-2,59,230.50","-3,94,625.00","-2,59,230.50"
62249,2026-02-17,"February 17, 2026","14,237.47",5.08,"5,13,648.60",4.83,"1,62,195.24",4.90,"-2,62,149.66","-3,95,738.00","-2,62,149.66"
62255,2026-02-18,"February 18, 2026","12,284.40",5.07,"4,81,762.25",4.89,"1,68,069.89",4.93,"-2,51,864.66","-3,85,078.00","-2,51,864.66"
62257,2026-02-19,"February 19, 2026",0.00,-,0.00,-,0.00,-,"-2,44,675.66","-3,23,353.00","-2,44,675.66"
62266,2026-02-20,"February 20, 2026",878.10,4.82,"3,579.90",4.80,249.68,4.24,"-2,27,063.66","-3,60,277.00","-2,27,063.66"
62267,2026-02-21,"February 21, 2026",853.71,4.72,"11,524.80",4.82,864.26,4.69,"-1,82,362.66","-2,97,146.00","-1,82,362.66"
62268,2026-02-22,"February 22, 2026",0.00,-,0.00,-,0.00,-,"-1,73,805.66","-2,51,573.00","-1,73,805.66"
62276,2026-02-23,"February 23, 2026","14,798.66",5.11,"4,92,630.95",4.93,"1,82,003.61",4.99,"-1,93,169.62","-3,25,614.00","-1,93,169.62"
62279,2026-02-24,"February 24, 2026","11,772.12",5.10,"5,04,977.95",4.89,"1,84,930.89",4.95,"-2,34,266.62","-3,67,986.00","-2,34,266.62"
62287,2026-02-25,"February 25, 2026","14,941.06",5.08,"4,78,239.60",4.89,"1,89,942.20",4.93,"-2,25,363.62","-3,59,308.00","-2,25,363.62"
62296,2026-02-26,"February 26, 2026","13,132.07",5.08,"4,64,277.75",4.90,"1,83,308.92",4.87,"-2,10,914.62","-3,44,859.00","-2,10,914.62"
62312,2026-02-28,"February 28, 2026",0.00,-,0.00,-,0.00,-,"-2,83,792.62","-3,73,061.00","-2,83,792.62"
62313,2026-03-01,"March 01, 2026",0.00,-,0.00,-,0.00,-,"-2,12,621.62","-2,99,653.00","-2,12,621.62"
62322,2026-03-02,"March 02, 2026","9,186.38",5.09,"4,48,917.50",4.87,"1,84,986.55",4.97,"-2,64,926.62","-3,88,871.00","-2,64,926.62"
62323,2026-03-03,"March 03, 2026",0.00,-,0.00,-,0.00,-,"-2,71,940.62","-3,29,504.00","-2,71,940.62"
62327,2026-03-04,"March 04, 2026","10,966.48",5.11,"4,68,028.85",4.85,"1,90,393.42",4.97,"-2,67,459.62","-3,91,404.00","-2,67,459.62"
62335,2026-03-05,"March 05, 2026","13,729.40",5.06,"4,68,130.95",4.79,"1,92,780.30",4.93,"-3,02,439.62","-4,26,384.00","-3,02,439.62"
62347,2026-03-06,"March 06, 2026","1,212.10",4.78,"6,157.00",4.99,149.40,4.25,"-2,90,992.62","-4,14,937.00","-2,90,992.62"
62348,2026-03-07,"March 07, 2026","1,070.70",4.76,"8,589.50",4.90,"4,371.47",5.08,"-2,47,278.62","-3,38,238.00","-2,47,278.62"
62349,2026-03-08,"March 08, 2026",0.00,-,0.00,-,0.00,-,"-2,41,177.62","-2,98,377.00","-2,41,177.62"
62354,2026-03-09,"March 09, 2026","15,621.99",5.07,"4,73,222.20",4.86,"1,92,057.10",4.56,"-2,19,106.62","-3,43,051.00","-2,19,106.62"
62361,2026-03-10,"March 10, 2026","15,009.45",5.07,"4,88,828.15",4.80,"1,94,428.04",4.84,"-2,74,311.28","-3,98,077.00","-2,74,311.28"
62370,2026-03-11,"March 11, 2026","16,993.21",5.08,"4,65,898.50",4.80,"1,88,881.97",4.88,"-2,39,896.95","-3,62,818.00","-2,39,896.95"
62375,2026-03-12,"March 12, 2026","17,450.01",5.07,"4,60,731.00",4.79,"1,90,526.81",4.84,"-2,48,500.95","-3,71,422.00","-2,48,500.95"
62383,2026-03-13,"March 13, 2026","20,426.88",5.10,"4,58,686.80",5.04,"1,92,821.85",5.01,"-2,13,386.61","-3,36,842.00","-2,13,386.61"
62384,2026-03-14,"March 14, 2026",0.00,-,0.00,-,0.00,-,"-2,09,802.61","-3,13,714.00","-2,09,802.61"
62385,2026-03-15,"March 15, 2026",0.00,-,0.00,-,0.00,-,"-2,08,218.61","-3,12,988.00","-2,08,218.61"
62389,2026-03-16,"March 16, 2026","24,016.90",5.31,"4,92,772.00",5.18,"1,90,256.26",5.19,"-75,483.63","-1,98,122.00","-75,483.63"
62394,2026-03-17,"March 17, 2026","28,424.67",5.28,"4,94,276.15",5.04,"1,83,833.50",5.18,"-81,963.69","-2,07,252.00","-81,963.69"
62405,2026-03-18,"March 18, 2026","19,012.52",5.29,"4,79,785.90",5.17,"1,85,865.20",5.12,"-27,397.36","-2,01,266.00","-27,397.36"
62407,2026-03-19,"March 19, 2026",0.00,-,0.00,-,0.00,-,"-16,875.36","-1,86,539.00","-16,875.36"
62417,2026-03-20,"March 20, 2026","17,022.04",5.34,"4,73,087.20",5.31,"1,94,017.94",5.26,"6,225.64","-1,67,643.00","6,225.64"
62419,2026-03-21,"March 21, 2026",0.00,-,0.00,-,0.00,-,"65,935.64","-1,26,532.00","65,935.64"
62420,2026-03-22,"March 22, 2026",0.00,-,0.00,-,0.00,-,"65,395.64","-1,31,971.00","65,395.64"
62431,2026-03-23,"March 23, 2026","16,602.00",5.30,"4,66,924.80",5.18,"1,87,258.56",5.29,"-26,196.36","-2,00,065.00","-26,196.36"
62437,2026-03-24,"March 24, 2026","22,284.47",5.32,"4,85,290.00",5.14,"1,81,604.65",5.25,"-61,628.57","-1,89,816.00","-61,628.57"
62444,2026-03-25,"March 25, 2026","13,511.07",5.30,"4,70,213.65",5.22,"1,87,269.41",5.23,"-43,217.38","-2,27,289.00","-43,217.38"
62446,2026-03-26,"March 26, 2026",0.00,-,0.00,-,0.00,-,"-48,698.38","-2,19,855.00","-48,698.38"
62460,2026-03-27,"March 27, 2026","15,380.11",5.46,"4,75,422.90",5.44,"1,86,023.49",5.43,"-1,14,350.91","-2,42,376.00","-1,14,350.91"
62462,2026-03-28,"March 28, 2026",0.00,-,0.00,-,0.00,-,"-1,27,027.91","-3,03,517.00","-1,27,027.91"
62463,2026-03-29,"March 29, 2026",0.00,-,0.00,-,0.00,-,"-1,27,343.91","-3,00,620.00","-1,27,343.91"
62479,2026-03-30,"March 30, 2026","7,400.56",6.90,"4,03,225.20",6.16,"1,70,597.11",6.57,"-2,45,160.86","-4,39,528.00","-2,45,160.86"
62486,2026-04-01,"April 01, 2026",0.00,-,0.00,-,0.00,-,"-1,84,554.86","-4,45,782.00","-1,84,554.86"
62487,2026-03-31,"March 31, 2026",0.00,-,0.00,-,0.00,-,"-3,09,219.86","-5,85,965.00","-3,09,219.86"
62499,2026-04-02,"April 02, 2026","1,125.90",4.78,"6,242.90",4.92,120.00,4.50,"-3,64,445.86","-4,93,491.00","-3,64,445.86"
62500,2026-04-03,"April 03, 2026",0.00,-,0.00,-,0.00,-,"-3,47,833.86","-4,01,865.00","-3,47,833.86"
62501,2026-04-04,"April 04, 2026","3,317.75",4.78,"29,974.70",4.38,328.93,3.96,"-3,71,576.86","-4,47,479.00","-3,71,576.86"
62502,2026-04-05,"April 05, 2026",0.00,-,0.00,-,0.00,-,"-3,67,957.86","-4,15,637.00","-3,67,957.86"
62510,2026-04-06,"April 06, 2026","20,358.41",5.08,"4,13,531.45",4.78,"1,85,763.76",4.75,"-3,95,330.86","-5,24,376.00","-3,95,330.86"
62513,2026-04-07,"April 07, 2026","19,769.57",5.09,"3,94,035.20",4.83,"1,90,711.69",4.67,"-4,01,801.71","-5,23,444.00","-4,01,801.71"
62527,2026-04-08,"April 08, 2026","15,671.45",5.08,"4,09,881.50",4.88,"1,81,754.00",4.56,"-4,57,389.26","-5,77,620.00","-4,57,389.26"
62536,2026-04-09,"April 09, 2026","17,673.47",5.08,"4,11,852.85",4.81,"1,81,271.45",4.63,"-4,55,354.26","-5,59,625.00","-4,55,354.26"
62550,2026-04-10,"April 10, 2026","15,647.29",5.05,"4,06,136.05",4.79,"1,81,748.90",4.55,"-5,54,023.26","-6,40,692.00","-5,54,023.26"
62551,2026-04-11,"April 11, 2026",0.00,-,0.00,-,0.00,-,"-5,54,842.26","-3,95,370.00","-5,54,842.26"
62552,2026-04-12,"April 12, 2026",0.00,-,0.00,-,0.00,-,"-5,54,796.26","-3,91,334.00","-5,54,796.26"
62560,2026-04-13,"April 13, 2026","15,930.86",5.04,"4,06,057.15",4.82,"1,67,761.39",4.86,"-5,24,481.26","-4,11,109.00","-5,24,481.26"
62562,2026-04-14,"April 14, 2026",0.00,-,0.00,-,0.00,-,"-5,13,352.26","-3,77,457.00","-5,13,352.26"
62567,2026-04-15,"April 15, 2026","15,904.38",5.08,"4,46,083.05",4.78,"1,69,708.93",4.77,"-5,21,472.11","-4,08,100.00","-5,21,472.11"
62572,2026-04-16,"April 16, 2026","20,514.62",5.09,"4,38,246.95",4.78,"1,69,033.99",4.77,"-4,09,493.86","-2,95,550.00","-4,09,493.86"
62582,2026-04-17,"April 17, 2026",973.55,4.85,"8,757.95",4.94,265.70,4.19,"-4,42,385.11","-4,93,002.00","-4,42,385.11"
62584,2026-04-18,"April 18, 2026",624.85,4.50,"13,436.75",4.77,"1,754.57",4.20,"-4,25,254.11","-2,63,795.00","-4,25,254.11"
62585,2026-04-19,"April 19, 2026",0.00,-,0.00,-,0.00,-,"-4,27,698.11","-2,42,728.00","-4,27,698.11"
62591,2026-04-20,"April 20, 2026","21,383.59",5.11,"4,67,447.10",4.95,"1,69,044.62",4.94,"-4,06,675.11","-2,57,261.00","-4,06,675.11"
62595,2026-04-21,"April 21, 2026","25,250.14",5.16,"4,79,423.75",5.06,"1,69,992.64",5.02,"-3,28,005.11","-1,78,591.00","-3,28,005.11"
62604,2026-04-22,"April 22, 2026","23,222.17",5.34,"4,72,598.10",5.14,"1,68,294.99",5.13,"-3,30,024.11","-1,80,610.00","-3,30,024.11"
62611,2026-04-23,"April 23, 2026","25,006.16",5.25,"4,86,312.80",5.12,"1,64,476.01",5.10,"-2,98,516.11","-1,49,277.00","-2,98,516.11"
62624,2026-04-24,"April 24, 2026","24,046.42",5.11,"4,93,660.35",5.03,"1,79,351.58",5.00,"-2,95,460.11","-3,46,252.00","-2,95,460.11"
62625,2026-04-25,"April 25, 2026",0.00,-,0.00,-,0.00,-,"-2,89,962.11","-3,13,689.00","-2,89,962.11"
62626,2026-04-26,"April 26, 2026",0.00,-,0.00,-,0.00,-,"-2,91,505.11","-3,15,324.00","-2,91,505.11"
62634,2026-04-27,"April 27, 2026","25,815.11",5.11,"5,02,630.55",5.02,"1,75,151.59",4.97,"-2,74,925.11","-3,25,717.00","-2,74,925.11"
62640,2026-04-28,"April 28, 2026","23,211.77",5.16,"5,13,159.65",5.05,"1,75,535.41",5.02,"-2,57,527.18","-3,07,587.00","-2,57,527.18"
62671,2026-04-30,"April 30, 2026","1,583.15",5.01,"7,955.55",5.30,0.00,-,"-2,58,014.80","-2,66,675.00","-2,58,014.80"
62672,2026-05-01,"May 01, 2026",0.00,-,0.00,-,0.00,-,"-171,863.80","-210,468.00","-171,863.80"
62673,2026-05-02,"May 02, 2026","1,810.55",4.92,"18,350.70",4.81,"1,636.38",4.39,"-205,495.80","-246,497.00","-205,495.80"
62674,2026-05-03,"May 03, 2026",0.00,-,0.00,-,0.00,-,"-202,605.80","-222,257.00","-202,605.80"
62683,2026-05-04,"May 04, 2026","14,949.06",5.17,"4,84,941.55",5.03,"1,73,323.22",4.98,"-2,56,668.80","-2,65,329.00","-2,56,668.80"
62687,2026-05-05,"May 05, 2026","16,761.65",5.17,"4,70,329.80",5.03,"1,74,328.55",5.01,"-2,80,280.80","-2,88,936.00","-2,80,280.80"
62693,2026-05-06,"May 06, 2026","15,664.83",5.17,"4,94,924.25",5.06,"1,73,385.24",5.01,"-2,65,197.90","-2,72,499.00","-2,65,197.90"
62698,2026-05-07,"May 07, 2026","17,069.33",5.18,"4,85,308.00",5.08,"1,76,742.02",5.03,"-2,37,194.57","-2,45,807.00","-2,37,194.57"
62715,2026-05-08,"May 08, 2026","18,941.74",5.18,"5,09,058.25",5.10,"1,74,786.04",5.07,"-2,14,938.57","-2,34,346.00","-2,14,938.57"
62716,2026-05-09,"May 09, 2026",0.00,-,0.00,-,0.00,-,"-214,846.57","-206,851.00","-214,846.57"
62717,2026-05-10,"May 10, 2026",0.00,-,0.00,-,0.00,-,"-222,157.57","-214,277.00","-222,157.57"
62720,2026-05-11,"May 11, 2026","16,111.14",5.31,"5,25,740.85",5.14,"1,89,200.78",5.10,"-1,94,231.57","-2,02,844.00","-1,94,231.57"
62726,2026-05-12,"May 12, 2026","16,051.42",5.25,"5,44,521.75",5.13,"1,72,504.58",5.11,"-2,28,342.57","-2,36,955.00","-2,28,342.57"
62731,2026-05-13,"May 13, 2026","15,770.95",5.24,"5,53,550.75",5.08,"1,82,849.05",5.10,"-2,22,656.57","-2,38,984.00","-2,22,656.57"
62740,2026-05-14,"May 14, 2026","15,463.05",5.21,"5,40,321.75",5.05,"1,75,888.60",5.06,"-2,17,548.57","-2,33,876.00","-2,17,548.57"
62751,2026-05-15,"May 15, 2026","1,067.80",4.87,"5,864.40",5.25,475.63,4.74,"-2,48,221.57","-2,57,359.00","-2,48,221.57"
62753,2026-05-16,"May 16, 2026","1,500.75",4.94,"14,679.35",5.01,219.53,5.03,"-199,256.57","-207,005.00","-199,256.57"
62754,2026-05-17,"May 17, 2026",0.00,-,0.00,-,0.00,-,"-142,473.57","-144,896.00","-142,473.57"
62764,2026-05-18,"May 18, 2026","17,303.29",5.18,"5,61,403.90",5.07,"1,75,939.15",5.09,"-1,82,434.57","-1,91,572.00","-1,82,434.57"
62770,2026-05-19,"May 19, 2026","15,011.35",5.21,"5,36,221.75",5.07,"1,80,900.80",5.09,"-1,50,871.57","-1,76,014.00","-1,50,871.57"
62778,2026-05-20,"May 20, 2026","18,512.49",5.23,"5,15,953.65",5.15,"1,86,071.94",5.15,"-1,28,630.52","-1,52,610.00","-1,28,630.52"
62784,2026-05-21,"May 21, 2026","18,675.13",5.27,"5,24,704.10",5.20,"1,84,692.90",5.18,"-58,876.29","-1,00,043.00","-58,876.29"
62799,2026-05-22,"May 22, 2026","19,954.00",5.37,"5,34,151.70",5.26,"1,64,175.94",5.23,"-54,977.42","-96,456.00","-54,977.42"
62801,2026-05-23,"May 23, 2026",0.00,-,0.00,-,0.00,-,"-51,821.42","-1,70,925.00","-51,821.42"
62802,2026-05-24,"May 24, 2026",0.00,-,0.00,-,0.00,-,"-55,286.42","-1,74,478.00","-55,286.42"
62806,2026-05-25,"May 25, 2026","16,332.75",5.36,"5,33,857.10",5.21,"1,66,142.01",5.20,"-67,285.42","-76,828.00","-67,285.42"
62810,2026-05-26,"May 26, 2026","14,282.67",5.35,"5,35,313.90",5.18,"1,73,948.41",5.16,"-54,465.42","-1,52,800.00","-54,465.42"
62817,2026-05-27,"May 27, 2026","18,886.72",5.36,"5,31,093.15",5.24,"1,90,350.92",5.20,"-66,898.44","-1,65,912.00","-66,898.44"
62822,2026-05-28,"May 28, 2026",0.00,-,0.00,-,0.00,-,"-67,482.44","-1,60,296.00","-67,482.44"
62839,2026-05-29,"May 29, 2026","1,393.65",5.05,"12,456.70",5.15,"1,195.91",4.67,"-1,03,837.44","-1,14,346.00","-1,03,837.44"
62842,2026-05-30,"May 30, 2026",837.95,4.94,"21,350.30",4.91,928.74,4.47,"-1,38,778.44","-2,36,795.00","-1,38,778.44"
62843,2026-05-31,"May 31, 2026",0.00,-,0.00,-,0.00,-,"-1,39,480.44","-2,33,965.00","-1,39,480.44"
62847,2026-06-01,"June 01, 2026","24,027.64",5.30,"5,34,019.30",5.16,"1,99,035.37",5.12,"-85,411.44","-95,920.00","-85,411.44"
62852,2026-06-02,"June 02, 2026","18,057.45",5.28,"4,78,506.10",5.20,"1,87,632.99",5.16,"-1,12,335.71","-1,22,840.00","-1,12,335.71"
62858,2026-06-03,"June 03, 2026","16,234.72",5.27,"5,01,256.80",5.13,"1,87,249.93",5.14,"-1,70,644.71","-1,98,594.00","-1,70,644.71"
62862,2026-06-04,"June 04, 2026","18,288.69",5.27,"4,76,270.75",5.04,"1,92,915.96",5.07,"-1,88,770.03","-2,26,924.00","-1,88,770.03"
62881,2026-06-05,"June 05, 2026",904.25,4.91,"7,154.40",4.99,146.07,4.50,"-1,85,817.03","-1,95,166.00","-1,85,817.03"
62883,2026-06-06,"June 06, 2026","1,050.05",4.88,"20,194.05",5.05,"5,073.61",5.32,"-1,59,398.03","-1,53,461.00","-1,59,398.03"
62884,2026-06-07,"June 07, 2026",0.00,-,0.00,-,0.00,-,"-1,66,139.03","-1,47,916.00","-1,66,139.03"
62895,2026-06-08,"June 8, 2026","17,207.64",5.30,"5,18,614.60",5.20,"1,87,786.29",5.16,"-1,33,691.03","-1,43,040.00","-1,33,691.03"
62899,2026-06-09,"June 9, 2026","18,485.71",5.27,"5,19,605.55",5.18,"1,83,099.84",5.18,"-1,47,212.03","-1,80,221.00","-1,47,212.03"
62912,2026-06-10,"June 10, 2026","18,967.63",5.28,"5,17,947.65",5.18,"1,75,986.34",5.17,"-1,46,007.03","-1,79,446.00","-1,46,007.03"
62917,2026-06-11,"June 11, 2026","16,981.69",5.27,"5,15,214.50",5.13,"1,84,830.60",5.16,"-1,58,987.21","-1,92,961.00","-1,58,987.21"
62929,2026-06-12,"June 12, 2026","14,966.55",5.27,"4,90,422.15",5.14,"1,73,690.90",5.16,"-1,65,541.21","-1,76,046.00","-1,65,541.21"
62931,2026-06-13,"June 13, 2026",0.00,-,0.00,-,0.00,-,"-1,74,022.21","-1,61,845.00","-1,74,022.21"
62932,2026-06-14,"June 14, 2026",0.00,-,0.00,-,0.00,-,"-1,72,856.21","-1,60,769.00","-1,72,856.21"
62942,2026-06-15,"June 15, 2026","18,322.10",5.29,"5,12,509.85",5.27,"1,77,505.98",5.23,"-1,51,131.21","-1,61,636.00","-1,51,131.21"
62948,2026-06-16,"June 16, 2026","18,276.53",5.36,"4,96,403.35",5.30,"1,74,074.57",5.28,"-23,881.21","-34,386.00","-23,881.21"
62955,2026-06-17,"June 17, 2026","20,840.09",5.35,"4,86,503.90",5.19,"1,73,076.36",5.27,"-4,772.21","-1,04,717.00","-4,772.21"
62968,2026-06-18,"June 18, 2026","18,500.97",5.33,"4,87,821.15",5.04,"1,53,230.78",5.18,"-19,163.11","-1,91,642.00","-19,163.11"
62984,2026-06-19,"June 19, 2026","1,150.35",4.96,"8,333.15",5.03,191.19,4.56,"-35,190.11","-1,35,365.00","-35,190.11"
62986,2026-06-20,"June 20, 2026",740.10,4.85,"15,083.50",5.03,87.84,5.05,"-32,203.11","-1,47,587.00","-32,203.11"
62987,2026-06-21,"June 21, 2026",0.00,-,0.00,-,0.00,-,"-30,685.11","-1,43,642.00","-30,685.11"
62995,2026-06-22,"June 22, 2026","19,151.55",5.33,"4,85,409.25",5.29,"1,71,044.34",5.26,"19,971.89","-80,203.00","19,971.89"
63002,2026-06-23,"June 23, 2026","20,969.93",5.38,"4,87,749.60",5.24,"1,82,451.39",5.28,"14,823.89","4,069.00","14,823.89"
63012,2026-06-24,"June 24, 2026","21,919.29",5.37,"4,62,044.80",5.20,"1,87,136.98",5.23,"10,311.89","-1,41,614.00","10,311.89"
63032,2026-06-25,"June 25, 2026","19,561.97",5.39,"4,55,431.35",5.30,"1,84,881.45",5.27,"39,196.89","-1,12,729.00","39,196.89"
63034,2026-06-26,"June 26, 2026",0.00,-,0.00,-,0.00,-,"42,668.89","-1,24,008.00","42,668.89"
63035,2026-06-27,"June 27, 2026",0.00,-,0.00,-,0.00,-,"40,787.89","-1,23,481.00","40,787.89"
63036,2026-06-28,"June 28, 2026",0.00,-,0.00,-,0.00,-,"41,562.89","-1,22,676.00","41,562.89"
63044,2026-06-29,"June 29, 2026","17,307.82",5.34,"4,45,714.15",5.25,"1,76,598.64",5.31,"13,076.51","-1,39,481.00","13,076.51"
63059,2026-06-30,"June 30, 2026","12,288.36",5.43,"4,33,193.50",5.39,"1,62,817.97",5.32,"-1,12,577.49","-1,98,985.00","-1,12,577.49"
63068,2026-07-01,"July 01, 2026","21,115.55",5.28,"5,07,156.80",5.22,"1,67,820.87",5.23,"-86,468.18","-97,827.00","-86,468.18"
63076,2026-07-02,"July 02, 2026","16,996.11",5.27,"4,77,507.90",5.10,"1,76,028.10",5.10,"-99,472.18","-1,40,526.00","-99,472.18"
63088,2026-07-03,"July 03, 2026",774.35,4.90,"15,365.90",5.06,699.00,5.37,"-1,67,906.18","-1,78,975.00","-1,67,906.18"
63090,2026-07-04,"July 04, 2026",744.55,4.88,"11,764.90",4.88,"1,327.94",4.84,"-1,70,007.18","-1,79,583.00","-1,70,007.18"
63091,2026-07-05,"July 05, 2026",0.00,-,0.00,-,0.00,-,"-1,84,898.18","-1,89,279.00","-1,84,898.18"
63096,2026-07-06,"July 06, 2026","17,791.29",5.25,"4,85,625.60",5.14,"1,75,623.62",5.12,"-1,19,104.18","-1,29,188.00","-1,19,104.18"
63104,2026-07-07,"July 07, 2026","17,876.66",5.25,"4,55,374.40",5.14,"1,72,427.83",5.19,"-1,25,832.18","-1,50,516.00","-1,25,832.18"
63108,2026-07-08,"July 08, 2026","22,781.79",5.27,"4,50,275.35",5.20,"1,79,050.48",5.21,"-74,181.18","-98,865.00","-74,181.18"
63117,2026-07-09,"July 09, 2026","24,893.22",5.34,"4,80,842.85",5.27,"1,78,345.95",5.30,"-1,10,894.18","-1,20,978.00","-1,10,894.18"
63125,2026-07-10,"July 10, 2026","22,988.27",5.35,"4,58,831.55",5.20,"1,71,647.33",5.26,"-1,13,865.18","-1,23,949.00","-1,13,865.18"
63126,2026-07-11,"July 11, 2026",0.00,-,0.00,-,0.00,-,"-1,14,843.18","-1,71,611.00","-1,14,843.18"
63127,2026-07-12,"July 12, 2026",0.00,-,0.00,-,0.00,-,"-1,14,776.18","-1,71,544.00","-1,14,776.18"
63140,2026-07-13,"July 13, 2026","24,560.93",5.30,"4,55,716.35",5.17,"1,79,387.02",5.26,"-1,39,248.18","-1,49,332.00","-1,39,248.18"
63148,2026-07-14,"July 14, 2026","22,662.51",5.24,"4,42,650.85",5.09,"1,78,336.51",5.19,"-1,48,792.18","-1,58,876.00","-1,48,792.18"
63160,2026-07-15,"July 15, 2026","18,401.00",5.24,"4,58,374.40",5.13,"1,79,142.84",5.15,"-1,30,684.18","-1,40,768.00","-1,30,684.18"
63167,2026-07-16,"July 16, 2026","21,228.64",5.35,"4,71,326.30",5.32,"1,82,271.60",5.28,"-83,196.18","-93,280.00","-83,196.18"
63187,2026-07-17,"July 17, 2026","1,793.25",5.17,"4,305.95",5.19,213.63,4.74,"-70,888.18","-81,672.00","-70,888.18"
63190,2026-07-18,"July 18, 2026",908.15,4.94,"16,111.00",4.41,"1,361.00",4.59,"-82,900.18","-1,64,025.00","-82,900.18"
63191,2026-07-19,"July 19, 2026",0.00,-,0.00,-,0.00,-,"-84,420.18","-1,59,575.00","-84,420.18"
63200,2026-07-20,"July 20, 2026","15,684.92",5.34,"4,69,428.30",5.25,"1,78,278.71",5.28,"-69,596.18","-80,945.00","-69,596.18"
63207,2026-07-21,"July 21, 2026","19,098.18",5.35,"4,46,470.05",5.23,"1,83,019.88",5.30,"-9,289.18","-94,249.00","-9,289.18"
63214,2026-07-22,"July 22, 2026","14,662.89",5.38,"4,59,373.95",5.22,"1,78,647.36",5.29,"-2,884.18","-1,22,135.00","-2,884.18"
63224,2026-07-23,"July 23, 2026","14,221.94",5.28,"4,72,781.75",5.02,"1,80,028.69",5.19,"-57,121.34","-1,84,619.00","-57,121.34"
63234,2026-07-24,"July 24, 2026","20,906.96",5.12,"4,78,230.15",5.05,"1,75,386.02",5.10,"-93,331.34","-1,78,362.00","-93,331.34"
63236,2026-07-25,"July 25, 2026",0.00,-,0.00,-,0.00,-,"-93,211.34","-1,74,733.00","-93,211.34"
63237,2026-07-26,"July 26, 2026",0.00,-,0.00,-,0.00,-,"-93,980.34","-1,75,382.00","-93,980.34"
63246,2026-07-27,"July 27, 2026","18,826.61",5.26,"4,85,865.95",5.22,"1,93,869.28",5.15,"-1,00,247.34","-1,13,227.00","-1,00,247.34"
63252,2026-07-28,"July 28, 2026","16,083.05",5.31,"4,79,909.60",5.30,"1,87,105.88",5.20,"-1,06,954.34","-1,32,654.00","-1,06,954.34"
63256,2026-07-29,"July 29, 2026","16,884.60",5.30,"4,69,381.60",5.14,"1,78,305.75",5.09,"-1,16,296.34","-1,41,996.00","-1,16,296.34"
63260,2026-07-30,"July 30, 2026","13,812.42",5.29,"4,79,902.60",5.27,"1,92,009.51",5.16,"-1,30,102.34","-1,43,082.00","-1,30,102.34"
63275,2026-07-31,"July 31, 2026","1,459.85",5.15,"7,458.30",5.26,250.48,3.90,"-2,32,932.34","-2,45,912.00","-2,32,932.34"
63276,2026-08-01,"August 01, 2026","1,361.70",4.95,"9,533.70",4.84,313.10,4.32,"-1,91,497.34","-2,02,669.00","-1,91,497.34"
63277,2026-08-02,"August 02, 2026",0.00,-,0.00,-,0.00,-,"-1,92,914.34","-1,84,045.00","-1,92,914.34"
63281,2026-08-03,"August 3, 2026","12,835.57",5.10,"4,62,245.85",4.94,"1,74,717.49",5.00,"-2,43,841.34","-2,56,821.00","-2,43,841.34"
63286,2026-08-04,"August 4, 2026","12,051.13",5.06,"4,36,898.60",4.88,"1,76,402.09",4.92,"-3,33,512.34","-3,45,372.00","-3,33,512.34"
63296,2026-08-05,"August 05, 2026","14,149.24",5.05,"4,26,328.20",4.88,"1,76,556.41",4.91,"-3,44,406.34","-3,55,001.00","-3,44,406.34"
63308,2026-08-06,"August 06, 2026","13,606.39",5.18,"4,20,159.15",5.02,"1,79,257.28",5.08,"-3,61,414.34","-3,72,009.00","-3,61,414.34"
63323,2026-08-07,"August 07, 2026","15,677.12",5.09,"4,10,804.20",4.96,"1,79,931.89",5.00,"-3,49,660.34","-2,29,969.00","-3,49,660.34"
63327,2026-08-08,"August 08, 2026",0.00,-,0.00,-,0.00,-,"-3,49,930.34","-2,25,265.00","-3,49,930.34"
63328,2026-08-09,"August 09, 2026",0.00,-,0.00,-,0.00,-,"-3,48,771.34","-2,24,196.00","-3,48,771.34"
63334,2026-08-10,"August 10, 2026","13,301.83",5.09,"4,33,042.25",4.99,"1,70,089.92",5.09,"-3,19,400.34","-3,29,995.00","-3,19,400.34"
63345,2026-08-11,"August 11, 2026","14,865.67",5.09,"4,12,484.75",4.98,"1,70,364.40",5.04,"-3,34,714.34","-2,49,499.00","-3,34,714.34"
63358,2026-08-12,"August 12, 2026","15,174.91",5.11,"3,97,202.30",5.04,"1,75,614.97",5.08,"-3,43,345.58","-2,14,886.00","-3,43,345.58"
63365,2026-08-13,"August 13, 2026","19,326.43",5.21,"3,89,967.65",5.09,"1,64,806.62",5.12,"-3,54,167.58","-2,25,708.00","-3,54,167.58"
63382,2026-08-14,"August 14, 2026","13,497.74",5.23,"4,04,961.35",5.06,"1,65,572.91",5.13,"-3,98,328.58","-3,12,429.00","-3,98,328.58"
63386,2026-08-15,"August 15, 2026",0.00,-,0.00,-,0.00,-,"-3,95,939.58","-2,29,152.00","-3,95,939.58"
63387,2026-08-16,"August 16, 2026",0.00,-,0.00,-,0.00,-,"-3,63,796.58","-1,95,176.00","-3,63,796.58"
63391,2026-08-17,"August 17, 2026","13,126.53",5.18,"4,28,843.20",5.02,"1,82,414.37",5.06,"-3,62,558.34","-3,72,469.00","-3,62,558.34"
63399,2026-08-18,"August 18, 2026","11,328.97",5.11,"4,57,896.55",4.97,"1,70,597.37",5.05,"-3,90,969.34","-3,01,935.00","-3,90,969.34"
63405,2026-08-19,"August 19, 2026","11,991.91",5.15,"4,44,150.45",4.96,"1,65,164.43",5.03,"-3,70,859.94","-2,81,831.00","-3,70,859.94"
63413,2026-08-20,"August 20, 2026","15,676.67",5.16,"4,41,475.00",5.05,"1,79,010.04",5.01,"-3,50,057.94","-2,60,599.00","-3,50,057.94"
63427,2026-08-21,"August 21, 2026","13,284.41",5.19,"4,52,790.20",5.07,"1,83,576.32",4.97,"-3,40,041.94","-2,50,583.00","-3,40,041.94"
63431,2026-08-22,"August 22, 2026",0.00,-,0.00,-,0.00,-,"-3,42,424.94","-1,55,634.00","-3,42,424.94"
63432,2026-08-23,"August 23, 2026",0.00,-,0.00,-,0.00,-,"-3,40,120.94","-1,53,390.00","-3,40,120.94"
63440,2026-08-24,"August 24, 2026","17,145.82",5.19,"4,80,936.65",5.02,"1,82,624.58",4.96,"-3,64,165.94","-3,71,497.00","-3,64,165.94"
63446,2026-08-25,"August 25, 2026","14,100.71",5.18,"4,77,584.60",5.01,"1,80,749.95",4.98,"-3,81,000.34","-2,95,362.00","-3,81,000.34"
63449,2026-08-26,"August 26, 2026",0.00,-,0.00,-,0.00,-,"-3,75,730.34","-1,90,718.00","-3,75,730.34"
63457,2026-08-27,"August 27, 2026","13,611.26",5.21,"4,77,832.85",5.08,"1,88,855.39",5.02,"-3,74,942.34","-2,89,304.00","-3,74,942.34"
63469,2026-08-28,"August 28, 2026","1,166.75",4.99,"8,526.80",5.02,493.00,5.03,"-4,87,762.34","-4,02,124.00","-4,87,762.34"
63474,2026-08-29,"August 29, 2026","1,590.40",4.95,"9,323.65",4.72,470.68,4.58,"-5,01,455.34","-2,62,085.00","-5,01,455.34"
63475,2026-08-30,"August 30, 2026",0.00,-,0.00,-,0.00,-,"-5,04,458.34","-2,58,132.00","-5,04,458.34"
63486,2026-08-31,"August 31, 2026","12,984.27",5.18,"4,73,195.15",4.96,"1,73,658.34",5.00,"-6,65,348.34","-6,71,690.00","-6,65,348.34"
63497,2026-09-01,"September 01, 2026","11,760.67",5.16,"4,79,207.75",4.82,"1,63,344.97",4.93,"-7,76,493.50","-6,48,190.00","-7,76,493.50"
63504,2026-09-02,"September 02, 2026","10,677.54",5.02,"4,92,388.20",4.68,"1,46,169.23",4.79,"-9,70,262.50","-7,27,639.00","-9,70,262.50"
63511,2026-09-03,"September 03, 2026","6,035.04",4.95,"5,06,363.20",4.45,"1,55,517.41",4.43,"-10,31,465.50","-7,88,842.00","-10,31,465.50"
63529,2026-09-04,"September 04, 2026",387.00,4.40,"3,758.80",4.38,0.00,-,"-10,73,184.50","-8,30,561.00","-10,73,184.50"
63533,2026-09-05,"September 05, 2026","1,131.75",3.87,"15,969.00",2.99,253.04,3.50,"-11,12,430.50","-2,64,000.00","-11,12,430.50"
63534,2026-09-06,"September 06, 2026",0.00,-,0.00,-,0.00,-,"-11,16,006.50","-2,45,922.00","-11,16,006.50"
63541,2026-09-07,"September 07, 2026","10,329.70",4.97,"4,90,641.55",4.59,"1,78,093.06",4.23,"-10,36,485.50","-7,93,382.00","-10,36,485.50"
63551,2026-09-08,"September 08, 2026","9,896.91",4.98,"4,85,700.60",4.58,"1,81,433.83",4.36,"-10,48,904.94","-6,59,910.00","-10,48,904.94"
63562,2026-09-09,"September 09, 2026","11,923.12",4.99,"4,86,499.45",4.59,"1,76,681.42",4.34,"-10,49,684.89","-6,59,493.00","-10,49,684.89"
63572,2026-09-10,"September 10, 2026","10,335.01",4.98,"4,86,883.05",4.65,"1,73,218.94",4.44,"-10,43,432.89","-6,53,116.00","-10,43,432.89"
