symbol,buyOrderPrice1,buyOrderQty1,sellOrderPrice1,sellQty1,lastTradedPrice,underLyingLtp,futuresLtp,spread,spreadPer,openPositions,annualisedYieldPer,volume,turnOver,transactionValue,caExpDate,ca,meta,series_key,snapshot_date
KAYNES,0.0,0,65.0,9,0.0,3505.0,3418.0,87.0,2.48,0,0.0,0,0.0,0.0,08-Sep-2023,ANNUAL GENERAL MEETING 08-Sep-2023,{'isSLBSec': True},10,2026-09-13
PIIND,0.0,0,0.0,0,0.0,2259.0,2228.6,30.4,1.35,0,0.0,0,0.0,0.0,07-Aug-2026,DIVIDEND - RS 10 PER SHARE 07-Aug-2026,{'isSLBSec': True},10,2026-09-13
MANAPPURAM,0.0,0,0.0,0,0.0,329.0,325.05,3.95,1.2,0,0.0,0,0.0,0.0,17-Aug-2026,INTERIM DIVIDEND - RE 1 PER SHARE 17-Aug-2026,{'isSLBSec': True},10,2026-09-13
WIPRO,0.0,0,0.0,0,0.0,167.4,165.41,1.99,1.19,0,0.0,0,0.0,0.0,27-Jul-2026,INTERIM DIVIDEND - RS 2 PER SHARE 27-Jul-2026,{'isSLBSec': True},10,2026-09-13
BDL,0.0,0,0.0,0,0.0,1190.0,1179.1,10.9,0.92,0,0.0,0,0.0,0.0,09-Feb-2026,INTERIM DIVIDEND - RS 4.50 PER SHARE 09-Feb-2026,{'isSLBSec': True},10,2026-09-13
LTM,0.0,0,0.0,0,0.0,4275.0,4243.6,31.4,0.73,0,0.0,0,0.0,0.0,25-May-2026,DIVIDEND - RS 53 PER SHARE 25-May-2026,{'isSLBSec': True},10,2026-09-13
BLUESTARCO,0.0,0,0.0,0,0.0,1558.0,1547.3,10.7,0.69,0,0.0,0,0.0,0.0,17-Jul-2026,DIVIDEND - RS 8.50 PER SHARE 17-Jul-2026,{'isSLBSec': True},10,2026-09-13
HAVELLS,0.0,0,0.0,0,0.0,1111.0,1103.5,7.5,0.68,0,0.0,0,0.0,0.0,22-May-2026,DIVIDEND - RS 6 PER SHARE 22-May-2026,{'isSLBSec': True},10,2026-09-13
KFINTECH,0.0,0,0.0,0,0.0,900.0,894.2,5.8,0.64,0,0.0,0,0.0,0.0,15-Jul-2026,DIVIDEND - RS 12 PER SHARE 15-Jul-2026,{'isSLBSec': True},10,2026-09-13
OFSS,0.0,0,0.0,0,0.0,11763.0,11692.0,71.0,0.6,0,0.0,0,0.0,0.0,07-May-2026,INTERIM DIVIDEND - RS 270 PER SHARE 07-May-2026,{'isSLBSec': True},10,2026-09-13
GMRAIRPORT,0.0,0,0.0,0,0.0,97.98,97.52,0.46,0.47,0,0.0,0,0.0,0.0,05-Sep-2024,ANNUAL GENERAL MEETING 05-Sep-2024,{'isSLBSec': True},10,2026-09-13
CDSL,0.0,0,0.0,0,0.0,1360.0,1355.4,4.6,0.34,0,0.0,0,0.0,0.0,17-Jul-2026,DIVIDEND - RS 12.75 PER SHARE 17-Jul-2026,{'isSLBSec': True},10,2026-09-13
OIL,0.0,0,0.0,0,0.0,489.8,488.4,1.4,0.29,0,0.0,0,0.0,0.0,04-Sep-2026,DIVIDEND - RE 1 PER SHARE 04-Sep-2026,{'isSLBSec': True},10,2026-09-13
PATANJALI,0.0,0,0.0,0,0.0,341.0,340.0,1.0,0.29,0,0.0,0,0.0,0.0,21-Aug-2026,INTERIM DIVIDEND - RE 0.80 PER SHARE 21-Aug-2026,{'isSLBSec': True},10,2026-09-13
CIPLA,0.0,0,0.0,0,0.0,1366.0,1362.3,3.7,0.27,0,0.0,0,0.0,0.0,05-Jun-2026,DIVIDEND - RS 13 PER SHARE 05-Jun-2026,{'isSLBSec': True},10,2026-09-13
VMM,0.0,0,0.0,0,0.0,101.71,101.45,0.26,0.26,0,0.0,0,0.0,0.0,, ,{'isSLBSec': True},10,2026-09-13
GRASIM,0.0,0,0.0,0,0.0,3281.9,3273.8,8.1,0.25,0,0.0,0,0.0,0.0,07-Aug-2026,DIVIDEND - RS 10 PER SHARE 07-Aug-2026,{'isSLBSec': True},10,2026-09-13
PETRONET,0.0,0,0.0,0,0.0,287.2,286.5,0.7,0.24,0,0.0,0,0.0,0.0,12-Jun-2026,DIVIDEND - RS 3 PER SHARE 12-Jun-2026,{'isSLBSec': True},10,2026-09-13
BAJAJHLDNG,0.0,0,0.0,0,0.0,11134.0,11109.0,25.0,0.22,0,0.0,0,0.0,0.0,30-Jun-2026,DIVIDEND - RS 80 PER SHARE & SPECIAL DIVIDEND RS 50 PER SHARE 30-Jun-2026,{'isSLBSec': True},10,2026-09-13
JINDALSTEL,0.0,0,0.0,0,0.0,1120.5,1118.1,2.4,0.21,0,0.0,0,0.0,0.0,21-Aug-2026,DIVIDEND - RS 2 PER SHARE 21-Aug-2026,{'isSLBSec': True},10,2026-09-13
AUROPHARMA,0.0,0,0.0,0,0.0,1679.8,1676.2,3.6,0.21,0,0.0,0,0.0,0.0,17-Apr-2026,BUY BACK 17-Apr-2026,{'isSLBSec': True},10,2026-09-13
BANKBARODA,0.0,0,0.0,0,0.0,238.13,237.71,0.42,0.18,0,0.0,0,0.0,0.0,05-Jun-2026,DIVIDEND - RS 8.50 PER SHARE 05-Jun-2026,{'isSLBSec': True},10,2026-09-13
IEX,0.0,0,0.0,0,0.0,113.88,113.69,0.19,0.17,0,0.0,0,0.0,0.0,15-May-2026,DIVIDEND - RS 2 PER SHARE 15-May-2026,{'isSLBSec': True},10,2026-09-13
MAZDOCK,0.0,0,0.0,0,0.0,2339.0,2335.4,3.6,0.15,0,0.0,0,0.0,0.0,20-Aug-2026,DIVIDEND - RS 4.62 PER SHARE 20-Aug-2026,{'isSLBSec': True},10,2026-09-13
FEDERALBNK,0.0,0,0.0,0,0.0,344.5,344.05,0.45,0.13,0,0.0,0,0.0,0.0,14-Aug-2026,DIVIDEND - RS 1.20 PER SHARE 14-Aug-2026,{'isSLBSec': True},10,2026-09-13
GODREJCP,0.0,0,0.0,0,0.0,865.0,863.9,1.1,0.13,0,0.0,0,0.0,0.0,13-Aug-2026,INTERIM DIVIDEND - RS 5 PER SHARE 13-Aug-2026,{'isSLBSec': True},10,2026-09-13
PIDILITIND,0.0,0,0.0,0,0.0,1566.9,1564.9,2.0,0.13,0,0.0,0,0.0,0.0,23-Jul-2026,DIVIDEND - RS 11.50 PER SHARE 23-Jul-2026,{'isSLBSec': True},10,2026-09-13
MOTHERSON,0.0,0,0.0,0,0.0,164.45,164.27,0.18,0.11,0,0.0,0,0.0,0.0,14-Jul-2026,DIVIDEND - RS 0.25 PER SHARE 14-Jul-2026,{'isSLBSec': True},10,2026-09-13
MAXHEALTH,0.0,0,0.0,0,0.0,1037.7,1036.6,1.1,0.11,0,0.0,0,0.0,0.0,03-Jul-2026,DIVIDEND - RS 2 PER SHARE 03-Jul-2026,{'isSLBSec': True},10,2026-09-13
GODFRYPHLP,0.0,0,0.0,0,0.0,1927.0,1925.0,2.0,0.1,0,0.0,0,0.0,0.0,11-Aug-2026,DIVIDEND - RS 33 PER SH 11-Aug-2026,{'isSLBSec': True},10,2026-09-13
ABB,0.0,0,0.0,0,0.0,7274.0,7267.0,7.0,0.1,0,0.0,0,0.0,0.0,07-Aug-2026,SPECIAL DIVIDEND - RS 90 PER SHARE 07-Aug-2026,{'isSLBSec': True},10,2026-09-13
RVNL,0.0,0,15.0,43,0.0,204.9,204.71,0.19,0.09,0,0.0,0,0.0,0.0,18-Aug-2026,DIVIDEND - RE 0.71 PER SHARE 18-Aug-2026,{'isSLBSec': True},10,2026-09-13
BANDHANBNK,0.0,0,0.0,0,0.0,176.52,176.36,0.16,0.09,0,0.0,0,0.0,0.0,17-Aug-2026,DIVIDEND - RS 1.50 PER SHARE 17-Aug-2026,{'isSLBSec': True},10,2026-09-13
TRENT,0.0,0,0.0,0,0.0,2802.4,2799.9,2.5,0.09,0,0.0,0,0.0,0.0,12-Jun-2026,DIVIDEND - RS 4 PER SHARE 12-Jun-2026,{'isSLBSec': True},10,2026-09-13
NAM-INDIA,0.0,0,0.0,0,0.0,1189.6,1188.6,1.0,0.08,0,0.0,0,0.0,0.0,25-Jun-2026,DIVIDEND - RS 12.50 PER SHARE 25-Jun-2026,{'isSLBSec': True},10,2026-09-13
JSWENERGY,0.0,0,0.0,0,0.0,526.45,526.1,0.35,0.07,0,0.0,0,0.0,0.0,05-Jun-2026,DIVIDEND - RS 2 PER SHARE 05-Jun-2026,{'isSLBSec': True},10,2026-09-13
AMBER,0.0,0,0.0,0,0.0,7245.0,7240.0,5.0,0.07,0,0.0,0,0.0,0.0,02-Aug-2024,ANNUAL GENERAL MEETING 02-Aug-2024,{'isSLBSec': True},10,2026-09-13
HYUNDAI,0.0,0,0.0,0,0.0,2174.0,2173.0,1.0,0.05,0,0.0,0,0.0,0.0,05-Aug-2026,DIVIDEND - RS 21 PER SHARE 05-Aug-2026,{'isSLBSec': True},10,2026-09-13
SHREECEM,0.0,0,0.0,0,0.0,22570.0,22560.0,10.0,0.04,0,0.0,0,0.0,0.0,17-Jul-2026,DIVIDEND - RS 70 PER SHARE 17-Jul-2026,{'isSLBSec': True},10,2026-09-13
INOXWIND,0.0,0,0.0,0,0.0,76.5,76.47,0.03,0.04,0,0.0,0,0.0,0.0,29-Jul-2025,RIGHTS 5:78 @ PREMIUM RS 110/- 29-Jul-2025,{'isSLBSec': True},10,2026-09-13
PAGEIND,0.0,0,0.0,0,0.0,35365.0,35355.0,10.0,0.03,0,0.0,0,0.0,0.0,19-Aug-2026,INTERIM DIVIDEND - RS 200 PER SHARE 19-Aug-2026,{'isSLBSec': True},10,2026-09-13
POWERGRID,0.0,0,0.0,0,0.0,269.1,269.05,0.05,0.02,0,0.0,0,0.0,0.0,13-Aug-2026,DIVIDEND - RS 1.25 PER SHARE 13-Aug-2026,{'isSLBSec': True},10,2026-09-13
ICICIPRULI,0.0,0,0.0,0,0.0,471.5,471.4,0.1,0.02,0,0.0,0,0.0,0.0,05-Jun-2026,DIVIDEND - RS 1.65 PER SHARE 05-Jun-2026,{'isSLBSec': True},10,2026-09-13
BAJAJHFL,0.0,0,1.0,301,0.0,0.0,0.0,0.0,0.0,0,0.0,0,0.0,0.0,, ,{'isSLBSec': True},10,2026-09-13
LINDEINDIA,0.0,0,40.0,4,0.0,0.0,0.0,0.0,0.0,0,0.0,0,0.0,0.0,06-Aug-2026,DIVIDEND - RS 4 PER SHARE/SPECIAL DIVIDEND - 8 PER SHARE 06-Aug-2026,{'isSLBSec': True},10,2026-09-13
TIMKEN,0.0,0,18.0,5,0.0,0.0,0.0,0.0,0.0,0,0.0,0,0.0,0.0,31-Jul-2026,DIVIDEND - RS 2.50 PER SHARE 31-Jul-2026,{'isSLBSec': True},10,2026-09-13
TATACAP,0.0,0,3.49,222,0.0,0.0,0.0,0.0,0.0,0,0.0,0,0.0,0.0,27-Jul-2026,DIVIDEND - RE 0.57 PER SHARE 27-Jul-2026,{'isSLBSec': True},10,2026-09-13
MANKIND,0.0,0,0.0,0,0.0,2280.0,2279.9,0.1,0.0,0,0.0,0,0.0,0.0,08-Aug-2025,INTERIM DIVIDEND - RE 1  PER SHARE 08-Aug-2025,{'isSLBSec': True},10,2026-09-13
JWL,0.0,0,15.0,9100,0.0,0.0,0.0,0.0,0.0,0,0.0,0,0.0,0.0,30-May-2025,INTERIM DIVIDEND - RS 1 PER SHARE 30-May-2025,{'isSLBSec': True},10,2026-09-13
SCHNEIDER,0.0,0,8.0,12,0.0,0.0,0.0,0.0,0.0,0,0.0,0,0.0,0.0,27-Aug-2024,ANNUAL GENERAL MEETING 27-Aug-2024,{'isSLBSec': True},10,2026-09-13
ETERNAL,0.0,0,4.98,250,0.0,323.5,324.15,-0.65,-0.2,0,0.0,0,0.0,0.0,, ,{'isSLBSec': True},10,2026-09-13
KEI,0.0,0,45.0,6,0.0,4578.0,4587.0,-9.0,-0.2,0,0.0,0,0.0,0.0,28-Jan-2026,INTERIM DIVIDEND - RS 4.50 PER SHARE 28-Jan-2026,{'isSLBSec': True},10,2026-09-13
VBL,0.0,0,2.5,50,0.0,416.5,417.4,-0.9,-0.22,0,0.0,0,0.0,0.0,31-Jul-2026,INTERIM DIVIDEND - RE 0.50 PER SHARE 31-Jul-2026,{'isSLBSec': True},10,2026-09-13
HDFCBANK,0.0,0,1.5,300,0.0,708.25,710.55,-2.3,-0.32,0,4.48,0,0.0,0.0,19-Jun-2026,DIVIDEND - RS 13 PER SHARE 19-Jun-2026,{'isSLBSec': True},10,2026-09-13
IRFC,0.0,0,2.0,65,0.0,81.09,81.36,-0.27,-0.33,0,0.0,0,0.0,0.0,13-Mar-2026,INTERIM DIVIDEND - RS 1.05 PER SHARE 13-Mar-2026,{'isSLBSec': True},10,2026-09-13
APLAPOLLO,0.0,0,37.0,4,0.0,2153.5,2160.8,-7.3,-0.34,0,0.0,0,0.0,0.0,08-Sep-2026,DIVIDEND - RS 8.50 PER SHARE 08-Sep-2026,{'isSLBSec': True},10,2026-09-13
TIINDIA,0.0,0,18.0,11,0.0,2606.1,2615.5,-9.4,-0.36,0,0.0,0,0.0,0.0,07-Aug-2026,DIVIDEND - RS 1.50  PER SHARE 07-Aug-2026,{'isSLBSec': True},10,2026-09-13
ADANIPOWER,0.0,0,0.3,1000,0.0,209.97,211.2,-1.23,-0.59,0,1.51,0,0.0,0.0,22-Sep-2025,FACE VALUE SPLIT (SUB-DIVISION) - FROM RS 10/- PER SHARE TO RS 2/- PER SHARE 22-Sep-2025,{'isSLBSec': True},10,2026-09-13
POLYCAB,0.0,0,45.0,3,0.0,8241.0,8293.0,-52.0,-0.63,0,0.0,0,0.0,0.0,19-Jun-2026,DIVIDEND - RS 47 PER SHARE 19-Jun-2026,{'isSLBSec': True},10,2026-09-13
BPCL,0.0,0,0.65,1000,0.0,304.5,306.55,-2.05,-0.67,0,0.05,0,0.0,0.0,02-Feb-2026,INTERIM DIVIDEND - RS 10 PER SHARE 02-Feb-2026,{'isSLBSec': True},10,2026-09-13
INFY,0.0,0,1.3,70,0.0,1037.7,1044.8,-7.1,-0.68,0,12.23,0,0.0,0.0,10-Jun-2026,DIVIDEND - RS 25 PER SHARE 10-Jun-2026,{'isSLBSec': True},10,2026-09-13
RELIANCE,0.0,0,0.45,150,0.0,1257.5,1266.1,-8.6,-0.68,0,0.63,0,0.0,0.0,05-Jun-2026,DIVIDEND - RS 6 PER SHARE 05-Jun-2026,{'isSLBSec': True},10,2026-09-13
ICICIBANK,0.0,0,0.7,70,0.0,1379.3,1390.1,-10.8,-0.78,0,0.86,0,0.0,0.0,03-Aug-2026,DIVIDEND - RS 12 PER SHARE 03-Aug-2026,{'isSLBSec': True},10,2026-09-13
KAYNES,0.0,0,0.0,0,0.0,3505.0,3418.0,87.0,2.48,0,0.0,0,0.0,0.0,08-Sep-2023,ANNUAL GENERAL MEETING 08-Sep-2023,{'isSLBSec': True},OD,2026-09-13
PIIND,0.0,0,0.0,0,0.0,2259.0,2228.6,30.4,1.35,0,0.0,0,0.0,0.0,07-Aug-2026,DIVIDEND - RS 10 PER SHARE 07-Aug-2026,{'isSLBSec': True},OD,2026-09-13
MANAPPURAM,0.0,0,0.0,0,0.0,329.0,325.05,3.95,1.2,0,0.0,0,0.0,0.0,17-Aug-2026,INTERIM DIVIDEND - RE 1 PER SHARE 17-Aug-2026,{'isSLBSec': True},OD,2026-09-13
WIPRO,0.0,0,0.0,0,0.0,167.4,165.41,1.99,1.19,0,0.0,0,0.0,0.0,27-Jul-2026,INTERIM DIVIDEND - RS 2 PER SHARE 27-Jul-2026,{'isSLBSec': True},OD,2026-09-13
BDL,0.0,0,0.0,0,0.0,1190.0,1179.1,10.9,0.92,0,0.0,0,0.0,0.0,09-Feb-2026,INTERIM DIVIDEND - RS 4.50 PER SHARE 09-Feb-2026,{'isSLBSec': True},OD,2026-09-13
LTM,0.0,0,0.0,0,0.0,4275.0,4243.6,31.4,0.73,0,0.0,0,0.0,0.0,25-May-2026,DIVIDEND - RS 53 PER SHARE 25-May-2026,{'isSLBSec': True},OD,2026-09-13
BLUESTARCO,0.0,0,0.0,0,0.0,1558.0,1547.3,10.7,0.69,0,0.0,0,0.0,0.0,17-Jul-2026,DIVIDEND - RS 8.50 PER SHARE 17-Jul-2026,{'isSLBSec': True},OD,2026-09-13
HAVELLS,0.0,0,0.0,0,0.0,1111.0,1103.5,7.5,0.68,0,0.0,0,0.0,0.0,22-May-2026,DIVIDEND - RS 6 PER SHARE 22-May-2026,{'isSLBSec': True},OD,2026-09-13
KFINTECH,0.0,0,0.0,0,0.0,900.0,894.2,5.8,0.64,0,0.0,0,0.0,0.0,15-Jul-2026,DIVIDEND - RS 12 PER SHARE 15-Jul-2026,{'isSLBSec': True},OD,2026-09-13
OFSS,0.0,0,0.0,0,0.0,11763.0,11692.0,71.0,0.6,0,0.0,0,0.0,0.0,07-May-2026,INTERIM DIVIDEND - RS 270 PER SHARE 07-May-2026,{'isSLBSec': True},OD,2026-09-13
GMRAIRPORT,0.0,0,0.0,0,0.0,97.98,97.52,0.46,0.47,0,0.0,0,0.0,0.0,05-Sep-2024,ANNUAL GENERAL MEETING 05-Sep-2024,{'isSLBSec': True},OD,2026-09-13
CDSL,0.0,0,0.0,0,0.0,1360.0,1355.4,4.6,0.34,0,0.0,0,0.0,0.0,17-Jul-2026,DIVIDEND - RS 12.75 PER SHARE 17-Jul-2026,{'isSLBSec': True},OD,2026-09-13
OIL,0.0,0,0.0,0,0.0,489.8,488.4,1.4,0.29,0,0.0,0,0.0,0.0,04-Sep-2026,DIVIDEND - RE 1 PER SHARE 04-Sep-2026,{'isSLBSec': True},OD,2026-09-13
PATANJALI,0.0,0,0.0,0,0.0,341.0,340.0,1.0,0.29,0,0.0,0,0.0,0.0,21-Aug-2026,INTERIM DIVIDEND - RE 0.80 PER SHARE 21-Aug-2026,{'isSLBSec': True},OD,2026-09-13
CIPLA,0.0,0,0.0,0,0.0,1366.0,1362.3,3.7,0.27,0,0.0,0,0.0,0.0,05-Jun-2026,DIVIDEND - RS 13 PER SHARE 05-Jun-2026,{'isSLBSec': True},OD,2026-09-13
VMM,0.0,0,0.0,0,0.0,101.71,101.45,0.26,0.26,0,0.0,0,0.0,0.0,, ,{'isSLBSec': True},OD,2026-09-13
GRASIM,0.0,0,0.0,0,0.0,3281.9,3273.8,8.1,0.25,0,0.0,0,0.0,0.0,07-Aug-2026,DIVIDEND - RS 10 PER SHARE 07-Aug-2026,{'isSLBSec': True},OD,2026-09-13
PETRONET,0.0,0,0.0,0,0.0,287.2,286.5,0.7,0.24,0,0.0,0,0.0,0.0,12-Jun-2026,DIVIDEND - RS 3 PER SHARE 12-Jun-2026,{'isSLBSec': True},OD,2026-09-13
BAJAJHLDNG,0.0,0,0.0,0,0.0,11134.0,11109.0,25.0,0.22,0,0.0,0,0.0,0.0,30-Jun-2026,DIVIDEND - RS 80 PER SHARE & SPECIAL DIVIDEND RS 50 PER SHARE 30-Jun-2026,{'isSLBSec': True},OD,2026-09-13
JINDALSTEL,0.0,0,0.0,0,0.0,1120.5,1118.1,2.4,0.21,0,0.0,0,0.0,0.0,21-Aug-2026,DIVIDEND - RS 2 PER SHARE 21-Aug-2026,{'isSLBSec': True},OD,2026-09-13
AUROPHARMA,0.0,0,0.0,0,0.0,1679.8,1676.2,3.6,0.21,0,0.0,0,0.0,0.0,17-Apr-2026,BUY BACK 17-Apr-2026,{'isSLBSec': True},OD,2026-09-13
BANKBARODA,0.0,0,0.0,0,0.0,238.13,237.71,0.42,0.18,0,0.0,0,0.0,0.0,05-Jun-2026,DIVIDEND - RS 8.50 PER SHARE 05-Jun-2026,{'isSLBSec': True},OD,2026-09-13
IEX,0.0,0,0.0,0,0.0,113.88,113.69,0.19,0.17,0,0.0,0,0.0,0.0,15-May-2026,DIVIDEND - RS 2 PER SHARE 15-May-2026,{'isSLBSec': True},OD,2026-09-13
MAZDOCK,0.0,0,0.0,0,0.0,2339.0,2335.4,3.6,0.15,0,0.0,0,0.0,0.0,20-Aug-2026,DIVIDEND - RS 4.62 PER SHARE 20-Aug-2026,{'isSLBSec': True},OD,2026-09-13
FEDERALBNK,0.0,0,0.0,0,0.0,344.5,344.05,0.45,0.13,0,0.0,0,0.0,0.0,14-Aug-2026,DIVIDEND - RS 1.20 PER SHARE 14-Aug-2026,{'isSLBSec': True},OD,2026-09-13
GODREJCP,0.0,0,0.0,0,0.0,865.0,863.9,1.1,0.13,0,0.0,0,0.0,0.0,13-Aug-2026,INTERIM DIVIDEND - RS 5 PER SHARE 13-Aug-2026,{'isSLBSec': True},OD,2026-09-13
PIDILITIND,0.0,0,0.0,0,0.0,1566.9,1564.9,2.0,0.13,0,0.0,0,0.0,0.0,23-Jul-2026,DIVIDEND - RS 11.50 PER SHARE 23-Jul-2026,{'isSLBSec': True},OD,2026-09-13
MOTHERSON,0.0,0,0.0,0,0.0,164.45,164.27,0.18,0.11,0,0.0,0,0.0,0.0,14-Jul-2026,DIVIDEND - RS 0.25 PER SHARE 14-Jul-2026,{'isSLBSec': True},OD,2026-09-13
MAXHEALTH,0.0,0,0.0,0,0.0,1037.7,1036.6,1.1,0.11,0,0.0,0,0.0,0.0,03-Jul-2026,DIVIDEND - RS 2 PER SHARE 03-Jul-2026,{'isSLBSec': True},OD,2026-09-13
GODFRYPHLP,0.0,0,0.0,0,0.0,1927.0,1925.0,2.0,0.1,0,0.0,0,0.0,0.0,11-Aug-2026,DIVIDEND - RS 33 PER SH 11-Aug-2026,{'isSLBSec': True},OD,2026-09-13
ABB,0.0,0,0.0,0,0.0,7274.0,7267.0,7.0,0.1,0,0.0,0,0.0,0.0,07-Aug-2026,SPECIAL DIVIDEND - RS 90 PER SHARE 07-Aug-2026,{'isSLBSec': True},OD,2026-09-13
RVNL,0.0,0,0.0,0,0.0,204.9,204.71,0.19,0.09,0,0.0,0,0.0,0.0,18-Aug-2026,DIVIDEND - RE 0.71 PER SHARE 18-Aug-2026,{'isSLBSec': True},OD,2026-09-13
BANDHANBNK,0.0,0,0.0,0,0.0,176.52,176.36,0.16,0.09,0,0.0,0,0.0,0.0,17-Aug-2026,DIVIDEND - RS 1.50 PER SHARE 17-Aug-2026,{'isSLBSec': True},OD,2026-09-13
TRENT,0.0,0,0.0,0,0.0,2802.4,2799.9,2.5,0.09,0,0.0,0,0.0,0.0,12-Jun-2026,DIVIDEND - RS 4 PER SHARE 12-Jun-2026,{'isSLBSec': True},OD,2026-09-13
NAM-INDIA,0.0,0,0.0,0,0.0,1189.6,1188.6,1.0,0.08,0,0.0,0,0.0,0.0,25-Jun-2026,DIVIDEND - RS 12.50 PER SHARE 25-Jun-2026,{'isSLBSec': True},OD,2026-09-13
JSWENERGY,0.0,0,0.0,0,0.0,526.45,526.1,0.35,0.07,0,0.0,0,0.0,0.0,05-Jun-2026,DIVIDEND - RS 2 PER SHARE 05-Jun-2026,{'isSLBSec': True},OD,2026-09-13
AMBER,0.0,0,0.0,0,0.0,7245.0,7240.0,5.0,0.07,0,0.0,0,0.0,0.0,02-Aug-2024,ANNUAL GENERAL MEETING 02-Aug-2024,{'isSLBSec': True},OD,2026-09-13
HYUNDAI,0.0,0,0.0,0,0.0,2174.0,2173.0,1.0,0.05,0,0.0,0,0.0,0.0,05-Aug-2026,DIVIDEND - RS 21 PER SHARE 05-Aug-2026,{'isSLBSec': True},OD,2026-09-13
SHREECEM,0.0,0,0.0,0,0.0,22570.0,22560.0,10.0,0.04,0,0.0,0,0.0,0.0,17-Jul-2026,DIVIDEND - RS 70 PER SHARE 17-Jul-2026,{'isSLBSec': True},OD,2026-09-13
INOXWIND,0.0,0,0.0,0,0.0,76.5,76.47,0.03,0.04,0,0.0,0,0.0,0.0,29-Jul-2025,RIGHTS 5:78 @ PREMIUM RS 110/- 29-Jul-2025,{'isSLBSec': True},OD,2026-09-13
PAGEIND,0.0,0,0.0,0,0.0,35365.0,35355.0,10.0,0.03,0,0.0,0,0.0,0.0,19-Aug-2026,INTERIM DIVIDEND - RS 200 PER SHARE 19-Aug-2026,{'isSLBSec': True},OD,2026-09-13
POWERGRID,0.0,0,0.0,0,0.0,269.1,269.05,0.05,0.02,0,0.0,0,0.0,0.0,13-Aug-2026,DIVIDEND - RS 1.25 PER SHARE 13-Aug-2026,{'isSLBSec': True},OD,2026-09-13
ICICIPRULI,0.0,0,0.0,0,0.0,471.5,471.4,0.1,0.02,0,0.0,0,0.0,0.0,05-Jun-2026,DIVIDEND - RS 1.65 PER SHARE 05-Jun-2026,{'isSLBSec': True},OD,2026-09-13
MANKIND,0.0,0,0.0,0,0.0,2280.0,2279.9,0.1,0.0,0,0.0,0,0.0,0.0,08-Aug-2025,INTERIM DIVIDEND - RE 1  PER SHARE 08-Aug-2025,{'isSLBSec': True},OD,2026-09-13
KAYNES,0.0,0,0.0,0,0.0,3505.0,3418.0,87.0,2.48,0,0.0,0,0.0,0.0,08-Sep-2023,ANNUAL GENERAL MEETING 08-Sep-2023,{'isSLBSec': True},ON,2026-09-13
PIIND,0.0,0,0.0,0,0.0,2259.0,2228.6,30.4,1.35,0,0.0,0,0.0,0.0,07-Aug-2026,DIVIDEND - RS 10 PER SHARE 07-Aug-2026,{'isSLBSec': True},ON,2026-09-13
MANAPPURAM,0.0,0,0.0,0,0.0,329.0,325.05,3.95,1.2,0,0.0,0,0.0,0.0,17-Aug-2026,INTERIM DIVIDEND - RE 1 PER SHARE 17-Aug-2026,{'isSLBSec': True},ON,2026-09-13
WIPRO,0.0,0,0.0,0,0.0,167.4,165.41,1.99,1.19,0,0.0,0,0.0,0.0,27-Jul-2026,INTERIM DIVIDEND - RS 2 PER SHARE 27-Jul-2026,{'isSLBSec': True},ON,2026-09-13
BDL,0.0,0,0.0,0,0.0,1190.0,1179.1,10.9,0.92,0,0.0,0,0.0,0.0,09-Feb-2026,INTERIM DIVIDEND - RS 4.50 PER SHARE 09-Feb-2026,{'isSLBSec': True},ON,2026-09-13
LTM,0.0,0,0.0,0,0.0,4275.0,4243.6,31.4,0.73,0,0.0,0,0.0,0.0,25-May-2026,DIVIDEND - RS 53 PER SHARE 25-May-2026,{'isSLBSec': True},ON,2026-09-13
BLUESTARCO,0.0,0,0.0,0,0.0,1558.0,1547.3,10.7,0.69,0,0.0,0,0.0,0.0,17-Jul-2026,DIVIDEND - RS 8.50 PER SHARE 17-Jul-2026,{'isSLBSec': True},ON,2026-09-13
HAVELLS,0.0,0,0.0,0,0.0,1111.0,1103.5,7.5,0.68,0,0.0,0,0.0,0.0,22-May-2026,DIVIDEND - RS 6 PER SHARE 22-May-2026,{'isSLBSec': True},ON,2026-09-13
KFINTECH,0.0,0,0.0,0,0.0,900.0,894.2,5.8,0.64,0,0.0,0,0.0,0.0,15-Jul-2026,DIVIDEND - RS 12 PER SHARE 15-Jul-2026,{'isSLBSec': True},ON,2026-09-13
OFSS,0.0,0,0.0,0,0.0,11763.0,11692.0,71.0,0.6,0,0.0,0,0.0,0.0,07-May-2026,INTERIM DIVIDEND - RS 270 PER SHARE 07-May-2026,{'isSLBSec': True},ON,2026-09-13
GMRAIRPORT,0.0,0,0.0,0,0.0,97.98,97.52,0.46,0.47,0,0.0,0,0.0,0.0,05-Sep-2024,ANNUAL GENERAL MEETING 05-Sep-2024,{'isSLBSec': True},ON,2026-09-13
CDSL,0.0,0,0.0,0,0.0,1360.0,1355.4,4.6,0.34,0,0.0,0,0.0,0.0,17-Jul-2026,DIVIDEND - RS 12.75 PER SHARE 17-Jul-2026,{'isSLBSec': True},ON,2026-09-13
OIL,0.0,0,0.0,0,0.0,489.8,488.4,1.4,0.29,0,0.0,0,0.0,0.0,04-Sep-2026,DIVIDEND - RE 1 PER SHARE 04-Sep-2026,{'isSLBSec': True},ON,2026-09-13
PATANJALI,0.0,0,0.0,0,0.0,341.0,340.0,1.0,0.29,0,0.0,0,0.0,0.0,21-Aug-2026,INTERIM DIVIDEND - RE 0.80 PER SHARE 21-Aug-2026,{'isSLBSec': True},ON,2026-09-13
CIPLA,0.0,0,0.0,0,0.0,1366.0,1362.3,3.7,0.27,0,0.0,0,0.0,0.0,05-Jun-2026,DIVIDEND - RS 13 PER SHARE 05-Jun-2026,{'isSLBSec': True},ON,2026-09-13
VMM,0.0,0,0.0,0,0.0,101.71,101.45,0.26,0.26,0,0.0,0,0.0,0.0,, ,{'isSLBSec': True},ON,2026-09-13
GRASIM,0.0,0,0.0,0,0.0,3281.9,3273.8,8.1,0.25,0,0.0,0,0.0,0.0,07-Aug-2026,DIVIDEND - RS 10 PER SHARE 07-Aug-2026,{'isSLBSec': True},ON,2026-09-13
PETRONET,0.0,0,0.0,0,0.0,287.2,286.5,0.7,0.24,0,0.0,0,0.0,0.0,12-Jun-2026,DIVIDEND - RS 3 PER SHARE 12-Jun-2026,{'isSLBSec': True},ON,2026-09-13
BAJAJHLDNG,0.0,0,0.0,0,0.0,11134.0,11109.0,25.0,0.22,0,0.0,0,0.0,0.0,30-Jun-2026,DIVIDEND - RS 80 PER SHARE & SPECIAL DIVIDEND RS 50 PER SHARE 30-Jun-2026,{'isSLBSec': True},ON,2026-09-13
JINDALSTEL,0.0,0,0.0,0,0.0,1120.5,1118.1,2.4,0.21,0,0.0,0,0.0,0.0,21-Aug-2026,DIVIDEND - RS 2 PER SHARE 21-Aug-2026,{'isSLBSec': True},ON,2026-09-13
AUROPHARMA,0.0,0,0.0,0,0.0,1679.8,1676.2,3.6,0.21,0,0.0,0,0.0,0.0,17-Apr-2026,BUY BACK 17-Apr-2026,{'isSLBSec': True},ON,2026-09-13
BANKBARODA,0.0,0,0.0,0,0.0,238.13,237.71,0.42,0.18,0,0.0,0,0.0,0.0,05-Jun-2026,DIVIDEND - RS 8.50 PER SHARE 05-Jun-2026,{'isSLBSec': True},ON,2026-09-13
IEX,0.0,0,0.0,0,0.0,113.88,113.69,0.19,0.17,0,0.0,0,0.0,0.0,15-May-2026,DIVIDEND - RS 2 PER SHARE 15-May-2026,{'isSLBSec': True},ON,2026-09-13
MAZDOCK,0.0,0,0.0,0,0.0,2339.0,2335.4,3.6,0.15,0,0.0,0,0.0,0.0,20-Aug-2026,DIVIDEND - RS 4.62 PER SHARE 20-Aug-2026,{'isSLBSec': True},ON,2026-09-13
FEDERALBNK,0.0,0,0.0,0,0.0,344.5,344.05,0.45,0.13,0,0.0,0,0.0,0.0,14-Aug-2026,DIVIDEND - RS 1.20 PER SHARE 14-Aug-2026,{'isSLBSec': True},ON,2026-09-13
GODREJCP,0.0,0,0.0,0,0.0,865.0,863.9,1.1,0.13,0,0.0,0,0.0,0.0,13-Aug-2026,INTERIM DIVIDEND - RS 5 PER SHARE 13-Aug-2026,{'isSLBSec': True},ON,2026-09-13
PIDILITIND,0.0,0,0.0,0,0.0,1566.9,1564.9,2.0,0.13,0,0.0,0,0.0,0.0,23-Jul-2026,DIVIDEND - RS 11.50 PER SHARE 23-Jul-2026,{'isSLBSec': True},ON,2026-09-13
MOTHERSON,0.0,0,0.0,0,0.0,164.45,164.27,0.18,0.11,0,0.0,0,0.0,0.0,14-Jul-2026,DIVIDEND - RS 0.25 PER SHARE 14-Jul-2026,{'isSLBSec': True},ON,2026-09-13
MAXHEALTH,0.0,0,0.0,0,0.0,1037.7,1036.6,1.1,0.11,0,0.0,0,0.0,0.0,03-Jul-2026,DIVIDEND - RS 2 PER SHARE 03-Jul-2026,{'isSLBSec': True},ON,2026-09-13
GODFRYPHLP,0.0,0,0.0,0,0.0,1927.0,1925.0,2.0,0.1,0,0.0,0,0.0,0.0,11-Aug-2026,DIVIDEND - RS 33 PER SH 11-Aug-2026,{'isSLBSec': True},ON,2026-09-13
ABB,0.0,0,0.0,0,0.0,7274.0,7267.0,7.0,0.1,0,0.0,0,0.0,0.0,07-Aug-2026,SPECIAL DIVIDEND - RS 90 PER SHARE 07-Aug-2026,{'isSLBSec': True},ON,2026-09-13
RVNL,0.0,0,0.0,0,0.0,204.9,204.71,0.19,0.09,0,0.0,0,0.0,0.0,18-Aug-2026,DIVIDEND - RE 0.71 PER SHARE 18-Aug-2026,{'isSLBSec': True},ON,2026-09-13
BANDHANBNK,0.0,0,0.0,0,0.0,176.52,176.36,0.16,0.09,0,0.0,0,0.0,0.0,17-Aug-2026,DIVIDEND - RS 1.50 PER SHARE 17-Aug-2026,{'isSLBSec': True},ON,2026-09-13
TRENT,0.0,0,0.0,0,0.0,2802.4,2799.9,2.5,0.09,0,0.0,0,0.0,0.0,12-Jun-2026,DIVIDEND - RS 4 PER SHARE 12-Jun-2026,{'isSLBSec': True},ON,2026-09-13
NAM-INDIA,0.0,0,0.0,0,0.0,1189.6,1188.6,1.0,0.08,0,0.0,0,0.0,0.0,25-Jun-2026,DIVIDEND - RS 12.50 PER SHARE 25-Jun-2026,{'isSLBSec': True},ON,2026-09-13
JSWENERGY,0.0,0,0.0,0,0.0,526.45,526.1,0.35,0.07,0,0.0,0,0.0,0.0,05-Jun-2026,DIVIDEND - RS 2 PER SHARE 05-Jun-2026,{'isSLBSec': True},ON,2026-09-13
AMBER,0.0,0,0.0,0,0.0,7245.0,7240.0,5.0,0.07,0,0.0,0,0.0,0.0,02-Aug-2024,ANNUAL GENERAL MEETING 02-Aug-2024,{'isSLBSec': True},ON,2026-09-13
HYUNDAI,0.0,0,0.0,0,0.0,2174.0,2173.0,1.0,0.05,0,0.0,0,0.0,0.0,05-Aug-2026,DIVIDEND - RS 21 PER SHARE 05-Aug-2026,{'isSLBSec': True},ON,2026-09-13
SHREECEM,0.0,0,0.0,0,0.0,22570.0,22560.0,10.0,0.04,0,0.0,0,0.0,0.0,17-Jul-2026,DIVIDEND - RS 70 PER SHARE 17-Jul-2026,{'isSLBSec': True},ON,2026-09-13
INOXWIND,0.0,0,0.0,0,0.0,76.5,76.47,0.03,0.04,0,0.0,0,0.0,0.0,29-Jul-2025,RIGHTS 5:78 @ PREMIUM RS 110/- 29-Jul-2025,{'isSLBSec': True},ON,2026-09-13
PAGEIND,0.0,0,0.0,0,0.0,35365.0,35355.0,10.0,0.03,0,0.0,0,0.0,0.0,19-Aug-2026,INTERIM DIVIDEND - RS 200 PER SHARE 19-Aug-2026,{'isSLBSec': True},ON,2026-09-13
POWERGRID,0.0,0,0.0,0,0.0,269.1,269.05,0.05,0.02,0,0.0,0,0.0,0.0,13-Aug-2026,DIVIDEND - RS 1.25 PER SHARE 13-Aug-2026,{'isSLBSec': True},ON,2026-09-13
ICICIPRULI,0.0,0,0.0,0,0.0,471.5,471.4,0.1,0.02,0,0.0,0,0.0,0.0,05-Jun-2026,DIVIDEND - RS 1.65 PER SHARE 05-Jun-2026,{'isSLBSec': True},ON,2026-09-13
MANKIND,0.0,0,0.0,0,0.0,2280.0,2279.9,0.1,0.0,0,0.0,0,0.0,0.0,08-Aug-2025,INTERIM DIVIDEND - RE 1  PER SHARE 08-Aug-2025,{'isSLBSec': True},ON,2026-09-13
KAYNES,0.0,0,0.0,0,0.0,3505.0,3430.0,75.0,2.14,0,0.0,0,0.0,0.0,08-Sep-2023,ANNUAL GENERAL MEETING 08-Sep-2023,{'isSLBSec': True},11,2026-09-13
PIIND,0.0,0,0.0,0,0.0,2259.0,2215.0,44.0,1.95,0,0.0,0,0.0,0.0,07-Aug-2026,DIVIDEND - RS 10 PER SHARE 07-Aug-2026,{'isSLBSec': True},11,2026-09-13
BLUESTARCO,0.0,0,0.0,0,0.0,1558.0,1530.2,27.8,1.78,0,0.0,0,0.0,0.0,17-Jul-2026,DIVIDEND - RS 8.50 PER SHARE 17-Jul-2026,{'isSLBSec': True},11,2026-09-13
LTM,0.0,0,0.0,0,0.0,4275.0,4211.1,63.9,1.49,0,0.0,0,0.0,0.0,25-May-2026,DIVIDEND - RS 53 PER SHARE 25-May-2026,{'isSLBSec': True},11,2026-09-13
WIPRO,0.0,0,0.0,0,0.0,167.4,165.09,2.31,1.38,0,0.0,0,0.0,0.0,27-Jul-2026,INTERIM DIVIDEND - RS 2 PER SHARE 27-Jul-2026,{'isSLBSec': True},11,2026-09-13
BDL,0.0,0,0.0,0,0.0,1190.0,1174.2,15.8,1.33,0,0.0,0,0.0,0.0,09-Feb-2026,INTERIM DIVIDEND - RS 4.50 PER SHARE 09-Feb-2026,{'isSLBSec': True},11,2026-09-13
DIXON,0.0,0,0.0,0,0.0,13425.0,13287.0,138.0,1.03,0,0.0,0,0.0,0.0,16-Sep-2025,DIVIDEND - RS 8 PER SHARE 16-Sep-2025,{'isSLBSec': True},11,2026-09-13
LODHA,0.0,0,0.0,0,0.0,1116.9,1105.6,11.3,1.01,0,0.0,0,0.0,0.0,07-Aug-2026,DIVIDEND - RS 4.25 PER SHARE 07-Aug-2026,{'isSLBSec': True},11,2026-09-13
HAVELLS,0.0,0,0.0,0,0.0,1111.0,1102.3,8.7,0.78,0,0.0,0,0.0,0.0,22-May-2026,DIVIDEND - RS 6 PER SHARE 22-May-2026,{'isSLBSec': True},11,2026-09-13
OFSS,0.0,0,0.0,0,0.0,11763.0,11689.0,74.0,0.63,0,0.0,0,0.0,0.0,07-May-2026,INTERIM DIVIDEND - RS 270 PER SHARE 07-May-2026,{'isSLBSec': True},11,2026-09-13
KFINTECH,0.0,0,0.0,0,0.0,900.0,894.45,5.55,0.62,0,0.0,0,0.0,0.0,15-Jul-2026,DIVIDEND - RS 12 PER SHARE 15-Jul-2026,{'isSLBSec': True},11,2026-09-13
KEI,0.0,0,0.0,0,0.0,4578.0,4563.0,15.0,0.33,0,0.0,0,0.0,0.0,28-Jan-2026,INTERIM DIVIDEND - RS 4.50 PER SHARE 28-Jan-2026,{'isSLBSec': True},11,2026-09-13
HYUNDAI,0.0,0,0.0,0,0.0,2174.0,2167.0,7.0,0.32,0,0.0,0,0.0,0.0,05-Aug-2026,DIVIDEND - RS 21 PER SHARE 05-Aug-2026,{'isSLBSec': True},11,2026-09-13
TECHM,0.0,0,0.0,0,0.0,1541.0,1536.8,4.2,0.27,0,0.0,0,0.0,0.0,03-Jul-2026,DIVIDEND - RS 36 PER SHARE 03-Jul-2026,{'isSLBSec': True},11,2026-09-13
NAM-INDIA,0.0,0,0.0,0,0.0,1189.6,1187.1,2.5,0.21,0,0.0,0,0.0,0.0,25-Jun-2026,DIVIDEND - RS 12.50 PER SHARE 25-Jun-2026,{'isSLBSec': True},11,2026-09-13
SIEMENS,0.0,0,0.0,0,0.0,3957.0,3949.0,8.0,0.2,0,0.0,0,0.0,0.0,29-Jul-2026,DIVIDEND - RS 18 PER SHARE 29-Jul-2026,{'isSLBSec': True},11,2026-09-13
HCLTECH,0.0,0,0.0,0,0.0,1206.1,1204.2,1.9,0.16,0,0.0,0,0.0,0.0,17-Jul-2026,INTERIM DIVIDEND - RS 12 PER SHARE 17-Jul-2026,{'isSLBSec': True},11,2026-09-13
PERSISTENT,0.0,0,0.0,0,0.0,5516.0,5508.5,7.5,0.14,0,0.0,0,0.0,0.0,27-Jul-2026,DIVIDEND - RS 18 PER SHARE 27-Jul-2026,{'isSLBSec': True},11,2026-09-13
BAJAJHLDNG,0.0,0,0.0,0,0.0,11134.0,11118.0,16.0,0.14,0,0.0,0,0.0,0.0,30-Jun-2026,DIVIDEND - RS 80 PER SHARE & SPECIAL DIVIDEND RS 50 PER SHARE 30-Jun-2026,{'isSLBSec': True},11,2026-09-13
JUBLFOOD,0.0,0,0.0,0,0.0,470.25,469.7,0.55,0.12,0,0.0,0,0.0,0.0,17-Jul-2026,DIVIDEND - RS 1.20 PER SHARE 17-Jul-2026,{'isSLBSec': True},11,2026-09-13
NHPC,0.0,0,0.0,0,0.0,76.38,76.3,0.08,0.1,0,0.0,0,0.0,0.0,12-Aug-2026,DIVIDEND - RE 0.21 PER SH 12-Aug-2026,{'isSLBSec': True},11,2026-09-13
GMRAIRPORT,0.0,0,0.0,0,0.0,97.98,97.95,0.03,0.03,0,0.0,0,0.0,0.0,05-Sep-2024,ANNUAL GENERAL MEETING 05-Sep-2024,{'isSLBSec': True},11,2026-09-13
NMDC,0.0,0,0.0,0,0.0,82.4,82.38,0.02,0.02,0,0.0,0,0.0,0.0,13-Feb-2026,INTERIM DIVIDEND - RS 2.50 PER SHARE 13-Feb-2026,{'isSLBSec': True},11,2026-09-13
RAIN,0.0,0,4.88,380,0.0,0.0,0.0,0.0,0.0,0,0.0,0,0.0,0.0,14-Aug-2026,INTERIM DIVIDEND - RE 1 PER SHARE 14-Aug-2026,{'isSLBSec': True},11,2026-09-13
CASTROLIND,0.0,0,2.99,667,0.0,0.0,0.0,0.0,0.0,0,0.0,0,0.0,0.0,11-Aug-2026,INTERIM DIVIDEND - RS 6.25 PER SHARE 11-Aug-2026,{'isSLBSec': True},11,2026-09-13
TATACAP,0.0,0,5.55,300,0.0,0.0,0.0,0.0,0.0,0,0.0,0,0.0,0.0,27-Jul-2026,DIVIDEND - RE 0.57 PER SHARE 27-Jul-2026,{'isSLBSec': True},11,2026-09-13
KAYNES,0.0,0,0.0,0,0.0,3505.0,3375.0,130.0,3.71,0,0.0,0,0.0,0.0,08-Sep-2023,ANNUAL GENERAL MEETING 08-Sep-2023,{'isSLBSec': True},12,2026-09-13
PIIND,0.0,0,0.0,0,0.0,2259.0,2210.9,48.1,2.13,0,0.0,0,0.0,0.0,07-Aug-2026,DIVIDEND - RS 10 PER SHARE 07-Aug-2026,{'isSLBSec': True},12,2026-09-13
INOXWIND,0.0,0,0.0,0,0.0,76.5,75.0,1.5,1.96,0,0.0,0,0.0,0.0,29-Jul-2025,RIGHTS 5:78 @ PREMIUM RS 110/- 29-Jul-2025,{'isSLBSec': True},12,2026-09-13
LTM,0.0,0,0.0,0,0.0,4275.0,4196.6,78.4,1.83,0,0.0,0,0.0,0.0,25-May-2026,DIVIDEND - RS 53 PER SHARE 25-May-2026,{'isSLBSec': True},12,2026-09-13
WIPRO,0.0,0,0.0,0,0.0,167.4,164.51,2.89,1.73,0,0.0,0,0.0,0.0,27-Jul-2026,INTERIM DIVIDEND - RS 2 PER SHARE 27-Jul-2026,{'isSLBSec': True},12,2026-09-13
BDL,0.0,0,0.0,0,0.0,1190.0,1169.5,20.5,1.72,0,0.0,0,0.0,0.0,09-Feb-2026,INTERIM DIVIDEND - RS 4.50 PER SHARE 09-Feb-2026,{'isSLBSec': True},12,2026-09-13
LODHA,0.0,0,0.0,0,0.0,1116.9,1097.9,19.0,1.7,0,0.0,0,0.0,0.0,07-Aug-2026,DIVIDEND - RS 4.25 PER SHARE 07-Aug-2026,{'isSLBSec': True},12,2026-09-13
DIXON,0.0,0,0.0,0,0.0,13425.0,13205.0,220.0,1.64,0,0.0,0,0.0,0.0,16-Sep-2025,DIVIDEND - RS 8 PER SHARE 16-Sep-2025,{'isSLBSec': True},12,2026-09-13
BLUESTARCO,0.0,0,0.0,0,0.0,1558.0,1537.0,21.0,1.35,0,0.0,0,0.0,0.0,17-Jul-2026,DIVIDEND - RS 8.50 PER SHARE 17-Jul-2026,{'isSLBSec': True},12,2026-09-13
KFINTECH,0.0,0,0.0,0,0.0,900.0,889.65,10.35,1.15,0,0.0,0,0.0,0.0,15-Jul-2026,DIVIDEND - RS 12 PER SHARE 15-Jul-2026,{'isSLBSec': True},12,2026-09-13
MANAPPURAM,0.0,0,0.0,0,0.0,329.0,325.5,3.5,1.06,0,0.0,0,0.0,0.0,17-Aug-2026,INTERIM DIVIDEND - RE 1 PER SHARE 17-Aug-2026,{'isSLBSec': True},12,2026-09-13
HAVELLS,0.0,0,0.0,0,0.0,1111.0,1103.0,8.0,0.72,0,0.0,0,0.0,0.0,22-May-2026,DIVIDEND - RS 6 PER SHARE 22-May-2026,{'isSLBSec': True},12,2026-09-13
POWERGRID,0.0,0,0.0,0,0.0,269.1,267.25,1.85,0.69,0,0.0,0,0.0,0.0,13-Aug-2026,DIVIDEND - RS 1.25 PER SHARE 13-Aug-2026,{'isSLBSec': True},12,2026-09-13
OFSS,0.0,0,0.0,0,0.0,11763.0,11687.0,76.0,0.65,0,0.0,0,0.0,0.0,07-May-2026,INTERIM DIVIDEND - RS 270 PER SHARE 07-May-2026,{'isSLBSec': True},12,2026-09-13
HYUNDAI,0.0,0,0.0,0,0.0,2174.0,2163.6,10.4,0.48,0,0.0,0,0.0,0.0,05-Aug-2026,DIVIDEND - RS 21 PER SHARE 05-Aug-2026,{'isSLBSec': True},12,2026-09-13
NAM-INDIA,0.0,0,0.0,0,0.0,1189.6,1185.0,4.6,0.39,0,0.0,0,0.0,0.0,25-Jun-2026,DIVIDEND - RS 12.50 PER SHARE 25-Jun-2026,{'isSLBSec': True},12,2026-09-13
TECHM,0.0,0,0.0,0,0.0,1541.0,1535.5,5.5,0.36,0,0.0,0,0.0,0.0,03-Jul-2026,DIVIDEND - RS 36 PER SHARE 03-Jul-2026,{'isSLBSec': True},12,2026-09-13
SHREECEM,0.0,0,0.0,0,0.0,22570.0,22500.0,70.0,0.31,0,0.0,0,0.0,0.0,17-Jul-2026,DIVIDEND - RS 70 PER SHARE 17-Jul-2026,{'isSLBSec': True},12,2026-09-13
GMRAIRPORT,0.0,0,0.0,0,0.0,97.98,97.7,0.28,0.29,0,0.0,0,0.0,0.0,05-Sep-2024,ANNUAL GENERAL MEETING 05-Sep-2024,{'isSLBSec': True},12,2026-09-13
COLPAL,0.0,0,0.0,0,0.0,1797.4,1793.1,4.3,0.24,0,0.0,0,0.0,0.0,01-Jun-2026,INTERIM DIVIDEND - RS 24 PER SHARE 01-Jun-2026,{'isSLBSec': True},12,2026-09-13
IRFC,0.0,0,0.0,0,0.0,81.09,80.93,0.16,0.2,0,0.0,0,0.0,0.0,13-Mar-2026,INTERIM DIVIDEND - RS 1.05 PER SHARE 13-Mar-2026,{'isSLBSec': True},12,2026-09-13
KEI,0.0,0,0.0,0,0.0,4578.0,4569.0,9.0,0.2,0,0.0,0,0.0,0.0,28-Jan-2026,INTERIM DIVIDEND - RS 4.50 PER SHARE 28-Jan-2026,{'isSLBSec': True},12,2026-09-13
JUBLFOOD,0.0,0,0.0,0,0.0,470.25,469.9,0.35,0.07,0,0.0,0,0.0,0.0,17-Jul-2026,DIVIDEND - RS 1.20 PER SHARE 17-Jul-2026,{'isSLBSec': True},12,2026-09-13
SIEMENS,0.0,0,0.0,0,0.0,3957.0,3955.0,2.0,0.05,0,0.0,0,0.0,0.0,29-Jul-2026,DIVIDEND - RS 18 PER SHARE 29-Jul-2026,{'isSLBSec': True},12,2026-09-13
PERSISTENT,0.0,0,0.0,0,0.0,5516.0,5515.0,1.0,0.02,0,0.0,0,0.0,0.0,27-Jul-2026,DIVIDEND - RS 18 PER SHARE 27-Jul-2026,{'isSLBSec': True},12,2026-09-13
KFINTECH,0.0,0,9.0,15,0.0,0.0,0.0,0.0,0.0,0,0.0,0,0.0,0.0,15-Jul-2026,DIVIDEND - RS 12 PER SHARE 15-Jul-2026,{'isSLBSec': True},01,2026-09-13
KAYNES,0.0,0,40.8,36,40.8,3505.0,3418.0,87.0,2.48,0,18.47,1568,64005.76,5550406.4,08-Sep-2023,ANNUAL GENERAL MEETING 08-Sep-2023,{'isSLBSec': True},O1,2026-09-13
PIIND,15.21,175,21.8,5594,21.9,2259.0,2228.6,30.4,1.35,0,15.38,11822,248498.44,28217931.8,07-Aug-2026,DIVIDEND - RS 10 PER SHARE 07-Aug-2026,{'isSLBSec': True},O1,2026-09-13
MANAPPURAM,0.0,0,0.0,0,0.0,329.0,325.05,3.95,1.2,0,0.0,0,0.0,0.0,17-Aug-2026,INTERIM DIVIDEND - RE 1 PER SHARE 17-Aug-2026,{'isSLBSec': True},O1,2026-09-13
WIPRO,1.0,15620,1.05,1124,1.0,167.4,165.41,1.99,1.19,0,9.48,2768423,2906844.15,463157167.9,27-Jul-2026,INTERIM DIVIDEND - RS 2 PER SHARE 27-Jul-2026,{'isSLBSec': True},O1,2026-09-13
BDL,2.5,5000,8.5,1990,8.5,1190.0,1179.1,10.9,0.92,0,11.34,9535,82573.1,11475372.5,09-Feb-2026,INTERIM DIVIDEND - RS 4.50 PER SHARE 09-Feb-2026,{'isSLBSec': True},O1,2026-09-13
LTM,0.0,0,27.0,437,27.0,4275.0,4243.6,31.4,0.73,0,10.02,24079,686973.87,105971679.0,25-May-2026,DIVIDEND - RS 53 PER SHARE 25-May-2026,{'isSLBSec': True},O1,2026-09-13
BLUESTARCO,10.0,800,10.5,200,10.0,1558.0,1547.3,10.7,0.69,0,10.19,22102,220135.92,33683448.0,17-Jul-2026,DIVIDEND - RS 8.50 PER SHARE 17-Jul-2026,{'isSLBSec': True},O1,2026-09-13
HAVELLS,0.0,0,7.0,1245,0.0,1111.0,1103.5,7.5,0.68,0,10.0,0,0.0,0.0,22-May-2026,DIVIDEND - RS 6 PER SHARE 22-May-2026,{'isSLBSec': True},O1,2026-09-13
KFINTECH,2.5,575,8.99,30,9.8,900.0,894.2,5.8,0.64,0,17.28,1175,7355.5,1067840.0,15-Jul-2026,DIVIDEND - RS 12 PER SHARE 15-Jul-2026,{'isSLBSec': True},O1,2026-09-13
OFSS,16.5,300,22.99,10,24.9,11763.0,11692.0,71.0,0.6,0,3.36,7200,154728.0,84599280.0,07-May-2026,INTERIM DIVIDEND - RS 270 PER SHARE 07-May-2026,{'isSLBSec': True},O1,2026-09-13
GMRAIRPORT,0.0,0,0.24,13487,0.0,97.98,97.52,0.46,0.47,0,0.0,0,0.0,0.0,05-Sep-2024,ANNUAL GENERAL MEETING 05-Sep-2024,{'isSLBSec': True},O1,2026-09-13
CDSL,0.0,0,3.8,1500,0.5,1360.0,1355.4,4.6,0.34,0,0.58,140,70.0,189770.0,17-Jul-2026,DIVIDEND - RS 12.75 PER SHARE 17-Jul-2026,{'isSLBSec': True},O1,2026-09-13
OIL,0.0,0,0.75,4802,0.0,489.8,488.4,1.4,0.29,0,0.0,0,0.0,0.0,04-Sep-2026,DIVIDEND - RE 1 PER SHARE 04-Sep-2026,{'isSLBSec': True},O1,2026-09-13
PATANJALI,0.0,0,4.5,105,0.0,341.0,340.0,1.0,0.29,0,0.0,0,0.0,0.0,21-Aug-2026,INTERIM DIVIDEND - RE 0.80 PER SHARE 21-Aug-2026,{'isSLBSec': True},O1,2026-09-13
CIPLA,0.0,0,5.0,1825,0.0,1366.0,1362.3,3.7,0.27,0,0.58,0,0.0,0.0,05-Jun-2026,DIVIDEND - RS 13 PER SHARE 05-Jun-2026,{'isSLBSec': True},O1,2026-09-13
VMM,0.0,0,0.99,300,0.0,101.71,101.45,0.26,0.26,0,0.0,0,0.0,0.0,, ,{'isSLBSec': True},O1,2026-09-13
GRASIM,2.0,2923,2.86,850,2.0,3281.9,3273.8,8.1,0.25,0,0.97,21037,41232.52,69863877.0,07-Aug-2026,DIVIDEND - RS 10 PER SHARE 07-Aug-2026,{'isSLBSec': True},O1,2026-09-13
PETRONET,0.4,24000,0.65,10000,0.49,287.2,286.5,0.7,0.24,0,2.71,5000,2450.0,1445950.0,12-Jun-2026,DIVIDEND - RS 3 PER SHARE 12-Jun-2026,{'isSLBSec': True},O1,2026-09-13
BAJAJHLDNG,0.0,0,10.0,200,0.0,11134.0,11109.0,25.0,0.22,0,0.0,0,0.0,0.0,30-Jun-2026,DIVIDEND - RS 80 PER SHARE & SPECIAL DIVIDEND RS 50 PER SHARE 30-Jun-2026,{'isSLBSec': True},O1,2026-09-13
JINDALSTEL,0.0,0,0.97,500,0.0,1120.5,1118.1,2.4,0.21,0,0.0,0,0.0,0.0,21-Aug-2026,DIVIDEND - RS 2 PER SHARE 21-Aug-2026,{'isSLBSec': True},O1,2026-09-13
AUROPHARMA,0.0,0,10.0,2006,0.0,1679.8,1676.2,3.6,0.21,0,0.0,0,0.0,0.0,17-Apr-2026,BUY BACK 17-Apr-2026,{'isSLBSec': True},O1,2026-09-13
BANKBARODA,0.0,0,0.0,0,0.0,238.13,237.71,0.42,0.18,0,0.0,0,0.0,0.0,05-Jun-2026,DIVIDEND - RS 8.50 PER SHARE 05-Jun-2026,{'isSLBSec': True},O1,2026-09-13
IEX,0.0,0,0.0,0,0.0,113.88,113.69,0.19,0.17,0,0.0,0,0.0,0.0,15-May-2026,DIVIDEND - RS 2 PER SHARE 15-May-2026,{'isSLBSec': True},O1,2026-09-13
MAZDOCK,0.0,0,13.96,1228,0.0,2339.0,2335.4,3.6,0.15,0,19.68,0,0.0,0.0,20-Aug-2026,DIVIDEND - RS 4.62 PER SHARE 20-Aug-2026,{'isSLBSec': True},O1,2026-09-13
FEDERALBNK,0.0,0,0.79,215,0.0,344.5,344.05,0.45,0.13,0,1.15,0,0.0,0.0,14-Aug-2026,DIVIDEND - RS 1.20 PER SHARE 14-Aug-2026,{'isSLBSec': True},O1,2026-09-13
GODREJCP,0.0,0,0.0,0,0.0,865.0,863.9,1.1,0.13,0,0.0,0,0.0,0.0,13-Aug-2026,INTERIM DIVIDEND - RS 5 PER SHARE 13-Aug-2026,{'isSLBSec': True},O1,2026-09-13
PIDILITIND,0.0,0,5.0,31877,0.0,1566.9,1564.9,2.0,0.13,0,1.52,0,0.0,0.0,23-Jul-2026,DIVIDEND - RS 11.50 PER SHARE 23-Jul-2026,{'isSLBSec': True},O1,2026-09-13
MOTHERSON,0.0,0,1.0,14351,0.0,164.45,164.27,0.18,0.11,0,0.0,0,0.0,0.0,14-Jul-2026,DIVIDEND - RS 0.25 PER SHARE 14-Jul-2026,{'isSLBSec': True},O1,2026-09-13
MAXHEALTH,0.0,0,7.9,600,0.0,1037.7,1036.6,1.1,0.11,0,0.0,0,0.0,0.0,03-Jul-2026,DIVIDEND - RS 2 PER SHARE 03-Jul-2026,{'isSLBSec': True},O1,2026-09-13
GODFRYPHLP,0.0,0,9.9,195,0.0,1927.0,1925.0,2.0,0.1,0,1.65,0,0.0,0.0,11-Aug-2026,DIVIDEND - RS 33 PER SH 11-Aug-2026,{'isSLBSec': True},O1,2026-09-13
ABB,0.0,0,5.95,40,0.0,7274.0,7267.0,7.0,0.1,0,2.62,0,0.0,0.0,07-Aug-2026,SPECIAL DIVIDEND - RS 90 PER SHARE 07-Aug-2026,{'isSLBSec': True},O1,2026-09-13
RVNL,0.0,0,0.59,100,0.0,204.9,204.71,0.19,0.09,0,62.35,0,0.0,0.0,18-Aug-2026,DIVIDEND - RE 0.71 PER SHARE 18-Aug-2026,{'isSLBSec': True},O1,2026-09-13
BANDHANBNK,0.0,0,0.0,0,0.0,176.52,176.36,0.16,0.09,0,0.0,0,0.0,0.0,17-Aug-2026,DIVIDEND - RS 1.50 PER SHARE 17-Aug-2026,{'isSLBSec': True},O1,2026-09-13
TRENT,0.0,0,2.48,500,2.48,2802.4,2799.9,2.5,0.09,0,1.4,7875,19372.5,22216792.5,12-Jun-2026,DIVIDEND - RS 4 PER SHARE 12-Jun-2026,{'isSLBSec': True},O1,2026-09-13
NAM-INDIA,0.0,0,5.24,59,0.0,1189.6,1188.6,1.0,0.08,0,6.54,0,0.0,0.0,25-Jun-2026,DIVIDEND - RS 12.50 PER SHARE 25-Jun-2026,{'isSLBSec': True},O1,2026-09-13
JSWENERGY,0.0,0,0.5,1683,0.0,526.45,526.1,0.35,0.07,0,9.04,0,0.0,0.0,05-Jun-2026,DIVIDEND - RS 2 PER SHARE 05-Jun-2026,{'isSLBSec': True},O1,2026-09-13
AMBER,0.0,0,49.93,10,0.0,7245.0,7240.0,5.0,0.07,0,0.0,0,0.0,0.0,02-Aug-2024,ANNUAL GENERAL MEETING 02-Aug-2024,{'isSLBSec': True},O1,2026-09-13
HYUNDAI,6.1,1100,11.04,2869,10.0,2174.0,2173.0,1.0,0.05,0,7.3,3475,35966.25,7697125.0,05-Aug-2026,DIVIDEND - RS 21 PER SHARE 05-Aug-2026,{'isSLBSec': True},O1,2026-09-13
SHREECEM,0.0,0,185.0,50,0.0,22570.0,22560.0,10.0,0.04,0,20.39,0,0.0,0.0,17-Jul-2026,DIVIDEND - RS 70 PER SHARE 17-Jul-2026,{'isSLBSec': True},O1,2026-09-13
INOXWIND,0.0,0,0.0,0,0.0,76.5,76.47,0.03,0.04,0,0.0,0,0.0,0.0,29-Jul-2025,RIGHTS 5:78 @ PREMIUM RS 110/- 29-Jul-2025,{'isSLBSec': True},O1,2026-09-13
PAGEIND,0.0,0,0.0,0,0.0,35365.0,35355.0,10.0,0.03,0,0.0,0,0.0,0.0,19-Aug-2026,INTERIM DIVIDEND - RS 200 PER SHARE 19-Aug-2026,{'isSLBSec': True},O1,2026-09-13
POWERGRID,0.0,0,0.98,25000,0.0,269.1,269.05,0.05,0.02,0,3.54,0,0.0,0.0,13-Aug-2026,DIVIDEND - RS 1.25 PER SHARE 13-Aug-2026,{'isSLBSec': True},O1,2026-09-13
ICICIPRULI,0.0,0,2.4,94,0.0,471.5,471.4,0.1,0.02,0,8.25,0,0.0,0.0,05-Jun-2026,DIVIDEND - RS 1.65 PER SHARE 05-Jun-2026,{'isSLBSec': True},O1,2026-09-13
UNIMECH,0.0,0,25.95,13,0.0,0.0,0.0,0.0,0.0,0,0.0,0,0.0,0.0,, ,{'isSLBSec': True},O1,2026-09-13
GROWW,0.0,0,1.0,105,0.0,0.0,0.0,0.0,0.0,0,0.0,0,0.0,0.0,, ,{'isSLBSec': True},O1,2026-09-13
IXIGO,0.0,0,15.0,48,0.0,0.0,0.0,0.0,0.0,0,0.0,0,0.0,0.0,, ,{'isSLBSec': True},O1,2026-09-13
ALOKINDS,0.0,0,0.1,13000,0.0,0.0,0.0,0.0,0.0,0,0.0,0,0.0,0.0,, ,{'isSLBSec': True},O1,2026-09-13
KWIL,0.0,0,0.5,127,0.0,0.0,0.0,0.0,0.0,0,0.0,0,0.0,0.0,, ,{'isSLBSec': True},O1,2026-09-13
ONESOURCE,0.0,0,2.21,12,0.0,0.0,0.0,0.0,0.0,0,0.0,0,0.0,0.0,, ,{'isSLBSec': True},O1,2026-09-13
MAFANG,0.0,0,1.0,49928,0.0,0.0,0.0,0.0,0.0,0,0.0,0,0.0,0.0,, ,{'isSLBSec': True},O1,2026-09-13
LENSKART,0.0,0,0.99,25,0.0,0.0,0.0,0.0,0.0,0,0.0,0,0.0,0.0,, ,{'isSLBSec': True},O1,2026-09-13
IKS,0.0,0,99.99,93,0.0,0.0,0.0,0.0,0.0,0,0.0,0,0.0,0.0,, ,{'isSLBSec': True},O1,2026-09-13
HINDCOPPER,0.0,0,2.9,850,0.0,0.0,0.0,0.0,0.0,0,0.0,0,0.0,0.0,16-Sep-2026,DIVIDEND - RS 1.86 PER SHARE 16-Sep-2026,{'isSLBSec': True},O1,2026-09-13
TI,0.0,0,4.9,215,0.0,0.0,0.0,0.0,0.0,0,0.0,0,0.0,0.0,15-Sep-2026,DIVIDEND - RE 1 PER SHARE 15-Sep-2026,{'isSLBSec': True},O1,2026-09-13
HEG,0.0,0,2.99,835,0.0,0.0,0.0,0.0,0.0,0,0.0,0,0.0,0.0,07-Sep-2026,DEMERGER 07-Sep-2026,{'isSLBSec': True},O1,2026-09-13
PVRINOX,0.0,0,10.0,1853,0.0,0.0,0.0,0.0,0.0,0,0.0,0,0.0,0.0,04-Sep-2026,BUY BACK 04-Sep-2026,{'isSLBSec': True},O1,2026-09-13
SCI,0.0,0,10.0,169,0.0,0.0,0.0,0.0,0.0,0,0.0,0,0.0,0.0,04-Sep-2026,DIVIDEND - RE 1 PER SHARE 04-Sep-2026,{'isSLBSec': True},O1,2026-09-13
INDIAGLYCO,0.0,0,10.0,160,0.0,0.0,0.0,0.0,0.0,0,0.0,0,0.0,0.0,02-Sep-2026,DEMERGER 02-Sep-2026,{'isSLBSec': True},O1,2026-09-13
SKFINDUS,0.0,0,30.0,7,0.0,0.0,0.0,0.0,0.0,0,0.0,0,0.0,0.0,17-Aug-2026,INTERIM DIVIDEND - RS 20 PER SHARE 17-Aug-2026,{'isSLBSec': True},O1,2026-09-13
YATHARTH,0.0,0,10.0,401,0.0,0.0,0.0,0.0,0.0,0,0.0,0,0.0,0.0,14-Aug-2026,INTERIM DIVIDEND - RE 0.50 PER SHARE 14-Aug-2026,{'isSLBSec': True},O1,2026-09-13
NETWEB,0.0,0,25.0,10,0.0,0.0,0.0,0.0,0.0,0,0.0,0,0.0,0.0,07-Aug-2026,DIVIDEND - RS 3 PER SHARE 07-Aug-2026,{'isSLBSec': True},O1,2026-09-13
GESHIP,0.0,0,4.47,684,0.0,0.0,0.0,0.0,0.0,0,0.0,0,0.0,0.0,07-Aug-2026,INTERIM DIVIDEND - RS 14.40 PER SHARE 07-Aug-2026,{'isSLBSec': True},O1,2026-09-13
SHYAMMETL,0.0,0,5.0,215,0.0,0.0,0.0,0.0,0.0,0,0.0,0,0.0,0.0,07-Aug-2026,DIVIDEND - RS 2.70 PER SHARE 07-Aug-2026,{'isSLBSec': True},O1,2026-09-13
PCBL,0.0,0,5.0,165,0.0,0.0,0.0,0.0,0.0,0,0.0,0,0.0,0.0,04-Aug-2026,INTERIM DIVIDEND - RS 4.50 PER SHARE 04-Aug-2026,{'isSLBSec': True},O1,2026-09-13
PRECWIRE,0.0,0,9.0,700,0.0,0.0,0.0,0.0,0.0,0,0.0,0,0.0,0.0,31-Jul-2026,DIVIDEND - RE 0.55 PER SHARE 31-Jul-2026,{'isSLBSec': True},O1,2026-09-13
SHAKTIPUMP,0.0,0,99.0,257,0.0,0.0,0.0,0.0,0.0,0,0.0,0,0.0,0.0,29-Jul-2026,DIVIDEND - RE 1 PER SHARE 29-Jul-2026,{'isSLBSec': True},O1,2026-09-13
DATAPATTNS,0.0,0,20.0,19,0.0,0.0,0.0,0.0,0.0,0,0.0,0,0.0,0.0,24-Jul-2026,DIVIDEND - RS 10 PER SHARE 24-Jul-2026,{'isSLBSec': True},O1,2026-09-13
POKARNA,0.0,0,20.0,75,0.0,0.0,0.0,0.0,0.0,0,0.0,0,0.0,0.0,20-Jul-2026,DIVIDEND - RE 0.60 PER SHARE 20-Jul-2026,{'isSLBSec': True},O1,2026-09-13
LUPIN,0.0,0,4.95,281,0.0,2095.0,2095.1,-0.1,0.0,0,0.38,0,0.0,0.0,17-Jul-2026,DIVIDEND - RS 18 PER SHARE 17-Jul-2026,{'isSLBSec': True},O1,2026-09-13
COROMANDEL,0.0,0,15.0,24,0.0,0.0,0.0,0.0,0.0,0,0.0,0,0.0,0.0,16-Jul-2026,DIVIDEND - RS 2 PER SHARE 16-Jul-2026,{'isSLBSec': True},O1,2026-09-13
WHEELS,0.0,0,25.0,50,0.0,0.0,0.0,0.0,0.0,0,0.0,0,0.0,0.0,24-Jun-2026,DIVIDEND - RS 9.14 PER SHARE 24-Jun-2026,{'isSLBSec': True},O1,2026-09-13
RRKABEL,0.0,0,13.0,196,0.0,0.0,0.0,0.0,0.0,0,0.0,0,0.0,0.0,16-Jun-2026,DIVIDEND - RS 5.50 PER SHARE 16-Jun-2026,{'isSLBSec': True},O1,2026-09-13
ICICIAMC,0.0,0,4.0,106,0.0,0.0,0.0,0.0,0.0,0,0.0,0,0.0,0.0,12-Jun-2026,DIVIDEND - RS 12.40 PER SHARE 12-Jun-2026,{'isSLBSec': True},O1,2026-09-13
PIRAMALFIN,0.0,0,1.0,69,0.0,0.0,0.0,0.0,0.0,0,0.0,0,0.0,0.0,12-Jun-2026,DIVIDEND - RS 11 PER SHARE 12-Jun-2026,{'isSLBSec': True},O1,2026-09-13
TATAINVEST,0.0,0,0.6,600,0.0,0.0,0.0,0.0,0.0,0,0.0,0,0.0,0.0,10-Jun-2026,DIVIDEND - RS 3.40 PER SHARE 10-Jun-2026,{'isSLBSec': True},O1,2026-09-13
INOXINDIA,0.0,0,4.99,308,0.0,0.0,0.0,0.0,0.0,0,0.0,0,0.0,0.0,09-Jun-2026,DIVIDEND - RS 2 PER SHARE 09-Jun-2026,{'isSLBSec': True},O1,2026-09-13
HSCL,0.0,0,4.99,190,0.0,0.0,0.0,0.0,0.0,0,0.0,0,0.0,0.0,22-May-2026,DIVIDEND - RE 0.80 PER SHARE 22-May-2026,{'isSLBSec': True},O1,2026-09-13
HCG,0.0,0,10.0,21,0.0,0.0,0.0,0.0,0.0,0,0.0,0,0.0,0.0,02-Mar-2026,RIGHTS 1:17 @ PREMIUM RS 502/- 02-Mar-2026,{'isSLBSec': True},O1,2026-09-13
IIFL,0.0,0,1.5,5,0.0,0.0,0.0,0.0,0.0,0,0.0,0,0.0,0.0,29-Jan-2026,INTERIM DIVIDEND - RS 4 PER SHARE 29-Jan-2026,{'isSLBSec': True},O1,2026-09-13
HFCL,0.0,0,0.7,2500,0.0,0.0,0.0,0.0,0.0,0,0.0,0,0.0,0.0,08-Sep-2025,DIVIDEND - RE 0.10 PER SHARE 08-Sep-2025,{'isSLBSec': True},O1,2026-09-13
GUJTHEM,0.0,0,9.93,375,0.0,0.0,0.0,0.0,0.0,0,0.0,0,0.0,0.0,04-Sep-2025,DIVIDEND - RE 0.67 PER SHARE 04-Sep-2025,{'isSLBSec': True},O1,2026-09-13
MOREPENLAB,0.0,0,1.0,1995,0.0,0.0,0.0,0.0,0.0,0,0.0,0,0.0,0.0,29-Aug-2025,DIVIDEND - RE 0.20 PER SHARE 29-Aug-2025,{'isSLBSec': True},O1,2026-09-13
MANKIND,0.0,0,20.0,182,0.0,2280.0,2279.9,0.1,0.0,0,0.0,0,0.0,0.0,08-Aug-2025,INTERIM DIVIDEND - RE 1  PER SHARE 08-Aug-2025,{'isSLBSec': True},O1,2026-09-13
PPLPHARMA,0.0,0,0.36,276,0.0,0.0,0.0,0.0,0.0,0,0.0,0,0.0,0.0,16-Jul-2025,DIVIDEND - RE 0.14 PER SHARE 16-Jul-2025,{'isSLBSec': True},O1,2026-09-13
RAYMOND,0.0,0,15.0,100,0.0,0.0,0.0,0.0,0.0,0,0.0,0,0.0,0.0,14-May-2025,DEMERGER 14-May-2025,{'isSLBSec': True},O1,2026-09-13
GRAVITA,0.0,0,2.0,297,0.0,0.0,0.0,0.0,0.0,0,0.0,0,0.0,0.0,08-May-2025,INTERIM DIVIDEND - RS 6.35 PER SHARE 08-May-2025,{'isSLBSec': True},O1,2026-09-13
IFCI,0.0,0,0.99,750,0.0,0.0,0.0,0.0,0.0,0,0.0,0,0.0,0.0,19-Sep-2024,ANNUAL GENERAL MEETING 19-Sep-2024,{'isSLBSec': True},O1,2026-09-13
GODREJIND,0.0,0,1.98,16,0.0,0.0,0.0,0.0,0.0,0,0.0,0,0.0,0.0,05-Aug-2024,ANNUAL GENERAL MEETING 05-Aug-2024,{'isSLBSec': True},O1,2026-09-13
MON100,0.0,0,1.0,400,0.0,0.0,0.0,0.0,0.0,0,0.0,0,0.0,0.0,17-Jun-2021, FACE VALUE SPLIT (SUB-DIVISION) - FROM RS 10/- PER SHARE TO RE 1/- PER SHARE 17-Jun-2021,{'isSLBSec': True},O1,2026-09-13
TITAN,0.0,0,1.0,11500,0.0,5009.5,5010.0,-0.5,-0.01,0,0.63,0,0.0,0.0,09-Jul-2026,DIVIDEND - RS 15 PER SHARE 09-Jul-2026,{'isSLBSec': True},O1,2026-09-13
POWERINDIA,0.0,0,40.0,39,0.0,31435.0,31440.0,-5.0,-0.02,0,0.1,0,0.0,0.0,21-Aug-2026,DIVIDEND - RS 8 PER SHARE 21-Aug-2026,{'isSLBSec': True},O1,2026-09-13
AUBANK,0.0,0,5.0,360,0.0,1058.9,1059.3,-0.4,-0.04,0,7.87,0,0.0,0.0,31-Jul-2026,DIVIDEND - RE 1 PER SHARE 31-Jul-2026,{'isSLBSec': True},O1,2026-09-13
FORTIS,0.0,0,1.0,950,0.0,887.8,888.25,-0.45,-0.05,0,0.0,0,0.0,0.0,24-Jul-2026,DIVIDEND - RE 1 PER SHARE 24-Jul-2026,{'isSLBSec': True},O1,2026-09-13
JUBLFOOD,0.0,0,3.75,90,3.75,470.25,470.55,-0.3,-0.06,0,12.66,19160,68592.8,9149858.0,17-Jul-2026,DIVIDEND - RS 1.20 PER SHARE 17-Jul-2026,{'isSLBSec': True},O1,2026-09-13
NYKAA,0.0,0,5.0,3100,0.0,344.5,344.75,-0.25,-0.07,0,9.21,0,0.0,0.0,10-Nov-2022,BONUS 5:1 10-Nov-2022,{'isSLBSec': True},O1,2026-09-13
DIXON,135.0,250,185.0,1186,185.0,13425.0,13439.0,-14.0,-0.1,0,21.87,1916,329283.76,26220460.0,16-Sep-2025,DIVIDEND - RS 8 PER SHARE 16-Sep-2025,{'isSLBSec': True},O1,2026-09-13
SAGILITY,0.0,0,0.99,5000,0.0,45.2,45.26,-0.06,-0.13,0,0.0,0,0.0,0.0,07-Aug-2026,DIVIDEND - RE 0.10 PER SHARE 07-Aug-2026,{'isSLBSec': True},O1,2026-09-13
CROMPTON,0.0,0,3.99,200,0.0,231.0,231.3,-0.3,-0.13,0,17.17,0,0.0,0.0,24-Jul-2026,DIVIDEND - RS 3 PER SHARE 24-Jul-2026,{'isSLBSec': True},O1,2026-09-13
LT,0.0,0,0.25,337,0.0,3930.7,3936.0,-5.3,-0.13,0,0.1,0,0.0,0.0,22-May-2026,DIVIDEND - RS 38 PER SHARE 22-May-2026,{'isSLBSec': True},O1,2026-09-13
SIEMENS,5.5,500,7.99,50,7.99,3957.0,3962.6,-5.6,-0.14,0,3.2,6712,34768.16,26595561.68,29-Jul-2026,DIVIDEND - RS 18 PER SHARE 29-Jul-2026,{'isSLBSec': True},O1,2026-09-13
ASIANPAINT,0.0,0,0.5,90,0.0,2472.5,2475.9,-3.4,-0.14,0,0.32,0,0.0,0.0,23-Jun-2026,DIVIDEND - RS 23 PER SHARE 23-Jun-2026,{'isSLBSec': True},O1,2026-09-13
COCHINSHIP,0.0,0,25.0,5,0.0,1381.0,1383.0,-2.0,-0.14,0,11.49,0,0.0,0.0,03-Feb-2026,INTERIM DIVIDEND - RS 3.50 PER SHARE 03-Feb-2026,{'isSLBSec': True},O1,2026-09-13
ASTRAL,0.0,0,5.0,200,5.0,1411.4,1413.5,-2.1,-0.15,0,5.62,35,175.0,51240.0,14-Aug-2026,DIVIDEND - RS 2.50 PER SHARE 14-Aug-2026,{'isSLBSec': True},O1,2026-09-13
FORCEMOT,0.0,0,45.0,450,0.0,17705.0,17733.0,-28.0,-0.16,0,0.9,0,0.0,0.0,09-Sep-2026,DIVIDEND - RS 50 PER SHARE 09-Sep-2026,{'isSLBSec': True},O1,2026-09-13
TECHM,0.0,0,0.94,15,0.0,1541.0,1543.5,-2.5,-0.16,0,1.29,0,0.0,0.0,03-Jul-2026,DIVIDEND - RS 36 PER SHARE 03-Jul-2026,{'isSLBSec': True},O1,2026-09-13
COLPAL,0.0,0,1.25,3200,0.0,1797.4,1800.4,-3.0,-0.17,0,0.88,0,0.0,0.0,01-Jun-2026,INTERIM DIVIDEND - RS 24 PER SHARE 01-Jun-2026,{'isSLBSec': True},O1,2026-09-13
ULTRACEMCO,0.0,0,20.0,63,0.0,11000.0,11020.0,-20.0,-0.18,0,0.43,0,0.0,0.0,30-Jul-2026,DIVIDEND - RS 240 PER SHARE 30-Jul-2026,{'isSLBSec': True},O1,2026-09-13
SRF,0.0,0,1.0,1000,0.0,2482.4,2487.0,-4.6,-0.19,0,0.0,0,0.0,0.0,28-Jul-2026,INTERIM DIVIDEND - RS 5 PER SHARE 28-Jul-2026,{'isSLBSec': True},O1,2026-09-13
ETERNAL,0.0,0,0.5,5000,0.0,323.5,324.15,-0.65,-0.2,0,6.62,0,0.0,0.0,, ,{'isSLBSec': True},O1,2026-09-13
ADANIPORTS,0.0,0,7.9,94,0.0,1764.6,1768.2,-3.6,-0.2,0,0.0,0,0.0,0.0,12-Jun-2026,DIVIDEND - RS 7.50 PER SHARE 12-Jun-2026,{'isSLBSec': True},O1,2026-09-13
KEI,0.0,0,26.13,400,0.0,4578.0,4587.0,-9.0,-0.2,0,12.13,0,0.0,0.0,28-Jan-2026,INTERIM DIVIDEND - RS 4.50 PER SHARE 28-Jan-2026,{'isSLBSec': True},O1,2026-09-13
ABCAPITAL,0.0,0,0.1,1,0.0,395.0,395.8,-0.8,-0.2,0,0.0,0,0.0,0.0,16-Aug-2018, ANNUAL GENERAL MEETING 16-Aug-2018,{'isSLBSec': True},O1,2026-09-13
PFC,0.0,0,0.99,8111,0.0,353.45,354.2,-0.75,-0.21,0,0.0,0,0.0,0.0,27-Aug-2026,INTERIM DIVIDEND - RS 3.90 PER SHARE 27-Aug-2026,{'isSLBSec': True},O1,2026-09-13
TORNTPHARM,0.0,0,20.0,170,0.0,4965.5,4976.0,-10.5,-0.21,0,0.32,0,0.0,0.0,29-May-2026,DIVIDEND - RS 9 PER SHARE 29-May-2026,{'isSLBSec': True},O1,2026-09-13
BEL,0.0,0,0.49,11083,0.0,404.35,405.3,-0.95,-0.23,0,0.0,0,0.0,0.0,13-Aug-2026,DIVIDEND - RE 0.55 PER SHARE 13-Aug-2026,{'isSLBSec': True},O1,2026-09-13
KPITTECH,0.0,0,4.0,577,0.0,553.75,555.0,-1.25,-0.23,0,5.73,0,0.0,0.0,12-Aug-2026,DIVIDEND - RS 5.25 PER SHARE 12-Aug-2026,{'isSLBSec': True},O1,2026-09-13
INDHOTEL,0.0,0,1.0,771,0.0,718.5,720.2,-1.7,-0.24,0,0.0,0,0.0,0.0,23-Jun-2026,DIVIDEND - RS 3.25 PER SHARE 23-Jun-2026,{'isSLBSec': True},O1,2026-09-13
DABUR,0.0,0,0.5,50,0.0,376.0,376.95,-0.95,-0.25,0,2.11,0,0.0,0.0,17-Jul-2026,DIVIDEND - RS 5.50 PER SHARE 17-Jul-2026,{'isSLBSec': True},O1,2026-09-13
INDIGO,0.0,0,30.0,50,0.0,4973.0,4985.5,-12.5,-0.25,0,1.44,0,0.0,0.0,13-Aug-2025,DIVIDEND - RS 10 PER SHARE 13-Aug-2025,{'isSLBSec': True},O1,2026-09-13
COALINDIA,0.0,0,0.95,300,0.0,426.4,427.5,-1.1,-0.26,0,0.93,0,0.0,0.0,04-Sep-2026,DIVIDEND - RS 5.25 PER SHARE 04-Sep-2026,{'isSLBSec': True},O1,2026-09-13
POLICYBZR,0.0,0,19.93,40,0.0,1797.3,1802.1,-4.8,-0.27,0,0.0,0,0.0,0.0,, ,{'isSLBSec': True},O1,2026-09-13
BAJAJ-AUTO,0.0,0,9.99,75,0.0,11678.0,11709.0,-31.0,-0.27,0,0.41,0,0.0,0.0,24-Jun-2026,BUY BACK 24-Jun-2026,{'isSLBSec': True},O1,2026-09-13
ATHERENERG,0.0,0,9.0,125,0.0,1656.0,1660.8,-4.8,-0.29,0,0.0,0,0.0,0.0,, ,{'isSLBSec': True},O1,2026-09-13
GLENMARK,0.0,0,0.99,700,0.0,2419.2,2426.1,-6.9,-0.29,0,0.0,0,0.0,0.0,31-Aug-2026,DIVIDEND - RS 2.50 PER SHARE 31-Aug-2026,{'isSLBSec': True},O1,2026-09-13
PERSISTENT,50.0,30,0.0,0,50.0,5516.0,5532.0,-16.0,-0.29,0,14.39,3207,70072.95,17829316.5,27-Jul-2026,DIVIDEND - RS 18 PER SHARE 27-Jul-2026,{'isSLBSec': True},O1,2026-09-13
CHOLAFIN,0.0,0,7.0,1000,0.0,1845.9,1851.5,-5.6,-0.3,0,20.63,0,0.0,0.0,21-Jul-2026,DIVIDEND - RE 0.70 PER SHARE 21-Jul-2026,{'isSLBSec': True},O1,2026-09-13
DRREDDY,3.5,2625,3.96,500,4.0,1165.5,1169.0,-3.5,-0.3,0,5.45,107935,398280.15,123801445.0,10-Jul-2026,DIVIDEND - RS 8 PER SHARE 10-Jul-2026,{'isSLBSec': True},O1,2026-09-13
SONACOMS,0.0,0,4.0,51,0.0,788.0,790.4,-2.4,-0.3,0,3.73,0,0.0,0.0,25-Jun-2026,DIVIDEND - RS 1.80 PER SHARE 25-Jun-2026,{'isSLBSec': True},O1,2026-09-13
NTPC,0.0,0,0.47,840,0.0,333.4,334.45,-1.05,-0.31,0,0.0,0,0.0,0.0,02-Sep-2026,DIVIDEND - RS 3.50 PER SHARE 02-Sep-2026,{'isSLBSec': True},O1,2026-09-13
HDFCBANK,0.0,0,0.24,9,0.0,708.25,710.55,-2.3,-0.32,0,0.56,0,0.0,0.0,19-Jun-2026,DIVIDEND - RS 13 PER SHARE 19-Jun-2026,{'isSLBSec': True},O1,2026-09-13
IRFC,0.2,5425,0.4,40,0.41,81.09,81.36,-0.27,-0.33,0,8.02,107346,42938.4,8747625.54,13-Mar-2026,INTERIM DIVIDEND - RS 1.05 PER SHARE 13-Mar-2026,{'isSLBSec': True},O1,2026-09-13
NESTLEIND,0.25,16500,0.89,1500,0.0,1383.3,1388.0,-4.7,-0.34,0,0.0,0,0.0,0.0,10-Jul-2026,DIVIDEND - RS 5 PER SHARE 10-Jul-2026,{'isSLBSec': True},O1,2026-09-13
DLF,0.0,0,4.99,237,0.0,644.5,646.75,-2.25,-0.35,0,0.0,0,0.0,0.0,27-Jul-2026,DIVIDEND - RS 8 PER SHARE 27-Jul-2026,{'isSLBSec': True},O1,2026-09-13
HEROMOTOCO,0.0,0,2.0,161,2.5,5221.5,5240.0,-18.5,-0.35,0,0.76,180,450.0,950850.0,24-Jul-2026,DIVIDEND - RS 75 PER SHARE 24-Jul-2026,{'isSLBSec': True},O1,2026-09-13
BHEL,0.0,0,2.0,500,0.0,431.0,432.5,-1.5,-0.35,0,0.55,0,0.0,0.0,17-Jul-2026,DIVIDEND - RS 1.40 PER SHARE 17-Jul-2026,{'isSLBSec': True},O1,2026-09-13
BIOCON,0.0,0,0.5,57,0.0,390.65,392.0,-1.35,-0.35,0,0.0,0,0.0,0.0,03-Jul-2026,DIVIDEND - RE 0.50 PER SHARE 03-Jul-2026,{'isSLBSec': True},O1,2026-09-13
HDFCAMC,0.0,0,20.0,472,0.0,2403.9,2412.3,-8.4,-0.35,0,29.71,0,0.0,0.0,05-Jun-2026,DIVIDEND - RS 54 PER SHARE 05-Jun-2026,{'isSLBSec': True},O1,2026-09-13
TIINDIA,0.0,0,20.0,2900,0.0,2606.1,2615.5,-9.4,-0.36,0,0.0,0,0.0,0.0,07-Aug-2026,DIVIDEND - RS 1.50  PER SHARE 07-Aug-2026,{'isSLBSec': True},O1,2026-09-13
BANKINDIA,0.0,0,5.0,273,0.0,140.0,140.5,-0.5,-0.36,0,3.4,0,0.0,0.0,29-May-2026,DIVIDEND - RS 4.65 PER SHARE 29-May-2026,{'isSLBSec': True},O1,2026-09-13
NATIONALUM,0.0,0,0.99,11800,0.0,361.0,362.35,-1.35,-0.37,0,0.44,0,0.0,0.0,24-Aug-2026,DIVIDEND - RE 1 PER SHARE 24-Aug-2026,{'isSLBSec': True},O1,2026-09-13
BHARATFORG,0.0,0,0.98,2,0.0,1944.9,1952.0,-7.1,-0.37,0,3.67,0,0.0,0.0,03-Jul-2026,DIVIDEND - RS 6.50 PER SHARE 03-Jul-2026,{'isSLBSec': True},O1,2026-09-13
JSWSTEEL,0.0,0,0.98,1609,0.0,1265.0,1270.0,-5.0,-0.4,0,5.02,0,0.0,0.0,07-Jul-2026,DIVIDEND - RS 7.10 PER SHARE 07-Jul-2026,{'isSLBSec': True},O1,2026-09-13
IDEA,0.0,0,0.03,20595,0.0,14.97,15.03,-0.06,-0.4,0,0.0,0,0.0,0.0,20-Aug-2024,ANNUAL GENERAL MEETING 20-Aug-2024,{'isSLBSec': True},O1,2026-09-13
INDUSTOWER,0.0,0,24.99,200,0.0,388.0,389.6,-1.6,-0.41,0,1.02,0,0.0,0.0,10-Aug-2026,DIVIDEND - RS 14 PER SHARE 10-Aug-2026,{'isSLBSec': True},O1,2026-09-13
INDIANB,0.0,0,4.9,200,0.0,853.5,857.0,-3.5,-0.41,0,6.23,0,0.0,0.0,10-Jun-2026,DIVIDEND - RS 18.25 PER SHARE 10-Jun-2026,{'isSLBSec': True},O1,2026-09-13
MFSL,0.0,0,4.95,400,0.0,1477.0,1483.0,-6.0,-0.41,0,0.0,0,0.0,0.0,16-Aug-2024,ANNUAL GENERAL MEETING 16-Aug-2024,{'isSLBSec': True},O1,2026-09-13
LTF,0.0,0,0.69,600,0.0,309.1,310.45,-1.35,-0.44,0,4.06,0,0.0,0.0,22-May-2026,DIVIDEND - RS 2.75 PER SHARE 22-May-2026,{'isSLBSec': True},O1,2026-09-13
MOTILALOFS,0.0,0,3.9,392,0.0,1026.5,1031.0,-4.5,-0.44,0,0.0,0,0.0,0.0,30-Jan-2026,INTERIM DIVIDEND - RS 6 PER SHARE 30-Jan-2026,{'isSLBSec': True},O1,2026-09-13
M&M,0.0,0,1.99,1500,0.0,3107.0,3121.1,-14.1,-0.45,0,1.02,0,0.0,0.0,03-Jul-2026,DIVIDEND - RS 33 PER SHARE 03-Jul-2026,{'isSLBSec': True},O1,2026-09-13
LODHA,10.01,625,20.0,71,0.0,1116.9,1122.0,-5.1,-0.46,0,31.97,0,0.0,0.0,07-Aug-2026,DIVIDEND - RS 4.25 PER SHARE 07-Aug-2026,{'isSLBSec': True},O1,2026-09-13
ADANIENT,0.0,0,9.9,150,0.0,3060.0,3074.0,-14.0,-0.46,0,0.52,0,0.0,0.0,12-Jun-2026,DIVIDEND - RS 1.30 PER SHARE 12-Jun-2026,{'isSLBSec': True},O1,2026-09-13
HINDALCO,0.0,0,0.5,1373,0.0,981.5,986.2,-4.7,-0.48,0,0.0,0,0.0,0.0,10-Jul-2026,DIVIDEND - RS 5 PER SHARE 10-Jul-2026,{'isSLBSec': True},O1,2026-09-13
BAJFINANCE,0.0,0,0.5,300,0.0,1034.5,1039.8,-5.3,-0.51,0,6.14,0,0.0,0.0,30-Jun-2026,DIVIDEND - RS 6 PER SHARE 30-Jun-2026,{'isSLBSec': True},O1,2026-09-13
LAURUSLABS,0.55,3400,2.0,50,0.0,1969.0,1979.0,-10.0,-0.51,0,2.82,0,0.0,0.0,08-May-2026,INTERIM DIVIDEND - RS 1.20 PER SHARE 08-May-2026,{'isSLBSec': True},O1,2026-09-13
COFORGE,0.0,0,28.99,127,0.0,1846.5,1856.1,-9.6,-0.52,0,42.97,0,0.0,0.0,03-Aug-2026,INTERIM DIVIDEND - RS 4 PER SHARE 03-Aug-2026,{'isSLBSec': True},O1,2026-09-13
ZYDUSLIFE,0.0,0,5.0,3448,0.0,1119.1,1124.9,-5.8,-0.52,0,0.0,0,0.0,0.0,24-Jul-2026,DIVIDEND - RE 1 PER SHARE 24-Jul-2026,{'isSLBSec': True},O1,2026-09-13
PAYTM,0.0,0,10.0,335,0.0,1807.5,1817.0,-9.5,-0.53,0,0.0,0,0.0,0.0,, ,{'isSLBSec': True},O1,2026-09-13
HCLTECH,0.5,15000,0.97,10,0.0,1206.1,1212.5,-6.4,-0.53,0,0.66,0,0.0,0.0,17-Jul-2026,INTERIM DIVIDEND - RS 12 PER SHARE 17-Jul-2026,{'isSLBSec': True},O1,2026-09-13
TATAELXSI,0.0,0,7.0,10,7.0,3383.0,3401.0,-18.0,-0.53,0,3.28,1250,6725.0,4270000.0,10-Jun-2026,DIVIDEND - RS 75 PER SHARE 10-Jun-2026,{'isSLBSec': True},O1,2026-09-13
SBIN,0.0,0,0.3,1995,0.0,995.7,1001.0,-5.3,-0.53,0,0.4,0,0.0,0.0,15-May-2026,DIVIDEND - RS 17.35 PER SHARE 15-May-2026,{'isSLBSec': True},O1,2026-09-13
SBICARD,0.0,0,5.12,1,0.0,655.2,658.7,-3.5,-0.53,0,38.51,0,0.0,0.0,11-Mar-2026,INTERIM DIVIDEND - RS 2.50 PER SHARE 11-Mar-2026,{'isSLBSec': True},O1,2026-09-13
SUNPHARMA,0.0,0,0.99,10000,0.0,1840.0,1849.9,-9.9,-0.54,0,0.86,0,0.0,0.0,07-Jul-2026,DIVIDEND - RS 5 PER SHARE 07-Jul-2026,{'isSLBSec': True},O1,2026-09-13
HINDUNILVR,0.0,0,5.0,320,0.0,1927.0,1937.4,-10.4,-0.54,0,0.21,0,0.0,0.0,23-Jun-2026,DIVIDEND - RS 22 PER SHARE 23-Jun-2026,{'isSLBSec': True},O1,2026-09-13
HINDZINC,0.0,0,1.0,1250,0.0,576.45,579.55,-3.1,-0.54,0,33.04,0,0.0,0.0,30-Apr-2026,INTERIM DIVIDEND - RS 11 PER SHARE 30-Apr-2026,{'isSLBSec': True},O1,2026-09-13
ONGC,0.0,0,0.15,250,0.0,232.5,233.79,-1.29,-0.55,0,0.0,0,0.0,0.0,04-Sep-2026,DIVIDEND - RE 1 PER SHARE 04-Sep-2026,{'isSLBSec': True},O1,2026-09-13
GAIL,0.0,0,4.99,900,0.0,173.62,174.58,-0.96,-0.55,0,0.0,0,0.0,0.0,02-Sep-2026,DIVIDEND - RE 0.50 PER SHARE 02-Sep-2026,{'isSLBSec': True},O1,2026-09-13
BOSCHLTD,5.0,74,34.9,25,0.0,48385.0,48650.0,-265.0,-0.55,0,5.74,0,0.0,0.0,04-Aug-2026,DIVIDEND - RS 270 PER SHARE 04-Aug-2026,{'isSLBSec': True},O1,2026-09-13
NMDC,0.0,0,0.48,10100,0.0,82.4,82.85,-0.45,-0.55,0,0.0,0,0.0,0.0,13-Feb-2026,INTERIM DIVIDEND - RS 2.50 PER SHARE 13-Feb-2026,{'isSLBSec': True},O1,2026-09-13
INDUSINDBK,0.0,0,0.98,300,0.0,978.2,984.0,-5.8,-0.59,0,1.62,0,0.0,0.0,25-Jun-2026,DIVIDEND - RS 1.50 PER SHARE 25-Jun-2026,{'isSLBSec': True},O1,2026-09-13
CGPOWER,0.0,0,5.0,1500,0.0,909.0,914.45,-5.45,-0.6,0,3.06,0,0.0,0.0,30-Jan-2026,INTERIM DIVIDEND - RS 1.30 PER SHARE 30-Jan-2026,{'isSLBSec': True},O1,2026-09-13
BRITANNIA,1.5,39,2.5,700,1.5,4962.0,4993.0,-31.0,-0.62,0,0.48,236,354.0,1182478.0,31-Jul-2026,DIVIDEND - RS 90.50 PER SHARE 31-Jul-2026,{'isSLBSec': True},O1,2026-09-13
SOLARINDS,0.0,0,100.0,5,0.0,22290.0,22430.0,-140.0,-0.63,0,1.78,0,0.0,0.0,28-Jul-2026,DIVIDEND - RS 11 PER SHARE 28-Jul-2026,{'isSLBSec': True},O1,2026-09-13
POLYCAB,0.0,0,49.93,1126,0.0,8241.0,8293.0,-52.0,-0.63,0,6.74,0,0.0,0.0,19-Jun-2026,DIVIDEND - RS 47 PER SHARE 19-Jun-2026,{'isSLBSec': True},O1,2026-09-13
DIVISLAB,0.0,0,20.0,100,0.0,9322.0,9381.5,-59.5,-0.64,0,3.4,0,0.0,0.0,24-Jul-2026,DIVIDEND - RS 30 PER SHARE 24-Jul-2026,{'isSLBSec': True},O1,2026-09-13
ADANIENSOL,0.0,0,10.0,640,0.0,1373.0,1381.8,-8.8,-0.64,0,5.78,0,0.0,0.0,14-Jun-2024,ANNUAL GENERAL MEETING 14-Jun-2024,{'isSLBSec': True},O1,2026-09-13
LICI,0.0,0,15.95,450,0.0,404.1,406.75,-2.65,-0.66,0,11.78,0,0.0,0.0,25-Jun-2026,DIVIDEND - RS 10 PER SHARE 25-Jun-2026,{'isSLBSec': True},O1,2026-09-13
PREMIERENE,0.0,0,8.0,150,0.0,974.2,980.6,-6.4,-0.66,0,0.0,0,0.0,0.0,08-May-2026,INTERIM DIVIDEND - RE 0.75 PER SHARE 08-May-2026,{'isSLBSec': True},O1,2026-09-13
BPCL,0.0,0,0.47,300,0.0,304.5,306.55,-2.05,-0.67,0,1.3,0,0.0,0.0,02-Feb-2026,INTERIM DIVIDEND - RS 10 PER SHARE 02-Feb-2026,{'isSLBSec': True},O1,2026-09-13
INFY,0.0,0,0.49,81,0.0,1037.7,1044.8,-7.1,-0.68,0,0.61,0,0.0,0.0,10-Jun-2026,DIVIDEND - RS 25 PER SHARE 10-Jun-2026,{'isSLBSec': True},O1,2026-09-13
RELIANCE,0.0,0,0.37,48470,0.0,1257.5,1266.1,-8.6,-0.68,0,1.26,0,0.0,0.0,05-Jun-2026,DIVIDEND - RS 6 PER SHARE 05-Jun-2026,{'isSLBSec': True},O1,2026-09-13
HAL,0.0,0,4.94,22,0.0,4905.0,4940.5,-35.5,-0.72,0,0.0,0,0.0,0.0,14-Aug-2026,DIVIDEND - RS 10 PER SH 14-Aug-2026,{'isSLBSec': True},O1,2026-09-13
BHARTIARTL,0.0,0,0.98,30,0.0,1831.1,1844.5,-13.4,-0.73,0,2.56,0,0.0,0.0,24-Jul-2026,DIVIDEND - RS 24 PER SHARE 24-Jul-2026,{'isSLBSec': True},O1,2026-09-13
AXISBANK,0.0,0,1.99,386,0.0,1246.0,1255.3,-9.3,-0.75,0,0.32,0,0.0,0.0,10-Jul-2026,DIVIDEND - RE 1 PER SHARE 10-Jul-2026,{'isSLBSec': True},O1,2026-09-13
UNIONBANK,0.0,0,0.48,4,0.0,178.1,179.45,-1.35,-0.76,0,2.67,0,0.0,0.0,03-Jul-2026,DIVIDEND - RS 5 PER SHARE 03-Jul-2026,{'isSLBSec': True},O1,2026-09-13
TMPV,0.0,0,0.79,800,0.0,301.1,303.4,-2.3,-0.76,0,5.27,0,0.0,0.0,19-Jun-2026,DIVIDEND - RS 3 PER SHARE 19-Jun-2026,{'isSLBSec': True},O1,2026-09-13
HINDPETRO,0.0,0,0.75,15125,0.0,352.0,354.7,-2.7,-0.77,0,0.0,0,0.0,0.0,14-Aug-2026,DIVIDEND - RS 19.25 PER SHARE 14-Aug-2026,{'isSLBSec': True},O1,2026-09-13
MARUTI,0.0,0,3.5,10,0.0,12400.0,12495.0,-95.0,-0.77,0,2.3,0,0.0,0.0,07-Aug-2026,DIVIDEND - RS 140 PER SHARE 07-Aug-2026,{'isSLBSec': True},O1,2026-09-13
RECLTD,0.1,4725,0.49,111,0.5,312.7,315.15,-2.45,-0.78,0,2.54,9450,4725.0,2970135.0,14-Aug-2026,DIVIDEND - RS 1.55 PER SHARE 14-Aug-2026,{'isSLBSec': True},O1,2026-09-13
ICICIBANK,0.0,0,0.48,250,0.0,1379.3,1390.1,-10.8,-0.78,0,2.3,0,0.0,0.0,03-Aug-2026,DIVIDEND - RS 12 PER SHARE 03-Aug-2026,{'isSLBSec': True},O1,2026-09-13
UNOMINDA,0.0,0,29.95,28,0.0,1201.6,1211.0,-9.4,-0.78,0,0.0,0,0.0,0.0,29-May-2026,DIVIDEND - RS 1.75 PER SHARE 29-May-2026,{'isSLBSec': True},O1,2026-09-13
DMART,1.0,150,4.9,50,0.0,3688.0,3716.7,-28.7,-0.78,0,1.08,0,0.0,0.0,09-Aug-2021, ANNUAL GENERAL MEETING 09-Aug-2021,{'isSLBSec': True},O1,2026-09-13
MCX,0.0,0,2.61,410,0.0,3276.0,3302.0,-26.0,-0.79,0,0.0,0,0.0,0.0,28-Aug-2026,DIVIDEND - RS 8 PER SHARE 28-Aug-2026,{'isSLBSec': True},O1,2026-09-13
ITC,0.0,0,0.15,600,0.0,259.85,261.9,-2.05,-0.79,0,1.53,0,0.0,0.0,27-May-2026,DIVIDEND - RS 8 PER SHARE 27-May-2026,{'isSLBSec': True},O1,2026-09-13
JIOFIN,0.0,0,0.24,800,0.0,229.9,231.75,-1.85,-0.8,0,3.11,0,0.0,0.0,10-Aug-2026,DIVIDEND - RS 0.60 PER SHARE 10-Aug-2026,{'isSLBSec': True},O1,2026-09-13
SHRIRAMFIN,0.0,0,4.95,1100,0.0,1028.6,1036.9,-8.3,-0.81,0,0.0,0,0.0,0.0,03-Jul-2026,DIVIDEND - RS 6 PER SHARE 03-Jul-2026,{'isSLBSec': True},O1,2026-09-13
RBLBANK,0.0,0,8.0,2000,0.0,412.55,415.95,-3.4,-0.82,0,4.81,0,0.0,0.0,14-Aug-2026,DIVIDEND - RE 1 PER SHARE 14-Aug-2026,{'isSLBSec': True},O1,2026-09-13
YESBANK,0.0,0,0.1,26218,0.0,23.48,23.68,-0.2,-0.85,0,0.0,0,0.0,0.0,03-Jun-2019, ANNUAL GENERAL MEETING/ DIVIDEND - RS 2 PER SHARE 03-Jun-2019,{'isSLBSec': True},O1,2026-09-13
TATACONSUM,0.0,0,0.99,1381,0.0,991.0,999.5,-8.5,-0.86,0,0.4,0,0.0,0.0,25-May-2026,DIVIDEND - RS 10 PER SHARE 25-May-2026,{'isSLBSec': True},O1,2026-09-13
SUZLON,0.0,0,0.99,83773,0.0,44.12,44.5,-0.38,-0.86,0,7.19,0,0.0,0.0,03-Sep-2024,ANNUAL GENERAL MEETING 03-Sep-2024,{'isSLBSec': True},O1,2026-09-13
MUTHOOTFIN,0.0,0,20.0,29,0.0,2792.1,2816.5,-24.4,-0.87,0,12.5,0,0.0,0.0,17-Apr-2026,INTERIM DIVIDEND - RS 30 PER SHARE 17-Apr-2026,{'isSLBSec': True},O1,2026-09-13
ANGELONE,0.0,0,0.99,600,0.0,305.0,307.7,-2.7,-0.89,0,104.06,0,0.0,0.0,21-Jul-2026,INTERIM DIVIDEND - RE 1 PER SHARE 21-Jul-2026,{'isSLBSec': True},O1,2026-09-13
BSE,1.0,600,1.36,62,1.37,3384.0,3414.0,-30.0,-0.89,0,0.64,41600,54496.0,137586592.0,10-Jul-2026,DIVIDEND - RS 10 PER SHARE 10-Jul-2026,{'isSLBSec': True},O1,2026-09-13
SWIGGY,0.0,0,2.5,9500,0.0,278.2,280.7,-2.5,-0.9,0,0.0,0,0.0,0.0,, ,{'isSLBSec': True},O1,2026-09-13
TCS,0.0,0,0.54,36,1.0,2200.8,2221.0,-20.2,-0.92,0,0.72,1125,1125.0,2480737.5,15-Jul-2026,INTERIM DIVIDEND - RS 12 PER SHARE 15-Jul-2026,{'isSLBSec': True},O1,2026-09-13
ALKEM,0.0,0,19.93,8,0.0,5087.5,5136.5,-49.0,-0.96,0,6.24,0,0.0,0.0,07-Aug-2026,DIVIDEND - RS 10 PER SHARE 07-Aug-2026,{'isSLBSec': True},O1,2026-09-13
NHPC,0.27,6950,0.53,2000,0.55,76.38,77.17,-0.79,-1.03,0,11.43,194601,95354.49,14964816.9,12-Aug-2026,DIVIDEND - RE 0.21 PER SH 12-Aug-2026,{'isSLBSec': True},O1,2026-09-13
LICHSGFIN,0.0,0,6.97,61,0.0,562.9,568.75,-5.85,-1.04,0,0.7,0,0.0,0.0,21-Aug-2026,DIVIDEND - RS 10 PER SHARE 21-Aug-2026,{'isSLBSec': True},O1,2026-09-13
SAIL,0.0,0,0.25,759,0.0,179.0,181.0,-2.0,-1.12,0,0.0,0,0.0,0.0,08-Sep-2025,DIVIDEND - RS 1.60 PER SHARE 08-Sep-2025,{'isSLBSec': True},O1,2026-09-13
KAYNES,0.0,0,0.0,0,0.0,3505.0,3418.0,87.0,2.48,0,0.0,0,0.0,0.0,08-Sep-2023,ANNUAL GENERAL MEETING 08-Sep-2023,{'isSLBSec': True},O2,2026-09-13
PIIND,0.0,0,0.0,0,0.0,2259.0,2228.6,30.4,1.35,0,0.0,0,0.0,0.0,07-Aug-2026,DIVIDEND - RS 10 PER SHARE 07-Aug-2026,{'isSLBSec': True},O2,2026-09-13
MANAPPURAM,0.0,0,0.0,0,0.0,329.0,325.05,3.95,1.2,0,0.0,0,0.0,0.0,17-Aug-2026,INTERIM DIVIDEND - RE 1 PER SHARE 17-Aug-2026,{'isSLBSec': True},O2,2026-09-13
WIPRO,0.0,0,0.0,0,0.0,167.4,165.41,1.99,1.19,0,0.0,0,0.0,0.0,27-Jul-2026,INTERIM DIVIDEND - RS 2 PER SHARE 27-Jul-2026,{'isSLBSec': True},O2,2026-09-13
BDL,0.0,0,0.0,0,0.0,1190.0,1179.1,10.9,0.92,0,0.0,0,0.0,0.0,09-Feb-2026,INTERIM DIVIDEND - RS 4.50 PER SHARE 09-Feb-2026,{'isSLBSec': True},O2,2026-09-13
LTM,0.0,0,0.0,0,0.0,4275.0,4243.6,31.4,0.73,0,0.0,0,0.0,0.0,25-May-2026,DIVIDEND - RS 53 PER SHARE 25-May-2026,{'isSLBSec': True},O2,2026-09-13
BLUESTARCO,0.0,0,0.0,0,0.0,1558.0,1547.3,10.7,0.69,0,0.0,0,0.0,0.0,17-Jul-2026,DIVIDEND - RS 8.50 PER SHARE 17-Jul-2026,{'isSLBSec': True},O2,2026-09-13
HAVELLS,0.0,0,0.0,0,0.0,1111.0,1103.5,7.5,0.68,0,0.0,0,0.0,0.0,22-May-2026,DIVIDEND - RS 6 PER SHARE 22-May-2026,{'isSLBSec': True},O2,2026-09-13
KFINTECH,0.0,0,0.0,0,0.0,900.0,894.2,5.8,0.64,0,0.0,0,0.0,0.0,15-Jul-2026,DIVIDEND - RS 12 PER SHARE 15-Jul-2026,{'isSLBSec': True},O2,2026-09-13
OFSS,0.0,0,0.0,0,0.0,11763.0,11692.0,71.0,0.6,0,0.0,0,0.0,0.0,07-May-2026,INTERIM DIVIDEND - RS 270 PER SHARE 07-May-2026,{'isSLBSec': True},O2,2026-09-13
GMRAIRPORT,0.0,0,0.0,0,0.0,97.98,97.52,0.46,0.47,0,0.0,0,0.0,0.0,05-Sep-2024,ANNUAL GENERAL MEETING 05-Sep-2024,{'isSLBSec': True},O2,2026-09-13
CDSL,0.0,0,0.0,0,0.0,1360.0,1355.4,4.6,0.34,0,0.0,0,0.0,0.0,17-Jul-2026,DIVIDEND - RS 12.75 PER SHARE 17-Jul-2026,{'isSLBSec': True},O2,2026-09-13
OIL,0.0,0,0.0,0,0.0,489.8,488.4,1.4,0.29,0,0.0,0,0.0,0.0,04-Sep-2026,DIVIDEND - RE 1 PER SHARE 04-Sep-2026,{'isSLBSec': True},O2,2026-09-13
PATANJALI,0.0,0,0.0,0,0.0,341.0,340.0,1.0,0.29,0,0.0,0,0.0,0.0,21-Aug-2026,INTERIM DIVIDEND - RE 0.80 PER SHARE 21-Aug-2026,{'isSLBSec': True},O2,2026-09-13
CIPLA,0.0,0,0.0,0,0.0,1366.0,1362.3,3.7,0.27,0,0.0,0,0.0,0.0,05-Jun-2026,DIVIDEND - RS 13 PER SHARE 05-Jun-2026,{'isSLBSec': True},O2,2026-09-13
VMM,0.0,0,0.0,0,0.0,101.71,101.45,0.26,0.26,0,0.0,0,0.0,0.0,, ,{'isSLBSec': True},O2,2026-09-13
GRASIM,0.0,0,0.0,0,0.0,3281.9,3273.8,8.1,0.25,0,0.0,0,0.0,0.0,07-Aug-2026,DIVIDEND - RS 10 PER SHARE 07-Aug-2026,{'isSLBSec': True},O2,2026-09-13
PETRONET,0.0,0,0.0,0,0.0,287.2,286.5,0.7,0.24,0,0.0,0,0.0,0.0,12-Jun-2026,DIVIDEND - RS 3 PER SHARE 12-Jun-2026,{'isSLBSec': True},O2,2026-09-13
BAJAJHLDNG,0.0,0,0.0,0,0.0,11134.0,11109.0,25.0,0.22,0,0.0,0,0.0,0.0,30-Jun-2026,DIVIDEND - RS 80 PER SHARE & SPECIAL DIVIDEND RS 50 PER SHARE 30-Jun-2026,{'isSLBSec': True},O2,2026-09-13
JINDALSTEL,0.0,0,0.0,0,0.0,1120.5,1118.1,2.4,0.21,0,0.0,0,0.0,0.0,21-Aug-2026,DIVIDEND - RS 2 PER SHARE 21-Aug-2026,{'isSLBSec': True},O2,2026-09-13
AUROPHARMA,0.0,0,0.0,0,0.0,1679.8,1676.2,3.6,0.21,0,0.0,0,0.0,0.0,17-Apr-2026,BUY BACK 17-Apr-2026,{'isSLBSec': True},O2,2026-09-13
BANKBARODA,0.0,0,0.0,0,0.0,238.13,237.71,0.42,0.18,0,0.0,0,0.0,0.0,05-Jun-2026,DIVIDEND - RS 8.50 PER SHARE 05-Jun-2026,{'isSLBSec': True},O2,2026-09-13
IEX,0.0,0,0.0,0,0.0,113.88,113.69,0.19,0.17,0,0.0,0,0.0,0.0,15-May-2026,DIVIDEND - RS 2 PER SHARE 15-May-2026,{'isSLBSec': True},O2,2026-09-13
MAZDOCK,0.0,0,0.0,0,0.0,2339.0,2335.4,3.6,0.15,0,0.0,0,0.0,0.0,20-Aug-2026,DIVIDEND - RS 4.62 PER SHARE 20-Aug-2026,{'isSLBSec': True},O2,2026-09-13
FEDERALBNK,0.0,0,0.0,0,0.0,344.5,344.05,0.45,0.13,0,0.0,0,0.0,0.0,14-Aug-2026,DIVIDEND - RS 1.20 PER SHARE 14-Aug-2026,{'isSLBSec': True},O2,2026-09-13
GODREJCP,0.0,0,0.0,0,0.0,865.0,863.9,1.1,0.13,0,0.0,0,0.0,0.0,13-Aug-2026,INTERIM DIVIDEND - RS 5 PER SHARE 13-Aug-2026,{'isSLBSec': True},O2,2026-09-13
PIDILITIND,0.0,0,0.0,0,0.0,1566.9,1564.9,2.0,0.13,0,0.0,0,0.0,0.0,23-Jul-2026,DIVIDEND - RS 11.50 PER SHARE 23-Jul-2026,{'isSLBSec': True},O2,2026-09-13
MOTHERSON,0.0,0,0.0,0,0.0,164.45,164.27,0.18,0.11,0,0.0,0,0.0,0.0,14-Jul-2026,DIVIDEND - RS 0.25 PER SHARE 14-Jul-2026,{'isSLBSec': True},O2,2026-09-13
MAXHEALTH,0.0,0,0.0,0,0.0,1037.7,1036.6,1.1,0.11,0,0.0,0,0.0,0.0,03-Jul-2026,DIVIDEND - RS 2 PER SHARE 03-Jul-2026,{'isSLBSec': True},O2,2026-09-13
GODFRYPHLP,0.0,0,0.0,0,0.0,1927.0,1925.0,2.0,0.1,0,0.0,0,0.0,0.0,11-Aug-2026,DIVIDEND - RS 33 PER SH 11-Aug-2026,{'isSLBSec': True},O2,2026-09-13
ABB,0.0,0,0.0,0,0.0,7274.0,7267.0,7.0,0.1,0,0.0,0,0.0,0.0,07-Aug-2026,SPECIAL DIVIDEND - RS 90 PER SHARE 07-Aug-2026,{'isSLBSec': True},O2,2026-09-13
RVNL,0.0,0,0.0,0,0.0,204.9,204.71,0.19,0.09,0,0.0,0,0.0,0.0,18-Aug-2026,DIVIDEND - RE 0.71 PER SHARE 18-Aug-2026,{'isSLBSec': True},O2,2026-09-13
BANDHANBNK,0.0,0,0.0,0,0.0,176.52,176.36,0.16,0.09,0,0.0,0,0.0,0.0,17-Aug-2026,DIVIDEND - RS 1.50 PER SHARE 17-Aug-2026,{'isSLBSec': True},O2,2026-09-13
TRENT,0.0,0,0.0,0,0.0,2802.4,2799.9,2.5,0.09,0,0.0,0,0.0,0.0,12-Jun-2026,DIVIDEND - RS 4 PER SHARE 12-Jun-2026,{'isSLBSec': True},O2,2026-09-13
NAM-INDIA,0.0,0,0.0,0,0.0,1189.6,1188.6,1.0,0.08,0,0.0,0,0.0,0.0,25-Jun-2026,DIVIDEND - RS 12.50 PER SHARE 25-Jun-2026,{'isSLBSec': True},O2,2026-09-13
JSWENERGY,0.0,0,0.0,0,0.0,526.45,526.1,0.35,0.07,0,0.0,0,0.0,0.0,05-Jun-2026,DIVIDEND - RS 2 PER SHARE 05-Jun-2026,{'isSLBSec': True},O2,2026-09-13
AMBER,0.0,0,0.0,0,0.0,7245.0,7240.0,5.0,0.07,0,0.0,0,0.0,0.0,02-Aug-2024,ANNUAL GENERAL MEETING 02-Aug-2024,{'isSLBSec': True},O2,2026-09-13
HYUNDAI,0.0,0,0.0,0,0.0,2174.0,2173.0,1.0,0.05,0,0.0,0,0.0,0.0,05-Aug-2026,DIVIDEND - RS 21 PER SHARE 05-Aug-2026,{'isSLBSec': True},O2,2026-09-13
SHREECEM,0.0,0,0.0,0,0.0,22570.0,22560.0,10.0,0.04,0,0.0,0,0.0,0.0,17-Jul-2026,DIVIDEND - RS 70 PER SHARE 17-Jul-2026,{'isSLBSec': True},O2,2026-09-13
INOXWIND,0.0,0,0.0,0,0.0,76.5,76.47,0.03,0.04,0,0.0,0,0.0,0.0,29-Jul-2025,RIGHTS 5:78 @ PREMIUM RS 110/- 29-Jul-2025,{'isSLBSec': True},O2,2026-09-13
PAGEIND,0.0,0,0.0,0,0.0,35365.0,35355.0,10.0,0.03,0,0.0,0,0.0,0.0,19-Aug-2026,INTERIM DIVIDEND - RS 200 PER SHARE 19-Aug-2026,{'isSLBSec': True},O2,2026-09-13
POWERGRID,0.0,0,0.0,0,0.0,269.1,269.05,0.05,0.02,0,0.0,0,0.0,0.0,13-Aug-2026,DIVIDEND - RS 1.25 PER SHARE 13-Aug-2026,{'isSLBSec': True},O2,2026-09-13
ICICIPRULI,0.0,0,0.0,0,0.0,471.5,471.4,0.1,0.02,0,0.0,0,0.0,0.0,05-Jun-2026,DIVIDEND - RS 1.65 PER SHARE 05-Jun-2026,{'isSLBSec': True},O2,2026-09-13
MANKIND,0.0,0,0.0,0,0.0,2280.0,2279.9,0.1,0.0,0,0.0,0,0.0,0.0,08-Aug-2025,INTERIM DIVIDEND - RE 1  PER SHARE 08-Aug-2025,{'isSLBSec': True},O2,2026-09-13
KAYNES,10.0,182,15.0,56,10.0,3505.0,3418.0,87.0,2.48,229573,4.53,81,810.0,284229.0,08-Sep-2023,ANNUAL GENERAL MEETING 08-Sep-2023,{'isSLBSec': True},XO,2026-09-13
PIIND,5.0,50,20.0,145,20.0,2259.0,2228.6,30.4,1.35,667847,14.05,71,1414.32,169335.0,07-Aug-2026,DIVIDEND - RS 10 PER SHARE 07-Aug-2026,{'isSLBSec': True},XO,2026-09-13
MANAPPURAM,0.0,0,0.5,300,0.0,329.0,325.05,3.95,1.2,0,1.06,0,0.0,0.0,17-Aug-2026,INTERIM DIVIDEND - RE 1 PER SHARE 17-Aug-2026,{'isSLBSec': True},XO,2026-09-13
WIPRO,0.22,15000,1.7,589,1.75,167.4,165.41,1.99,1.19,54522025,16.59,1601996,2338914.16,269215427.8,27-Jul-2026,INTERIM DIVIDEND - RS 2 PER SHARE 27-Jul-2026,{'isSLBSec': True},XO,2026-09-13
BDL,1.5,600,7.9,513,7.9,1190.0,1179.1,10.9,0.92,665751,10.54,3499,25542.7,4208947.1,09-Feb-2026,INTERIM DIVIDEND - RS 4.50 PER SHARE 09-Feb-2026,{'isSLBSec': True},XO,2026-09-13
LTM,5.0,1500,30.0,191,30.0,4275.0,4243.6,31.4,0.73,1045361,11.14,4557,145459.44,20069028.0,25-May-2026,DIVIDEND - RS 53 PER SHARE 25-May-2026,{'isSLBSec': True},XO,2026-09-13
BLUESTARCO,7.1,6,14.5,50,14.5,1558.0,1547.3,10.7,0.69,1747280,14.77,129440,1466555.2,197849040.0,17-Jul-2026,DIVIDEND - RS 8.50 PER SHARE 17-Jul-2026,{'isSLBSec': True},XO,2026-09-13
HAVELLS,2.0,1,8.0,9324,0.0,1111.0,1103.5,7.5,0.68,953497,11.43,0,0.0,0.0,22-May-2026,DIVIDEND - RS 6 PER SHARE 22-May-2026,{'isSLBSec': True},XO,2026-09-13
KFINTECH,0.12,45,17.3,50,22.0,900.0,894.2,5.8,0.64,697443,38.79,1561,14033.39,1437681.0,15-Jul-2026,DIVIDEND - RS 12 PER SHARE 15-Jul-2026,{'isSLBSec': True},XO,2026-09-13
OFSS,23.0,100,75.0,45,75.0,11763.0,11692.0,71.0,0.6,59474,10.12,13000,435760.0,153400000.0,07-May-2026,INTERIM DIVIDEND - RS 270 PER SHARE 07-May-2026,{'isSLBSec': True},XO,2026-09-13
GMRAIRPORT,0.21,9600,0.75,11416,0.75,97.98,97.52,0.46,0.47,873056,12.15,834611,425651.61,81967146.31,05-Sep-2024,ANNUAL GENERAL MEETING 05-Sep-2024,{'isSLBSec': True},XO,2026-09-13
CDSL,0.01,425,0.5,16,0.01,1360.0,1355.4,4.6,0.34,13744,0.01,45,0.45,60975.45,17-Jul-2026,DIVIDEND - RS 12.75 PER SHARE 17-Jul-2026,{'isSLBSec': True},XO,2026-09-13
OIL,0.0,0,0.49,11098,0.0,489.8,488.4,1.4,0.29,37012,1.59,0,0.0,0.0,04-Sep-2026,DIVIDEND - RE 1 PER SHARE 04-Sep-2026,{'isSLBSec': True},XO,2026-09-13
PATANJALI,0.0,0,0.81,314,0.0,341.0,340.0,1.0,0.29,1091,17.45,0,0.0,0.0,21-Aug-2026,INTERIM DIVIDEND - RE 0.80 PER SHARE 21-Aug-2026,{'isSLBSec': True},XO,2026-09-13
CIPLA,0.0,0,1.0,1933,1.0,1366.0,1362.3,3.7,0.27,3840,1.16,850,850.0,1168155.0,05-Jun-2026,DIVIDEND - RS 13 PER SHARE 05-Jun-2026,{'isSLBSec': True},XO,2026-09-13
VMM,0.0,0,0.71,100,0.0,101.71,101.45,0.26,0.26,102438,0.47,0,0.0,0.0,, ,{'isSLBSec': True},XO,2026-09-13
GRASIM,0.7,280,2.0,1809,2.0,3281.9,3273.8,8.1,0.25,222639,0.97,60283,186877.3,200199843.0,07-Aug-2026,DIVIDEND - RS 10 PER SHARE 07-Aug-2026,{'isSLBSec': True},XO,2026-09-13
PETRONET,0.0,0,1.0,6500,0.0,287.2,286.5,0.7,0.24,446292,5.53,0,0.0,0.0,12-Jun-2026,DIVIDEND - RS 3 PER SHARE 12-Jun-2026,{'isSLBSec': True},XO,2026-09-13
BAJAJHLDNG,0.05,75,5.95,100,5.99,11134.0,11109.0,25.0,0.22,16745,0.85,850,5193.5,9348291.5,30-Jun-2026,DIVIDEND - RS 80 PER SHARE & SPECIAL DIVIDEND RS 50 PER SHARE 30-Jun-2026,{'isSLBSec': True},XO,2026-09-13
JINDALSTEL,0.0,0,1.92,150,0.0,1120.5,1118.1,2.4,0.21,33750,2.8,0,0.0,0.0,21-Aug-2026,DIVIDEND - RS 2 PER SHARE 21-Aug-2026,{'isSLBSec': True},XO,2026-09-13
AUROPHARMA,0.0,0,3.8,120,0.0,1679.8,1676.2,3.6,0.21,11916,4.72,0,0.0,0.0,17-Apr-2026,BUY BACK 17-Apr-2026,{'isSLBSec': True},XO,2026-09-13
BANKBARODA,0.0,0,0.25,712,0.0,238.13,237.71,0.42,0.18,90,2.27,0,0.0,0.0,05-Jun-2026,DIVIDEND - RS 8.50 PER SHARE 05-Jun-2026,{'isSLBSec': True},XO,2026-09-13
IEX,0.0,0,0.2,501,0.0,113.88,113.69,0.19,0.17,3548,3.48,0,0.0,0.0,15-May-2026,DIVIDEND - RS 2 PER SHARE 15-May-2026,{'isSLBSec': True},XO,2026-09-13
MAZDOCK,0.0,0,5.0,253,0.0,2339.0,2335.4,3.6,0.15,463024,0.68,0,0.0,0.0,20-Aug-2026,DIVIDEND - RS 4.62 PER SHARE 20-Aug-2026,{'isSLBSec': True},XO,2026-09-13
FEDERALBNK,0.0,0,0.45,3000,0.48,344.5,344.05,0.45,0.13,261076,2.21,5000,2300.0,1732400.0,14-Aug-2026,DIVIDEND - RS 1.20 PER SHARE 14-Aug-2026,{'isSLBSec': True},XO,2026-09-13
GODREJCP,0.0,0,1.98,400,0.0,865.0,863.9,1.1,0.13,2213,3.61,0,0.0,0.0,13-Aug-2026,INTERIM DIVIDEND - RS 5 PER SHARE 13-Aug-2026,{'isSLBSec': True},XO,2026-09-13
PIDILITIND,0.0,0,0.9,998,0.0,1566.9,1564.9,2.0,0.13,52309,1.21,0,0.0,0.0,23-Jul-2026,DIVIDEND - RS 11.50 PER SHARE 23-Jul-2026,{'isSLBSec': True},XO,2026-09-13
MOTHERSON,0.0,0,0.45,350,0.0,164.45,164.27,0.18,0.11,21827,2.9,0,0.0,0.0,14-Jul-2026,DIVIDEND - RS 0.25 PER SHARE 14-Jul-2026,{'isSLBSec': True},XO,2026-09-13
MAXHEALTH,0.0,0,3.5,48,0.0,1037.7,1036.6,1.1,0.11,20359,5.35,0,0.0,0.0,03-Jul-2026,DIVIDEND - RS 2 PER SHARE 03-Jul-2026,{'isSLBSec': True},XO,2026-09-13
GODFRYPHLP,0.0,0,9.97,500,0.0,1927.0,1925.0,2.0,0.1,163439,3.29,0,0.0,0.0,11-Aug-2026,DIVIDEND - RS 33 PER SH 11-Aug-2026,{'isSLBSec': True},XO,2026-09-13
ABB,0.1,2500,8.99,100,0.0,7274.0,7267.0,7.0,0.1,137718,2.18,0,0.0,0.0,07-Aug-2026,SPECIAL DIVIDEND - RS 90 PER SHARE 07-Aug-2026,{'isSLBSec': True},XO,2026-09-13
RVNL,0.07,542,0.24,100,0.24,204.9,204.71,0.19,0.09,2887671,1.86,450,108.0,92628.0,18-Aug-2026,DIVIDEND - RE 0.71 PER SHARE 18-Aug-2026,{'isSLBSec': True},XO,2026-09-13
BANDHANBNK,0.0,0,0.4,2963,0.0,176.52,176.36,0.16,0.09,693,3.51,0,0.0,0.0,17-Aug-2026,DIVIDEND - RS 1.50 PER SHARE 17-Aug-2026,{'isSLBSec': True},XO,2026-09-13
TRENT,0.15,1000,2.51,12,0.0,2802.4,2799.9,2.5,0.09,2072344,0.01,0,0.0,0.0,12-Jun-2026,DIVIDEND - RS 4 PER SHARE 12-Jun-2026,{'isSLBSec': True},XO,2026-09-13
NAM-INDIA,0.05,10000,4.9,110,0.0,1189.6,1188.6,1.0,0.08,982119,0.13,0,0.0,0.0,25-Jun-2026,DIVIDEND - RS 12.50 PER SHARE 25-Jun-2026,{'isSLBSec': True},XO,2026-09-13
JSWENERGY,0.0,0,0.89,100,0.0,526.45,526.1,0.35,0.07,1763,2.62,0,0.0,0.0,05-Jun-2026,DIVIDEND - RS 2 PER SHARE 05-Jun-2026,{'isSLBSec': True},XO,2026-09-13
AMBER,0.0,0,12.47,3,0.0,7245.0,7240.0,5.0,0.07,8146,8.76,0,0.0,0.0,02-Aug-2024,ANNUAL GENERAL MEETING 02-Aug-2024,{'isSLBSec': True},XO,2026-09-13
HYUNDAI,5.51,35,13.0,100,14.0,2174.0,2173.0,1.0,0.05,659618,10.22,6191,92617.36,13737829.0,05-Aug-2026,DIVIDEND - RS 21 PER SHARE 05-Aug-2026,{'isSLBSec': True},XO,2026-09-13
SHREECEM,0.0,0,150.0,30,0.0,22570.0,22560.0,10.0,0.04,34244,0.0,0,0.0,0.0,17-Jul-2026,DIVIDEND - RS 70 PER SHARE 17-Jul-2026,{'isSLBSec': True},XO,2026-09-13
INOXWIND,0.0,0,0.21,300,0.0,76.5,76.47,0.03,0.04,19200,19.71,0,0.0,0.0,29-Jul-2025,RIGHTS 5:78 @ PREMIUM RS 110/- 29-Jul-2025,{'isSLBSec': True},XO,2026-09-13
PAGEIND,0.0,0,0.69,4,0.0,35365.0,35355.0,10.0,0.03,610,3.37,0,0.0,0.0,19-Aug-2026,INTERIM DIVIDEND - RS 200 PER SHARE 19-Aug-2026,{'isSLBSec': True},XO,2026-09-13
POWERGRID,0.0,0,0.18,4,0.0,269.1,269.05,0.05,0.02,28974,1.18,0,0.0,0.0,13-Aug-2026,DIVIDEND - RS 1.25 PER SHARE 13-Aug-2026,{'isSLBSec': True},XO,2026-09-13
ICICIPRULI,0.0,0,4.49,300,0.0,471.5,471.4,0.1,0.02,45275,10.1,0,0.0,0.0,05-Jun-2026,DIVIDEND - RS 1.65 PER SHARE 05-Jun-2026,{'isSLBSec': True},XO,2026-09-13
MOTOUR,0.0,0,0.94,2054,0.0,0.0,0.0,0.0,0.0,0,0.0,0,0.0,0.0,, ,{'isSLBSec': True},XO,2026-09-13
MID150BEES,0.0,0,0.41,3,0.0,0.0,0.0,0.0,0.0,0,0.0,0,0.0,0.0,, ,{'isSLBSec': True},XO,2026-09-13
KISSHT,0.0,0,5.0,805,0.0,0.0,0.0,0.0,0.0,6,0.0,0,0.0,0.0,, ,{'isSLBSec': True},XO,2026-09-13
NUVOCO,0.0,0,4.0,26,0.0,0.0,0.0,0.0,0.0,0,0.0,0,0.0,0.0,, ,{'isSLBSec': True},XO,2026-09-13
ALPHA,0.0,0,0.05,3244,0.0,0.0,0.0,0.0,0.0,0,0.0,0,0.0,0.0,, ,{'isSLBSec': True},XO,2026-09-13
LGEINDIA,0.0,0,2.0,4,0.0,0.0,0.0,0.0,0.0,0,0.0,0,0.0,0.0,, ,{'isSLBSec': True},XO,2026-09-13
ENTERO,0.0,0,40.0,22,0.0,0.0,0.0,0.0,0.0,2259,0.0,0,0.0,0.0,, ,{'isSLBSec': True},XO,2026-09-13
PICCADIL,0.0,0,3.0,800,0.0,0.0,0.0,0.0,0.0,0,0.0,0,0.0,0.0,, ,{'isSLBSec': True},XO,2026-09-13
SIGNATURE,0.0,0,5.0,38,0.0,0.0,0.0,0.0,0.0,0,0.0,0,0.0,0.0,, ,{'isSLBSec': True},XO,2026-09-13
MOBIKWIK,0.0,0,0.98,245,0.0,0.0,0.0,0.0,0.0,0,0.0,0,0.0,0.0,, ,{'isSLBSec': True},XO,2026-09-13
PSUBANKADD,0.0,0,0.05,2751,0.0,0.0,0.0,0.0,0.0,0,0.0,0,0.0,0.0,, ,{'isSLBSec': True},XO,2026-09-13
ONESOURCE,0.0,0,2.21,34,0.0,0.0,0.0,0.0,0.0,12,0.0,0,0.0,0.0,, ,{'isSLBSec': True},XO,2026-09-13
SENORES,0.0,0,10.0,75,0.0,0.0,0.0,0.0,0.0,0,0.0,0,0.0,0.0,, ,{'isSLBSec': True},XO,2026-09-13
MEDPLUS,0.0,0,5.0,18,0.0,0.0,0.0,0.0,0.0,0,0.0,0,0.0,0.0,, ,{'isSLBSec': True},XO,2026-09-13
MAFANG,0.0,0,0.39,1,0.0,0.0,0.0,0.0,0.0,205000,0.0,0,0.0,0.0,, ,{'isSLBSec': True},XO,2026-09-13
SGMART,0.0,0,0.98,1,0.0,0.0,0.0,0.0,0.0,0,0.0,0,0.0,0.0,, ,{'isSLBSec': True},XO,2026-09-13
NEPHROPLUS,0.0,0,49.0,65,0.0,0.0,0.0,0.0,0.0,0,0.0,0,0.0,0.0,, ,{'isSLBSec': True},XO,2026-09-13
LENSKART,0.0,0,9.95,346,0.0,0.0,0.0,0.0,0.0,136011,0.0,0,0.0,0.0,, ,{'isSLBSec': True},XO,2026-09-13
MAHKTECH,0.0,0,0.23,3000,0.0,0.0,0.0,0.0,0.0,100000,0.0,0,0.0,0.0,, ,{'isSLBSec': True},XO,2026-09-13
HEALTHY,0.0,0,2.0,1142,0.0,0.0,0.0,0.0,0.0,0,0.0,0,0.0,0.0,, ,{'isSLBSec': True},XO,2026-09-13
MOVALUE,0.0,0,0.05,2010,0.0,0.0,0.0,0.0,0.0,0,0.0,0,0.0,0.0,, ,{'isSLBSec': True},XO,2026-09-13
LIQUIDCASE,0.0,0,0.48,7,0.0,0.0,0.0,0.0,0.0,0,0.0,0,0.0,0.0,, ,{'isSLBSec': True},XO,2026-09-13
GROWWRLTY,0.0,0,0.04,400,0.0,0.0,0.0,0.0,0.0,0,0.0,0,0.0,0.0,, ,{'isSLBSec': True},XO,2026-09-13
MOCAPITAL,0.0,0,0.05,4691,0.0,0.0,0.0,0.0,0.0,0,0.0,0,0.0,0.0,, ,{'isSLBSec': True},XO,2026-09-13
PVTBANKADD,0.0,0,0.05,7896,0.0,0.0,0.0,0.0,0.0,0,0.0,0,0.0,0.0,, ,{'isSLBSec': True},XO,2026-09-13
GROWWRAIL,0.0,0,0.05,3500,0.0,0.0,0.0,0.0,0.0,0,0.0,0,0.0,0.0,, ,{'isSLBSec': True},XO,2026-09-13
PNGJL,0.0,0,1.04,85,0.0,0.0,0.0,0.0,0.0,0,0.0,0,0.0,0.0,, ,{'isSLBSec': True},XO,2026-09-13
AYE,0.0,0,3.0,580,0.0,0.0,0.0,0.0,0.0,0,0.0,0,0.0,0.0,, ,{'isSLBSec': True},XO,2026-09-13
BHARATCOAL,0.0,0,0.06,150,0.0,0.0,0.0,0.0,0.0,0,0.0,0,0.0,0.0,, ,{'isSLBSec': True},XO,2026-09-13
EMMVEE,0.0,0,7.06,69,0.0,0.0,0.0,0.0,0.0,0,0.0,0,0.0,0.0,, ,{'isSLBSec': True},XO,2026-09-13
LIQUIDADD,0.0,0,5.0,1995,0.0,0.0,0.0,0.0,0.0,0,0.0,0,0.0,0.0,, ,{'isSLBSec': True},XO,2026-09-13
EVINDIA,0.0,0,0.05,6801,0.0,0.0,0.0,0.0,0.0,0,0.0,0,0.0,0.0,, ,{'isSLBSec': True},XO,2026-09-13
PWL,0.0,0,2.5,50,0.0,0.0,0.0,0.0,0.0,0,0.0,0,0.0,0.0,, ,{'isSLBSec': True},XO,2026-09-13
NIFTYIETF,0.0,0,0.46,14,0.0,0.0,0.0,0.0,0.0,0,0.0,0,0.0,0.0,, ,{'isSLBSec': True},XO,2026-09-13
ALOKINDS,0.02,1000,0.2,85000,0.0,0.0,0.0,0.0,0.0,10560749,0.0,0,0.0,0.0,, ,{'isSLBSec': True},XO,2026-09-13
GROWWMOM50,0.0,0,0.09,1,0.0,0.0,0.0,0.0,0.0,0,0.0,0,0.0,0.0,, ,{'isSLBSec': True},XO,2026-09-13
MIDSMALL,0.0,0,0.09,100,0.0,0.0,0.0,0.0,0.0,0,0.0,0,0.0,0.0,, ,{'isSLBSec': True},XO,2026-09-13
MASPTOP50,0.0,0,3.66,831,0.0,0.0,0.0,0.0,0.0,4791,0.0,0,0.0,0.0,, ,{'isSLBSec': True},XO,2026-09-13
PINELABS,0.0,0,0.3,100,0.0,0.0,0.0,0.0,0.0,0,0.0,0,0.0,0.0,, ,{'isSLBSec': True},XO,2026-09-13
MAKEINDIA,0.0,0,8.99,1329,0.0,0.0,0.0,0.0,0.0,0,0.0,0,0.0,0.0,, ,{'isSLBSec': True},XO,2026-09-13
MOSMALL250,0.0,0,0.06,333,0.0,0.0,0.0,0.0,0.0,0,0.0,0,0.0,0.0,, ,{'isSLBSec': True},XO,2026-09-13
NIVABUPA,0.0,0,0.9,6000,0.0,0.0,0.0,0.0,0.0,0,0.0,0,0.0,0.0,, ,{'isSLBSec': True},XO,2026-09-13
CHEMPLASTS,0.0,0,10.0,108,0.0,0.0,0.0,0.0,0.0,0,0.0,0,0.0,0.0,, ,{'isSLBSec': True},XO,2026-09-13
ORKLAINDIA,0.0,0,3.57,20,0.0,0.0,0.0,0.0,0.0,0,0.0,0,0.0,0.0,, ,{'isSLBSec': True},XO,2026-09-13
CONSUMAXIS,0.0,0,0.36,71,0.0,0.0,0.0,0.0,0.0,0,0.0,0,0.0,0.0,, ,{'isSLBSec': True},XO,2026-09-13
METALIETF,0.0,0,0.02,10,0.0,0.0,0.0,0.0,0.0,0,0.0,0,0.0,0.0,, ,{'isSLBSec': True},XO,2026-09-13
METAL,0.0,0,0.03,1,0.0,0.0,0.0,0.0,0.0,0,0.0,0,0.0,0.0,, ,{'isSLBSec': True},XO,2026-09-13
KWIL,0.0,0,0.46,2000,0.0,0.0,0.0,0.0,0.0,3622,0.0,0,0.0,0.0,, ,{'isSLBSec': True},XO,2026-09-13
SEDEMAC,0.0,0,25.0,11,0.0,0.0,0.0,0.0,0.0,0,0.0,0,0.0,0.0,, ,{'isSLBSec': True},XO,2026-09-13
AGARWALEYE,0.0,0,20.59,35,0.0,0.0,0.0,0.0,0.0,0,0.0,0,0.0,0.0,, ,{'isSLBSec': True},XO,2026-09-13
MOSCHIP,0.0,0,3.4,240,0.0,0.0,0.0,0.0,0.0,0,0.0,0,0.0,0.0,, ,{'isSLBSec': True},XO,2026-09-13
MIDCAPETF,0.0,0,0.04,1,0.0,0.0,0.0,0.0,0.0,0,0.0,0,0.0,0.0,, ,{'isSLBSec': True},XO,2026-09-13
JAINREC,0.0,0,0.7,1,0.0,0.0,0.0,0.0,0.0,0,0.0,0,0.0,0.0,, ,{'isSLBSec': True},XO,2026-09-13
EBGNG,0.0,0,0.93,815,0.0,0.0,0.0,0.0,0.0,85,0.0,0,0.0,0.0,, ,{'isSLBSec': True},XO,2026-09-13
CHEMICAL,0.0,0,0.05,7110,0.0,0.0,0.0,0.0,0.0,0,0.0,0,0.0,0.0,, ,{'isSLBSec': True},XO,2026-09-13
GROWWPOWER,0.0,0,0.05,21855,0.0,0.0,0.0,0.0,0.0,0,0.0,0,0.0,0.0,, ,{'isSLBSec': True},XO,2026-09-13
SAILIFE,0.0,0,8.72,5,0.0,0.0,0.0,0.0,0.0,1,0.0,0,0.0,0.0,, ,{'isSLBSec': True},XO,2026-09-13
PARKHOSPS,0.0,0,0.5,1,0.0,0.0,0.0,0.0,0.0,0,0.0,0,0.0,0.0,, ,{'isSLBSec': True},XO,2026-09-13
HDFCSML250,0.0,0,0.05,1363,0.0,0.0,0.0,0.0,0.0,0,0.0,0,0.0,0.0,, ,{'isSLBSec': True},XO,2026-09-13
CONSUMBEES,0.0,0,0.05,1580,0.0,0.0,0.0,0.0,0.0,0,0.0,0,0.0,0.0,, ,{'isSLBSec': True},XO,2026-09-13
PHARMABEES,0.0,0,0.05,9036,0.0,0.0,0.0,0.0,0.0,0,0.0,0,0.0,0.0,, ,{'isSLBSec': True},XO,2026-09-13
AAVAS,0.0,0,3.0,1650,0.0,0.0,0.0,0.0,0.0,0,0.0,0,0.0,0.0,, ,{'isSLBSec': True},XO,2026-09-13
MONQ50,0.0,0,2.0,329,0.0,0.0,0.0,0.0,0.0,6744,0.0,0,0.0,0.0,, ,{'isSLBSec': True},XO,2026-09-13
SAMHI,0.0,0,0.98,74,0.0,0.0,0.0,0.0,0.0,0,0.0,0,0.0,0.0,, ,{'isSLBSec': True},XO,2026-09-13
TBOTEK,0.0,0,22.5,71,0.0,0.0,0.0,0.0,0.0,0,0.0,0,0.0,0.0,, ,{'isSLBSec': True},XO,2026-09-13
SAATVIKGL,0.0,0,2.3,32,0.0,0.0,0.0,0.0,0.0,0,0.0,0,0.0,0.0,, ,{'isSLBSec': True},XO,2026-09-13
NIFTYCASE,0.0,0,0.73,50000,0.0,0.0,0.0,0.0,0.0,0,0.0,0,0.0,0.0,, ,{'isSLBSec': True},XO,2026-09-13
NTPCGREEN,0.0,0,0.27,3,0.0,0.0,0.0,0.0,0.0,0,0.0,0,0.0,0.0,, ,{'isSLBSec': True},XO,2026-09-13
NEXT50,0.0,0,3.08,1,0.0,0.0,0.0,0.0,0.0,0,0.0,0,0.0,0.0,, ,{'isSLBSec': True},XO,2026-09-13
IT,0.0,0,0.05,14,0.0,0.0,0.0,0.0,0.0,0,0.0,0,0.0,0.0,, ,{'isSLBSec': True},XO,2026-09-13
MODEFENCE,0.0,0,0.18,10,0.0,0.0,0.0,0.0,0.0,0,0.0,0,0.0,0.0,, ,{'isSLBSec': True},XO,2026-09-13
OILIETF,0.0,0,0.02,7584,0.0,0.0,0.0,0.0,0.0,0,0.0,0,0.0,0.0,, ,{'isSLBSec': True},XO,2026-09-13
ICICIB22,0.0,0,0.49,1166,0.0,0.0,0.0,0.0,0.0,0,0.0,0,0.0,0.0,, ,{'isSLBSec': True},XO,2026-09-13
STARHEALTH,0.0,0,15.0,64,0.0,0.0,0.0,0.0,0.0,0,0.0,0,0.0,0.0,, ,{'isSLBSec': True},XO,2026-09-13
ENERGY,0.0,0,0.05,2695,0.0,0.0,0.0,0.0,0.0,0,0.0,0,0.0,0.0,, ,{'isSLBSec': True},XO,2026-09-13
VALUEAXIS,0.0,0,0.05,4084,0.0,0.0,0.0,0.0,0.0,0,0.0,0,0.0,0.0,, ,{'isSLBSec': True},XO,2026-09-13
EBBETF0430,0.0,0,20.0,30,0.0,0.0,0.0,0.0,0.0,0,0.0,0,0.0,0.0,, ,{'isSLBSec': True},XO,2026-09-13
VIKRAMSOLR,0.0,0,1.0,45,0.0,0.0,0.0,0.0,0.0,1009,0.0,0,0.0,0.0,, ,{'isSLBSec': True},XO,2026-09-13
AZAD,0.0,0,9.0,65,0.0,0.0,0.0,0.0,0.0,0,0.0,0,0.0,0.0,, ,{'isSLBSec': True},XO,2026-09-13
OLAELEC,0.0,0,0.07,181,0.0,0.0,0.0,0.0,0.0,0,0.0,0,0.0,0.0,, ,{'isSLBSec': True},XO,2026-09-13
RBA,0.0,0,2.0,300,0.0,0.0,0.0,0.0,0.0,441,0.0,0,0.0,0.0,, ,{'isSLBSec': True},XO,2026-09-13
CLEANMAX,0.0,0,1.43,700,0.0,0.0,0.0,0.0,0.0,0,0.0,0,0.0,0.0,, ,{'isSLBSec': True},XO,2026-09-13
KSHINTL,0.0,0,10.0,974,0.0,0.0,0.0,0.0,0.0,27,0.0,0,0.0,0.0,, ,{'isSLBSec': True},XO,2026-09-13
TVSSCS,0.0,0,2.0,79,0.0,0.0,0.0,0.0,0.0,0,0.0,0,0.0,0.0,, ,{'isSLBSec': True},XO,2026-09-13
EUREKAFORB,0.0,0,0.98,600,0.0,0.0,0.0,0.0,0.0,0,0.0,0,0.0,0.0,, ,{'isSLBSec': True},XO,2026-09-13
BFSI,0.0,0,0.05,280,0.0,0.0,0.0,0.0,0.0,0,0.0,0,0.0,0.0,, ,{'isSLBSec': True},XO,2026-09-13
LIQUID1,0.0,0,1.92,1,0.0,0.0,0.0,0.0,0.0,0,0.0,0,0.0,0.0,, ,{'isSLBSec': True},XO,2026-09-13
AMAGI,0.0,0,10.0,82,0.0,0.0,0.0,0.0,0.0,0,0.0,0,0.0,0.0,, ,{'isSLBSec': True},XO,2026-09-13
CPSEETF,0.0,0,0.05,2360,0.0,0.0,0.0,0.0,0.0,0,0.0,0,0.0,0.0,, ,{'isSLBSec': True},XO,2026-09-13
VAL30IETF,0.0,0,0.03,35,0.0,0.0,0.0,0.0,0.0,0,0.0,0,0.0,0.0,, ,{'isSLBSec': True},XO,2026-09-13
UNIMECH,0.0,0,15.95,4,0.0,0.0,0.0,0.0,0.0,14,0.0,0,0.0,0.0,, ,{'isSLBSec': True},XO,2026-09-13
WAAREERTL,0.0,0,12.0,500,0.0,0.0,0.0,0.0,0.0,0,0.0,0,0.0,0.0,, ,{'isSLBSec': True},XO,2026-09-13
BANKBETF,0.0,0,0.1,10,0.0,0.0,0.0,0.0,0.0,0,0.0,0,0.0,0.0,, ,{'isSLBSec': True},XO,2026-09-13
IKS,0.0,0,10.0,200,0.0,0.0,0.0,0.0,0.0,152,0.0,0,0.0,0.0,, ,{'isSLBSec': True},XO,2026-09-13
FINIETF,0.0,0,0.05,7187,0.0,0.0,0.0,0.0,0.0,0,0.0,0,0.0,0.0,, ,{'isSLBSec': True},XO,2026-09-13
MID150CASE,0.0,0,0.09,1,0.0,0.0,0.0,0.0,0.0,0,0.0,0,0.0,0.0,, ,{'isSLBSec': True},XO,2026-09-13
MOQUALITY,0.0,0,0.05,549,0.0,0.0,0.0,0.0,0.0,0,0.0,0,0.0,0.0,, ,{'isSLBSec': True},XO,2026-09-13
FIRSTCRY,0.0,0,0.12,50,0.0,0.0,0.0,0.0,0.0,0,0.0,0,0.0,0.0,, ,{'isSLBSec': True},XO,2026-09-13
BLACKBUCK,0.0,0,2.41,60,0.0,0.0,0.0,0.0,0.0,0,0.0,0,0.0,0.0,, ,{'isSLBSec': True},XO,2026-09-13
AWFIS,0.0,0,4.26,30,0.0,0.0,0.0,0.0,0.0,0,0.0,0,0.0,0.0,, ,{'isSLBSec': True},XO,2026-09-13
DECNGOLD,0.0,0,1.86,308,0.0,0.0,0.0,0.0,0.0,142,0.0,0,0.0,0.0,, ,{'isSLBSec': True},XO,2026-09-13
MOREALTY,0.0,0,0.05,3521,0.0,0.0,0.0,0.0,0.0,0,0.0,0,0.0,0.0,, ,{'isSLBSec': True},XO,2026-09-13
MOENERGY,0.0,0,0.07,20,0.0,0.0,0.0,0.0,0.0,0,0.0,0,0.0,0.0,, ,{'isSLBSec': True},XO,2026-09-13
INFRABEES,0.0,0,2.91,1,0.0,0.0,0.0,0.0,0.0,0,0.0,0,0.0,0.0,, ,{'isSLBSec': True},XO,2026-09-13
AONETMMQ50,0.0,0,0.04,60,0.0,0.0,0.0,0.0,0.0,0,0.0,0,0.0,0.0,, ,{'isSLBSec': True},XO,2026-09-13
SHADOWFAX,0.0,0,5.0,290,0.0,0.0,0.0,0.0,0.0,0,0.0,0,0.0,0.0,, ,{'isSLBSec': True},XO,2026-09-13
SBFC,0.0,0,0.17,1,0.0,0.0,0.0,0.0,0.0,0,0.0,0,0.0,0.0,, ,{'isSLBSec': True},XO,2026-09-13
AONETOTAL,0.0,0,0.1,260,0.0,0.0,0.0,0.0,0.0,0,0.0,0,0.0,0.0,, ,{'isSLBSec': True},XO,2026-09-13
AEQUS,0.0,0,0.4,22,0.0,0.0,0.0,0.0,0.0,0,0.0,0,0.0,0.0,, ,{'isSLBSec': True},XO,2026-09-13
COCKERILL,0.0,0,137.93,2,0.0,0.0,0.0,0.0,0.0,0,0.0,0,0.0,0.0,, ,{'isSLBSec': True},XO,2026-09-13
AUTOBEES,0.0,0,0.59,754,0.0,0.0,0.0,0.0,0.0,0,0.0,0,0.0,0.0,, ,{'isSLBSec': True},XO,2026-09-13
SML100CASE,0.0,0,5.0,7000,0.0,0.0,0.0,0.0,0.0,0,0.0,0,0.0,0.0,, ,{'isSLBSec': True},XO,2026-09-13
JYOTICNC,0.0,0,14.43,26,0.0,0.0,0.0,0.0,0.0,0,0.0,0,0.0,0.0,, ,{'isSLBSec': True},XO,2026-09-13
MUTHOOTMF,0.0,0,5.0,204,0.0,0.0,0.0,0.0,0.0,0,0.0,0,0.0,0.0,, ,{'isSLBSec': True},XO,2026-09-13
URBANCO,0.0,0,0.51,6,0.0,0.0,0.0,0.0,0.0,1,0.0,0,0.0,0.0,, ,{'isSLBSec': True},XO,2026-09-13
INTERNET,0.0,0,0.25,14115,0.0,0.0,0.0,0.0,0.0,0,0.0,0,0.0,0.0,, ,{'isSLBSec': True},XO,2026-09-13
DIVOPPBEES,0.0,0,9.95,3230,0.0,0.0,0.0,0.0,0.0,0,0.0,0,0.0,0.0,, ,{'isSLBSec': True},XO,2026-09-13
GROWW,0.0,0,0.27,1500,0.0,0.0,0.0,0.0,0.0,265356,0.0,0,0.0,0.0,, ,{'isSLBSec': True},XO,2026-09-13
EMIL,0.0,0,0.74,278,0.0,0.0,0.0,0.0,0.0,0,0.0,0,0.0,0.0,, ,{'isSLBSec': True},XO,2026-09-13
BLUESTONE,0.0,0,17.58,36,0.0,0.0,0.0,0.0,0.0,0,0.0,0,0.0,0.0,, ,{'isSLBSec': True},XO,2026-09-13
FRACTAL,0.0,0,1.05,16,0.0,0.0,0.0,0.0,0.0,0,0.0,0,0.0,0.0,, ,{'isSLBSec': True},XO,2026-09-13
RATEGAIN,0.0,0,2.77,145,0.0,0.0,0.0,0.0,0.0,0,0.0,0,0.0,0.0,, ,{'isSLBSec': True},XO,2026-09-13
MEESHO,0.0,0,0.67,97,0.0,0.0,0.0,0.0,0.0,0,0.0,0,0.0,0.0,, ,{'isSLBSec': True},XO,2026-09-13
BAJAJHFL,0.0,0,0.14,315,0.0,0.0,0.0,0.0,0.0,0,0.0,0,0.0,0.0,, ,{'isSLBSec': True},XO,2026-09-13
PTCIL,0.0,0,50.0,2255,0.0,0.0,0.0,0.0,0.0,540,0.0,0,0.0,0.0,, ,{'isSLBSec': True},XO,2026-09-13
SAMBHV,0.0,0,5.0,5000,0.0,0.0,0.0,0.0,0.0,0,0.0,0,0.0,0.0,, ,{'isSLBSec': True},XO,2026-09-13
AADHARHFC,0.0,0,0.79,1,0.0,0.0,0.0,0.0,0.0,0,0.0,0,0.0,0.0,, ,{'isSLBSec': True},XO,2026-09-13
MOMENTUM50,0.0,0,0.05,3969,0.0,0.0,0.0,0.0,0.0,0,0.0,0,0.0,0.0,, ,{'isSLBSec': True},XO,2026-09-13
ALPHAETF,0.0,0,0.06,1,0.0,0.0,0.0,0.0,0.0,0,0.0,0,0.0,0.0,, ,{'isSLBSec': True},XO,2026-09-13
THELEELA,0.0,0,5.0,34,0.0,0.0,0.0,0.0,0.0,45,0.0,0,0.0,0.0,, ,{'isSLBSec': True},XO,2026-09-13
NIF100BEES,0.0,0,10.0,50,0.0,0.0,0.0,0.0,0.0,0,0.0,0,0.0,0.0,, ,{'isSLBSec': True},XO,2026-09-13
TIMEX,0.0,0,1.29,101,0.0,0.0,0.0,0.0,0.0,0,0.0,0,0.0,0.0,, ,{'isSLBSec': True},XO,2026-09-13
LTGILTCASE,0.0,0,0.05,1,0.0,0.0,0.0,0.0,0.0,0,0.0,0,0.0,0.0,, ,{'isSLBSec': True},XO,2026-09-13
ITBEES,0.0,0,0.03,6500,0.0,0.0,0.0,0.0,0.0,0,0.0,0,0.0,0.0,, ,{'isSLBSec': True},XO,2026-09-13
AETHER,0.0,0,24.95,611,0.0,0.0,0.0,0.0,0.0,12,0.0,0,0.0,0.0,, ,{'isSLBSec': True},XO,2026-09-13
NORTHARC,0.0,0,2.55,200,0.0,0.0,0.0,0.0,0.0,11248,0.0,0,0.0,0.0,, ,{'isSLBSec': True},XO,2026-09-13
GROWWSC250,0.0,0,0.07,70,0.0,0.0,0.0,0.0,0.0,0,0.0,0,0.0,0.0,, ,{'isSLBSec': True},XO,2026-09-13
SMALLCAP,0.0,0,0.05,3661,0.0,0.0,0.0,0.0,0.0,0,0.0,0,0.0,0.0,, ,{'isSLBSec': True},XO,2026-09-13
GODIGIT,0.0,0,10.0,100,0.0,0.0,0.0,0.0,0.0,0,0.0,0,0.0,0.0,, ,{'isSLBSec': True},XO,2026-09-13
ITETF,0.0,0,0.21,372,0.0,0.0,0.0,0.0,0.0,0,0.0,0,0.0,0.0,, ,{'isSLBSec': True},XO,2026-09-13
WAKEFIT,0.0,0,3.09,4,0.0,0.0,0.0,0.0,0.0,6429,0.0,0,0.0,0.0,, ,{'isSLBSec': True},XO,2026-09-13
AVALON,0.0,0,7.88,102,0.0,0.0,0.0,0.0,0.0,0,0.0,0,0.0,0.0,, ,{'isSLBSec': True},XO,2026-09-13
IXIGO,0.0,0,3.41,1,0.0,0.0,0.0,0.0,0.0,48,0.0,0,0.0,0.0,, ,{'isSLBSec': True},XO,2026-09-13
AONENIFTY,0.0,0,0.04,1,0.0,0.0,0.0,0.0,0.0,0,0.0,0,0.0,0.0,, ,{'isSLBSec': True},XO,2026-09-13
LTGILTBEES,0.0,0,0.05,11,0.0,0.0,0.0,0.0,0.0,0,0.0,0,0.0,0.0,, ,{'isSLBSec': True},XO,2026-09-13
TENNIND,0.0,0,0.89,34,0.0,0.0,0.0,0.0,0.0,0,0.0,0,0.0,0.0,, ,{'isSLBSec': True},XO,2026-09-13
KAJARIACER,0.0,0,8.0,68,0.0,0.0,0.0,0.0,0.0,0,0.0,0,0.0,0.0,21-Sep-2026,DIVIDEND - RS 6 PER SHARE 21-Sep-2026,{'isSLBSec': True},XO,2026-09-13
RELAXO,0.0,0,0.67,15,0.0,0.0,0.0,0.0,0.0,0,0.0,0,0.0,0.0,18-Sep-2026,DIVIDEND - RS 3.50 PER SHARE 18-Sep-2026,{'isSLBSec': True},XO,2026-09-13
CAPLIPOINT,0.0,0,6.16,42,0.0,0.0,0.0,0.0,0.0,0,0.0,0,0.0,0.0,18-Sep-2026,DIVIDEND - RS 4 PER SHARE 18-Sep-2026,{'isSLBSec': True},XO,2026-09-13
SANSERA,0.0,0,5.06,43,0.0,0.0,0.0,0.0,0.0,0,0.0,0,0.0,0.0,17-Sep-2026,DIVIDEND - RS 4 PER SHARE 17-Sep-2026,{'isSLBSec': True},XO,2026-09-13
BLS,0.0,0,0.73,4,0.0,0.0,0.0,0.0,0.0,0,0.0,0,0.0,0.0,16-Sep-2026,DIVIDEND - RE 0.50 PER SHARE 16-Sep-2026,{'isSLBSec': True},XO,2026-09-13
GRWRHITECH,0.0,0,4.9,56,0.0,0.0,0.0,0.0,0.0,0,0.0,0,0.0,0.0,16-Sep-2026,DIVIDEND - RS 12 PER SHARE 16-Sep-2026,{'isSLBSec': True},XO,2026-09-13
63MOONS,0.0,0,45.0,100,0.0,0.0,0.0,0.0,0.0,0,0.0,0,0.0,0.0,16-Sep-2026,DIVIDEND - RS 2 PER SHARE 16-Sep-2026,{'isSLBSec': True},XO,2026-09-13
JASH,0.0,0,15.0,100,0.0,0.0,0.0,0.0,0.0,0,0.0,0,0.0,0.0,16-Sep-2026,DIVIDEND - RE 1 PER SHARE 16-Sep-2026,{'isSLBSec': True},XO,2026-09-13
SMSPHARMA,0.0,0,9.0,150,0.0,0.0,0.0,0.0,0.0,0,0.0,0,0.0,0.0,16-Sep-2026,DIVIDEND - RE 0.40 PER SHARE 16-Sep-2026,{'isSLBSec': True},XO,2026-09-13
VINATIORGA,0.0,0,15.0,116,0.0,0.0,0.0,0.0,0.0,0,0.0,0,0.0,0.0,16-Sep-2026,DIVIDEND - RS 8.50 PER SHARE 16-Sep-2026,{'isSLBSec': True},XO,2026-09-13
HINDCOPPER,0.0,0,2.48,100,0.0,0.0,0.0,0.0,0.0,404249,0.0,0,0.0,0.0,16-Sep-2026,DIVIDEND - RS 1.86 PER SHARE 16-Sep-2026,{'isSLBSec': True},XO,2026-09-13
VSTTILLERS,0.0,0,99.0,100,0.0,0.0,0.0,0.0,0.0,0,0.0,0,0.0,0.0,16-Sep-2026,DIVIDEND - RS 25 PER SHARE 16-Sep-2026,{'isSLBSec': True},XO,2026-09-13
PRAKASH,0.0,0,0.38,250,0.0,0.0,0.0,0.0,0.0,0,0.0,0,0.0,0.0,16-Sep-2026,DIVIDEND - RS 1.80 PER SHARE 16-Sep-2026,{'isSLBSec': True},XO,2026-09-13
VIJAYA,0.0,0,5.89,64,0.0,0.0,0.0,0.0,0.0,0,0.0,0,0.0,0.0,16-Sep-2026,DIVIDEND - RS 2 PER SHARE 16-Sep-2026,{'isSLBSec': True},XO,2026-09-13
BELRISE,0.0,0,0.7,63,0.0,0.0,0.0,0.0,0.0,40,0.0,0,0.0,0.0,15-Sep-2026,DIVIDEND - RE 0.55 PER SHARE 15-Sep-2026,{'isSLBSec': True},XO,2026-09-13
BLUEDART,0.0,0,19.9,125,0.0,0.0,0.0,0.0,0.0,0,0.0,0,0.0,0.0,15-Sep-2026,DIVIDEND - RS 25 PER SHARE 15-Sep-2026,{'isSLBSec': True},XO,2026-09-13
CARYSIL,0.0,0,4.99,151,0.0,0.0,0.0,0.0,0.0,16,0.0,0,0.0,0.0,15-Sep-2026,DIVIDEND - RS 3 PER SHARE 15-Sep-2026,{'isSLBSec': True},XO,2026-09-13
DBL,0.0,0,5.0,3200,0.0,0.0,0.0,0.0,0.0,0,0.0,0,0.0,0.0,15-Sep-2026,DIVIDEND - RE 1 PER SHARE 15-Sep-2026,{'isSLBSec': True},XO,2026-09-13
WEBELSOLAR,0.0,0,4.44,1000,0.0,0.0,0.0,0.0,0.0,447,0.0,0,0.0,0.0,15-Sep-2026,DIVIDEND - RE 0.25 PER SHARE 15-Sep-2026,{'isSLBSec': True},XO,2026-09-13
KTKBANK,0.0,0,0.45,5000,0.0,0.0,0.0,0.0,0.0,0,0.0,0,0.0,0.0,15-Sep-2026,DIVIDEND - RS 5 PER SHARE 15-Sep-2026,{'isSLBSec': True},XO,2026-09-13
TI,0.0,0,12.0,600,0.0,0.0,0.0,0.0,0.0,48897,0.0,0,0.0,0.0,15-Sep-2026,DIVIDEND - RE 1 PER SHARE 15-Sep-2026,{'isSLBSec': True},XO,2026-09-13
TIMETECHNO,0.0,0,0.89,140,0.0,0.0,0.0,0.0,0.0,0,0.0,0,0.0,0.0,15-Sep-2026,DIVIDEND - RS 1.50 PER SHARE 15-Sep-2026,{'isSLBSec': True},XO,2026-09-13
AARTIPHARM,0.0,0,1.6,128,0.0,0.0,0.0,0.0,0.0,45,0.0,0,0.0,0.0,15-Sep-2026,DIVIDEND - RS 2 PER SHARE 15-Sep-2026,{'isSLBSec': True},XO,2026-09-13
ZEEL,0.0,0,2.88,406,0.0,0.0,0.0,0.0,0.0,0,0.0,0,0.0,0.0,10-Sep-2026,DIVIDEND - RS 2 PER SHARE 10-Sep-2026,{'isSLBSec': True},XO,2026-09-13
POWERMECH,0.0,0,12.0,60,0.0,0.0,0.0,0.0,0.0,0,0.0,0,0.0,0.0,10-Sep-2026,DIVIDEND - RS 1.50 PER SHARE 10-Sep-2026,{'isSLBSec': True},XO,2026-09-13
GANECOS,0.0,0,9.99,271,0.0,0.0,0.0,0.0,0.0,0,0.0,0,0.0,0.0,10-Sep-2026,DIVIDEND - RS 3.50 PER SHARE 10-Sep-2026,{'isSLBSec': True},XO,2026-09-13
CENTURYPLY,0.0,0,5.0,500,0.0,0.0,0.0,0.0,0.0,0,0.0,0,0.0,0.0,09-Sep-2026,DIVIDEND - RE 1 PER SHARE 09-Sep-2026,{'isSLBSec': True},XO,2026-09-13
GNFC,0.0,0,0.9,1500,0.0,0.0,0.0,0.0,0.0,0,0.0,0,0.0,0.0,09-Sep-2026,DIVIDEND - RS 21 PER SHARE 09-Sep-2026,{'isSLBSec': True},XO,2026-09-13
SHAREINDIA,0.0,0,6.6,3000,0.0,0.0,0.0,0.0,0.0,0,0.0,0,0.0,0.0,09-Sep-2026,DIVIDEND - RE 0.50 PER SHARE 09-Sep-2026,{'isSLBSec': True},XO,2026-09-13
TRAVELFOOD,0.0,0,15.0,175,0.0,0.0,0.0,0.0,0.0,0,0.0,0,0.0,0.0,09-Sep-2026,DIVIDEND - RS 10.25 PER SHARE 09-Sep-2026,{'isSLBSec': True},XO,2026-09-13
PRINCEPIPE,0.0,0,5.0,337,0.0,0.0,0.0,0.0,0.0,0,0.0,0,0.0,0.0,09-Sep-2026,DIVIDEND - RE 1 PER SHARE 09-Sep-2026,{'isSLBSec': True},XO,2026-09-13
JBMA,0.0,0,2.0,659,0.0,0.0,0.0,0.0,0.0,0,0.0,0,0.0,0.0,09-Sep-2026,DIVIDEND - RE 0.85 PER SHARE 09-Sep-2026,{'isSLBSec': True},XO,2026-09-13
GLOBUSSPR,0.0,0,6.0,1383,0.0,0.0,0.0,0.0,0.0,0,0.0,0,0.0,0.0,08-Sep-2026,DIVIDEND - RS 6.53 PER SHARE 08-Sep-2026,{'isSLBSec': True},XO,2026-09-13
SKIPPER,0.0,0,19.93,195,0.0,0.0,0.0,0.0,0.0,0,0.0,0,0.0,0.0,08-Sep-2026,DIVIDEND - RE 0.10 PER SHARE 08-Sep-2026,{'isSLBSec': True},XO,2026-09-13
TVSHLTD,0.0,0,9.99,90,0.0,0.0,0.0,0.0,0.0,0,0.0,0,0.0,0.0,08-Sep-2026,SCHEME OF ARRANGEMENT - BONUS NCRPS 46:1 08-Sep-2026,{'isSLBSec': True},XO,2026-09-13
POLYPLEX,0.0,0,5.0,128,0.0,0.0,0.0,0.0,0.0,0,0.0,0,0.0,0.0,08-Sep-2026,DIVIDEND - RE 1 PER SHARE 08-Sep-2026,{'isSLBSec': True},XO,2026-09-13
KDDL,0.0,0,19.93,185,0.0,0.0,0.0,0.0,0.0,0,0.0,0,0.0,0.0,08-Sep-2026,DIVIDEND - RS 8 PER SHARE 08-Sep-2026,{'isSLBSec': True},XO,2026-09-13
HEG,0.5,500,1.75,600,0.0,0.0,0.0,0.0,0.0,23400,0.0,0,0.0,0.0,07-Sep-2026,DEMERGER 07-Sep-2026,{'isSLBSec': True},XO,2026-09-13
CGCL,0.0,0,0.56,1024,0.0,0.0,0.0,0.0,0.0,676,0.0,0,0.0,0.0,04-Sep-2026,DIVIDEND - RE 0.20 PER SHARE 04-Sep-2026,{'isSLBSec': True},XO,2026-09-13
SHILPAMED,0.0,0,8.0,1232,0.0,0.0,0.0,0.0,0.0,111,0.0,0,0.0,0.0,04-Sep-2026,DIVIDEND - RE 0.60 PER SHARE 04-Sep-2026,{'isSLBSec': True},XO,2026-09-13
EMCURE,0.0,0,10.0,14,0.0,0.0,0.0,0.0,0.0,0,0.0,0,0.0,0.0,04-Sep-2026,DIVIDEND - RS 3.60 PER SHARE 04-Sep-2026,{'isSLBSec': True},XO,2026-09-13
GICRE,0.0,0,4.49,50,0.0,0.0,0.0,0.0,0.0,1113,0.0,0,0.0,0.0,04-Sep-2026,DIVIDEND - RS 13.25 PER SHARE 04-Sep-2026,{'isSLBSec': True},XO,2026-09-13
GULFOILLUB,0.0,0,1.84,11,0.0,0.0,0.0,0.0,0.0,0,0.0,0,0.0,0.0,04-Sep-2026,DIVIDEND - RS 30 PER SHARE 04-Sep-2026,{'isSLBSec': True},XO,2026-09-13
AIAENG,0.0,0,10.0,807,0.0,0.0,0.0,0.0,0.0,0,0.0,0,0.0,0.0,04-Sep-2026,DIVIDEND - RS 16 PER SHARE 04-Sep-2026,{'isSLBSec': True},XO,2026-09-13
ARVIND,0.0,0,0.87,1000,0.0,0.0,0.0,0.0,0.0,156,0.0,0,0.0,0.0,04-Sep-2026,DIVIDEND - RS 4.50 PER SHARE 04-Sep-2026,{'isSLBSec': True},XO,2026-09-13
INDIGOPNTS,0.0,0,15.0,75,0.0,0.0,0.0,0.0,0.0,15,0.0,0,0.0,0.0,04-Sep-2026,DIVIDEND - RS 5 PER SHARE 04-Sep-2026,{'isSLBSec': True},XO,2026-09-13
FCL,0.0,0,1.0,4000,0.0,0.0,0.0,0.0,0.0,38823,0.0,0,0.0,0.0,04-Sep-2026,DIVIDEND - RE 0.05 PER SHARE 04-Sep-2026,{'isSLBSec': True},XO,2026-09-13
FINCABLES,0.0,0,5.0,28,0.0,0.0,0.0,0.0,0.0,0,0.0,0,0.0,0.0,04-Sep-2026,DIVIDEND - RS 9 PER SHARE 04-Sep-2026,{'isSLBSec': True},XO,2026-09-13
SUPRIYA,0.0,0,20.0,100,0.0,0.0,0.0,0.0,0.0,0,0.0,0,0.0,0.0,04-Sep-2026,DIVIDEND - RE 1 PER SHARE 04-Sep-2026,{'isSLBSec': True},XO,2026-09-13
VENUSPIPES,0.0,0,25.0,46,0.0,0.0,0.0,0.0,0.0,0,0.0,0,0.0,0.0,04-Sep-2026,DIVIDEND - RE 0.50 PER SHARE 04-Sep-2026,{'isSLBSec': True},XO,2026-09-13
PARADEEP,0.0,0,0.6,200,0.0,0.0,0.0,0.0,0.0,0,0.0,0,0.0,0.0,04-Sep-2026,DIVIDEND - RS 1.50 PER SHARE 04-Sep-2026,{'isSLBSec': True},XO,2026-09-13
PVRINOX,0.0,0,9.99,50,9.99,0.0,0.0,0.0,0.0,17640,0.0,321,3206.79,395244.09,04-Sep-2026,BUY BACK 04-Sep-2026,{'isSLBSec': True},XO,2026-09-13
SCI,0.0,0,1.24,500,0.0,0.0,0.0,0.0,0.0,169,0.0,0,0.0,0.0,04-Sep-2026,DIVIDEND - RE 1 PER SHARE 04-Sep-2026,{'isSLBSec': True},XO,2026-09-13
CLEAN,0.0,0,6.85,55,0.0,0.0,0.0,0.0,0.0,0,0.0,0,0.0,0.0,04-Sep-2026,DIVIDEND - RS 4 PER SHARE 04-Sep-2026,{'isSLBSec': True},XO,2026-09-13
ACE,0.0,0,5.0,375,0.0,0.0,0.0,0.0,0.0,0,0.0,0,0.0,0.0,03-Sep-2026,DIVIDEND - RS 2 PER SHARE 03-Sep-2026,{'isSLBSec': True},XO,2026-09-13
VADILALIND,0.0,0,14.93,40,14.93,0.0,0.0,0.0,0.0,150,0.0,150,1096.5,1090714.5,03-Sep-2026,DIVIDEND - RS 43 PER SHARE 03-Sep-2026,{'isSLBSec': True},XO,2026-09-13
INTERARCH,0.0,0,5.95,800,0.0,0.0,0.0,0.0,0.0,0,0.0,0,0.0,0.0,03-Sep-2026,DIVIDEND - RS 12.50 PER SHARE 03-Sep-2026,{'isSLBSec': True},XO,2026-09-13
GPPL,0.0,0,0.49,30000,0.0,0.0,0.0,0.0,0.0,0,0.0,0,0.0,0.0,02-Sep-2026,DIVIDEND - RS 5 PER SHARE 02-Sep-2026,{'isSLBSec': True},XO,2026-09-13
TRITURBINE,0.0,0,7.0,315,0.0,0.0,0.0,0.0,0.0,0,0.0,0,0.0,0.0,02-Sep-2026,DIVIDEND - RS 2 PER SHARE 02-Sep-2026,{'isSLBSec': True},XO,2026-09-13
INDIAGLYCO,0.5,500,2.0,400,0.0,0.0,0.0,0.0,0.0,10600,0.0,0,0.0,0.0,02-Sep-2026,DEMERGER 02-Sep-2026,{'isSLBSec': True},XO,2026-09-13
CCL,0.0,0,100.0,50,0.0,0.0,0.0,0.0,0.0,0,0.0,0,0.0,0.0,01-Sep-2026,DIVIDEND - RS 3 PER SHARE 01-Sep-2026,{'isSLBSec': True},XO,2026-09-13
GARFIBRES,0.0,0,25.0,45,0.0,0.0,0.0,0.0,0.0,0,0.0,0,0.0,0.0,01-Sep-2026,DIVIDEND - RE 1 PER SHARE 01-Sep-2026,{'isSLBSec': True},XO,2026-09-13
ALIVUS,0.0,0,7.0,400,0.0,0.0,0.0,0.0,0.0,0,0.0,0,0.0,0.0,01-Sep-2026,DIVIDEND - RS 5 PER SHARE 01-Sep-2026,{'isSLBSec': True},XO,2026-09-13
MAHSEAMLES,0.0,0,1.23,1,0.0,0.0,0.0,0.0,0.0,0,0.0,0,0.0,0.0,01-Sep-2026,DIVIDEND - RS 10 PER SHARE 01-Sep-2026,{'isSLBSec': True},XO,2026-09-13
PGHH,0.0,0,6.0,16,0.0,0.0,0.0,0.0,0.0,12,0.0,0,0.0,0.0,01-Sep-2026,DIVIDEND - RS 60 PER SHARE 01-Sep-2026,{'isSLBSec': True},XO,2026-09-13
SUPRAJIT,0.0,0,5.0,40,0.0,0.0,0.0,0.0,0.0,0,0.0,0,0.0,0.0,01-Sep-2026,DIVIDEND - RS 2 PER SHARE 01-Sep-2026,{'isSLBSec': True},XO,2026-09-13
TRIVENI,0.0,0,5.0,1275,0.0,0.0,0.0,0.0,0.0,0,0.0,0,0.0,0.0,31-Aug-2026,DIVIDEND - RS 1.25 PER SHARE 31-Aug-2026,{'isSLBSec': True},XO,2026-09-13
IONEXCHANG,0.0,0,5.49,110,0.0,0.0,0.0,0.0,0.0,0,0.0,0,0.0,0.0,31-Aug-2026,DIVIDEND - RS 1.25 PER SHARE 31-Aug-2026,{'isSLBSec': True},XO,2026-09-13
MASTEK,0.0,0,9.88,1050,0.0,0.0,0.0,0.0,0.0,0,0.0,0,0.0,0.0,31-Aug-2026,DIVIDEND - RS 16 PER SHARE 31-Aug-2026,{'isSLBSec': True},XO,2026-09-13
GAEL,0.0,0,5.0,32880,0.0,0.0,0.0,0.0,0.0,109,0.0,0,0.0,0.0,28-Aug-2026,DIVIDEND - RE 0.30 PER SHARE 28-Aug-2026,{'isSLBSec': True},XO,2026-09-13
SWANCORP,0.0,0,0.98,400,0.0,0.0,0.0,0.0,0.0,0,0.0,0,0.0,0.0,28-Aug-2026,DIVIDEND - RE 0.15 PER SHARE 28-Aug-2026,{'isSLBSec': True},XO,2026-09-13
DYNAMATECH,0.0,0,50.0,15,0.0,0.0,0.0,0.0,0.0,0,0.0,0,0.0,0.0,28-Aug-2026,DIVIDEND - RS 5 PER SHARE 28-Aug-2026,{'isSLBSec': True},XO,2026-09-13
WHIRLPOOL,0.0,0,6.89,300,0.0,0.0,0.0,0.0,0.0,0,0.0,0,0.0,0.0,28-Aug-2026,DIVIDEND - RS 5 PER SHARE 28-Aug-2026,{'isSLBSec': True},XO,2026-09-13
PARAS,0.0,0,4.01,81,0.0,0.0,0.0,0.0,0.0,0,0.0,0,0.0,0.0,28-Aug-2026,DIVIDEND - RE 1 PER SHARE 28-Aug-2026,{'isSLBSec': True},XO,2026-09-13
PROTEAN,0.0,0,1.0,70,0.0,0.0,0.0,0.0,0.0,0,0.0,0,0.0,0.0,28-Aug-2026,DIVIDEND - RS 10 PER SHARE 28-Aug-2026,{'isSLBSec': True},XO,2026-09-13
ARVSMART,0.0,0,1.95,1765,0.0,0.0,0.0,0.0,0.0,0,0.0,0,0.0,0.0,28-Aug-2026,DIVIDEND - RS 2.25 PER SHARE 28-Aug-2026,{'isSLBSec': True},XO,2026-09-13
BBOX,0.0,0,8.0,1000,0.0,0.0,0.0,0.0,0.0,0,0.0,0,0.0,0.0,28-Aug-2026,DIVIDEND - RE 1 PER SHARE 28-Aug-2026,{'isSLBSec': True},XO,2026-09-13
POLYMED,0.0,0,2.99,8,0.0,0.0,0.0,0.0,0.0,0,0.0,0,0.0,0.0,28-Aug-2026,DIVIDEND - RS 3.50 PER SHARE 28-Aug-2026,{'isSLBSec': True},XO,2026-09-13
VTL,0.0,0,7.9,500,0.0,0.0,0.0,0.0,0.0,0,0.0,0,0.0,0.0,28-Aug-2026,DIVIDEND - RS 5 PER SHARE 28-Aug-2026,{'isSLBSec': True},XO,2026-09-13
HONASA,0.0,0,10.0,3335,0.0,0.0,0.0,0.0,0.0,0,0.0,0,0.0,0.0,28-Aug-2026,DIVIDEND - RS 3 PER SHARE 28-Aug-2026,{'isSLBSec': True},XO,2026-09-13
PGHL,0.0,0,5.0,3,0.0,0.0,0.0,0.0,0.0,0,0.0,0,0.0,0.0,27-Aug-2026,DIVIDEND - RS 45 PER SHARE 27-Aug-2026,{'isSLBSec': True},XO,2026-09-13
THOMASCOOK,0.0,0,4.95,1200,0.0,0.0,0.0,0.0,0.0,0,0.0,0,0.0,0.0,27-Aug-2026,DIVIDEND - RS 0.50 PER SHARE 27-Aug-2026,{'isSLBSec': True},XO,2026-09-13
DOMS,0.0,0,15.0,35,0.0,0.0,0.0,0.0,0.0,75,0.0,0,0.0,0.0,27-Aug-2026,DIVIDEND - RS 3.65 PER SHARE 27-Aug-2026,{'isSLBSec': True},XO,2026-09-13
DEEPAKFERT,0.0,0,2.0,146,0.0,0.0,0.0,0.0,0.0,0,0.0,0,0.0,0.0,25-Aug-2026,DIVIDEND - RS 10 PER SHARE 25-Aug-2026,{'isSLBSec': True},XO,2026-09-13
SBCL,0.0,0,15.0,8,0.0,0.0,0.0,0.0,0.0,8840,0.0,0,0.0,0.0,25-Aug-2026,DIVIDEND - RS 2 PER SHARE 25-Aug-2026,{'isSLBSec': True},XO,2026-09-13
AVL,0.0,0,10.0,400,0.0,0.0,0.0,0.0,0.0,0,0.0,0,0.0,0.0,25-Aug-2026,DIVIDEND - RS 1.25 PER SHARE 25-Aug-2026,{'isSLBSec': True},XO,2026-09-13
SJVN,0.0,0,0.21,33,0.0,0.0,0.0,0.0,0.0,0,0.0,0,0.0,0.0,24-Aug-2026,DIVIDEND - RE 0.35 PER SHARE 24-Aug-2026,{'isSLBSec': True},XO,2026-09-13
IGIL,0.0,0,0.53,30,0.0,0.0,0.0,0.0,0.0,0,0.0,0,0.0,0.0,24-Aug-2026,INTERIM DIVIDEND - RS 2.55 PER SHARE 24-Aug-2026,{'isSLBSec': True},XO,2026-09-13
GILLETTE,0.0,0,4.88,5,0.0,0.0,0.0,0.0,0.0,0,0.0,0,0.0,0.0,24-Aug-2026,DIVIDEND - RS 60 PER SHARE 24-Aug-2026,{'isSLBSec': True},XO,2026-09-13
TDPOWERSYS,0.0,0,5.0,142,0.0,0.0,0.0,0.0,0.0,0,0.0,0,0.0,0.0,24-Aug-2026,FACE VALUE SPLIT (SUB-DIVISION) - FROM RS 2/- PER SHARE TO RE 1/- PER SHARE 24-Aug-2026,{'isSLBSec': True},XO,2026-09-13
SENCO,0.0,0,4.49,1853,0.0,0.0,0.0,0.0,0.0,0,0.0,0,0.0,0.0,24-Aug-2026,DIVIDEND - RE 1 PER SHARE 24-Aug-2026,{'isSLBSec': True},XO,2026-09-13
SOTL,0.0,0,9.0,400,0.0,0.0,0.0,0.0,0.0,0,0.0,0,0.0,0.0,21-Aug-2026,DIVIDEND - RS 5 PER SHARE 21-Aug-2026,{'isSLBSec': True},XO,2026-09-13
JSL,0.0,0,1.48,2400,0.0,0.0,0.0,0.0,0.0,0,0.0,0,0.0,0.0,21-Aug-2026,DIVIDEND - RS 3 PER SHARE 21-Aug-2026,{'isSLBSec': True},XO,2026-09-13
MAYURUNIQ,0.0,0,9.99,51,0.0,0.0,0.0,0.0,0.0,0,0.0,0,0.0,0.0,21-Aug-2026,DIVIDEND - RS 6 PER SH 21-Aug-2026,{'isSLBSec': True},XO,2026-09-13
SURYAROSNI,0.0,0,5.0,40,0.0,0.0,0.0,0.0,0.0,0,0.0,0,0.0,0.0,21-Aug-2026,DIVIDEND - RS 2.50 PER SHARE 21-Aug-2026,{'isSLBSec': True},XO,2026-09-13
VISHNU,0.0,0,12.0,55,0.0,0.0,0.0,0.0,0.0,33,0.0,0,0.0,0.0,21-Aug-2026,DIVIDEND - RE 0.30 PER SHARE 21-Aug-2026,{'isSLBSec': True},XO,2026-09-13
DEEPINDS,0.0,0,5.0,120,0.0,0.0,0.0,0.0,0.0,0,0.0,0,0.0,0.0,21-Aug-2026,DIVIDEND - RS 2.50 PER SHARE 21-Aug-2026,{'isSLBSec': True},XO,2026-09-13
ECLERX,0.0,0,10.0,48,0.0,0.0,0.0,0.0,0.0,0,0.0,0,0.0,0.0,21-Aug-2026,DIVIDEND - RE 1 PER SHARE 21-Aug-2026,{'isSLBSec': True},XO,2026-09-13
ZENTEC,0.0,0,4.0,250,0.0,0.0,0.0,0.0,0.0,27,0.0,0,0.0,0.0,21-Aug-2026,DIVIDEND - RE 1 PER SHARE 21-Aug-2026,{'isSLBSec': True},XO,2026-09-13
GOODLUCK,0.0,0,20.0,300,0.0,0.0,0.0,0.0,0.0,0,0.0,0,0.0,0.0,21-Aug-2026,BONUS 2:1 21-Aug-2026,{'isSLBSec': True},XO,2026-09-13
MARKSANS,0.0,0,0.88,1,0.0,0.0,0.0,0.0,0.0,0,0.0,0,0.0,0.0,20-Aug-2026,DIVIDEND - RE 0.90 PER SHARE 20-Aug-2026,{'isSLBSec': True},XO,2026-09-13
NIITMTS,0.0,0,5.0,50,0.0,0.0,0.0,0.0,0.0,0,0.0,0,0.0,0.0,20-Aug-2026,DIVIDEND - RS 3.25 PER SHARE 20-Aug-2026,{'isSLBSec': True},XO,2026-09-13
NATCOPHARM,0.0,0,1.36,20,0.0,0.0,0.0,0.0,0.0,0,0.0,0,0.0,0.0,20-Aug-2026,INTERIM DIVIDEND - RS 1.50 PER SHARE 20-Aug-2026,{'isSLBSec': True},XO,2026-09-13
JKPAPER,0.0,0,9.0,100,0.0,0.0,0.0,0.0,0.0,0,0.0,0,0.0,0.0,19-Aug-2026,DIVIDEND - RS 4 PER SHARE 19-Aug-2026,{'isSLBSec': True},XO,2026-09-13
LGBBROSLTD,0.0,0,2.38,30,0.0,0.0,0.0,0.0,0.0,0,0.0,0,0.0,0.0,19-Aug-2026,DIVIDEND - RS 22 PER SHARE 19-Aug-2026,{'isSLBSec': True},XO,2026-09-13
BATAINDIA,0.0,0,2.09,200,0.0,0.0,0.0,0.0,0.0,0,0.0,0,0.0,0.0,19-Aug-2026,INTERIM DIVIDEND - RS 25 PER SHARE 19-Aug-2026,{'isSLBSec': True},XO,2026-09-13
CESC,0.0,0,1.0,500,0.0,0.0,0.0,0.0,0.0,0,0.0,0,0.0,0.0,19-Aug-2026,INTERIM DIVIDEND - RS 6 PER SHARE 19-Aug-2026,{'isSLBSec': True},XO,2026-09-13
SUNTV,0.0,0,0.78,100,0.0,0.0,0.0,0.0,0.0,0,0.0,0,0.0,0.0,18-Aug-2026,INTERIM DIVIDEND - RS 5 PER SHARE 18-Aug-2026,{'isSLBSec': True},XO,2026-09-13
SYRMA,0.0,0,2.74,6,0.0,0.0,0.0,0.0,0.0,1,0.0,0,0.0,0.0,18-Aug-2026,DIVIDEND - RS 1.50 PER SHARE 18-Aug-2026,{'isSLBSec': True},XO,2026-09-13
MGL,0.0,0,5.52,8,0.0,0.0,0.0,0.0,0.0,0,0.0,0,0.0,0.0,18-Aug-2026,DIVIDEND - RS 18 PER SHARE 18-Aug-2026,{'isSLBSec': True},XO,2026-09-13
KIRLPNU,0.0,0,1.24,6,0.0,0.0,0.0,0.0,0.0,0,0.0,0,0.0,0.0,18-Aug-2026,FACE VALUE SPLIT (SUB-DIVISION) - FROM RS 2/- PER SHARE TO RE 1/- PER SHARE 18-Aug-2026,{'isSLBSec': True},XO,2026-09-13
SKFINDUS,0.0,0,15.95,350,0.0,0.0,0.0,0.0,0.0,7,0.0,0,0.0,0.0,17-Aug-2026,INTERIM DIVIDEND - RS 20 PER SHARE 17-Aug-2026,{'isSLBSec': True},XO,2026-09-13
ICIL,0.0,0,5.0,1000,0.0,0.0,0.0,0.0,0.0,0,0.0,0,0.0,0.0,17-Aug-2026,DIVIDEND - RS 1.50 PER SHARE 17-Aug-2026,{'isSLBSec': True},XO,2026-09-13
DELTACORP,0.0,0,0.99,2000,0.0,0.0,0.0,0.0,0.0,0,0.0,0,0.0,0.0,17-Aug-2026,DIVIDEND - RE 0.50 PER SHARE 17-Aug-2026,{'isSLBSec': True},XO,2026-09-13
HUDCO,0.0,0,0.54,2,0.0,0.0,0.0,0.0,0.0,0,0.0,0,0.0,0.0,17-Aug-2026,DIVIDEND - RS 1.50 PER SHARE 17-Aug-2026,{'isSLBSec': True},XO,2026-09-13
RAIN,0.0,0,0.5,1,0.0,0.0,0.0,0.0,0.0,0,0.0,0,0.0,0.0,14-Aug-2026,INTERIM DIVIDEND - RE 1 PER SHARE 14-Aug-2026,{'isSLBSec': True},XO,2026-09-13
RESPONIND,0.0,0,5.0,100,0.0,0.0,0.0,0.0,0.0,0,0.0,0,0.0,0.0,14-Aug-2026,DIVIDEND - RE 0.10 PER SHARE 14-Aug-2026,{'isSLBSec': True},XO,2026-09-13
RPTECH,0.0,0,5.0,48,0.0,0.0,0.0,0.0,0.0,24,0.0,0,0.0,0.0,14-Aug-2026,DIVIDEND - RS 2 PER SHARE 14-Aug-2026,{'isSLBSec': True},XO,2026-09-13
SANGHVIMOV,0.0,0,0.75,240,0.0,0.0,0.0,0.0,0.0,0,0.0,0,0.0,0.0,14-Aug-2026,DIVIDEND - RS 2 PER SHARE 14-Aug-2026,{'isSLBSec': True},XO,2026-09-13
SARDAEN,0.0,0,9.0,100,0.0,0.0,0.0,0.0,0.0,270,0.0,0,0.0,0.0,14-Aug-2026,DIVIDEND - RS 2  PER SHARE 14-Aug-2026,{'isSLBSec': True},XO,2026-09-13
SONATSOFTW,0.0,0,1.07,100,0.0,0.0,0.0,0.0,0.0,0,0.0,0,0.0,0.0,14-Aug-2026,INTERIM DIVIDEND - RS 1.25 PER SHARE 14-Aug-2026,{'isSLBSec': True},XO,2026-09-13
LLOYDSENGG,0.0,0,0.32,311,0.0,0.0,0.0,0.0,0.0,0,0.0,0,0.0,0.0,14-Aug-2026,DIVIDEND - RE 0.25 PER SHARE 14-Aug-2026,{'isSLBSec': True},XO,2026-09-13
MANGLMCEM,0.0,0,12.0,195,0.0,0.0,0.0,0.0,0.0,0,0.0,0,0.0,0.0,14-Aug-2026,DIVIDEND - RS 1.50 PER SHARE 14-Aug-2026,{'isSLBSec': True},XO,2026-09-13
MEDANTA,0.0,0,5.0,44,0.0,0.0,0.0,0.0,0.0,0,0.0,0,0.0,0.0,14-Aug-2026,DIVIDEND - RE 0.50 PER SHARE 14-Aug-2026,{'isSLBSec': True},XO,2026-09-13
MINDACORP,0.0,0,3.6,200,0.0,0.0,0.0,0.0,0.0,0,0.0,0,0.0,0.0,14-Aug-2026,DIVIDEND - RE 0.80 PER SHARE 14-Aug-2026,{'isSLBSec': True},XO,2026-09-13
TFCILTD,0.0,0,4.45,500,0.0,0.0,0.0,0.0,0.0,11310,0.0,0,0.0,0.0,14-Aug-2026,DIVIDEND - RE 0.60 PER SHARE 14-Aug-2026,{'isSLBSec': True},XO,2026-09-13
NCC,0.0,0,0.43,263,0.0,0.0,0.0,0.0,0.0,0,0.0,0,0.0,0.0,14-Aug-2026,DIVIDEND - RS 2.20 PER SHARE 14-Aug-2026,{'isSLBSec': True},XO,2026-09-13
CANHLIFE,0.0,0,1.05,140,0.0,0.0,0.0,0.0,0.0,0,0.0,0,0.0,0.0,14-Aug-2026,DIVIDEND - RE 0.40 PER SHARE 14-Aug-2026,{'isSLBSec': True},XO,2026-09-13
ELECTCAST,0.0,0,0.55,840,0.0,0.0,0.0,0.0,0.0,0,0.0,0,0.0,0.0,14-Aug-2026,DIVIDEND - RE 0.90 PER SHARE 14-Aug-2026,{'isSLBSec': True},XO,2026-09-13
YATHARTH,0.0,0,9.49,9,0.0,0.0,0.0,0.0,0.0,5800,0.0,0,0.0,0.0,14-Aug-2026,INTERIM DIVIDEND - RE 0.50 PER SHARE 14-Aug-2026,{'isSLBSec': True},XO,2026-09-13
GPIL,0.0,0,0.43,1,0.0,0.0,0.0,0.0,0.0,0,0.0,0,0.0,0.0,14-Aug-2026,DIVIDEND - RE 1 PER SHARE 14-Aug-2026,{'isSLBSec': True},XO,2026-09-13
ANUP,0.0,0,4.5,5000,0.0,0.0,0.0,0.0,0.0,0,0.0,0,0.0,0.0,14-Aug-2026,DIVIDEND - RS 12 PER SHARE 14-Aug-2026,{'isSLBSec': True},XO,2026-09-13
RAILTEL,0.0,0,0.45,4,0.0,0.0,0.0,0.0,0.0,0,0.0,0,0.0,0.0,13-Aug-2026,DIVIDEND - RS 1.25 PER SHARE 13-Aug-2026,{'isSLBSec': True},XO,2026-09-13
RAMCOCEM,0.0,0,9.9,500,0.0,0.0,0.0,0.0,0.0,10072,0.0,0,0.0,0.0,13-Aug-2026,DIVIDEND - RS 2.50 PER SHARE 13-Aug-2026,{'isSLBSec': True},XO,2026-09-13
NEOGEN,10.0,2342,15.0,70,10.0,0.0,0.0,0.0,0.0,1224,0.0,1224,12240.0,2936253.6,13-Aug-2026,DIVIDEND - RE 1 PER SHARE 13-Aug-2026,{'isSLBSec': True},XO,2026-09-13
SOUTHBANK,0.0,0,0.75,108810,0.0,0.0,0.0,0.0,0.0,0,0.0,0,0.0,0.0,13-Aug-2026,DIVIDEND - RE 0.45 PER SHARE 13-Aug-2026,{'isSLBSec': True},XO,2026-09-13
SANDUMA,0.0,0,3.99,800,0.0,0.0,0.0,0.0,0.0,0,0.0,0,0.0,0.0,12-Aug-2026,DIVIDEND - RS 0.50 PER SHARE 12-Aug-2026,{'isSLBSec': True},XO,2026-09-13
UNIPARTS,0.0,0,5.95,1600,0.0,0.0,0.0,0.0,0.0,0,0.0,0,0.0,0.0,12-Aug-2026,INTERIM DIVIDEND - RS 9 PER SHARE 12-Aug-2026,{'isSLBSec': True},XO,2026-09-13
GABRIEL,0.0,0,1.98,300,0.0,0.0,0.0,0.0,0.0,0,0.0,0,0.0,0.0,12-Aug-2026,DIVIDEND - RS 3.10 PER SHARE 12-Aug-2026,{'isSLBSec': True},XO,2026-09-13
VAIBHAVGBL,0.0,0,0.59,234,0.0,0.0,0.0,0.0,0.0,0,0.0,0,0.0,0.0,12-Aug-2026,INTERIM DIVIDEND - RS 1.50 PER SHARE 12-Aug-2026,{'isSLBSec': True},XO,2026-09-13
RATNAMANI,0.0,0,10.0,658,0.0,0.0,0.0,0.0,0.0,0,0.0,0,0.0,0.0,11-Aug-2026,DIVIDEND - RS 10 PER SHARE 11-Aug-2026,{'isSLBSec': True},XO,2026-09-13
SUDARSCHEM,0.0,0,10.0,1000,0.0,0.0,0.0,0.0,0.0,0,0.0,0,0.0,0.0,11-Aug-2026,DIVIDEND - RS 5 PER SHARE 11-Aug-2026,{'isSLBSec': True},XO,2026-09-13
SYMPHONY,0.0,0,7.94,275,0.0,0.0,0.0,0.0,0.0,0,0.0,0,0.0,0.0,11-Aug-2026,INTERIM DIVIDEND - RE 1  PER SHARE 11-Aug-2026,{'isSLBSec': True},XO,2026-09-13
CHAMBLFERT,0.0,0,2.35,1200,0.0,0.0,0.0,0.0,0.0,0,0.0,0,0.0,0.0,11-Aug-2026,DIVIDEND - RS 6 PER SHARE 11-Aug-2026,{'isSLBSec': True},XO,2026-09-13
GATEWAY,0.0,0,0.22,900,0.0,0.0,0.0,0.0,0.0,0,0.0,0,0.0,0.0,11-Aug-2026,INTERIM DIVIDEND - RS 1.25 PER SHARE 11-Aug-2026,{'isSLBSec': True},XO,2026-09-13
GLAND,0.0,0,7.0,189,0.0,0.0,0.0,0.0,0.0,185,0.0,0,0.0,0.0,11-Aug-2026,DIVIDEND - RS 20 PER SH 11-Aug-2026,{'isSLBSec': True},XO,2026-09-13
CASTROLIND,0.0,0,0.34,566,0.0,0.0,0.0,0.0,0.0,0,0.0,0,0.0,0.0,11-Aug-2026,INTERIM DIVIDEND - RS 6.25 PER SHARE 11-Aug-2026,{'isSLBSec': True},XO,2026-09-13
PTC,0.0,0,0.18,10000,0.0,0.0,0.0,0.0,0.0,0,0.0,0,0.0,0.0,10-Aug-2026,INTERIM DIVIDEND - RS 23 PER SHARE 10-Aug-2026,{'isSLBSec': True},XO,2026-09-13
RITES,0.0,0,0.36,11,0.0,0.0,0.0,0.0,0.0,0,0.0,0,0.0,0.0,10-Aug-2026,INTERIM DIVIDEND - RS 1.40 PER SHARE 10-Aug-2026,{'isSLBSec': True},XO,2026-09-13
CMPDI,0.0,0,5.0,80,0.0,0.0,0.0,0.0,0.0,0,0.0,0,0.0,0.0,10-Aug-2026,DIVIDEND - RS 1.06 PER SHARE 10-Aug-2026,{'isSLBSec': True},XO,2026-09-13
STYRENIX,0.0,0,10.0,70,0.0,0.0,0.0,0.0,0.0,0,0.0,0,0.0,0.0,10-Aug-2026,INTERIM DIVIDEND - RS 23 PER SHARE 10-Aug-2026,{'isSLBSec': True},XO,2026-09-13
QUESS,0.0,0,0.98,22,0.0,0.0,0.0,0.0,0.0,0,0.0,0,0.0,0.0,07-Aug-2026,DIVIDEND - RS 3 PER SHARE 07-Aug-2026,{'isSLBSec': True},XO,2026-09-13
IPCALAB,0.0,0,3.4,1020,0.0,0.0,0.0,0.0,0.0,0,0.0,0,0.0,0.0,07-Aug-2026,DIVIDEND - RS 6 PER SHARE 07-Aug-2026,{'isSLBSec': True},XO,2026-09-13
SHARDACROP,0.0,0,4.99,90,0.0,0.0,0.0,0.0,0.0,0,0.0,0,0.0,0.0,07-Aug-2026,DIVIDEND - RS 9 PER SHARE 07-Aug-2026,{'isSLBSec': True},XO,2026-09-13
SHYAMMETL,0.0,0,5.0,47,0.0,0.0,0.0,0.0,0.0,1633,0.0,0,0.0,0.0,07-Aug-2026,DIVIDEND - RS 2.70 PER SHARE 07-Aug-2026,{'isSLBSec': True},XO,2026-09-13
KEC,0.0,0,2.0,1460,0.0,0.0,0.0,0.0,0.0,0,0.0,0,0.0,0.0,07-Aug-2026,DIVIDEND - RS 5.50 PER SHARE 07-Aug-2026,{'isSLBSec': True},XO,2026-09-13
UBL,0.0,0,2.15,120,0.0,0.0,0.0,0.0,0.0,0,0.0,0,0.0,0.0,07-Aug-2026,DIVIDEND - RS 10 PER SHARE 07-Aug-2026,{'isSLBSec': True},XO,2026-09-13
VARROC,0.0,0,12.0,375,0.0,0.0,0.0,0.0,0.0,0,0.0,0,0.0,0.0,07-Aug-2026,DIVIDEND - RS 1.50 PER SHARE 07-Aug-2026,{'isSLBSec': True},XO,2026-09-13
NAVA,0.0,0,0.95,30,0.0,0.0,0.0,0.0,0.0,0,0.0,0,0.0,0.0,07-Aug-2026,DIVIDEND - RS 5.50 PER SHARE 07-Aug-2026,{'isSLBSec': True},XO,2026-09-13
NETWEB,0.0,0,19.99,200,0.0,0.0,0.0,0.0,0.0,1700,0.0,0,0.0,0.0,07-Aug-2026,DIVIDEND - RS 3 PER SHARE 07-Aug-2026,{'isSLBSec': True},XO,2026-09-13
WESTLIFE,0.0,0,49.95,375,0.0,0.0,0.0,0.0,0.0,0,0.0,0,0.0,0.0,07-Aug-2026,INTERIM DIVIDEND - RE 0.40 PER SHARE 07-Aug-2026,{'isSLBSec': True},XO,2026-09-13
CHENNPETRO,0.0,0,1.98,400,0.0,0.0,0.0,0.0,0.0,0,0.0,0,0.0,0.0,07-Aug-2026,DIVIDEND - RS 54 PER SHARE 07-Aug-2026,{'isSLBSec': True},XO,2026-09-13
CHOLAHLDNG,0.0,0,4.55,10,0.0,0.0,0.0,0.0,0.0,0,0.0,0,0.0,0.0,07-Aug-2026,DIVIDEND - RS 1.30 PER SHARE 07-Aug-2026,{'isSLBSec': True},XO,2026-09-13
GESHIP,0.0,0,2.88,377,0.0,0.0,0.0,0.0,0.0,1769,0.0,0,0.0,0.0,07-Aug-2026,INTERIM DIVIDEND - RS 14.40 PER SHARE 07-Aug-2026,{'isSLBSec': True},XO,2026-09-13
ABLBL,0.0,0,1.99,2600,0.0,0.0,0.0,0.0,0.0,0,0.0,0,0.0,0.0,07-Aug-2026,DIVIDEND - RE 0.50 PER SHARE 07-Aug-2026,{'isSLBSec': True},XO,2026-09-13
ARVINDFASN,0.0,0,1.98,124,0.0,0.0,0.0,0.0,0.0,0,0.0,0,0.0,0.0,07-Aug-2026,DIVIDEND - RS 1.60 PER SHARE 07-Aug-2026,{'isSLBSec': True},XO,2026-09-13
RUBICON,0.0,0,25.0,60,0.0,0.0,0.0,0.0,0.0,0,0.0,0,0.0,0.0,07-Aug-2026,DIVIDEND - RS 1.50 PER SHARE 07-Aug-2026,{'isSLBSec': True},XO,2026-09-13
PRAJIND,0.0,0,0.56,316,0.0,0.0,0.0,0.0,0.0,0,0.0,0,0.0,0.0,06-Aug-2026,DIVIDEND - RS 3.60 PER SHARE 06-Aug-2026,{'isSLBSec': True},XO,2026-09-13
LUMAXIND,0.0,0,19.93,500,0.0,0.0,0.0,0.0,0.0,0,0.0,0,0.0,0.0,06-Aug-2026,DIVIDEND - RS 55 PER SHARE 06-Aug-2026,{'isSLBSec': True},XO,2026-09-13
LINDEINDIA,0.0,0,14.9,213,0.0,0.0,0.0,0.0,0.0,0,0.0,0,0.0,0.0,06-Aug-2026,DIVIDEND - RS 4 PER SHARE/SPECIAL DIVIDEND - 8 PER SHARE 06-Aug-2026,{'isSLBSec': True},XO,2026-09-13
BERGEPAINT,0.0,0,1.02,23,0.0,0.0,0.0,0.0,0.0,0,0.0,0,0.0,0.0,05-Aug-2026,DIVIDEND - RS 4 PER SHARE 05-Aug-2026,{'isSLBSec': True},XO,2026-09-13
BRIGADE,0.0,0,5.0,2196,0.0,0.0,0.0,0.0,0.0,0,0.0,0,0.0,0.0,05-Aug-2026,DIVIDEND - RS 2 PER SHARE 05-Aug-2026,{'isSLBSec': True},XO,2026-09-13
ADFFOODS,0.0,0,19.93,375,0.0,0.0,0.0,0.0,0.0,0,0.0,0,0.0,0.0,05-Aug-2026,DIVIDEND - RE 0.60 PER SHARE 05-Aug-2026,{'isSLBSec': True},XO,2026-09-13
IRB,0.0,0,0.03,2340,0.0,0.0,0.0,0.0,0.0,0,0.0,0,0.0,0.0,05-Aug-2026,INTERIM DIVIDEND - RE 0.05 PER SHARE 05-Aug-2026,{'isSLBSec': True},XO,2026-09-13
BAYERCROP,0.0,0,9.98,25,0.0,0.0,0.0,0.0,0.0,0,0.0,0,0.0,0.0,05-Aug-2026,DIVIDEND - RS 60 PER SHARE 05-Aug-2026,{'isSLBSec': True},XO,2026-09-13
AJANTPHARM,0.0,0,5.0,1094,0.0,0.0,0.0,0.0,0.0,0,0.0,0,0.0,0.0,05-Aug-2026,INTERIM DIVIDEND - RS 32 PER SHARE 05-Aug-2026,{'isSLBSec': True},XO,2026-09-13
MAPMYINDIA,0.0,0,1.94,52,0.0,0.0,0.0,0.0,0.0,0,0.0,0,0.0,0.0,04-Aug-2026,DIVIDEND - RS 3.50 PER SHARE 04-Aug-2026,{'isSLBSec': True},XO,2026-09-13
PCBL,0.0,0,2.99,182,0.0,0.0,0.0,0.0,0.0,165,0.0,0,0.0,0.0,04-Aug-2026,INTERIM DIVIDEND - RS 4.50 PER SHARE 04-Aug-2026,{'isSLBSec': True},XO,2026-09-13
BALKRISIND,0.0,0,20.0,50,0.0,0.0,0.0,0.0,0.0,0,0.0,0,0.0,0.0,04-Aug-2026,INTERIM DIVIDEND - RS 4 PER SHARE 04-Aug-2026,{'isSLBSec': True},XO,2026-09-13
HIRECT,0.0,0,10.0,80,0.0,0.0,0.0,0.0,0.0,0,0.0,0,0.0,0.0,04-Aug-2026,DIVIDEND - RS 1.40 PER SHARE 04-Aug-2026,{'isSLBSec': True},XO,2026-09-13
ASTRAZEN,0.0,0,24.85,6,0.0,0.0,0.0,0.0,0.0,0,0.0,0,0.0,0.0,31-Jul-2026,DIVIDEND - RS 36 PER SHARE 31-Jul-2026,{'isSLBSec': True},XO,2026-09-13
PRIVISCL,0.0,0,5.0,441,0.0,0.0,0.0,0.0,0.0,0,0.0,0,0.0,0.0,31-Jul-2026,DIVIDEND - RS 10 PER SHARE 31-Jul-2026,{'isSLBSec': True},XO,2026-09-13
REDTAPE,0.0,0,2.9,325,0.0,0.0,0.0,0.0,0.0,0,0.0,0,0.0,0.0,31-Jul-2026,DIVIDEND - RS 2 PER SHARE 31-Jul-2026,{'isSLBSec': True},XO,2026-09-13
SHILCTECH,0.0,0,36.0,51,0.0,0.0,0.0,0.0,0.0,0,0.0,0,0.0,0.0,31-Jul-2026,DIVIDEND - RS 12.50 PER SHARE 31-Jul-2026,{'isSLBSec': True},XO,2026-09-13
TIMKEN,0.0,0,20.0,50,0.0,0.0,0.0,0.0,0.0,0,0.0,0,0.0,0.0,31-Jul-2026,DIVIDEND - RS 2.50 PER SHARE 31-Jul-2026,{'isSLBSec': True},XO,2026-09-13
FIVESTAR,0.0,0,9.0,500,0.0,0.0,0.0,0.0,0.0,0,0.0,0,0.0,0.0,31-Jul-2026,DIVIDEND - RS 2 PER SHARE 31-Jul-2026,{'isSLBSec': True},XO,2026-09-13
FINEORG,0.0,0,5.0,183,0.0,0.0,0.0,0.0,0.0,0,0.0,0,0.0,0.0,31-Jul-2026,DIVIDEND - RS 11 PER SHARE 31-Jul-2026,{'isSLBSec': True},XO,2026-09-13
STAR,0.0,0,9.88,93,0.0,0.0,0.0,0.0,0.0,0,0.0,0,0.0,0.0,31-Jul-2026,DIVIDEND - RS 5 PER SHARE 31-Jul-2026,{'isSLBSec': True},XO,2026-09-13
BHARTIHEXA,0.0,0,5.0,26,0.0,0.0,0.0,0.0,0.0,0,0.0,0,0.0,0.0,31-Jul-2026,DIVIDEND - RS 18 PER SHARE 31-Jul-2026,{'isSLBSec': True},XO,2026-09-13
BOMDYEING,0.0,0,0.98,2250,0.0,0.0,0.0,0.0,0.0,0,0.0,0,0.0,0.0,31-Jul-2026,DIVIDEND - RS 0.40 PER SHARE 31-Jul-2026,{'isSLBSec': True},XO,2026-09-13
CAMPUS,0.0,0,1.46,398,0.0,0.0,0.0,0.0,0.0,0,0.0,0,0.0,0.0,31-Jul-2026,DIVIDEND - RS 1.50 PER SHARE 31-Jul-2026,{'isSLBSec': True},XO,2026-09-13
CARBORUNIV,0.0,0,5.0,50,0.0,0.0,0.0,0.0,0.0,0,0.0,0,0.0,0.0,31-Jul-2026,DIVIDEND - RS 2.50 PER SHARE 31-Jul-2026,{'isSLBSec': True},XO,2026-09-13
CEATLTD,0.0,0,4.95,412,0.0,0.0,0.0,0.0,0.0,0,0.0,0,0.0,0.0,31-Jul-2026,DIVIDEND - RS 35 PER SHARE 31-Jul-2026,{'isSLBSec': True},XO,2026-09-13
CELLO,0.0,0,9.93,23,0.0,0.0,0.0,0.0,0.0,0,0.0,0,0.0,0.0,31-Jul-2026,DIVIDEND - RS 1.50 PER SHARE 31-Jul-2026,{'isSLBSec': True},XO,2026-09-13
CUB,0.0,0,0.9,3000,0.0,0.0,0.0,0.0,0.0,130,0.0,0,0.0,0.0,31-Jul-2026,DIVIDEND - RS 2 PER SHARE 31-Jul-2026,{'isSLBSec': True},XO,2026-09-13
DCMSHRIRAM,0.0,0,1.38,18,0.0,0.0,0.0,0.0,0.0,0,0.0,0,0.0,0.0,31-Jul-2026,DIVIDEND - RS 4 PER SHARE 31-Jul-2026,{'isSLBSec': True},XO,2026-09-13
EIHOTEL,0.0,0,1.0,845,0.0,0.0,0.0,0.0,0.0,3,0.0,0,0.0,0.0,31-Jul-2026,DIVIDEND - RS 1.50 PER SHARE 31-Jul-2026,{'isSLBSec': True},XO,2026-09-13
ENDURANCE,0.0,0,10.0,72,0.0,0.0,0.0,0.0,0.0,0,0.0,0,0.0,0.0,31-Jul-2026,DIVIDEND - RS 11.50 PER SHARE 31-Jul-2026,{'isSLBSec': True},XO,2026-09-13
KIRLOSENG,0.0,0,5.58,21,0.0,0.0,0.0,0.0,0.0,0,0.0,0,0.0,0.0,31-Jul-2026,DIVIDEND - RS 4.50 PER SHARE 31-Jul-2026,{'isSLBSec': True},XO,2026-09-13
INOXGREEN,0.0,0,1.0,2567,1.0,0.0,0.0,0.0,0.0,60000,0.0,60000,60000.0,10747200.0,31-Jul-2026,DEMERGER 31-Jul-2026,{'isSLBSec': True},XO,2026-09-13
INDGN,0.0,0,5.0,1167,0.0,0.0,0.0,0.0,0.0,0,0.0,0,0.0,0.0,31-Jul-2026,DIVIDEND - RS 2.25 PER SHARE 31-Jul-2026,{'isSLBSec': True},XO,2026-09-13
PRECWIRE,0.0,0,8.99,300,0.0,0.0,0.0,0.0,0.0,7000,0.0,0,0.0,0.0,31-Jul-2026,DIVIDEND - RE 0.55 PER SHARE 31-Jul-2026,{'isSLBSec': True},XO,2026-09-13
IMFA,0.0,0,10.0,680,0.0,0.0,0.0,0.0,0.0,200,0.0,0,0.0,0.0,31-Jul-2026,DIVIDEND - RS 7.50 PER SHARE 31-Jul-2026,{'isSLBSec': True},XO,2026-09-13
GVPIL,0.0,0,9.0,500,0.0,0.0,0.0,0.0,0.0,83,0.0,0,0.0,0.0,31-Jul-2026,DIVIDEND - RS 7 PER SHARE 31-Jul-2026,{'isSLBSec': True},XO,2026-09-13
ANANTRAJ,0.0,0,2.92,108,0.0,0.0,0.0,0.0,0.0,0,0.0,0,0.0,0.0,31-Jul-2026,DIVIDEND - RE 1 PER SHARE 31-Jul-2026,{'isSLBSec': True},XO,2026-09-13
ASKAUTOLTD,0.0,0,5.0,22,0.0,0.0,0.0,0.0,0.0,0,0.0,0,0.0,0.0,31-Jul-2026,DIVIDEND - RS 1.85 PER SHARE 31-Jul-2026,{'isSLBSec': True},XO,2026-09-13
GRANULES,0.0,0,0.85,82,0.0,0.0,0.0,0.0,0.0,0,0.0,0,0.0,0.0,30-Jul-2026,DIVIDEND - RS 1.75 PER SHARE 30-Jul-2026,{'isSLBSec': True},XO,2026-09-13
YASHO,0.0,0,32.71,40,0.0,0.0,0.0,0.0,0.0,0,0.0,0,0.0,0.0,30-Jul-2026,DIVIDEND - RE 0.50 PER SHARE 30-Jul-2026,{'isSLBSec': True},XO,2026-09-13
LALPATHLAB,0.0,0,4.0,1640,0.0,0.0,0.0,0.0,0.0,0,0.0,0,0.0,0.0,30-Jul-2026,INTERIM DIVIDEND - RS 5 PER SHARE 30-Jul-2026,{'isSLBSec': True},XO,2026-09-13
JKTYRE,0.0,0,0.61,60,0.0,0.0,0.0,0.0,0.0,53,0.0,0,0.0,0.0,30-Jul-2026,DIVIDEND - RS 4 PER SHARE 30-Jul-2026,{'isSLBSec': True},XO,2026-09-13
BASF,0.0,0,3.55,12,0.0,0.0,0.0,0.0,0.0,0,0.0,0,0.0,0.0,30-Jul-2026,DIVIDEND - RS 25 PER SHARE 30-Jul-2026,{'isSLBSec': True},XO,2026-09-13
SHAKTIPUMP,0.0,0,5.0,700,0.0,0.0,0.0,0.0,0.0,1348,0.0,0,0.0,0.0,29-Jul-2026,DIVIDEND - RE 1 PER SHARE 29-Jul-2026,{'isSLBSec': True},XO,2026-09-13
TTKPRESTIG,0.0,0,0.93,40,0.0,0.0,0.0,0.0,0.0,0,0.0,0,0.0,0.0,29-Jul-2026,DIVIDEND - RS 7.50 PER SHARE 29-Jul-2026,{'isSLBSec': True},XO,2026-09-13
GODREJAGRO,0.0,0,3.0,1043,0.0,0.0,0.0,0.0,0.0,0,0.0,0,0.0,0.0,29-Jul-2026,DIVIDEND - RS 11 PER SHARE 29-Jul-2026,{'isSLBSec': True},XO,2026-09-13
APLLTD,0.0,0,5.93,1425,0.0,0.0,0.0,0.0,0.0,0,0.0,0,0.0,0.0,29-Jul-2026,DIVIDEND - RS 12 PER SHARE 29-Jul-2026,{'isSLBSec': True},XO,2026-09-13
GREAVESCOT,0.0,0,0.98,36,0.0,0.0,0.0,0.0,0.0,0,0.0,0,0.0,0.0,28-Jul-2026,DIVIDEND - RS 2 PER SHARE 28-Jul-2026,{'isSLBSec': True},XO,2026-09-13
GMMPFAUDLR,0.0,0,2.0,307,0.0,0.0,0.0,0.0,0.0,500,0.0,0,0.0,0.0,28-Jul-2026,DIVIDEND - RE 1 PER SHARE 28-Jul-2026,{'isSLBSec': True},XO,2026-09-13
VINDHYATEL,0.0,0,14.45,500,0.0,0.0,0.0,0.0,0.0,0,0.0,0,0.0,0.0,27-Jul-2026,DIVIDEND - RS 6 PER SHARE 27-Jul-2026,{'isSLBSec': True},XO,2026-09-13
CRISIL,0.0,0,8.08,150,0.0,0.0,0.0,0.0,0.0,0,0.0,0,0.0,0.0,27-Jul-2026,INTERIM DIVIDEND - RS 10  PER SHARE 27-Jul-2026,{'isSLBSec': True},XO,2026-09-13
DEEPAKNTR,0.0,0,1.44,27,0.0,0.0,0.0,0.0,0.0,0,0.0,0,0.0,0.0,27-Jul-2026,DIVIDEND - RS 7.50 PER SHARE 27-Jul-2026,{'isSLBSec': True},XO,2026-09-13
ARE&M,0.0,0,0.5,37,0.0,0.0,0.0,0.0,0.0,0,0.0,0,0.0,0.0,27-Jul-2026,DIVIDEND - RS 5.20 PER SHARE 27-Jul-2026,{'isSLBSec': True},XO,2026-09-13
TATACAP,0.0,0,0.42,879,0.0,0.0,0.0,0.0,0.0,0,0.0,0,0.0,0.0,27-Jul-2026,DIVIDEND - RE 0.57 PER SHARE 27-Jul-2026,{'isSLBSec': True},XO,2026-09-13
PDSL,0.0,0,9.0,190,0.0,0.0,0.0,0.0,0.0,0,0.0,0,0.0,0.0,24-Jul-2026,DIVIDEND - RS 1.65 PER SHARE 24-Jul-2026,{'isSLBSec': True},XO,2026-09-13
REFEX,0.0,0,1.5,300,0.0,0.0,0.0,0.0,0.0,0,0.0,0,0.0,0.0,24-Jul-2026,DIVIDEND - RE 1 PER SHARE 24-Jul-2026,{'isSLBSec': True},XO,2026-09-13
SASKEN,0.0,0,5.0,30,0.0,0.0,0.0,0.0,0.0,0,0.0,0,0.0,0.0,24-Jul-2026,DIVIDEND - RS 13 PER SHARE 24-Jul-2026,{'isSLBSec': True},XO,2026-09-13
BIRLACORPN,0.0,0,3.4,9,0.0,0.0,0.0,0.0,0.0,0,0.0,0,0.0,0.0,24-Jul-2026,DIVIDEND - RS 12.50 PER SHARE 24-Jul-2026,{'isSLBSec': True},XO,2026-09-13
CONCORDBIO,0.0,0,1.48,1000,0.0,0.0,0.0,0.0,0.0,0,0.0,0,0.0,0.0,24-Jul-2026,DIVIDEND - RS 7.55 PER SHARE 24-Jul-2026,{'isSLBSec': True},XO,2026-09-13
DATAPATTNS,0.0,0,25.0,55,0.0,0.0,0.0,0.0,0.0,43,0.0,0,0.0,0.0,24-Jul-2026,DIVIDEND - RS 10 PER SHARE 24-Jul-2026,{'isSLBSec': True},XO,2026-09-13
ABBOTINDIA,0.0,0,10.0,8,0.0,0.0,0.0,0.0,0.0,0,0.0,0,0.0,0.0,24-Jul-2026,DIVIDEND - RS 525 PER SHARE & SPECIAL DIVIDEND RS 131 PER SHARE 24-Jul-2026,{'isSLBSec': True},XO,2026-09-13
ADVENZYMES,0.0,0,5.0,600,0.0,0.0,0.0,0.0,0.0,0,0.0,0,0.0,0.0,24-Jul-2026,DIVIDEND - RS 1.35 PER SHARE 24-Jul-2026,{'isSLBSec': True},XO,2026-09-13
INTELLECT,0.0,0,4.99,1000,0.0,0.0,0.0,0.0,0.0,0,0.0,0,0.0,0.0,24-Jul-2026,DIVIDEND - RS 4 PER SHARE/SPECIAL DIVIDEND - RS 3 PER SHARE 24-Jul-2026,{'isSLBSec': True},XO,2026-09-13
JUBLINGREA,0.0,0,3.5,40,0.0,0.0,0.0,0.0,0.0,0,0.0,0,0.0,0.0,24-Jul-2026,DIVIDEND - RS 2.50 PER SHARE 24-Jul-2026,{'isSLBSec': True},XO,2026-09-13
JUBLPHARMA,0.0,0,1.76,60,0.0,0.0,0.0,0.0,0.0,0,0.0,0,0.0,0.0,24-Jul-2026,DIVIDEND - RS 5 PER SHARE 24-Jul-2026,{'isSLBSec': True},XO,2026-09-13
KARURVYSYA,0.0,0,0.59,3000,0.0,0.0,0.0,0.0,0.0,0,0.0,0,0.0,0.0,24-Jul-2026,DIVIDEND - RS 2.60 PER SHARE 24-Jul-2026,{'isSLBSec': True},XO,2026-09-13
KIRLOSBROS,0.0,0,3.11,2,0.0,0.0,0.0,0.0,0.0,0,0.0,0,0.0,0.0,24-Jul-2026,DIVIDEND - RS 7 PER SH 24-Jul-2026,{'isSLBSec': True},XO,2026-09-13
FIEMIND,0.0,0,10.0,80,0.0,0.0,0.0,0.0,0.0,0,0.0,0,0.0,0.0,24-Jul-2026,DIVIDEND - RS 40 PER SHARE 24-Jul-2026,{'isSLBSec': True},XO,2026-09-13
NEULANDLAB,0.0,0,19.99,25,0.0,0.0,0.0,0.0,0.0,0,0.0,0,0.0,0.0,24-Jul-2026,DIVIDEND - RS 34 PER SHARE 24-Jul-2026,{'isSLBSec': True},XO,2026-09-13
NOCIL,0.0,0,1.99,1500,0.0,0.0,0.0,0.0,0.0,0,0.0,0,0.0,0.0,24-Jul-2026,DIVIDEND - RS 1.50 PER SHARE 24-Jul-2026,{'isSLBSec': True},XO,2026-09-13
VOLTAMP,0.0,0,25.0,22,0.0,0.0,0.0,0.0,0.0,21,0.0,0,0.0,0.0,24-Jul-2026,DIVIDEND - RS 100 PER SHARE 24-Jul-2026,{'isSLBSec': True},XO,2026-09-13
SUDEEPPHRM,0.0,0,49.0,60,0.0,0.0,0.0,0.0,0.0,0,0.0,0,0.0,0.0,23-Jul-2026,DIVIDEND - RS 1.50 PER SHARE 23-Jul-2026,{'isSLBSec': True},XO,2026-09-13
AFCONS,0.0,0,2.4,68,0.0,0.0,0.0,0.0,0.0,0,0.0,0,0.0,0.0,23-Jul-2026,DIVIDEND - RS 2 PER SHARE 23-Jul-2026,{'isSLBSec': True},XO,2026-09-13
THANGAMAYL,0.0,0,9.2,31,0.0,0.0,0.0,0.0,0.0,4,0.0,0,0.0,0.0,22-Jul-2026,DIVIDEND - RS 18 PER SHARE 22-Jul-2026,{'isSLBSec': True},XO,2026-09-13
ABSLAMC,0.0,0,6.28,48,0.0,0.0,0.0,0.0,0.0,0,0.0,0,0.0,0.0,22-Jul-2026,DIVIDEND - RS 25.50 PER SHARE 22-Jul-2026,{'isSLBSec': True},XO,2026-09-13
COSMOFIRST,0.0,0,3.95,1081,0.0,0.0,0.0,0.0,0.0,0,0.0,0,0.0,0.0,22-Jul-2026,DIVIDEND - RS 4 PER SHARE 22-Jul-2026,{'isSLBSec': True},XO,2026-09-13
RAMRAT,0.0,0,25.0,50,0.0,0.0,0.0,0.0,0.0,0,0.0,0,0.0,0.0,22-Jul-2026,DIVIDEND - RS 2.50 PER SHARE 22-Jul-2026,{'isSLBSec': True},XO,2026-09-13
RAINBOW,0.0,0,10.0,27,0.0,0.0,0.0,0.0,0.0,0,0.0,0,0.0,0.0,21-Jul-2026,DIVIDEND - RS 3.50 PER SHARE 21-Jul-2026,{'isSLBSec': True},XO,2026-09-13
LXCHEM,0.0,0,1.0,6000,0.0,0.0,0.0,0.0,0.0,0,0.0,0,0.0,0.0,21-Jul-2026,DIVIDEND - RS 0.30 PER SHARE 21-Jul-2026,{'isSLBSec': True},XO,2026-09-13
KPRMILL,0.0,0,5.0,1841,0.0,0.0,0.0,0.0,0.0,0,0.0,0,0.0,0.0,20-Jul-2026,DIVIDEND - RS 2.50 PER SHARE 20-Jul-2026,{'isSLBSec': True},XO,2026-09-13
CPPLUS,0.0,0,50.0,10,0.0,0.0,0.0,0.0,0.0,0,0.0,0,0.0,0.0,20-Jul-2026,DIVIDEND - RS 1.64 PER SHARE 20-Jul-2026,{'isSLBSec': True},XO,2026-09-13
HAPPYFORGE,0.0,0,45.01,20,0.0,0.0,0.0,0.0,0.0,0,0.0,0,0.0,0.0,20-Jul-2026,DIVIDEND - RS 4 PER SHARE 20-Jul-2026,{'isSLBSec': True},XO,2026-09-13
GRAPHITE,0.0,0,1.94,62,0.0,0.0,0.0,0.0,0.0,0,0.0,0,0.0,0.0,20-Jul-2026,DIVIDEND - RS 7 PER SHARE 20-Jul-2026,{'isSLBSec': True},XO,2026-09-13
SHRIPISTON,0.0,0,400.0,5,0.0,0.0,0.0,0.0,0.0,0,0.0,0,0.0,0.0,20-Jul-2026,DIVIDEND - RS 5 PER SHARE 20-Jul-2026,{'isSLBSec': True},XO,2026-09-13
NESCO,0.0,0,4.5,725,0.0,0.0,0.0,0.0,0.0,0,0.0,0,0.0,0.0,20-Jul-2026,DIVIDEND - RS 7 PER SHARE 20-Jul-2026,{'isSLBSec': True},XO,2026-09-13
POKARNA,0.0,0,10.95,500,0.0,0.0,0.0,0.0,0.0,1672,0.0,0,0.0,0.0,20-Jul-2026,DIVIDEND - RE 0.60 PER SHARE 20-Jul-2026,{'isSLBSec': True},XO,2026-09-13
DHANUKA,0.0,0,10.0,80,0.0,0.0,0.0,0.0,0.0,0,0.0,0,0.0,0.0,17-Jul-2026,DIVIDEND - RS 2 PER SHARE 17-Jul-2026,{'isSLBSec': True},XO,2026-09-13
ELGIEQUIP,0.0,0,5.0,337,0.0,0.0,0.0,0.0,0.0,0,0.0,0,0.0,0.0,17-Jul-2026,DIVIDEND - RS 2.70 PER SHARE 17-Jul-2026,{'isSLBSec': True},XO,2026-09-13
ZENSARTECH,0.0,0,0.73,68,0.0,0.0,0.0,0.0,0.0,0,0.0,0,0.0,0.0,17-Jul-2026,DIVIDEND - RS 12.60 PER SHARE 17-Jul-2026,{'isSLBSec': True},XO,2026-09-13
ZYDUSWELL,0.0,0,4.66,190,0.0,0.0,0.0,0.0,0.0,0,0.0,0,0.0,0.0,17-Jul-2026,DIVIDEND - RE 1.20 PER SHARE 17-Jul-2026,{'isSLBSec': True},XO,2026-09-13
SURYODAY,0.0,0,1.0,349,0.0,0.0,0.0,0.0,0.0,0,0.0,0,0.0,0.0,17-Jul-2026,DIVIDEND - RS 1.50 PER SHARE 17-Jul-2026,{'isSLBSec': True},XO,2026-09-13
SUMICHEM,0.0,0,1.4,5000,0.0,0.0,0.0,0.0,0.0,0,0.0,0,0.0,0.0,17-Jul-2026,DIVIDEND - RS 1.30 PER SHARE 17-Jul-2026,{'isSLBSec': True},XO,2026-09-13
PRUDENT,0.0,0,20.0,23,0.0,0.0,0.0,0.0,0.0,0,0.0,0,0.0,0.0,17-Jul-2026,DIVIDEND - RS 3.50 PER SHARE 17-Jul-2026,{'isSLBSec': True},XO,2026-09-13
WABAG,0.0,0,1.0,408,0.0,0.0,0.0,0.0,0.0,32,0.0,0,0.0,0.0,17-Jul-2026,DIVIDEND - RS 5 PER SH 17-Jul-2026,{'isSLBSec': True},XO,2026-09-13
VMART,0.0,0,1.4,1,0.0,0.0,0.0,0.0,0.0,0,0.0,0,0.0,0.0,17-Jul-2026,DIVIDEND - RE 1 PER SHARE 17-Jul-2026,{'isSLBSec': True},XO,2026-09-13
HONAUT,0.0,0,45.0,8,0.0,0.0,0.0,0.0,0.0,0,0.0,0,0.0,0.0,17-Jul-2026,DIVIDEND - RS 110 PER SHARE 17-Jul-2026,{'isSLBSec': True},XO,2026-09-13
PFIZER,0.0,0,9.87,68,0.0,0.0,0.0,0.0,0.0,0,0.0,0,0.0,0.0,17-Jul-2026,DIVIDEND - RS 75 PER SHARE 17-Jul-2026,{'isSLBSec': True},XO,2026-09-13
NH,0.0,0,5.0,120,0.0,0.0,0.0,0.0,0.0,0,0.0,0,0.0,0.0,17-Jul-2026,DIVIDEND - RS 4.50 PER SHARE 17-Jul-2026,{'isSLBSec': True},XO,2026-09-13
NEWGEN,0.0,0,1.0,1,0.0,0.0,0.0,0.0,0.0,0,0.0,0,0.0,0.0,17-Jul-2026,DIVIDEND - RS 6 PER SHARE 17-Jul-2026,{'isSLBSec': True},XO,2026-09-13
MRF,0.0,0,94.0,2,0.0,0.0,0.0,0.0,0.0,0,0.0,0,0.0,0.0,17-Jul-2026,DIVIDEND - RS 229 PER SHARE 17-Jul-2026,{'isSLBSec': True},XO,2026-09-13
LUPIN,0.0,0,3.0,15,0.0,2095.0,2095.1,-0.1,0.0,3075,2.27,0,0.0,0.0,17-Jul-2026,DIVIDEND - RS 18 PER SHARE 17-Jul-2026,{'isSLBSec': True},XO,2026-09-13
LMW,0.0,0,50.0,176,0.0,0.0,0.0,0.0,0.0,0,0.0,0,0.0,0.0,17-Jul-2026,DIVIDEND - RS 35 PER SHARE 17-Jul-2026,{'isSLBSec': True},XO,2026-09-13
JKLAKSHMI,0.0,0,5.0,300,0.0,0.0,0.0,0.0,0.0,0,0.0,0,0.0,0.0,17-Jul-2026,DIVIDEND - RS 6.50 PER SHARE 17-Jul-2026,{'isSLBSec': True},XO,2026-09-13
HAPPSTMNDS,0.0,0,0.91,35,0.0,0.0,0.0,0.0,0.0,0,0.0,0,0.0,0.0,17-Jul-2026,DIVIDEND - RS 3.65 PER SHARE 17-Jul-2026,{'isSLBSec': True},XO,2026-09-13
3MINDIA,0.0,0,42.9,10,0.0,0.0,0.0,0.0,0.0,0,0.0,0,0.0,0.0,17-Jul-2026,DIVIDEND - RS 160 PER SHARE/SPECIAL DIVIDEND - RS 346 PER SHARE 17-Jul-2026,{'isSLBSec': True},XO,2026-09-13
APOLLOPIPE,0.0,0,49.95,6,0.0,0.0,0.0,0.0,0.0,0,0.0,0,0.0,0.0,17-Jul-2026,DIVIDEND - RE 0.70 PER SHARE 17-Jul-2026,{'isSLBSec': True},XO,2026-09-13
ATUL,0.0,0,20.0,1464,0.0,0.0,0.0,0.0,0.0,0,0.0,0,0.0,0.0,17-Jul-2026,DIVIDEND - RS 30 PER SHARE 17-Jul-2026,{'isSLBSec': True},XO,2026-09-13
BAJAJELEC,0.0,0,1.18,120,0.0,0.0,0.0,0.0,0.0,0,0.0,0,0.0,0.0,17-Jul-2026,DIVIDEND - RS 3 PER SHARE 17-Jul-2026,{'isSLBSec': True},XO,2026-09-13
BIKAJI,0.0,0,8.0,150,0.0,0.0,0.0,0.0,0.0,0,0.0,0,0.0,0.0,17-Jul-2026,DIVIDEND - RS 1.25 PER SHARE 17-Jul-2026,{'isSLBSec': True},XO,2026-09-13
COROMANDEL,0.0,0,5.0,110,0.0,0.0,0.0,0.0,0.0,5524,0.0,0,0.0,0.0,16-Jul-2026,DIVIDEND - RS 2 PER SHARE 16-Jul-2026,{'isSLBSec': True},XO,2026-09-13
CRAFTSMAN,0.0,0,25.0,20,0.0,0.0,0.0,0.0,0.0,0,0.0,0,0.0,0.0,16-Jul-2026,DIVIDEND - RS. 11.25 PER SHARE 16-Jul-2026,{'isSLBSec': True},XO,2026-09-13
CRAMC,0.0,0,0.66,189,0.0,0.0,0.0,0.0,0.0,0,0.0,0,0.0,0.0,16-Jul-2026,DIVIDEND - RS 2.50 PER SHARE 16-Jul-2026,{'isSLBSec': True},XO,2026-09-13
BBL,0.0,0,20.0,20,0.0,0.0,0.0,0.0,0.0,0,0.0,0,0.0,0.0,15-Jul-2026,DIVIDEND - RS 35 PER SHARE 15-Jul-2026,{'isSLBSec': True},XO,2026-09-13
HERITGFOOD,0.0,0,2.0,820,0.0,0.0,0.0,0.0,0.0,0,0.0,0,0.0,0.0,15-Jul-2026,DIVIDEND - RS 2.50 PER SHARE 15-Jul-2026,{'isSLBSec': True},XO,2026-09-13
MSUMI,0.0,0,0.07,1,0.0,0.0,0.0,0.0,0.0,0,0.0,0,0.0,0.0,14-Jul-2026,DIVIDEND - RE 0.58 PER SHARE 14-Jul-2026,{'isSLBSec': True},XO,2026-09-13
UTIAMC,0.0,0,4.36,1000,0.0,0.0,0.0,0.0,0.0,0,0.0,0,0.0,0.0,14-Jul-2026,DIVIDEND - RS 40 PER SHARE 14-Jul-2026,{'isSLBSec': True},XO,2026-09-13
SPLPETRO,0.0,0,5.0,1000,0.0,0.0,0.0,0.0,0.0,0,0.0,0,0.0,0.0,14-Jul-2026,DIVIDEND - RS 8 PER SHARE 14-Jul-2026,{'isSLBSec': True},XO,2026-09-13
ABREL,0.0,0,4.88,50,0.0,0.0,0.0,0.0,0.0,0,0.0,0,0.0,0.0,14-Jul-2026,DIVIDEND - RS 2.50 PER SHARE 14-Jul-2026,{'isSLBSec': True},XO,2026-09-13
AEROFLEX,0.0,0,2.0,3181,0.0,0.0,0.0,0.0,0.0,0,0.0,0,0.0,0.0,14-Jul-2026,DIVIDEND - RS 0.40 PER SHARE 14-Jul-2026,{'isSLBSec': True},XO,2026-09-13
M&MFIN,0.0,0,0.94,2934,0.0,0.0,0.0,0.0,0.0,0,0.0,0,0.0,0.0,13-Jul-2026,DIVIDEND - RS 7.50 PER SHARE 13-Jul-2026,{'isSLBSec': True},XO,2026-09-13
INGERRAND,0.0,0,9.93,150,0.0,0.0,0.0,0.0,0.0,0,0.0,0,0.0,0.0,13-Jul-2026,DIVIDEND - RS 20 PER SHARE 13-Jul-2026,{'isSLBSec': True},XO,2026-09-13
XPROINDIA,0.0,0,49.95,13,0.0,0.0,0.0,0.0,0.0,0,0.0,0,0.0,0.0,13-Jul-2026,DIVIDEND - RS 2 PER SHARE 13-Jul-2026,{'isSLBSec': True},XO,2026-09-13
MAHLOG,0.0,0,0.96,1,0.0,0.0,0.0,0.0,0.0,0,0.0,0,0.0,0.0,10-Jul-2026,DIVIDEND - RS 2.50 PER SHARE 10-Jul-2026,{'isSLBSec': True},XO,2026-09-13
JSWCEMENT,0.0,0,5.0,1316,0.0,0.0,0.0,0.0,0.0,0,0.0,0,0.0,0.0,10-Jul-2026,DIVIDEND - RE 0.50 PER SHARE 10-Jul-2026,{'isSLBSec': True},XO,2026-09-13
JKCEMENT,0.0,0,7.2,25,0.0,0.0,0.0,0.0,0.0,0,0.0,0,0.0,0.0,10-Jul-2026,DIVIDEND - RS 20 PER SHARE 10-Jul-2026,{'isSLBSec': True},XO,2026-09-13
APOLLOTYRE,0.0,0,2.25,50,0.0,0.0,0.0,0.0,0.0,51,0.0,0,0.0,0.0,10-Jul-2026,DIVIDEND - RS2.50 PER SHARE 10-Jul-2026,{'isSLBSec': True},XO,2026-09-13
AEGISVOPAK,0.0,0,2.4,47,0.0,0.0,0.0,0.0,0.0,0,0.0,0,0.0,0.0,10-Jul-2026,DIVIDEND - RS 0.20 PER SHARE 10-Jul-2026,{'isSLBSec': True},XO,2026-09-13
AEGISLOG,0.0,0,9.0,1660,0.0,0.0,0.0,0.0,0.0,0,0.0,0,0.0,0.0,10-Jul-2026,DIVIDEND - RS 6.70 PER SHARE 10-Jul-2026,{'isSLBSec': True},XO,2026-09-13
GRINDWELL,0.0,0,24.99,950,0.0,0.0,0.0,0.0,0.0,0,0.0,0,0.0,0.0,10-Jul-2026,DIVIDEND - RS 19 PER SHARE 10-Jul-2026,{'isSLBSec': True},XO,2026-09-13
GOLDIAM,0.0,0,1.58,277,0.0,0.0,0.0,0.0,0.0,0,0.0,0,0.0,0.0,10-Jul-2026,BONUS 1:3 10-Jul-2026,{'isSLBSec': True},XO,2026-09-13
ZFCVINDIA,0.0,0,49.94,460,0.0,0.0,0.0,0.0,0.0,0,0.0,0,0.0,0.0,10-Jul-2026,DIVIDEND - RS 4 PER SHARE 10-Jul-2026,{'isSLBSec': True},XO,2026-09-13
BSOFT,0.0,0,1.09,81,0.0,0.0,0.0,0.0,0.0,0,0.0,0,0.0,0.0,10-Jul-2026,DIVIDEND - RS 4 PER SHARE 10-Jul-2026,{'isSLBSec': True},XO,2026-09-13
SOBHA,0.0,0,1.71,62,0.0,0.0,0.0,0.0,0.0,0,0.0,0,0.0,0.0,10-Jul-2026,DIVIDEND - RS 6 PER SHARE 10-Jul-2026,{'isSLBSec': True},XO,2026-09-13
WELSPUNLIV,0.0,0,1.23,500,0.0,0.0,0.0,0.0,0.0,0,0.0,0,0.0,0.0,10-Jul-2026,DIVIDEND - RE 0.10 PER SHARE 10-Jul-2026,{'isSLBSec': True},XO,2026-09-13
VSTIND,0.0,0,2.99,1000,0.0,0.0,0.0,0.0,0.0,0,0.0,0,0.0,0.0,10-Jul-2026,DIVIDEND - RS 12 PER SHARE 10-Jul-2026,{'isSLBSec': True},XO,2026-09-13
ORIENTELEC,0.0,0,3.5,200,0.0,0.0,0.0,0.0,0.0,0,0.0,0,0.0,0.0,10-Jul-2026,DIVIDEND - RS 0.75 PER SHARE 10-Jul-2026,{'isSLBSec': True},XO,2026-09-13
NIACL,0.0,0,1.5,1,0.0,0.0,0.0,0.0,0.0,208,0.0,0,0.0,0.0,10-Jul-2026,DIVIDEND - RS 1.50 PER SHARE 10-Jul-2026,{'isSLBSec': True},XO,2026-09-13
RPGLIFE,0.0,0,9.92,280,0.0,0.0,0.0,0.0,0.0,0,0.0,0,0.0,0.0,09-Jul-2026,DIVIDEND - RS 24 PER SHARE 09-Jul-2026,{'isSLBSec': True},XO,2026-09-13
SFL,0.0,0,1.91,62,0.0,0.0,0.0,0.0,0.0,0,0.0,0,0.0,0.0,09-Jul-2026,DIVIDEND - RE 1 PER SHARE 09-Jul-2026,{'isSLBSec': True},XO,2026-09-13
CERA,0.0,0,9.64,1,0.0,0.0,0.0,0.0,0.0,0,0.0,0,0.0,0.0,07-Jul-2026,DIVIDEND - RS 75 PER SHARE 07-Jul-2026,{'isSLBSec': True},XO,2026-09-13
SUNDARMFIN,0.0,0,10.0,86,0.0,0.0,0.0,0.0,0.0,0,0.0,0,0.0,0.0,06-Jul-2026,DIVIDEND - RS 24 PER SHARE 06-Jul-2026,{'isSLBSec': True},XO,2026-09-13
SMLMAH,0.0,0,39.99,25,0.0,0.0,0.0,0.0,0.0,210,0.0,0,0.0,0.0,03-Jul-2026,DIVIDEND - RS 23.50 PER SHARE 03-Jul-2026,{'isSLBSec': True},XO,2026-09-13
ROLEXRINGS,0.0,0,9.0,160,0.0,0.0,0.0,0.0,0.0,0,0.0,0,0.0,0.0,03-Jul-2026,BUY BACK 03-Jul-2026,{'isSLBSec': True},XO,2026-09-13
REDINGTON,0.0,0,1.0,1000,0.0,0.0,0.0,0.0,0.0,5846,0.0,0,0.0,0.0,03-Jul-2026,DIVIDEND - RS 6 PER SHARE 03-Jul-2026,{'isSLBSec': True},XO,2026-09-13
RAYMONDREL,0.0,0,1.98,4,0.0,0.0,0.0,0.0,0.0,0,0.0,0,0.0,0.0,03-Jul-2026,DIVIDEND - RS 2 PER SHARE 03-Jul-2026,{'isSLBSec': True},XO,2026-09-13
WELENT,0.0,0,9.0,500,0.0,0.0,0.0,0.0,0.0,0,0.0,0,0.0,0.0,03-Jul-2026,DIVIDEND - RS 3 PER SHARE 03-Jul-2026,{'isSLBSec': True},XO,2026-09-13
AKUMS,0.0,0,10.0,50,0.0,0.0,0.0,0.0,0.0,0,0.0,0,0.0,0.0,03-Jul-2026,DIVIDEND - RE 1 PER SHARE/SPECIAL DIVIDEND - RS 2 PER SHARE 03-Jul-2026,{'isSLBSec': True},XO,2026-09-13
JSWDULUX,0.0,0,7.5,16,0.0,0.0,0.0,0.0,0.0,0,0.0,0,0.0,0.0,03-Jul-2026,DIVIDEND - RS 50 PER SHARE 03-Jul-2026,{'isSLBSec': True},XO,2026-09-13
MAHLIFE,0.0,0,0.43,2000,0.0,0.0,0.0,0.0,0.0,0,0.0,0,0.0,0.0,03-Jul-2026,DIVIDEND - RS 3.50 PER SHARE 03-Jul-2026,{'isSLBSec': True},XO,2026-09-13
BALAMINES,0.0,0,10.0,30,0.0,0.0,0.0,0.0,0.0,0,0.0,0,0.0,0.0,03-Jul-2026,DIVIDEND - RS 11 PER SHARE 03-Jul-2026,{'isSLBSec': True},XO,2026-09-13
ESCORTS,0.0,0,3.98,100,0.0,0.0,0.0,0.0,0.0,0,0.0,0,0.0,0.0,03-Jul-2026,DIVIDEND - RS 33 PER SHARE 03-Jul-2026,{'isSLBSec': True},XO,2026-09-13
EXIDEIND,0.0,0,0.98,200,0.0,0.0,0.0,0.0,0.0,0,0.0,0,0.0,0.0,03-Jul-2026,DIVIDEND - RS 2 PER SHARE 03-Jul-2026,{'isSLBSec': True},XO,2026-09-13
CANFINHOME,0.0,0,10.0,1350,0.0,0.0,0.0,0.0,0.0,0,0.0,0,0.0,0.0,03-Jul-2026,DIVIDEND - RS 8 PER SHARE 03-Jul-2026,{'isSLBSec': True},XO,2026-09-13
THERMAX,0.0,0,25.0,37,0.0,0.0,0.0,0.0,0.0,0,0.0,0,0.0,0.0,03-Jul-2026,DIVIDEND - RS 14 PER SHARE/SPECIAL DIVIDEND - RS 6 PER SHARE 03-Jul-2026,{'isSLBSec': True},XO,2026-09-13
SWARAJENG,0.0,0,0.98,200,0.0,0.0,0.0,0.0,0.0,0,0.0,0,0.0,0.0,03-Jul-2026,DIVIDEND - RS 110 PER SHARE 03-Jul-2026,{'isSLBSec': True},XO,2026-09-13
LLOYDSENT,0.0,0,5.0,310,0.0,0.0,0.0,0.0,0.0,0,0.0,0,0.0,0.0,02-Jul-2026,DIVIDEND - RE 0.05 PER SHARE 02-Jul-2026,{'isSLBSec': True},XO,2026-09-13
MAHSCOOTER,0.0,0,12.0,500,0.0,0.0,0.0,0.0,0.0,0,0.0,0,0.0,0.0,30-Jun-2026,DIVIDEND - RS 60 PER SHARE 30-Jun-2026,{'isSLBSec': True},XO,2026-09-13
WELCORP,0.0,0,3.0,560,0.0,0.0,0.0,0.0,0.0,3300,0.0,0,0.0,0.0,30-Jun-2026,DIVIDEND - RS 5 PER SHARE 30-Jun-2026,{'isSLBSec': True},XO,2026-09-13
KANSAINER,0.0,0,0.98,4000,0.0,0.0,0.0,0.0,0.0,1250,0.0,0,0.0,0.0,29-Jun-2026,DIVIDEND - RS 2.50 PER SHARE 29-Jun-2026,{'isSLBSec': True},XO,2026-09-13
KPIL,0.0,0,3.02,30,0.0,0.0,0.0,0.0,0.0,0,0.0,0,0.0,0.0,29-Jun-2026,DIVIDEND - RS 11 PER SHARE 29-Jun-2026,{'isSLBSec': True},XO,2026-09-13
JYOTHYLAB,0.0,0,0.33,151,0.0,0.0,0.0,0.0,0.0,0,0.0,0,0.0,0.0,29-Jun-2026,DIVIDEND - RS 3.50 PER SHARE 29-Jun-2026,{'isSLBSec': True},XO,2026-09-13
RAYMONDLSL,0.0,0,1.18,14,0.0,0.0,0.0,0.0,0.0,0,0.0,0,0.0,0.0,29-Jun-2026,DIVIDEND - RE 1 PER SHARE 29-Jun-2026,{'isSLBSec': True},XO,2026-09-13
SYNGENE,0.0,0,0.66,635,0.0,0.0,0.0,0.0,0.0,0,0.0,0,0.0,0.0,25-Jun-2026,DIVIDEND - RS 1.25 PER SHARE 25-Jun-2026,{'isSLBSec': True},XO,2026-09-13
SJS,0.0,0,19.16,25,0.0,0.0,0.0,0.0,0.0,0,0.0,0,0.0,0.0,25-Jun-2026,DIVIDEND - RS 3.50 PER SHARE 25-Jun-2026,{'isSLBSec': True},XO,2026-09-13
ABDL,0.0,0,5.03,166,0.0,0.0,0.0,0.0,0.0,0,0.0,0,0.0,0.0,25-Jun-2026,DIVIDEND - RS 5.40 PER SHARE 25-Jun-2026,{'isSLBSec': True},XO,2026-09-13
ALKYLAMINE,0.0,0,3.9,181,0.0,0.0,0.0,0.0,0.0,0,0.0,0,0.0,0.0,25-Jun-2026,DIVIDEND - RS 10 PER SHARE 25-Jun-2026,{'isSLBSec': True},XO,2026-09-13
ANTHEM,0.0,0,2.56,26,0.0,0.0,0.0,0.0,0.0,0,0.0,0,0.0,0.0,25-Jun-2026,DIVIDEND - RS 2 PER SHARE 25-Jun-2026,{'isSLBSec': True},XO,2026-09-13
CARERATING,0.0,0,5.0,25,0.0,0.0,0.0,0.0,0.0,0,0.0,0,0.0,0.0,25-Jun-2026,DIVIDEND - RS 14 PER SHARE 25-Jun-2026,{'isSLBSec': True},XO,2026-09-13
BUILDPRO,0.0,0,19.93,32,0.0,0.0,0.0,0.0,0.0,0,0.0,0,0.0,0.0,24-Jun-2026,DIVIDEND - RS 5 PER SHARE 24-Jun-2026,{'isSLBSec': True},XO,2026-09-13
WHEELS,0.0,0,25.0,5,0.0,0.0,0.0,0.0,0.0,682,0.0,0,0.0,0.0,24-Jun-2026,DIVIDEND - RS 9.14 PER SHARE 24-Jun-2026,{'isSLBSec': True},XO,2026-09-13
DALBHARAT,0.0,0,15.0,1458,0.0,0.0,0.0,0.0,0.0,2,0.0,0,0.0,0.0,23-Jun-2026,DIVIDEND - RS 5 PER SHARE 23-Jun-2026,{'isSLBSec': True},XO,2026-09-13
THYROCARE,0.0,0,3.5,1,0.0,0.0,0.0,0.0,0.0,0,0.0,0,0.0,0.0,23-Jun-2026,DIVIDEND - RS 7 PER SHARE 23-Jun-2026,{'isSLBSec': True},XO,2026-09-13
AWL,0.0,0,0.5,112,0.0,0.0,0.0,0.0,0.0,68,0.0,0,0.0,0.0,19-Jun-2026,DIVIDEND - RE 1 PER SHARE 19-Jun-2026,{'isSLBSec': True},XO,2026-09-13
CORONA,0.0,0,20.0,28,0.0,0.0,0.0,0.0,0.0,0,0.0,0,0.0,0.0,19-Jun-2026,DIVIDEND - RS 10 PER SHARE 19-Jun-2026,{'isSLBSec': True},XO,2026-09-13
TATACOMM,0.0,0,10.0,50,0.0,0.0,0.0,0.0,0.0,0,0.0,0,0.0,0.0,19-Jun-2026,DIVIDEND - RS 17.50 PER SHARE 19-Jun-2026,{'isSLBSec': True},XO,2026-09-13
SANOFICONR,0.0,0,35.0,25,0.0,0.0,0.0,0.0,0.0,0,0.0,0,0.0,0.0,19-Jun-2026,DIVIDEND - RS 75 PER SHARE 19-Jun-2026,{'isSLBSec': True},XO,2026-09-13
INDIASHLTR,0.0,0,10.0,30,0.0,0.0,0.0,0.0,0.0,0,0.0,0,0.0,0.0,19-Jun-2026,DIVIDEND - RS 10 PER SHARE 19-Jun-2026,{'isSLBSec': True},XO,2026-09-13
INDIAMART,0.0,0,2.81,12,0.0,0.0,0.0,0.0,0.0,0,0.0,0,0.0,0.0,19-Jun-2026,DIVIDEND - RS 30 PER SHARE/ SPECIAL DIVIDEND - RS 30 PER SHARE 19-Jun-2026,{'isSLBSec': True},XO,2026-09-13
TORNTPOWER,0.0,0,3.0,1650,0.0,0.0,0.0,0.0,0.0,0,0.0,0,0.0,0.0,19-Jun-2026,DIVIDEND - RS 5 PER SHARE 19-Jun-2026,{'isSLBSec': True},XO,2026-09-13
VIMTALABS,0.0,0,3.0,400,0.0,0.0,0.0,0.0,0.0,0,0.0,0,0.0,0.0,18-Jun-2026,DIVIDEND - RS 2 PER SHARE 18-Jun-2026,{'isSLBSec': True},XO,2026-09-13
HDBFS,0.0,0,0.98,313,0.0,0.0,0.0,0.0,0.0,0,0.0,0,0.0,0.0,18-Jun-2026,DIVIDEND - RS 2 PER SHARE 18-Jun-2026,{'isSLBSec': True},XO,2026-09-13
TATATECH,0.0,0,1.99,140,0.0,0.0,0.0,0.0,0.0,28,0.0,0,0.0,0.0,18-Jun-2026,DIVIDEND - RS 8.35 PER SHARE & SPECIAL DIVIDEND - RS 3.35 PER SHARE 18-Jun-2026,{'isSLBSec': True},XO,2026-09-13
EMUDHRA,0.0,0,2.4,400,0.0,0.0,0.0,0.0,0.0,0,0.0,0,0.0,0.0,18-Jun-2026,DIVIDEND - RS1.25 PER SHARE 18-Jun-2026,{'isSLBSec': True},XO,2026-09-13
GHCL,0.0,0,2.62,50,0.0,0.0,0.0,0.0,0.0,0,0.0,0,0.0,0.0,18-Jun-2026,DIVIDEND - RS 12 PER SHARE 18-Jun-2026,{'isSLBSec': True},XO,2026-09-13
JSWINFRA,0.0,0,0.95,8000,0.0,0.0,0.0,0.0,0.0,135,0.0,0,0.0,0.0,18-Jun-2026,DIVIDEND - RE 0.90 PER SHARE 18-Jun-2026,{'isSLBSec': True},XO,2026-09-13
CYIENT,0.0,0,3.83,60,0.0,0.0,0.0,0.0,0.0,0,0.0,0,0.0,0.0,17-Jun-2026,BUY BACK 17-Jun-2026,{'isSLBSec': True},XO,2026-09-13
RRKABEL,0.0,0,13.4,14,0.0,0.0,0.0,0.0,0.0,71497,0.0,0,0.0,0.0,16-Jun-2026,DIVIDEND - RS 5.50 PER SHARE 16-Jun-2026,{'isSLBSec': True},XO,2026-09-13
CEMPRO,0.0,0,7.9,504,0.0,0.0,0.0,0.0,0.0,0,0.0,0,0.0,0.0,12-Jun-2026,DIVIDEND - RS 3 PER SHARE 12-Jun-2026,{'isSLBSec': True},XO,2026-09-13
DCBBANK,0.0,0,0.3,1367,0.0,0.0,0.0,0.0,0.0,0,0.0,0,0.0,0.0,12-Jun-2026,DIVIDEND - RS 1.45 PER SHARE 12-Jun-2026,{'isSLBSec': True},XO,2026-09-13
ELECON,0.0,0,3.99,380,0.0,0.0,0.0,0.0,0.0,0,0.0,0,0.0,0.0,12-Jun-2026,DIVIDEND - RS 1.5 PER SHARE 12-Jun-2026,{'isSLBSec': True},XO,2026-09-13
ACC,0.0,0,3.99,700,0.0,0.0,0.0,0.0,0.0,16421,0.0,0,0.0,0.0,12-Jun-2026,DIVIDEND - RS 7.50 PER SHARE 12-Jun-2026,{'isSLBSec': True},XO,2026-09-13
ATGL,0.0,0,1.04,1,0.0,0.0,0.0,0.0,0.0,49,0.0,0,0.0,0.0,12-Jun-2026,DIVIDEND - RS 0.25 PER SHARE 12-Jun-2026,{'isSLBSec': True},XO,2026-09-13
AVANTEL,0.0,0,0.27,30,0.0,0.0,0.0,0.0,0.0,0,0.0,0,0.0,0.0,12-Jun-2026,DIVIDEND - RS 0.20 PER SHARE 12-Jun-2026,{'isSLBSec': True},XO,2026-09-13
JMFINANCIL,0.0,0,0.52,350,0.0,0.0,0.0,0.0,0.0,0,0.0,0,0.0,0.0,12-Jun-2026,DIVIDEND - RS 1.75 PER SHARE 12-Jun-2026,{'isSLBSec': True},XO,2026-09-13
LLOYDSME,0.0,0,15.0,1000,0.0,0.0,0.0,0.0,0.0,0,0.0,0,0.0,0.0,12-Jun-2026,DIVIDEND - RS 1 PER SHARE 12-Jun-2026,{'isSLBSec': True},XO,2026-09-13
TMB,0.0,0,15.0,29,0.0,0.0,0.0,0.0,0.0,0,0.0,0,0.0,0.0,12-Jun-2026,DIVIDEND - RS 12.50 PER SHARE 12-Jun-2026,{'isSLBSec': True},XO,2026-09-13
TMCV,0.0,0,0.17,26,0.0,0.0,0.0,0.0,0.0,0,0.0,0,0.0,0.0,12-Jun-2026,DIVIDEND - RS 4 PER SHARE 12-Jun-2026,{'isSLBSec': True},XO,2026-09-13
NAVINFLUOR,0.0,0,5.0,97,0.0,0.0,0.0,0.0,0.0,0,0.0,0,0.0,0.0,12-Jun-2026,DIVIDEND - RS 8.60 PER SHARE 12-Jun-2026,{'isSLBSec': True},XO,2026-09-13
PIRAMALFIN,0.0,0,1.5,15,0.0,0.0,0.0,0.0,0.0,11385,0.0,0,0.0,0.0,12-Jun-2026,DIVIDEND - RS 11 PER SHARE 12-Jun-2026,{'isSLBSec': True},XO,2026-09-13
ICICIAMC,0.0,0,4.15,16,0.0,0.0,0.0,0.0,0.0,1063,0.0,0,0.0,0.0,12-Jun-2026,DIVIDEND - RS 12.40 PER SHARE 12-Jun-2026,{'isSLBSec': True},XO,2026-09-13
TATAINVEST,0.0,0,4.8,300,0.0,0.0,0.0,0.0,0.0,4500,0.0,0,0.0,0.0,10-Jun-2026,DIVIDEND - RS 3.40 PER SHARE 10-Jun-2026,{'isSLBSec': True},XO,2026-09-13
TATACHEM,0.0,0,0.57,78,0.0,0.0,0.0,0.0,0.0,0,0.0,0,0.0,0.0,10-Jun-2026,DIVIDEND - RS 11 PER SHARE 10-Jun-2026,{'isSLBSec': True},XO,2026-09-13
INOXINDIA,0.1,80,4.98,120,0.0,0.0,0.0,0.0,0.0,2907,0.0,0,0.0,0.0,09-Jun-2026,DIVIDEND - RS 2 PER SHARE 09-Jun-2026,{'isSLBSec': True},XO,2026-09-13
ACI,0.0,0,5.0,2200,0.0,0.0,0.0,0.0,0.0,0,0.0,0,0.0,0.0,05-Jun-2026,DIVIDEND - RS 2.50 PER SHARE 05-Jun-2026,{'isSLBSec': True},XO,2026-09-13
BEML,0.0,0,2.5,30,0.0,0.0,0.0,0.0,0.0,0,0.0,0,0.0,0.0,05-Jun-2026,INTERIM DIVIDEND - RS 2.30 PER SHARE 05-Jun-2026,{'isSLBSec': True},XO,2026-09-13
RALLIS,0.0,0,0.83,1,0.0,0.0,0.0,0.0,0.0,0,0.0,0,0.0,0.0,04-Jun-2026,DIVIDEND - RS 3 PER SHARE 04-Jun-2026,{'isSLBSec': True},XO,2026-09-13
ANANDRATHI,0.0,0,4.99,320,0.0,0.0,0.0,0.0,0.0,10,0.0,0,0.0,0.0,03-Jun-2026,BONUS 1:1 03-Jun-2026,{'isSLBSec': True},XO,2026-09-13
EPIGRAL,0.0,0,10.0,47,0.0,0.0,0.0,0.0,0.0,0,0.0,0,0.0,0.0,01-Jun-2026,DIVIDEND - RS 5 PER SHARE 01-Jun-2026,{'isSLBSec': True},XO,2026-09-13
ERIS,0.0,0,2.33,2,0.0,0.0,0.0,0.0,0.0,0,0.0,0,0.0,0.0,29-May-2026,INTERIM DIVIDEND - RS 7.21 PER SHARE 29-May-2026,{'isSLBSec': True},XO,2026-09-13
HOMEFIRST,0.0,0,8.0,600,0.0,0.0,0.0,0.0,0.0,0,0.0,0,0.0,0.0,29-May-2026,DIVIDEND - RS 5.20 PER SHARE 29-May-2026,{'isSLBSec': True},XO,2026-09-13
GLAXO,0.0,0,9.84,600,0.0,0.0,0.0,0.0,0.0,0,0.0,0,0.0,0.0,29-May-2026,DIVIDEND - RS 57 PER SHARE 29-May-2026,{'isSLBSec': True},XO,2026-09-13
LTTS,0.0,0,5.99,36,0.0,0.0,0.0,0.0,0.0,0,0.0,0,0.0,0.0,22-May-2026,DIVIDEND - RS 40 PER SHARE 22-May-2026,{'isSLBSec': True},XO,2026-09-13
JINDALSAW,0.0,0,0.48,1800,0.0,0.0,0.0,0.0,0.0,94,0.0,0,0.0,0.0,22-May-2026,DIVIDEND - RS 2 PER SHARE 22-May-2026,{'isSLBSec': True},XO,2026-09-13
HSCL,0.0,0,3.0,17,0.0,0.0,0.0,0.0,0.0,746,0.0,0,0.0,0.0,22-May-2026,DIVIDEND - RE 0.80 PER SHARE 22-May-2026,{'isSLBSec': True},XO,2026-09-13
TRIDENT,0.0,0,0.15,10345,0.0,0.0,0.0,0.0,0.0,0,0.0,0,0.0,0.0,22-May-2026,INTERIM DIVIDEND - RS  0.50 PER SHARE 22-May-2026,{'isSLBSec': True},XO,2026-09-13
MANINFRA,0.0,0,0.99,307,0.0,0.0,0.0,0.0,0.0,155,0.0,0,0.0,0.0,19-May-2026,INTERIM DIVIDEND - RS 0.72 PER SHARE 19-May-2026,{'isSLBSec': True},XO,2026-09-13
METROPOLIS,0.0,0,2.3,669,0.0,0.0,0.0,0.0,0.0,39,0.0,0,0.0,0.0,19-May-2026,INTERIM DIVIDEND - RE  1 PER SHARE 19-May-2026,{'isSLBSec': True},XO,2026-09-13
NUVAMA,0.0,0,7.9,500,0.0,0.0,0.0,0.0,0.0,68,0.0,0,0.0,0.0,15-May-2026,INTERIM DIVIDEND - RS 14 PER SHARE 15-May-2026,{'isSLBSec': True},XO,2026-09-13
APTUS,0.0,0,0.95,7500,0.0,0.0,0.0,0.0,0.0,0,0.0,0,0.0,0.0,15-May-2026,INTERIM DIVIDEND - RS 2.50 PER SHARE 15-May-2026,{'isSLBSec': True},XO,2026-09-13
NRBBEARING,0.0,0,5.0,140,0.0,0.0,0.0,0.0,0.0,0,0.0,0,0.0,0.0,13-May-2026,INTERIM DIVIDEND - RS 2.25 PER SHARE 13-May-2026,{'isSLBSec': True},XO,2026-09-13
KSB,0.0,0,20.0,150,0.0,0.0,0.0,0.0,0.0,1690,0.0,0,0.0,0.0,08-May-2026,DIVIDEND - RS 4.40 PER SHARE 08-May-2026,{'isSLBSec': True},XO,2026-09-13
CENTRALBK,0.0,0,0.2,725,0.0,0.0,0.0,0.0,0.0,0,0.0,0,0.0,0.0,08-May-2026,INTERIM DIVIDEND - RS 0.60 PER SHARE 08-May-2026,{'isSLBSec': True},XO,2026-09-13
SUNDRMFAST,0.0,0,1.71,8,0.0,0.0,0.0,0.0,0.0,0,0.0,0,0.0,0.0,08-May-2026,INTERIM DIVIDEND - RS 4.25 PER SHARE 08-May-2026,{'isSLBSec': True},XO,2026-09-13
RKFORGE,0.0,0,1.98,500,0.0,0.0,0.0,0.0,0.0,0,0.0,0,0.0,0.0,08-May-2026,INTERIM DIVIDEND - RE 1 PER SHARE 08-May-2026,{'isSLBSec': True},XO,2026-09-13
EFCIL,0.0,0,10.0,6600,0.0,0.0,0.0,0.0,0.0,0,0.0,0,0.0,0.0,07-May-2026,RIGHTS 8:103 @ PREMIUM RS 148/- 07-May-2026,{'isSLBSec': True},XO,2026-09-13
HEXT,0.0,0,14.93,481,0.0,0.0,0.0,0.0,0.0,0,0.0,0,0.0,0.0,05-May-2026,INTERIM DIVIDEND - RS 8.50 PER SHARE 05-May-2026,{'isSLBSec': True},XO,2026-09-13
UCOBANK,0.0,0,0.04,2000,0.0,0.0,0.0,0.0,0.0,0,0.0,0,0.0,0.0,04-May-2026,DIVIDEND - RE 0.44 PER SHARE 04-May-2026,{'isSLBSec': True},XO,2026-09-13
VESUVIUS,0.0,0,9.9,1000,0.0,0.0,0.0,0.0,0.0,0,0.0,0,0.0,0.0,30-Apr-2026,DIVIDEND - RS 1.50 PER SHARE 30-Apr-2026,{'isSLBSec': True},XO,2026-09-13
TANLA,0.0,0,2.15,46,0.0,0.0,0.0,0.0,0.0,0,0.0,0,0.0,0.0,30-Apr-2026,INTERIM DIVIDEND - RS 6 PER SHARE 30-Apr-2026,{'isSLBSec': True},XO,2026-09-13
SCHAEFFLER,0.0,0,2.7,5,0.0,0.0,0.0,0.0,0.0,0,0.0,0,0.0,0.0,23-Apr-2026,DIVIDEND - RS 35 PER SHARE 23-Apr-2026,{'isSLBSec': True},XO,2026-09-13
SANOFI,0.0,0,27.35,10,0.0,0.0,0.0,0.0,0.0,0,0.0,0,0.0,0.0,22-Apr-2026,DIVIDEND - RS 48 PER SHARE 22-Apr-2026,{'isSLBSec': True},XO,2026-09-13
CIEINDIA,0.0,0,0.66,15,0.0,0.0,0.0,0.0,0.0,0,0.0,0,0.0,0.0,22-Apr-2026,DIVIDEND - RS 7 PER SHARE 22-Apr-2026,{'isSLBSec': True},XO,2026-09-13
ASTERDM,0.0,0,9.0,334,0.0,0.0,0.0,0.0,0.0,38123,0.0,0,0.0,0.0,02-Apr-2026,INTERIM DIVIDEND - RS 3 PER SHARE 02-Apr-2026,{'isSLBSec': True},XO,2026-09-13
V2RETAIL,0.0,0,0.37,1,0.0,0.0,0.0,0.0,0.0,0,0.0,0,0.0,0.0,25-Mar-2026,FACE VALUE SPLIT (SUB-DIVISION) - FROM RS 10/- PER SHARE TO RE 1/- PER SHARE 25-Mar-2026,{'isSLBSec': True},XO,2026-09-13
MIDHANI,0.0,0,5.0,4540,0.0,0.0,0.0,0.0,0.0,0,0.0,0,0.0,0.0,18-Mar-2026,INTERIM DIVIDEND - RE 0.85 PER SHARE 18-Mar-2026,{'isSLBSec': True},XO,2026-09-13
RSYSTEMS,0.0,0,1.0,100,0.0,0.0,0.0,0.0,0.0,0,0.0,0,0.0,0.0,12-Mar-2026,INTERIM DIVIDEND - RS 6 PER SHARE 12-Mar-2026,{'isSLBSec': True},XO,2026-09-13
MRPL,0.0,0,1.99,814,0.0,0.0,0.0,0.0,0.0,1317,0.0,0,0.0,0.0,11-Mar-2026,INTERIM DIVIDEND - RS 4 PER SHARE 11-Mar-2026,{'isSLBSec': True},XO,2026-09-13
CUPID,0.0,0,2.0,35,0.0,0.0,0.0,0.0,0.0,3616,0.0,0,0.0,0.0,09-Mar-2026,BONUS 4:1 09-Mar-2026,{'isSLBSec': True},XO,2026-09-13
ENGINERSIN,0.0,0,0.75,8,0.0,0.0,0.0,0.0,0.0,0,0.0,0,0.0,0.0,06-Mar-2026,INTERIM DIVIDEND - RS 1.50 PER SHARE 06-Mar-2026,{'isSLBSec': True},XO,2026-09-13
HCG,0.0,0,15.0,100,0.0,0.0,0.0,0.0,0.0,21,0.0,0,0.0,0.0,02-Mar-2026,RIGHTS 1:17 @ PREMIUM RS 502/- 02-Mar-2026,{'isSLBSec': True},XO,2026-09-13
FSL,0.0,0,1.5,8000,0.0,0.0,0.0,0.0,0.0,45830,0.0,0,0.0,0.0,20-Feb-2026,INTERIM DIVIDEND - RS 5.50 PER SHARE 20-Feb-2026,{'isSLBSec': True},XO,2026-09-13
RCF,0.0,0,0.69,500,0.0,0.0,0.0,0.0,0.0,0,0.0,0,0.0,0.0,20-Feb-2026,INTERIM DIVIDEND - RE 1 PER SH 20-Feb-2026,{'isSLBSec': True},XO,2026-09-13
IRCTC,0.0,0,0.56,65,0.0,0.0,0.0,0.0,0.0,88,0.0,0,0.0,0.0,20-Feb-2026,INTERIM DIVIDEND - RS 3.50 PER SHARE 20-Feb-2026,{'isSLBSec': True},XO,2026-09-13
BBTC,0.0,0,0.98,80,0.0,0.0,0.0,0.0,0.0,0,0.0,0,0.0,0.0,20-Feb-2026,INTERIM DIVIDEND - RS 17 PER SHARE 20-Feb-2026,{'isSLBSec': True},XO,2026-09-13
GRINFRA,0.0,0,1.17,52,0.0,0.0,0.0,0.0,0.0,0,0.0,0,0.0,0.0,18-Feb-2026,INTERIM DIVIDEND - RS 2.50 PER SHARE 18-Feb-2026,{'isSLBSec': True},XO,2026-09-13
ASHIANA,0.0,0,49.93,234,0.0,0.0,0.0,0.0,0.0,0,0.0,0,0.0,0.0,18-Feb-2026,INTERIM DIVIDEND - RE 1 PER SHARE 18-Feb-2026,{'isSLBSec': True},XO,2026-09-13
MSTCLTD,0.0,0,3.02,75,0.0,0.0,0.0,0.0,0.0,0,0.0,0,0.0,0.0,18-Feb-2026,INTERIM DIVIDEND - RS 7.60 PER SHARE 18-Feb-2026,{'isSLBSec': True},XO,2026-09-13
IGL,0.0,0,1.09,100,0.0,0.0,0.0,0.0,0.0,0,0.0,0,0.0,0.0,18-Feb-2026,INTERIM DIVIDEND - RS  3.25 PER SHARE 18-Feb-2026,{'isSLBSec': True},XO,2026-09-13
IRCON,0.0,0,0.63,27,0.0,0.0,0.0,0.0,0.0,0,0.0,0,0.0,0.0,17-Feb-2026,INTERIM DIVIDEND - RS 1.20 PER SHARE 17-Feb-2026,{'isSLBSec': True},XO,2026-09-13
IOLCP,0.0,0,5.0,2300,0.0,0.0,0.0,0.0,0.0,200,0.0,0,0.0,0.0,17-Feb-2026,INTERIM DIVIDEND - RE 1 PER SHARE 17-Feb-2026,{'isSLBSec': True},XO,2026-09-13
IIFLCAPS,0.0,0,2.7,500,0.0,0.0,0.0,0.0,0.0,0,0.0,0,0.0,0.0,16-Feb-2026,INTERIM DIVIDEND - RS 3 PER SHARE 16-Feb-2026,{'isSLBSec': True},XO,2026-09-13
STARCEMENT,0.0,0,6.0,100,0.0,0.0,0.0,0.0,0.0,0,0.0,0,0.0,0.0,12-Feb-2026,INTERIM DIVIDEND - RE 1 PER SHARE 12-Feb-2026,{'isSLBSec': True},XO,2026-09-13
REPCOHOME,0.0,0,0.6,251,0.0,0.0,0.0,0.0,0.0,227,0.0,0,0.0,0.0,12-Feb-2026,INTERIM DIVIDEND - RS 2 PER SHARE 12-Feb-2026,{'isSLBSec': True},XO,2026-09-13
FDC,0.0,0,5.0,587,0.0,0.0,0.0,0.0,0.0,0,0.0,0,0.0,0.0,11-Feb-2026,INTERIM DIVIDEND - RS 5 PER SHARE 11-Feb-2026,{'isSLBSec': True},XO,2026-09-13
EMAMILTD,0.0,0,0.98,1516,0.0,0.0,0.0,0.0,0.0,0,0.0,0,0.0,0.0,10-Feb-2026,INTERIM DIVIDEND - RS 6 PER SHARE 10-Feb-2026,{'isSLBSec': True},XO,2026-09-13
AARTIDRUGS,0.0,0,0.99,1177,0.0,0.0,0.0,0.0,0.0,0,0.0,0,0.0,0.0,09-Feb-2026,INTERIM DIVIDEND - RS 2 PER SHARE 09-Feb-2026,{'isSLBSec': True},XO,2026-09-13
ACMESOLAR,0.0,0,0.95,1,0.0,0.0,0.0,0.0,0.0,0,0.0,0,0.0,0.0,06-Feb-2026,INTERIM DIVIDEND - RE 0.20 PER SHARE 06-Feb-2026,{'isSLBSec': True},XO,2026-09-13
GENUSPOWER,0.0,0,0.56,1,0.0,0.0,0.0,0.0,0.0,0,0.0,0,0.0,0.0,06-Feb-2026,DEMERGER 06-Feb-2026,{'isSLBSec': True},XO,2026-09-13
SIS,0.0,0,7.95,3461,0.0,0.0,0.0,0.0,0.0,0,0.0,0,0.0,0.0,06-Feb-2026,INTERIM DIVIDEND - RS 7 PER SHARE 06-Feb-2026,{'isSLBSec': True},XO,2026-09-13
MOIL,0.0,0,0.17,40,0.0,0.0,0.0,0.0,0.0,0,0.0,0,0.0,0.0,05-Feb-2026,INTERIM DIVIDEND - RS 3.53 PER SHARE 05-Feb-2026,{'isSLBSec': True},XO,2026-09-13
GRSE,0.0,0,3.19,20,0.0,0.0,0.0,0.0,0.0,0,0.0,0,0.0,0.0,03-Feb-2026,INTERIM DIVIDEND - RS 7.15 PER SHARE 03-Feb-2026,{'isSLBSec': True},XO,2026-09-13
LTFOODS,0.0,0,5.0,170,0.0,0.0,0.0,0.0,0.0,0,0.0,0,0.0,0.0,02-Feb-2026,INTERIM DIVIDEND - RE 1 PER SHARE 02-Feb-2026,{'isSLBSec': True},XO,2026-09-13
ENRIN,0.0,0,5.44,7,0.0,0.0,0.0,0.0,0.0,0,0.0,0,0.0,0.0,30-Jan-2026,DIVIDEND - RS 4 PER SHARE 30-Jan-2026,{'isSLBSec': True},XO,2026-09-13
INNOVACAP,0.0,0,5.0,33,0.0,0.0,0.0,0.0,0.0,0,0.0,0,0.0,0.0,30-Jan-2026,INTERIM DIVIDEND - RS 2 PER SHARE 30-Jan-2026,{'isSLBSec': True},XO,2026-09-13
IIFL,0.0,0,4.4,100,0.0,0.0,0.0,0.0,0.0,71081,0.0,0,0.0,0.0,29-Jan-2026,INTERIM DIVIDEND - RS 4 PER SHARE 29-Jan-2026,{'isSLBSec': True},XO,2026-09-13
KPIGREEN,0.0,0,2.49,45,0.0,0.0,0.0,0.0,0.0,101,0.0,0,0.0,0.0,28-Jan-2026,INTERIM DIVIDEND - RE 0.20 PER SHARE 28-Jan-2026,{'isSLBSec': True},XO,2026-09-13
TIPSMUSIC,0.0,0,5.42,168,0.0,0.0,0.0,0.0,0.0,0,0.0,0,0.0,0.0,23-Jan-2026,INTERIM DIVIDEND - RS 5 PER SHARE 23-Jan-2026,{'isSLBSec': True},XO,2026-09-13
NLCINDIA,0.0,0,0.55,100,0.0,0.0,0.0,0.0,0.0,0,0.0,0,0.0,0.0,20-Jan-2026,INTERIM DIVIDEND - RS 3.60 PER SHARE 20-Jan-2026,{'isSLBSec': True},XO,2026-09-13
AIIL,0.0,0,50.0,200,0.0,0.0,0.0,0.0,0.0,0,0.0,0,0.0,0.0,13-Jan-2026,BONUS 4:1 13-Jan-2026,{'isSLBSec': True},XO,2026-09-13
NACLIND,0.0,0,0.66,1,0.0,0.0,0.0,0.0,0.0,0,0.0,0,0.0,0.0,12-Dec-2025,RIGHTS 5:31 @ PREMIUM RS 75.70/- 12-Dec-2025,{'isSLBSec': True},XO,2026-09-13
HCC,0.0,0,0.04,9795,0.0,0.0,0.0,0.0,0.0,0,0.0,0,0.0,0.0,05-Dec-2025,RIGHTS 277:630 @ PREMIUM RS 11.50/- 05-Dec-2025,{'isSLBSec': True},XO,2026-09-13
PATELENG,0.0,0,0.55,500,0.0,0.0,0.0,0.0,0.0,0,0.0,0,0.0,0.0,04-Dec-2025,RIGHTS 7:40 @ PREMIUM RS 26/- 04-Dec-2025,{'isSLBSec': True},XO,2026-09-13
JAMNAAUTO,0.0,0,4.0,2000,0.0,0.0,0.0,0.0,0.0,0,0.0,0,0.0,0.0,19-Nov-2025,INTERIM DIVIDEND - RE 1 PER SHARE 19-Nov-2025,{'isSLBSec': True},XO,2026-09-13
EPL,0.0,0,5.0,3615,0.0,0.0,0.0,0.0,0.0,76,0.0,0,0.0,0.0,17-Nov-2025,INTERIM DIVIDEND - RS 2.50 PER SHARE 17-Nov-2025,{'isSLBSec': True},XO,2026-09-13
BALRAMCHIN,0.0,0,5.0,323,0.0,0.0,0.0,0.0,0.0,71,0.0,0,0.0,0.0,17-Nov-2025,INTERIM DIVIDEND - RS 3.50 PER SHARE 17-Nov-2025,{'isSLBSec': True},XO,2026-09-13
PRICOLLTD,0.0,0,5.0,430,0.0,0.0,0.0,0.0,0.0,0,0.0,0,0.0,0.0,14-Nov-2025,INTERIM DIVIDEND - RS  2 PER SHARE 14-Nov-2025,{'isSLBSec': True},XO,2026-09-13
KSCL,0.0,0,12.0,226,0.0,0.0,0.0,0.0,0.0,10,0.0,0,0.0,0.0,12-Nov-2025,INTERIM DIVIDEND - RS 5 PER SHARE 12-Nov-2025,{'isSLBSec': True},XO,2026-09-13
SAREGAMA,0.0,0,9.95,403,0.0,0.0,0.0,0.0,0.0,0,0.0,0,0.0,0.0,11-Nov-2025,INTERIM DIVIDEND - RS 4.50 PER SHARE 11-Nov-2025,{'isSLBSec': True},XO,2026-09-13
AURIONPRO,0.0,0,1.15,200,0.0,0.0,0.0,0.0,0.0,0,0.0,0,0.0,0.0,10-Nov-2025,INTERIM DIVIDEND - RE 1 PER SHARE 10-Nov-2025,{'isSLBSec': True},XO,2026-09-13
GOKULAGRO,0.0,0,0.39,120,0.0,0.0,0.0,0.0,0.0,0,0.0,0,0.0,0.0,14-Oct-2025,FACE VALUE SPLIT (SUB-DIVISION) - FROM RS 2/- PER SHARE TO RE 1/- PER SHARE 14-Oct-2025,{'isSLBSec': True},XO,2026-09-13
UTKARSHBNK,0.0,0,0.1,9421,0.0,0.0,0.0,0.0,0.0,0,0.0,0,0.0,0.0,14-Oct-2025,RIGHTS 8:13 @ PREMIUM RS 4/- 14-Oct-2025,{'isSLBSec': True},XO,2026-09-13
AGIIL,0.0,0,2.0,2,0.0,0.0,0.0,0.0,0.0,0,0.0,0,0.0,0.0,10-Oct-2025,FACE VALUE SPLIT (SUB-DIVISION) - FROM RS 5/- PER SHARE TO RE 1/- PER SHARE 10-Oct-2025,{'isSLBSec': True},XO,2026-09-13
NAZARA,0.0,0,0.77,1,0.0,0.0,0.0,0.0,0.0,0,0.0,0,0.0,0.0,26-Sep-2025,FACE VALUE SPLIT (SUB-DIVISION) - FROM RS 4/- PER SHARE TO RS 2/- PER SHARE 26-Sep-2025,{'isSLBSec': True},XO,2026-09-13
SSWL,0.0,0,15.0,250,0.0,0.0,0.0,0.0,0.0,0,0.0,0,0.0,0.0,23-Sep-2025,DIVIDEND - RE 1.25 PER SHARE 23-Sep-2025,{'isSLBSec': True},XO,2026-09-13
SUNTECK,0.0,0,6.43,14,0.0,0.0,0.0,0.0,0.0,0,0.0,0,0.0,0.0,23-Sep-2025,DIVIDEND - RS 1.50 PER SHARE 23-Sep-2025,{'isSLBSec': True},XO,2026-09-13
CONFIPET,0.0,0,3.0,22,0.0,0.0,0.0,0.0,0.0,1206,0.0,0,0.0,0.0,23-Sep-2025,DIVIDEND - RS 0.10 PER SHARE 23-Sep-2025,{'isSLBSec': True},XO,2026-09-13
PREMEXPLN,0.0,0,10.0,25,0.0,0.0,0.0,0.0,0.0,0,0.0,0,0.0,0.0,23-Sep-2025,DIVIDEND - RE 0.50 PER SHARE 23-Sep-2025,{'isSLBSec': True},XO,2026-09-13
PNCINFRA,0.0,0,7.0,500,0.0,0.0,0.0,0.0,0.0,0,0.0,0,0.0,0.0,22-Sep-2025,DIVIDEND - RE 0.60 PER SHARE 22-Sep-2025,{'isSLBSec': True},XO,2026-09-13
PARAGMILK,0.0,0,5.0,500,0.0,0.0,0.0,0.0,0.0,102,0.0,0,0.0,0.0,22-Sep-2025,DIVIDEND - RE 1 PER SHARE 22-Sep-2025,{'isSLBSec': True},XO,2026-09-13
ZOTA,0.0,0,49.95,1400,0.0,0.0,0.0,0.0,0.0,0,0.0,0,0.0,0.0,22-Sep-2025,DIVIDEND - RE 1 PER SHARE 22-Sep-2025,{'isSLBSec': True},XO,2026-09-13
JSLL,0.0,0,3.0,3,0.0,0.0,0.0,0.0,0.0,21,0.0,0,0.0,0.0,22-Sep-2025,DIVIDEND - RE 1.10 PER SHARE 22-Sep-2025,{'isSLBSec': True},XO,2026-09-13
FLUOROCHEM,0.0,0,19.73,4,0.0,0.0,0.0,0.0,0.0,0,0.0,0,0.0,0.0,22-Sep-2025,DIVIDEND - RS 3 PER SHARE 22-Sep-2025,{'isSLBSec': True},XO,2026-09-13
GUJALKALI,0.0,0,4.99,85,0.0,0.0,0.0,0.0,0.0,0,0.0,0,0.0,0.0,19-Sep-2025,DIVIDEND - RS 15.80 PER SH 19-Sep-2025,{'isSLBSec': True},XO,2026-09-13
OLECTRA,0.0,0,2.07,99,0.0,0.0,0.0,0.0,0.0,0,0.0,0,0.0,0.0,19-Sep-2025,DIVIDEND - RE 0.40 PER SHARE 19-Sep-2025,{'isSLBSec': True},XO,2026-09-13
BALUFORGE,0.0,0,6.0,145,0.0,0.0,0.0,0.0,0.0,0,0.0,0,0.0,0.0,19-Sep-2025,DIVIDEND - RE 0.15 PER SHARE 19-Sep-2025,{'isSLBSec': True},XO,2026-09-13
FACT,0.0,0,15.0,250,0.0,0.0,0.0,0.0,0.0,0,0.0,0,0.0,0.0,19-Sep-2025,DIVIDEND - RE 0.39 PER SHARE 19-Sep-2025,{'isSLBSec': True},XO,2026-09-13
GMDCLTD,0.0,0,2.0,650,0.0,0.0,0.0,0.0,0.0,211,0.0,0,0.0,0.0,18-Sep-2025,DIVIDEND - RS 10.10 PER SHARE 18-Sep-2025,{'isSLBSec': True},XO,2026-09-13
ACUTAAS,0.0,0,10.0,200,0.0,0.0,0.0,0.0,0.0,0,0.0,0,0.0,0.0,18-Sep-2025,DIVIDEND - RS 1.50 PER SHARE 18-Sep-2025,{'isSLBSec': True},XO,2026-09-13
INDRAMEDCO,0.0,0,1.48,100,0.0,0.0,0.0,0.0,0.0,0,0.0,0,0.0,0.0,18-Sep-2025,DIVIDEND - RS 4.50 PER SHARE 18-Sep-2025,{'isSLBSec': True},XO,2026-09-13
KRBL,0.0,0,3.48,66,0.0,0.0,0.0,0.0,0.0,0,0.0,0,0.0,0.0,17-Sep-2025,DIVIDEND - RS 3.50 PER SHARE 17-Sep-2025,{'isSLBSec': True},XO,2026-09-13
NPST,0.0,0,9.98,1000,0.0,0.0,0.0,0.0,0.0,0,0.0,0,0.0,0.0,12-Sep-2025,DIVIDEND - RS 2 PER SHARE 12-Sep-2025,{'isSLBSec': True},XO,2026-09-13
GALLANTT,0.0,0,1.14,100,0.0,0.0,0.0,0.0,0.0,0,0.0,0,0.0,0.0,12-Sep-2025,DIVIDEND - RS 1.25 PER SHARE 12-Sep-2025,{'isSLBSec': True},XO,2026-09-13
KITEX,0.0,0,5.95,6000,0.0,0.0,0.0,0.0,0.0,0,0.0,0,0.0,0.0,10-Sep-2025,DIVIDEND - RE 0.50 PER SHARE 10-Sep-2025,{'isSLBSec': True},XO,2026-09-13
TITAGARH,0.0,0,3.0,19,0.0,0.0,0.0,0.0,0.0,50,0.0,0,0.0,0.0,08-Sep-2025,DIVIDEND - RE 1 PER SHARE 08-Sep-2025,{'isSLBSec': True},XO,2026-09-13
HFCL,0.0,0,0.59,1900,0.6,0.0,0.0,0.0,0.0,20585,0.0,13000,6500.0,3040960.0,08-Sep-2025,DIVIDEND - RE 0.10 PER SHARE 08-Sep-2025,{'isSLBSec': True},XO,2026-09-13
APOLLO,0.0,0,0.98,15,0.0,0.0,0.0,0.0,0.0,0,0.0,0,0.0,0.0,08-Sep-2025,DIVIDEND - RE 0.25 PER SHARE 08-Sep-2025,{'isSLBSec': True},XO,2026-09-13
ISGEC,0.0,0,5.0,50,0.0,0.0,0.0,0.0,0.0,0,0.0,0,0.0,0.0,08-Sep-2025,DIVIDEND - RS 5 PER SHARE 08-Sep-2025,{'isSLBSec': True},XO,2026-09-13
BAJAJCON,0.0,0,2.99,500,0.0,0.0,0.0,0.0,0.0,0,0.0,0,0.0,0.0,04-Sep-2025,BUY BACK 04-Sep-2025,{'isSLBSec': True},XO,2026-09-13
MOREPENLAB,0.0,0,1.75,875,0.0,0.0,0.0,0.0,0.0,85213,0.0,0,0.0,0.0,29-Aug-2025,DIVIDEND - RE 0.20 PER SHARE 29-Aug-2025,{'isSLBSec': True},XO,2026-09-13
MANYAVAR,0.0,0,9.95,200,0.0,0.0,0.0,0.0,0.0,0,0.0,0,0.0,0.0,28-Aug-2025,DIVIDEND - RS 8 PER SHARE 28-Aug-2025,{'isSLBSec': True},XO,2026-09-13
J&KBANK,0.0,0,0.99,5020,0.0,0.0,0.0,0.0,0.0,0,0.0,0,0.0,0.0,19-Aug-2025,DIVIDEND - RS 2.15 PER SHARE 19-Aug-2025,{'isSLBSec': True},XO,2026-09-13
MANKIND,0.0,0,17.63,2,0.0,2280.0,2279.9,0.1,0.0,6581,12.46,0,0.0,0.0,08-Aug-2025,INTERIM DIVIDEND - RE 1  PER SHARE 08-Aug-2025,{'isSLBSec': True},XO,2026-09-13
DIAMONDYD,0.0,0,10.0,15,0.0,0.0,0.0,0.0,0.0,0,0.0,0,0.0,0.0,31-Jul-2025,DIVIDEND - RE 0.50 PER SHARE 31-Jul-2025,{'isSLBSec': True},XO,2026-09-13
SPANDANA,0.0,0,7.45,50,0.0,0.0,0.0,0.0,0.0,2924,0.0,0,0.0,0.0,24-Jul-2025,RIGHTS 10:41 @ PREMIUM RS 220/- 24-Jul-2025,{'isSLBSec': True},XO,2026-09-13
ANURAS,0.0,0,10.0,27,0.0,0.0,0.0,0.0,0.0,0,0.0,0,0.0,0.0,21-Jul-2025,INTERIM DIVIDEND - RS 0.75 PER SH 21-Jul-2025,{'isSLBSec': True},XO,2026-09-13
PPLPHARMA,0.0,0,0.36,1,0.0,0.0,0.0,0.0,0.0,250000,0.0,0,0.0,0.0,16-Jul-2025,DIVIDEND - RE 0.14 PER SHARE 16-Jul-2025,{'isSLBSec': True},XO,2026-09-13
IDBI,0.0,0,0.2,1000,0.0,0.0,0.0,0.0,0.0,31263,0.0,0,0.0,0.0,15-Jul-2025,DIVIDEND - RS 2.10 PER SHARE 15-Jul-2025,{'isSLBSec': True},XO,2026-09-13
CCAVENUE,0.0,0,0.13,120,0.0,0.0,0.0,0.0,0.0,0,0.0,0,0.0,0.0,26-Jun-2025,RIGHTS 67:267 @ PREMIUM RS 9/- 26-Jun-2025,{'isSLBSec': True},XO,2026-09-13
TEJASNET,0.0,0,1.99,500,0.0,0.0,0.0,0.0,0.0,0,0.0,0,0.0,0.0,19-Jun-2025,DIVIDEND - RS 2.50 PER SHARE 19-Jun-2025,{'isSLBSec': True},XO,2026-09-13
UGROCAP,0.0,0,3.0,630,0.0,0.0,0.0,0.0,0.0,0,0.0,0,0.0,0.0,05-Jun-2025,RIGHTS 50:189 @ PREMIUM RS 152/- 05-Jun-2025,{'isSLBSec': True},XO,2026-09-13
JWL,0.0,0,1.32,146,0.0,0.0,0.0,0.0,0.0,98,0.0,0,0.0,0.0,30-May-2025,INTERIM DIVIDEND - RS 1 PER SHARE 30-May-2025,{'isSLBSec': True},XO,2026-09-13
ABFRL,0.0,0,0.09,183,0.0,0.0,0.0,0.0,0.0,0,0.0,0,0.0,0.0,22-May-2025,DEMERGER 22-May-2025,{'isSLBSec': True},XO,2026-09-13
RAYMOND,0.0,0,4.66,35,0.0,0.0,0.0,0.0,0.0,312,0.0,0,0.0,0.0,14-May-2025,DEMERGER 14-May-2025,{'isSLBSec': True},XO,2026-09-13
TARIL,0.0,0,0.5,1,0.0,0.0,0.0,0.0,0.0,0,0.0,0,0.0,0.0,09-May-2025,DIVIDEND - RE 0.20  PER SHARE 09-May-2025,{'isSLBSec': True},XO,2026-09-13
GRAVITA,0.0,0,2.0,225,0.0,0.0,0.0,0.0,0.0,300,0.0,0,0.0,0.0,08-May-2025,INTERIM DIVIDEND - RS 6.35 PER SHARE 08-May-2025,{'isSLBSec': True},XO,2026-09-13
BCG,0.0,0,1.0,1200,0.0,0.0,0.0,0.0,0.0,0,0.0,0,0.0,0.0,23-Apr-2025,EXTRA ORDINARY GENERAL MEETING 23-Apr-2025,{'isSLBSec': True},XO,2026-09-13
FUSION,0.0,0,5.0,2260,0.0,0.0,0.0,0.0,0.0,0,0.0,0,0.0,0.0,04-Apr-2025,RIGHTS 55:91 @ PREMIUM RS 121/- 04-Apr-2025,{'isSLBSec': True},XO,2026-09-13
JINDWORLD,0.0,0,1.0,100,0.0,0.0,0.0,0.0,0.0,2000,0.0,0,0.0,0.0,28-Feb-2025,BONUS 4:1 28-Feb-2025,{'isSLBSec': True},XO,2026-09-13
JYOTISTRUC,0.0,0,0.02,1,0.0,0.0,0.0,0.0,0.0,0,0.0,0,0.0,0.0,10-Feb-2025,RIGHTS 9:26 @ PREMIUM RS 14/- 10-Feb-2025,{'isSLBSec': True},XO,2026-09-13
RELIGARE,0.0,0,2.12,370,0.0,0.0,0.0,0.0,0.0,0,0.0,0,0.0,0.0,24-Dec-2024,ANNUAL GENERAL MEETING 24-Dec-2024,{'isSLBSec': True},XO,2026-09-13
ORISSAMINE,0.0,0,19.89,25,0.0,0.0,0.0,0.0,0.0,0,0.0,0,0.0,0.0,18-Dec-2024,ANNUAL GENERAL MEETING 18-Dec-2024,{'isSLBSec': True},XO,2026-09-13
PCJEWELLER,0.0,0,0.02,60,0.0,0.0,0.0,0.0,0.0,14500,0.0,0,0.0,0.0,16-Dec-2024,FACE VALUE SPLIT (SUB-DIVISION) - FROM RS 10/- PER SHARE TO RE 1/- PER SHARE 16-Dec-2024,{'isSLBSec': True},XO,2026-09-13
SKYGOLD,0.0,0,3.4,36,0.0,0.0,0.0,0.0,0.0,0,0.0,0,0.0,0.0,16-Dec-2024,BONUS 9:1 16-Dec-2024,{'isSLBSec': True},XO,2026-09-13
EASEMYTRIP,0.0,0,0.11,4400,0.05,0.0,0.0,0.0,0.0,9144,0.0,9144,457.2,53400.96,29-Nov-2024,BONUS 1:1 29-Nov-2024,{'isSLBSec': True},XO,2026-09-13
ITI,0.0,0,9.0,150,0.0,0.0,0.0,0.0,0.0,0,0.0,0,0.0,0.0,31-Oct-2024,ANNUAL GENERAL MEETING 31-Oct-2024,{'isSLBSec': True},XO,2026-09-13
STYLAMIND,0.0,0,50.0,20,0.0,0.0,0.0,0.0,0.0,0,0.0,0,0.0,0.0,23-Sep-2024,ANNUAL GENERAL MEETING 23-Sep-2024,{'isSLBSec': True},XO,2026-09-13
KERNEX,0.0,0,10.0,57,0.0,0.0,0.0,0.0,0.0,11,0.0,0,0.0,0.0,23-Sep-2024,ANNUAL GENERAL MEETING 23-Sep-2024,{'isSLBSec': True},XO,2026-09-13
HUBTOWN,0.0,0,5.0,100,0.0,0.0,0.0,0.0,0.0,0,0.0,0,0.0,0.0,20-Sep-2024,ANNUAL GENERAL MEETING 20-Sep-2024,{'isSLBSec': True},XO,2026-09-13
JAYNECOIND,0.0,0,0.48,78,0.0,0.0,0.0,0.0,0.0,0,0.0,0,0.0,0.0,20-Sep-2024,ANNUAL GENERAL MEETING 20-Sep-2024,{'isSLBSec': True},XO,2026-09-13
ASHOKA,0.0,0,0.62,500,0.0,0.0,0.0,0.0,0.0,0,0.0,0,0.0,0.0,20-Sep-2024,ANNUAL GENERAL MEETING 20-Sep-2024,{'isSLBSec': True},XO,2026-09-13
KIRIINDUS,0.0,0,5.0,1000,0.0,0.0,0.0,0.0,0.0,0,0.0,0,0.0,0.0,20-Sep-2024,ANNUAL GENERAL MEETING 20-Sep-2024,{'isSLBSec': True},XO,2026-09-13
ARMANFIN,0.0,0,9.95,724,0.0,0.0,0.0,0.0,0.0,0,0.0,0,0.0,0.0,20-Sep-2024,ANNUAL GENERAL MEETING 20-Sep-2024,{'isSLBSec': True},XO,2026-09-13
SAMMAANCAP,0.0,0,0.28,751,0.0,0.0,0.0,0.0,0.0,0,0.0,0,0.0,0.0,20-Sep-2024,DIVIDEND - RS 2 PER SHARE 20-Sep-2024,{'isSLBSec': True},XO,2026-09-13
EMBDL,0.0,0,0.1,1,0.0,0.0,0.0,0.0,0.0,0,0.0,0,0.0,0.0,20-Sep-2024,ANNUAL GENERAL MEETING 20-Sep-2024,{'isSLBSec': True},XO,2026-09-13
PENIND,0.0,0,1.22,100,0.0,0.0,0.0,0.0,0.0,0,0.0,0,0.0,0.0,19-Sep-2024,ANNUAL GENERAL MEETING 19-Sep-2024,{'isSLBSec': True},XO,2026-09-13
LEMONTREE,0.0,0,0.18,2000,0.0,0.0,0.0,0.0,0.0,0,0.0,0,0.0,0.0,19-Sep-2024,ANNUAL GENERAL MEETING 19-Sep-2024,{'isSLBSec': True},XO,2026-09-13
IFCI,0.0,0,0.59,7080,0.0,0.0,0.0,0.0,0.0,557199,0.0,0,0.0,0.0,19-Sep-2024,ANNUAL GENERAL MEETING 19-Sep-2024,{'isSLBSec': True},XO,2026-09-13
HINDOILEXP,0.0,0,0.98,100,0.0,0.0,0.0,0.0,0.0,0,0.0,0,0.0,0.0,19-Sep-2024,ANNUAL GENERAL MEETING 19-Sep-2024,{'isSLBSec': True},XO,2026-09-13
MANINDS,0.0,0,1.81,6,0.0,0.0,0.0,0.0,0.0,0,0.0,0,0.0,0.0,19-Sep-2024,ANNUAL GENERAL MEETING 19-Sep-2024,{'isSLBSec': True},XO,2026-09-13
ZAGGLE,0.0,0,1.65,26,0.0,0.0,0.0,0.0,0.0,0,0.0,0,0.0,0.0,17-Sep-2024,ANNUAL GENERAL MEETING 17-Sep-2024,{'isSLBSec': True},XO,2026-09-13
HEMIPROP,0.0,0,1.99,1000,0.0,0.0,0.0,0.0,0.0,0,0.0,0,0.0,0.0,17-Sep-2024,ANNUAL GENERAL MEETING 17-Sep-2024,{'isSLBSec': True},XO,2026-09-13
NSLNISP,0.0,0,0.48,425,0.0,0.0,0.0,0.0,0.0,0,0.0,0,0.0,0.0,17-Sep-2024,ANNUAL GENERAL MEETING 17-Sep-2024,{'isSLBSec': True},XO,2026-09-13
SOLARA,0.0,0,100.0,2,0.0,0.0,0.0,0.0,0.0,0,0.0,0,0.0,0.0,17-Sep-2024,ANNUAL GENERAL MEETING 17-Sep-2024,{'isSLBSec': True},XO,2026-09-13
FEDFINA,0.0,0,0.16,279,0.0,0.0,0.0,0.0,0.0,0,0.0,0,0.0,0.0,13-Sep-2024,ANNUAL GENERAL MEETING 13-Sep-2024,{'isSLBSec': True},XO,2026-09-13
KIMS,0.0,0,2.0,90,0.0,0.0,0.0,0.0,0.0,0,0.0,0,0.0,0.0,13-Sep-2024,FACE VALUE SPLIT (SUB-DIVISION) - FROM RS 10/- PER SHARE TO RS 2/- PER SHARE 13-Sep-2024,{'isSLBSec': True},XO,2026-09-13
INDIACEM,0.0,0,4.94,250,0.0,0.0,0.0,0.0,0.0,0,0.0,0,0.0,0.0,13-Sep-2024,ANNUAL GENERAL MEETING 13-Sep-2024,{'isSLBSec': True},XO,2026-09-13
GOKEX,0.0,0,10.0,999,0.0,0.0,0.0,0.0,0.0,0,0.0,0,0.0,0.0,12-Sep-2024,ANNUAL GENERAL MEETING 12-Sep-2024,{'isSLBSec': True},XO,2026-09-13
SAPPHIRE,0.0,0,1.03,49,0.0,0.0,0.0,0.0,0.0,0,0.0,0,0.0,0.0,05-Sep-2024,FACE VALUE SPLIT (SUB-DIVISION) - FROM RS 10/- PER SHARE TO RS 2/- PER SHARE 05-Sep-2024,{'isSLBSec': True},XO,2026-09-13
GMRP&UI,0.0,0,1.0,2400,0.0,0.0,0.0,0.0,0.0,0,0.0,0,0.0,0.0,05-Sep-2024,ANNUAL GENERAL MEETING 05-Sep-2024,{'isSLBSec': True},XO,2026-09-13
EPACK,0.0,0,5.0,1276,0.0,0.0,0.0,0.0,0.0,0,0.0,0,0.0,0.0,30-Aug-2024,ANNUAL GENERAL MEETING 30-Aug-2024,{'isSLBSec': True},XO,2026-09-13
SCHNEIDER,0.0,0,5.0,45,0.0,0.0,0.0,0.0,0.0,15,0.0,0,0.0,0.0,27-Aug-2024,ANNUAL GENERAL MEETING 27-Aug-2024,{'isSLBSec': True},XO,2026-09-13
JPPOWER,0.0,0,0.03,1,0.0,0.0,0.0,0.0,0.0,0,0.0,0,0.0,0.0,26-Aug-2024,ANNUAL GENERAL MEETING 26-Aug-2024,{'isSLBSec': True},XO,2026-09-13
LATENTVIEW,0.0,0,0.44,236,0.0,0.0,0.0,0.0,0.0,0,0.0,0,0.0,0.0,19-Aug-2024,ANNUAL GENERAL MEETING 19-Aug-2024,{'isSLBSec': True},XO,2026-09-13
CSBBANK,0.0,0,0.32,117,0.0,0.0,0.0,0.0,0.0,0,0.0,0,0.0,0.0,16-Aug-2024,ANNUAL GENERAL MEETING 16-Aug-2024,{'isSLBSec': True},XO,2026-09-13
RPSGVENT,0.0,0,49.93,50,0.0,0.0,0.0,0.0,0.0,0,0.0,0,0.0,0.0,13-Aug-2024,ANNUAL GENERAL MEETING 13-Aug-2024,{'isSLBSec': True},XO,2026-09-13
EQUITASBNK,0.0,0,0.3,300,0.0,0.0,0.0,0.0,0.0,0,0.0,0,0.0,0.0,09-Aug-2024,DIVIDEND - RS 1 PER SHARE 09-Aug-2024,{'isSLBSec': True},XO,2026-09-13
EIDPARRY,0.0,0,4.9,200,0.0,0.0,0.0,0.0,0.0,0,0.0,0,0.0,0.0,06-Aug-2024,ANNUAL GENERAL MEETING 06-Aug-2024,{'isSLBSec': True},XO,2026-09-13
COHANCE,0.0,0,1.15,1494,0.0,0.0,0.0,0.0,0.0,0,0.0,0,0.0,0.0,06-Aug-2024,ANNUAL GENERAL MEETING 06-Aug-2024,{'isSLBSec': True},XO,2026-09-13
GODREJIND,0.0,0,1.98,284,0.0,0.0,0.0,0.0,0.0,16,0.0,0,0.0,0.0,05-Aug-2024,ANNUAL GENERAL MEETING 05-Aug-2024,{'isSLBSec': True},XO,2026-09-13
JISLJALEQS,0.0,0,2.0,4100,0.0,0.0,0.0,0.0,0.0,0,0.0,0,0.0,0.0,02-Aug-2024,ANNUAL GENERAL MEETING 02-Aug-2024,{'isSLBSec': True},XO,2026-09-13
SUVEN,0.0,0,5.0,50,0.0,0.0,0.0,0.0,0.0,0,0.0,0,0.0,0.0,30-Jul-2024,ANNUAL GENERAL MEETING 30-Jul-2024,{'isSLBSec': True},XO,2026-09-13
CREDITACC,0.0,0,10.0,70,0.0,0.0,0.0,0.0,0.0,0,0.0,0,0.0,0.0,26-Jul-2024,ANNUAL GENERAL MEETING/DIVIDEND - RS 10 PER SHARE 26-Jul-2024,{'isSLBSec': True},XO,2026-09-13
IFBIND,0.0,0,5.0,300,0.0,0.0,0.0,0.0,0.0,0,0.0,0,0.0,0.0,22-Jul-2024,ANNUAL GENERAL MEETING 22-Jul-2024,{'isSLBSec': True},XO,2026-09-13
POONAWALLA,0.0,0,1.0,2800,0.0,0.0,0.0,0.0,0.0,0,0.0,0,0.0,0.0,16-Jul-2024,ANNUAL GENERAL MEETING 16-Jul-2024,{'isSLBSec': True},XO,2026-09-13
UJJIVANSFB,0.0,0,2.0,34774,0.0,0.0,0.0,0.0,0.0,484,0.0,0,0.0,0.0,12-Jul-2024,DIVIDEND - RS 1.50 PER SHARE 12-Jul-2024,{'isSLBSec': True},XO,2026-09-13
DEVYANI,0.0,0,3.94,50,0.0,0.0,0.0,0.0,0.0,988,0.0,0,0.0,0.0,27-Jun-2024,ANNUAL GENERAL MEETING 27-Jun-2024,{'isSLBSec': True},XO,2026-09-13
JSWHL,0.0,0,5.64,5,0.0,0.0,0.0,0.0,0.0,0,0.0,0,0.0,0.0,25-Jun-2024,ANNUAL GENERAL MEETING 25-Jun-2024,{'isSLBSec': True},XO,2026-09-13
IOB,0.0,0,0.06,50,0.0,0.0,0.0,0.0,0.0,0,0.0,0,0.0,0.0,25-Jun-2024,ANNUAL GENERAL MEETING 25-Jun-2024,{'isSLBSec': True},XO,2026-09-13
WOCKPHARMA,0.0,0,5.0,130,0.0,0.0,0.0,0.0,0.0,248,0.0,0,0.0,0.0,21-Jun-2024,ANNUAL GENERAL MEETING 21-Jun-2024,{'isSLBSec': True},XO,2026-09-13
BAJAJHIND,0.0,0,0.48,900,0.0,0.0,0.0,0.0,0.0,1,0.0,0,0.0,0.0,20-Jun-2024,ANNUAL GENERAL MEETING 20-Jun-2024,{'isSLBSec': True},XO,2026-09-13
CYIENTDLM,0.0,0,7.99,21,0.0,0.0,0.0,0.0,0.0,0,0.0,0,0.0,0.0,20-Jun-2024,ANNUAL GENERAL MEETING 20-Jun-2024,{'isSLBSec': True},XO,2026-09-13
JSFB,0.0,0,7.67,12,0.0,0.0,0.0,0.0,0.0,0,0.0,0,0.0,0.0,11-Jun-2024,ANNUAL GENERAL MEETING 11-Jun-2024,{'isSLBSec': True},XO,2026-09-13
MIDSELIETF,0.0,0,0.08,1,0.0,0.0,0.0,0.0,0.0,0,0.0,0,0.0,0.0,10-May-2024,FACE VALUE SPLIT (SUB-DIVISION) - FROM RS 10/- PER SHARE TO RE 1/- PER SHARE 10-May-2024,{'isSLBSec': True},XO,2026-09-13
NIF100IETF,0.0,0,2.0,300,0.0,0.0,0.0,0.0,0.0,0,0.0,0,0.0,0.0,10-May-2024,FACE VALUE SPLIT (SUB-DIVISION) - FROM RS 10/- PER SHARE TO RE 1/- PER SHARE 10-May-2024,{'isSLBSec': True},XO,2026-09-13
FMCGIETF,0.0,0,0.08,24,0.0,0.0,0.0,0.0,0.0,0,0.0,0,0.0,0.0,10-May-2024,FACE VALUE SPLIT (SUB-DIVISION) - FROM RS 10/- PER SHARE TO RE 1/- PER SHARE 10-May-2024,{'isSLBSec': True},XO,2026-09-13
MIDCAPIETF,0.0,0,0.04,6,0.0,0.0,0.0,0.0,0.0,0,0.0,0,0.0,0.0,10-May-2024,FACE VALUE SPLIT (SUB-DIVISION) - FROM RS 10/- PER SHARE TO RE 1/- PER SHARE 10-May-2024,{'isSLBSec': True},XO,2026-09-13
AUTOIETF,0.0,0,0.05,10,0.0,0.0,0.0,0.0,0.0,0,0.0,0,0.0,0.0,01-Mar-2024,FACE VALUE SPLIT (SUB-DIVISION) - FROM RS 10/- PER SHARE TO RE 1/- PER SHARE 01-Mar-2024,{'isSLBSec': True},XO,2026-09-13
PVTBANIETF,0.0,0,0.05,10,0.0,0.0,0.0,0.0,0.0,0,0.0,0,0.0,0.0,01-Mar-2024,FACE VALUE SPLIT (SUB-DIVISION) - FROM RS 10/- PER SHARE TO RE 1/- PER SHARE 01-Mar-2024,{'isSLBSec': True},XO,2026-09-13
NV20IETF,0.0,0,0.11,1,0.0,0.0,0.0,0.0,0.0,0,0.0,0,0.0,0.0,01-Mar-2024,FACE VALUE SPLIT (SUB-DIVISION) - FROM RS 10/- PER SHARE TO RE 1/- PER SHARE 01-Mar-2024,{'isSLBSec': True},XO,2026-09-13
LOWVOLIETF,0.0,0,0.07,52,0.0,0.0,0.0,0.0,0.0,0,0.0,0,0.0,0.0,01-Mar-2024,FACE VALUE SPLIT (SUB-DIVISION) - FROM RS 10/- PER SHARE TO RE 1/- PER SHARE 01-Mar-2024,{'isSLBSec': True},XO,2026-09-13
VIPIND,0.0,0,7.95,300,0.0,0.0,0.0,0.0,0.0,0,0.0,0,0.0,0.0,07-Feb-2024,INTERIM DIVIDEND - RS 2 PER SHARE 07-Feb-2024,{'isSLBSec': True},XO,2026-09-13
PURVA,0.0,0,10.0,280,0.0,0.0,0.0,0.0,0.0,0,0.0,0,0.0,0.0,01-Feb-2024,INTERIM DIVIDEND - RS 6.30 PER SHARE 01-Feb-2024,{'isSLBSec': True},XO,2026-09-13
RTNINDIA,0.0,0,0.12,800,0.0,0.0,0.0,0.0,0.0,0,0.0,0,0.0,0.0,22-Sep-2023,ANNUAL GENERAL MEETING 22-Sep-2023,{'isSLBSec': True},XO,2026-09-13
RTNPOWER,0.0,0,0.01,1,0.0,0.0,0.0,0.0,0.0,0,0.0,0,0.0,0.0,22-Sep-2023,ANNUAL GENERAL MEETING 22-Sep-2023,{'isSLBSec': True},XO,2026-09-13
CAPACITE,0.0,0,8.4,400,0.0,0.0,0.0,0.0,0.0,0,0.0,0,0.0,0.0,14-Sep-2023,ANNUAL GENERAL MEETING 14-Sep-2023,{'isSLBSec': True},XO,2026-09-13
PSPPROJECT,0.0,0,5.0,200,0.0,0.0,0.0,0.0,0.0,0,0.0,0,0.0,0.0,01-Sep-2023,ANNUAL GENERAL MEETING/DIVIDEND - RS 2.50 PER SHARE 01-Sep-2023,{'isSLBSec': True},XO,2026-09-13
ORCHPHARMA,0.0,0,100.0,5,0.0,0.0,0.0,0.0,0.0,0,0.0,0,0.0,0.0,02-Aug-2023,ANNUAL GENERAL MEETING 02-Aug-2023,{'isSLBSec': True},XO,2026-09-13
TARC,0.0,0,3.0,1000,0.0,0.0,0.0,0.0,0.0,0,0.0,0,0.0,0.0,22-Sep-2022,ANNUAL GENERAL MEETING 22-Sep-2022,{'isSLBSec': True},XO,2026-09-13
ITIETF,0.0,0,0.26,5200,0.0,0.0,0.0,0.0,0.0,0,0.0,0,0.0,0.0,01-Sep-2022,FACE VALUE SPLIT (SUB-DIVISION) - FROM RS 10/- PER UNIT TO RE 1/- PER UNIT 01-Sep-2022,{'isSLBSec': True},XO,2026-09-13
MOM30IETF,0.0,0,0.26,5,0.0,0.0,0.0,0.0,0.0,0,0.0,0,0.0,0.0,12-Aug-2022,ADDITONAL ISSUANCE 9:1 12-Aug-2022,{'isSLBSec': True},XO,2026-09-13
BSLSENETFG,0.0,0,0.31,1,0.0,0.0,0.0,0.0,0.0,0,0.0,0,0.0,0.0,25-Nov-2021, FACE VALUE SPLIT (SUB-DIVISION) - FROM RS 10/- PER SHARE TO RE 1- PER SHARE 25-Nov-2021,{'isSLBSec': True},XO,2026-09-13
BSLNIFTY,0.0,0,0.05,1,0.0,0.0,0.0,0.0,0.0,0,0.0,0,0.0,0.0,25-Nov-2021, FACE VALUE SPLIT (SUB-DIVISION) - FROM RS 10/- PER SHARE TO RE 1/- PER SHARE 25-Nov-2021,{'isSLBSec': True},XO,2026-09-13
AFFLE,0.0,0,0.55,34,0.0,0.0,0.0,0.0,0.0,0,0.0,0,0.0,0.0,07-Oct-2021, FACE VALUE SPLIT (SUB-DIVISION) - FROM RS 10/- PER SHARE TO RS 2/- PER SHARE 07-Oct-2021,{'isSLBSec': True},XO,2026-09-13
CARTRADE,0.0,0,19.93,42,0.0,0.0,0.0,0.0,0.0,24,0.0,0,0.0,0.0,23-Sep-2021, EXTRA ORDINARY GENERAL MEETING 23-Sep-2021,{'isSLBSec': True},XO,2026-09-13
BORORENEW,0.0,0,0.98,250,0.0,0.0,0.0,0.0,0.0,0,0.0,0,0.0,0.0,22-Sep-2021, ANNUAL GENERAL MEETING 22-Sep-2021,{'isSLBSec': True},XO,2026-09-13
SPARC,0.0,0,0.54,60,0.0,0.0,0.0,0.0,0.0,0,0.0,0,0.0,0.0,21-Sep-2021, ANNUAL GENERAL MEETING 21-Sep-2021,{'isSLBSec': True},XO,2026-09-13
VIYASH,0.0,0,2.0,350,0.0,0.0,0.0,0.0,0.0,0,0.0,0,0.0,0.0,08-Sep-2021, DIVIDEND - RS 0.50 PER SHARE 08-Sep-2021,{'isSLBSec': True},XO,2026-09-13
MHRIL,0.0,0,5.0,300,0.0,0.0,0.0,0.0,0.0,0,0.0,0,0.0,0.0,08-Sep-2021, BONUS 1:2 08-Sep-2021,{'isSLBSec': True},XO,2026-09-13
MON100,0.0,0,1.59,60,0.0,0.0,0.0,0.0,0.0,151108,0.0,0,0.0,0.0,17-Jun-2021, FACE VALUE SPLIT (SUB-DIVISION) - FROM RS 10/- PER SHARE TO RE 1/- PER SHARE 17-Jun-2021,{'isSLBSec': True},XO,2026-09-13
SETFNIF50,0.0,0,0.75,400,0.0,0.0,0.0,0.0,0.0,1,0.0,0,0.0,0.0,24-Mar-2021, DIVIDEND - RS 1.30 PER SHARE 24-Mar-2021,{'isSLBSec': True},XO,2026-09-13
HDFCNIFTY,0.0,0,50.0,250,0.0,0.0,0.0,0.0,0.0,0,0.0,0,0.0,0.0,17-Feb-2021, FACE VALUE SPLIT (SUB-DIVISION) - FROM RS 761.25/- PER UNIT TO RS 76.125/- PER UNIT 17-Feb-2021,{'isSLBSec': True},XO,2026-09-13
JUSTDIAL,0.0,0,48.99,50,0.0,0.0,0.0,0.0,0.0,2336,0.0,0,0.0,0.0,02-Jul-2020, BUYBACK 02-Jul-2020,{'isSLBSec': True},XO,2026-09-13
SWSOLAR,0.0,0,0.62,200,0.0,0.0,0.0,0.0,0.0,0,0.0,0,0.0,0.0,24-Feb-2020, INTERIM DIVIDEND - RS 6 PER SHARE 24-Feb-2020,{'isSLBSec': True},XO,2026-09-13
NIFTYBEES,0.0,0,0.13,1800,0.05,0.0,0.0,0.0,0.0,8414,0.0,2,0.08,534.44,19-Dec-2019, FACE VALUE SPLIT (SUB-DIVISION) - FROM RS 10/- TO RS 1/- 19-Dec-2019,{'isSLBSec': True},XO,2026-09-13
BANKBEES,0.0,0,5.0,550,0.0,0.0,0.0,0.0,0.0,0,0.0,0,0.0,0.0,19-Dec-2019, FACE VALUE SPLIT (SUB-DIVISION) - FROM RS 10/- TO RS 1/- 19-Dec-2019,{'isSLBSec': True},XO,2026-09-13
HNGSNGBEES,0.0,0,3.17,1,0.0,0.0,0.0,0.0,0.0,0,0.0,0,0.0,0.0,19-Dec-2019, FACE VALUE SPLIT (SUB-DIVISION) - FROM RS 10/- TO RS 1/- 19-Dec-2019,{'isSLBSec': True},XO,2026-09-13
PSUBNKBEES,0.0,0,1.15,819,0.0,0.0,0.0,0.0,0.0,0,0.0,0,0.0,0.0,19-Dec-2019, FACE VALUE SPLIT (SUB-DIVISION) - FROM RS 10/- TO RS 1/- 19-Dec-2019,{'isSLBSec': True},XO,2026-09-13
RENUKA,0.0,0,0.06,1,0.0,0.0,0.0,0.0,0.0,5414,0.0,0,0.0,0.0,23-Sep-2019, ANNUAL GENERAL MEETING 23-Sep-2019,{'isSLBSec': True},XO,2026-09-13
DCAL,0.0,0,4.5,80,0.0,0.0,0.0,0.0,0.0,0,0.0,0,0.0,0.0,12-Sep-2019, DIVIDEND - RS 0.20 PER SHARE 12-Sep-2019,{'isSLBSec': True},XO,2026-09-13
PRSMJOHNSN,0.0,0,2.0,25000,0.0,0.0,0.0,0.0,0.0,0,0.0,0,0.0,0.0,06-Aug-2019, INTERIM DIVIDEND RE 1 PER SHARE 06-Aug-2019,{'isSLBSec': True},XO,2026-09-13
TTML,0.0,0,0.48,750,0.0,0.0,0.0,0.0,0.0,0,0.0,0,0.0,0.0,11-Jul-2019, DE-MERGER 11-Jul-2019,{'isSLBSec': True},XO,2026-09-13
MSPL,0.0,0,0.48,13000,0.0,0.0,0.0,0.0,0.0,0,0.0,0,0.0,0.0,01-Mar-2019, EXTRA ORDINARY GENERAL MEETING 01-Mar-2019,{'isSLBSec': True},XO,2026-09-13
NEXT50IETF,0.0,0,0.63,2097,0.0,0.0,0.0,0.0,0.0,0,0.0,0,0.0,0.0,15-Nov-2018, FACE VALUE SPLIT (SUB-DIVISION) - FROM RS 10/- PER SHARE TO RS 1/- PER SHARE 15-Nov-2018,{'isSLBSec': True},XO,2026-09-13
RPOWER,0.0,0,0.04,801,0.0,0.0,0.0,0.0,0.0,0,0.0,0,0.0,0.0,12-Sep-2018, ANNUAL GENERAL MEETING 12-Sep-2018,{'isSLBSec': True},XO,2026-09-13
NETWORK18,0.0,0,0.05,280,0.0,0.0,0.0,0.0,0.0,0,0.0,0,0.0,0.0,10-Aug-2018, ANNUAL GENERAL MEETING 10-Aug-2018,{'isSLBSec': True},XO,2026-09-13
SETFNIFBK,0.0,0,7.85,1500,0.0,0.0,0.0,0.0,0.0,0,0.0,0,0.0,0.0,02-Nov-2017, DIVIDEND - RS 3.50 PER UNIT 02-Nov-2017,{'isSLBSec': True},XO,2026-09-13
LIQUIDBEES,0.0,0,1.71,1,0.0,0.0,0.0,0.0,0.0,0,0.0,0,0.0,0.0,19-Sep-2017, EXIT OPTION PURSUANT TO CHANGE IN FUNDAMENTAL ATTRIBUTES OF ETF   19-Sep-2017,{'isSLBSec': True},XO,2026-09-13
GTLINFRA,0.0,0,0.01,46,0.0,0.0,0.0,0.0,0.0,0,0.0,0,0.0,0.0,21-Sep-2015, ANNUAL GENERAL MEETING 21-Sep-2015,{'isSLBSec': True},XO,2026-09-13
AXISCADES,0.0,0,25.0,60,0.0,0.0,0.0,0.0,0.0,0,0.0,0,0.0,0.0,26-Aug-2015, ANNUAL GENERAL MEETING 26-Aug-2015,{'isSLBSec': True},XO,2026-09-13
WALCHANNAG,0.0,0,4.95,200,0.0,0.0,0.0,0.0,0.0,0,0.0,0,0.0,0.0,05-Feb-2015,ANNUAL GENERAL MEETING / DIVIDEND - RE 0.40/- PER SHARE 05-Feb-2015,{'isSLBSec': True},XO,2026-09-13
JUNIORBEES,0.0,0,0.08,231,0.0,0.0,0.0,0.0,0.0,0,0.0,0,0.0,0.0,10-Mar-2014,DIVIDEND-RS.1 PER UNIT 10-Mar-2014,{'isSLBSec': True},XO,2026-09-13
TITAN,0.0,0,3.0,850,0.0,5009.5,5010.0,-0.5,-0.01,58140,0.32,0,0.0,0.0,09-Jul-2026,DIVIDEND - RS 15 PER SHARE 09-Jul-2026,{'isSLBSec': True},XO,2026-09-13
PGEL,0.0,0,0.93,250,0.0,545.0,545.05,-0.05,-0.01,2389,14.56,0,0.0,0.0,19-Sep-2025,DIVIDEND - RS 0.25 PER SHARE 19-Sep-2025,{'isSLBSec': True},XO,2026-09-13
POWERINDIA,0.0,0,43.45,283,0.0,31435.0,31440.0,-5.0,-0.02,423,2.42,0,0.0,0.0,21-Aug-2026,DIVIDEND - RS 8 PER SHARE 21-Aug-2026,{'isSLBSec': True},XO,2026-09-13
AUBANK,0.0,0,5.0,580,0.0,1058.9,1059.3,-0.4,-0.04,2020,7.49,0,0.0,0.0,31-Jul-2026,DIVIDEND - RE 1 PER SHARE 31-Jul-2026,{'isSLBSec': True},XO,2026-09-13
FORTIS,0.0,0,2.98,215,0.0,887.8,888.25,-0.45,-0.05,1550,2.68,0,0.0,0.0,24-Jul-2026,DIVIDEND - RE 1 PER SHARE 24-Jul-2026,{'isSLBSec': True},XO,2026-09-13
JUBLFOOD,0.0,0,7.0,5832,0.0,470.25,470.55,-0.3,-0.06,1410049,37.12,0,0.0,0.0,17-Jul-2026,DIVIDEND - RS 1.20 PER SHARE 17-Jul-2026,{'isSLBSec': True},XO,2026-09-13
NYKAA,0.0,0,2.7,480,0.0,344.5,344.75,-0.25,-0.07,106401,1.15,0,0.0,0.0,10-Nov-2022,BONUS 5:1 10-Nov-2022,{'isSLBSec': True},XO,2026-09-13
SUPREMEIND,0.0,0,4.95,40,0.0,3364.4,3367.0,-2.6,-0.08,175,1.89,0,0.0,0.0,25-Jun-2026,DIVIDEND - RS 25 PER SHARE 25-Jun-2026,{'isSLBSec': True},XO,2026-09-13
TATASTEEL,0.0,0,0.09,285,0.0,183.0,183.15,-0.15,-0.08,750,0.87,0,0.0,0.0,12-Jun-2026,DIVIDEND - RS 4 PER SHARE 12-Jun-2026,{'isSLBSec': True},XO,2026-09-13
VEDL,0.0,0,0.18,1,0.0,263.7,263.9,-0.2,-0.08,5652,1.26,0,0.0,0.0,30-Apr-2026,DEMERGER 30-Apr-2026,{'isSLBSec': True},XO,2026-09-13
360ONE,0.0,0,10.0,600,0.0,1091.0,1092.0,-1.0,-0.09,0,0.0,0,0.0,0.0,27-Apr-2026,INTERIM DIVIDEND - RS 6 PER SHARE 27-Apr-2026,{'isSLBSec': True},XO,2026-09-13
DIXON,31.1,100,145.0,12,0.0,13425.0,13439.0,-14.0,-0.1,491324,20.69,0,0.0,0.0,16-Sep-2025,DIVIDEND - RS 8 PER SHARE 16-Sep-2025,{'isSLBSec': True},XO,2026-09-13
SAGILITY,0.0,0,0.08,41,0.0,45.2,45.26,-0.06,-0.13,235357,70.22,0,0.0,0.0,07-Aug-2026,DIVIDEND - RE 0.10 PER SHARE 07-Aug-2026,{'isSLBSec': True},XO,2026-09-13
CROMPTON,0.0,0,0.87,191,0.0,231.0,231.3,-0.3,-0.13,4794,6.25,0,0.0,0.0,24-Jul-2026,DIVIDEND - RS 3 PER SHARE 24-Jul-2026,{'isSLBSec': True},XO,2026-09-13
LT,0.0,0,0.48,291,0.48,3930.7,3936.0,-5.3,-0.13,17244,0.19,9,4.32,35599.32,22-May-2026,DIVIDEND - RS 38 PER SHARE 22-May-2026,{'isSLBSec': True},XO,2026-09-13
SIEMENS,0.0,0,8.9,1485,8.95,3957.0,3962.6,-5.6,-0.14,1304577,3.59,2838,15495.48,11247987.3,29-Jul-2026,DIVIDEND - RS 18 PER SHARE 29-Jul-2026,{'isSLBSec': True},XO,2026-09-13
ASIANPAINT,0.0,0,0.98,4575,0.0,2472.5,2475.9,-3.4,-0.14,23273,0.63,0,0.0,0.0,23-Jun-2026,DIVIDEND - RS 23 PER SHARE 23-Jun-2026,{'isSLBSec': True},XO,2026-09-13
HDFCLIFE,0.0,0,1.33,3500,0.0,530.0,530.75,-0.75,-0.14,295,4.04,0,0.0,0.0,19-Jun-2026,DIVIDEND - RS 2.10 PER SHARE 19-Jun-2026,{'isSLBSec': True},XO,2026-09-13
COCHINSHIP,0.0,0,3.49,38,0.0,1381.0,1383.0,-2.0,-0.14,1294,6.89,0,0.0,0.0,03-Feb-2026,INTERIM DIVIDEND - RS 3.50 PER SHARE 03-Feb-2026,{'isSLBSec': True},XO,2026-09-13
ASTRAL,0.01,425,10.0,500,0.0,1411.4,1413.5,-2.1,-0.15,1345906,0.56,0,0.0,0.0,14-Aug-2026,DIVIDEND - RS 2.50 PER SHARE 14-Aug-2026,{'isSLBSec': True},XO,2026-09-13
PRESTIGE,0.0,0,3.0,519,0.0,1498.0,1500.3,-2.3,-0.15,900,7.42,0,0.0,0.0,13-Aug-2026,DIVIDEND - RS 2 PER SHARE 13-Aug-2026,{'isSLBSec': True},XO,2026-09-13
FORCEMOT,2.0,25,25.0,8,0.0,17705.0,17733.0,-28.0,-0.16,26207,2.24,0,0.0,0.0,09-Sep-2026,DIVIDEND - RS 50 PER SHARE 09-Sep-2026,{'isSLBSec': True},XO,2026-09-13
TECHM,0.01,600,0.74,50,0.0,1541.0,1543.5,-2.5,-0.16,49714,0.94,0,0.0,0.0,03-Jul-2026,DIVIDEND - RS 36 PER SHARE 03-Jul-2026,{'isSLBSec': True},XO,2026-09-13
PNBHOUSING,0.0,0,5.0,125,0.0,1178.9,1180.9,-2.0,-0.17,0,4.04,0,0.0,0.0,31-Jul-2026,DIVIDEND - RS 8 PER SHARE 31-Jul-2026,{'isSLBSec': True},XO,2026-09-13
KOTAKBANK,0.0,0,0.37,4,0.0,419.0,419.7,-0.7,-0.17,2959960,1.86,0,0.0,0.0,17-Jul-2026,DIVIDEND - RS 0.65 PER SHARE 17-Jul-2026,{'isSLBSec': True},XO,2026-09-13
COLPAL,0.0,0,2.0,12104,0.0,1797.4,1800.4,-3.0,-0.17,56125,1.94,0,0.0,0.0,01-Jun-2026,INTERIM DIVIDEND - RS 24 PER SHARE 01-Jun-2026,{'isSLBSec': True},XO,2026-09-13
ULTRACEMCO,0.0,0,3.49,200,0.0,11000.0,11020.0,-20.0,-0.18,338,0.5,0,0.0,0.0,30-Jul-2026,DIVIDEND - RS 240 PER SHARE 30-Jul-2026,{'isSLBSec': True},XO,2026-09-13
SRF,0.0,0,4.49,375,0.0,2482.4,2487.0,-4.6,-0.19,29620,1.89,0,0.0,0.0,28-Jul-2026,INTERIM DIVIDEND - RS 5 PER SHARE 28-Jul-2026,{'isSLBSec': True},XO,2026-09-13
ETERNAL,0.0,0,0.24,9700,0.0,323.5,324.15,-0.65,-0.2,27180683,0.25,0,0.0,0.0,, ,{'isSLBSec': True},XO,2026-09-13
ADANIPORTS,0.0,0,1.47,67,0.0,1764.6,1768.2,-3.6,-0.2,950,1.32,0,0.0,0.0,12-Jun-2026,DIVIDEND - RS 7.50 PER SHARE 12-Jun-2026,{'isSLBSec': True},XO,2026-09-13
KEI,0.0,0,20.0,690,0.0,4578.0,4587.0,-9.0,-0.2,274457,6.93,0,0.0,0.0,28-Jan-2026,INTERIM DIVIDEND - RS 4.50 PER SHARE 28-Jan-2026,{'isSLBSec': True},XO,2026-09-13
ABCAPITAL,0.0,0,0.36,2000,0.0,395.0,395.8,-0.8,-0.2,65320,3.98,0,0.0,0.0,16-Aug-2018, ANNUAL GENERAL MEETING 16-Aug-2018,{'isSLBSec': True},XO,2026-09-13
PFC,0.01,1,0.24,32289,0.0,353.45,354.2,-0.75,-0.21,31111,1.75,0,0.0,0.0,27-Aug-2026,INTERIM DIVIDEND - RS 3.90 PER SHARE 27-Aug-2026,{'isSLBSec': True},XO,2026-09-13
TORNTPHARM,0.0,0,5.0,100,0.0,4965.5,4976.0,-10.5,-0.21,87714,1.6,0,0.0,0.0,29-May-2026,DIVIDEND - RS 9 PER SHARE 29-May-2026,{'isSLBSec': True},XO,2026-09-13
GVT&D,0.0,0,9.93,250,0.0,4548.1,4558.0,-9.9,-0.22,16962,0.35,0,0.0,0.0,21-Aug-2026,DIVIDEND - RS 10 PER SHARE 21-Aug-2026,{'isSLBSec': True},XO,2026-09-13
VBL,0.0,0,0.53,183,0.0,416.5,417.4,-0.9,-0.22,313,1.94,0,0.0,0.0,31-Jul-2026,INTERIM DIVIDEND - RE 0.50 PER SHARE 31-Jul-2026,{'isSLBSec': True},XO,2026-09-13
BEL,0.0,0,0.49,31000,0.0,404.35,405.3,-0.95,-0.23,12667,1.14,0,0.0,0.0,13-Aug-2026,DIVIDEND - RE 0.55 PER SHARE 13-Aug-2026,{'isSLBSec': True},XO,2026-09-13
KPITTECH,0.0,0,0.94,15,0.94,553.75,555.0,-1.25,-0.23,152535,2.69,15,14.1,8278.35,12-Aug-2026,DIVIDEND - RS 5.25 PER SHARE 12-Aug-2026,{'isSLBSec': True},XO,2026-09-13
INDHOTEL,0.0,0,3.0,516,0.0,718.5,720.2,-1.7,-0.24,80646,2.21,0,0.0,0.0,23-Jun-2026,DIVIDEND - RS 3.25 PER SHARE 23-Jun-2026,{'isSLBSec': True},XO,2026-09-13
CAMS,0.0,0,2.38,195,0.0,711.0,712.8,-1.8,-0.25,1892,2.03,0,0.0,0.0,12-Aug-2026,INTERIM DIVIDEND - RS 2.50 PER SHARE 12-Aug-2026,{'isSLBSec': True},XO,2026-09-13
DABUR,0.0,0,0.59,13,0.59,376.0,376.95,-0.95,-0.25,990,2.49,45,26.55,16966.8,17-Jul-2026,DIVIDEND - RS 5.50 PER SHARE 17-Jul-2026,{'isSLBSec': True},XO,2026-09-13
UNITDSPR,0.0,0,3.0,1138,0.0,1395.0,1398.5,-3.5,-0.25,1701,3.26,0,0.0,0.0,08-Jul-2026,DIVIDEND - RS 11 PER SHARE 08-Jul-2026,{'isSLBSec': True},XO,2026-09-13
INDIGO,0.0,0,13.0,250,0.0,4973.0,4985.5,-12.5,-0.25,6001,3.19,0,0.0,0.0,13-Aug-2025,DIVIDEND - RS 10 PER SHARE 13-Aug-2025,{'isSLBSec': True},XO,2026-09-13
COALINDIA,0.0,0,0.3,200,0.0,426.4,427.5,-1.1,-0.26,152961,1.3,0,0.0,0.0,04-Sep-2026,DIVIDEND - RS 5.25 PER SHARE 04-Sep-2026,{'isSLBSec': True},XO,2026-09-13
TVSMOTOR,0.0,0,1.98,800,0.0,4125.0,4135.6,-10.6,-0.26,36386,0.77,0,0.0,0.0,30-Mar-2026,INTERIM DIVIDEND - RS 12 PER SHARE 30-Mar-2026,{'isSLBSec': True},XO,2026-09-13
POLICYBZR,0.0,0,5.55,5,0.0,1797.3,1802.1,-4.8,-0.27,20777,1.77,0,0.0,0.0,, ,{'isSLBSec': True},XO,2026-09-13
BAJAJ-AUTO,0.01,150,2.99,5,0.0,11678.0,11709.0,-31.0,-0.27,2489,0.29,0,0.0,0.0,24-Jun-2026,BUY BACK 24-Jun-2026,{'isSLBSec': True},XO,2026-09-13
ATHERENERG,0.0,0,14.99,60,2.0,1656.0,1660.8,-4.8,-0.29,57965,1.92,3,6.0,4980.9,, ,{'isSLBSec': True},XO,2026-09-13
GLENMARK,0.0,0,0.97,1000,0.0,2419.2,2426.1,-6.9,-0.29,2434,0.65,0,0.0,0.0,31-Aug-2026,DIVIDEND - RS 2.50 PER SHARE 31-Aug-2026,{'isSLBSec': True},XO,2026-09-13
GODREJPROP,0.0,0,5.89,226,0.0,1748.0,1753.0,-5.0,-0.29,440,0.91,0,0.0,0.0,28-Jul-2026,DIVIDEND - RS 10 PER SHARE 28-Jul-2026,{'isSLBSec': True},XO,2026-09-13
PERSISTENT,1.01,2,18.0,60,0.0,5516.0,5532.0,-16.0,-0.29,57824,0.36,0,0.0,0.0,27-Jul-2026,DIVIDEND - RS 18 PER SHARE 27-Jul-2026,{'isSLBSec': True},XO,2026-09-13
CHOLAFIN,0.0,0,3.5,2000,0.0,1845.9,1851.5,-5.6,-0.3,34985,3.01,0,0.0,0.0,21-Jul-2026,DIVIDEND - RE 0.70 PER SHARE 21-Jul-2026,{'isSLBSec': True},XO,2026-09-13
DRREDDY,2.5,3125,3.5,21,3.5,1165.5,1169.0,-3.5,-0.3,6059290,4.77,8474,34319.7,9715441.0,10-Jul-2026,DIVIDEND - RS 8 PER SHARE 10-Jul-2026,{'isSLBSec': True},XO,2026-09-13
SONACOMS,0.0,0,2.67,125,0.0,788.0,790.4,-2.4,-0.3,38548,4.03,0,0.0,0.0,25-Jun-2026,DIVIDEND - RS 1.80 PER SHARE 25-Jun-2026,{'isSLBSec': True},XO,2026-09-13
NTPC,0.0,0,0.47,375,0.0,333.4,334.45,-1.05,-0.31,21840,2.24,0,0.0,0.0,02-Sep-2026,DIVIDEND - RS 3.50 PER SHARE 02-Sep-2026,{'isSLBSec': True},XO,2026-09-13
HDFCBANK,0.0,0,0.2,20006,0.0,708.25,710.55,-2.3,-0.32,18666,0.49,0,0.0,0.0,19-Jun-2026,DIVIDEND - RS 13 PER SHARE 19-Jun-2026,{'isSLBSec': True},XO,2026-09-13
IRFC,0.01,4920,0.08,237,0.04,81.09,81.36,-0.27,-0.33,14221958,0.78,7706,308.24,625110.72,13-Mar-2026,INTERIM DIVIDEND - RS 1.05 PER SHARE 13-Mar-2026,{'isSLBSec': True},XO,2026-09-13
APLAPOLLO,0.0,0,8.0,189,0.0,2153.5,2160.8,-7.3,-0.34,11,5.9,0,0.0,0.0,08-Sep-2026,DIVIDEND - RS 8.50 PER SHARE 08-Sep-2026,{'isSLBSec': True},XO,2026-09-13
NESTLEIND,0.0,0,0.9,1000,0.0,1383.3,1388.0,-4.7,-0.34,239703,1.09,0,0.0,0.0,10-Jul-2026,DIVIDEND - RS 5 PER SHARE 10-Jul-2026,{'isSLBSec': True},XO,2026-09-13
DLF,0.0,0,1.49,2023,1.49,644.5,646.75,-2.25,-0.35,12113,3.67,177,219.48,116349.18,27-Jul-2026,DIVIDEND - RS 8 PER SHARE 27-Jul-2026,{'isSLBSec': True},XO,2026-09-13
HEROMOTOCO,0.0,0,9.25,30,0.0,5221.5,5240.0,-18.5,-0.35,18550,3.04,0,0.0,0.0,24-Jul-2026,DIVIDEND - RS 75 PER SHARE 24-Jul-2026,{'isSLBSec': True},XO,2026-09-13
UPL,0.0,0,0.99,500,0.0,572.95,574.95,-2.0,-0.35,8130,27.7,0,0.0,0.0,17-Jul-2026,DIVIDEND - RS 6 PER SHARE 17-Jul-2026,{'isSLBSec': True},XO,2026-09-13
BHEL,0.0,0,0.78,485,0.0,431.0,432.5,-1.5,-0.35,79625,4.34,0,0.0,0.0,17-Jul-2026,DIVIDEND - RS 1.40 PER SHARE 17-Jul-2026,{'isSLBSec': True},XO,2026-09-13
BIOCON,0.0,0,0.98,243,0.0,390.65,392.0,-1.35,-0.35,53951,2.03,0,0.0,0.0,03-Jul-2026,DIVIDEND - RE 0.50 PER SHARE 03-Jul-2026,{'isSLBSec': True},XO,2026-09-13
HDFCAMC,0.0,0,2.24,26,0.0,2403.9,2412.3,-8.4,-0.35,12290,1.32,0,0.0,0.0,05-Jun-2026,DIVIDEND - RS 54 PER SHARE 05-Jun-2026,{'isSLBSec': True},XO,2026-09-13
TIINDIA,0.0,0,4.99,190,0.0,2606.1,2615.5,-9.4,-0.36,3235,30.42,0,0.0,0.0,07-Aug-2026,DIVIDEND - RS 1.50  PER SHARE 07-Aug-2026,{'isSLBSec': True},XO,2026-09-13
BANKINDIA,0.0,0,0.64,250,0.0,140.0,140.5,-0.5,-0.36,10675,7.25,0,0.0,0.0,29-May-2026,DIVIDEND - RS 4.65 PER SHARE 29-May-2026,{'isSLBSec': True},XO,2026-09-13
NATIONALUM,0.0,0,0.5,16143,0.0,361.0,362.35,-1.35,-0.37,18824,4.35,0,0.0,0.0,24-Aug-2026,DIVIDEND - RE 1 PER SHARE 24-Aug-2026,{'isSLBSec': True},XO,2026-09-13
BHARATFORG,0.0,0,4.9,95,0.0,1944.9,1952.0,-7.1,-0.37,14702,0.8,0,0.0,0.0,03-Jul-2026,DIVIDEND - RS 6.50 PER SHARE 03-Jul-2026,{'isSLBSec': True},XO,2026-09-13
ICICIGI,0.0,0,5.0,100,0.0,1459.8,1465.5,-5.7,-0.39,0,7.61,0,0.0,0.0,29-May-2026,DIVIDEND - RS 7 PER SHARE 29-May-2026,{'isSLBSec': True},XO,2026-09-13
JSWSTEEL,0.0,0,2.29,500,0.0,1265.0,1270.0,-5.0,-0.4,6326,0.31,0,0.0,0.0,07-Jul-2026,DIVIDEND - RS 7.10 PER SHARE 07-Jul-2026,{'isSLBSec': True},XO,2026-09-13
IDEA,0.0,0,0.03,22098,0.01,14.97,15.03,-0.06,-0.4,3325761,1.06,180,1.8,2683.8,20-Aug-2024,ANNUAL GENERAL MEETING 20-Aug-2024,{'isSLBSec': True},XO,2026-09-13
INDUSTOWER,0.0,0,3.89,1741,0.0,388.0,389.6,-1.6,-0.41,2728,14.72,0,0.0,0.0,10-Aug-2026,DIVIDEND - RS 14 PER SHARE 10-Aug-2026,{'isSLBSec': True},XO,2026-09-13
CANBK,0.0,0,0.2,15,0.0,124.0,124.51,-0.51,-0.41,20253,3.84,0,0.0,0.0,12-Jun-2026,DIVIDEND - RS 4.20 PER SHARE 12-Jun-2026,{'isSLBSec': True},XO,2026-09-13
INDIANB,0.0,0,6.9,200,0.0,853.5,857.0,-3.5,-0.41,125586,9.3,0,0.0,0.0,10-Jun-2026,DIVIDEND - RS 18.25 PER SHARE 10-Jun-2026,{'isSLBSec': True},XO,2026-09-13
MFSL,0.0,0,2.0,15,0.0,1477.0,1483.0,-6.0,-0.41,11770,2.15,0,0.0,0.0,16-Aug-2024,ANNUAL GENERAL MEETING 16-Aug-2024,{'isSLBSec': True},XO,2026-09-13
NBCC,0.0,0,0.34,500,0.0,82.9,83.25,-0.35,-0.42,239,0.96,0,0.0,0.0,28-Aug-2026,DIVIDEND - RE 0.46 PER SHARE 28-Aug-2026,{'isSLBSec': True},XO,2026-09-13
AMBUJACEM,0.0,0,0.74,1065,0.0,391.85,393.5,-1.65,-0.42,0,3.64,0,0.0,0.0,12-Jun-2026,DIVIDEND - RS 2 PER SHARE 12-Jun-2026,{'isSLBSec': True},XO,2026-09-13
LTF,0.06,4500,0.74,1500,0.0,309.1,310.45,-1.35,-0.44,5844687,1.28,0,0.0,0.0,22-May-2026,DIVIDEND - RS 2.75 PER SHARE 22-May-2026,{'isSLBSec': True},XO,2026-09-13
MOTILALOFS,0.0,0,0.8,5000,0.0,1026.5,1031.0,-4.5,-0.44,392,6.18,0,0.0,0.0,30-Jan-2026,INTERIM DIVIDEND - RS 6 PER SHARE 30-Jan-2026,{'isSLBSec': True},XO,2026-09-13
M&M,0.0,0,1.97,200,0.0,3107.0,3121.1,-14.1,-0.45,4350,0.97,0,0.0,0.0,03-Jul-2026,DIVIDEND - RS 33 PER SHARE 03-Jul-2026,{'isSLBSec': True},XO,2026-09-13
LODHA,1.5,100,39.98,100,0.0,1116.9,1122.0,-5.1,-0.46,585596,8.53,0,0.0,0.0,07-Aug-2026,DIVIDEND - RS 4.25 PER SHARE 07-Aug-2026,{'isSLBSec': True},XO,2026-09-13
CUMMINSIND,0.0,0,7.92,468,0.0,5070.0,5093.5,-23.5,-0.46,8008,2.48,0,0.0,0.0,17-Jul-2026,DIVIDEND - RS 46 PER SHARE 17-Jul-2026,{'isSLBSec': True},XO,2026-09-13
VOLTAS,0.0,0,3.0,5,0.0,1165.0,1170.4,-5.4,-0.46,3778,8.04,0,0.0,0.0,12-Jun-2026,DIVIDEND - RS 4 PER SHARE 12-Jun-2026,{'isSLBSec': True},XO,2026-09-13
ADANIENT,0.0,0,8.0,60,0.0,3060.0,3074.0,-14.0,-0.46,20523,2.59,0,0.0,0.0,12-Jun-2026,DIVIDEND - RS 1.30 PER SHARE 12-Jun-2026,{'isSLBSec': True},XO,2026-09-13
PNB,0.0,0,0.18,1000,0.0,116.75,117.3,-0.55,-0.47,0,5.3,0,0.0,0.0,12-Jun-2026,DIVIDEND - RS 3 PER SHARE 12-Jun-2026,{'isSLBSec': True},XO,2026-09-13
ADANIGREEN,0.0,0,2.99,400,0.0,1281.3,1287.3,-6.0,-0.47,3251,3.72,0,0.0,0.0,14-Jun-2024,ANNUAL GENERAL MEETING 14-Jun-2024,{'isSLBSec': True},XO,2026-09-13
HINDALCO,0.0,0,0.94,650,0.0,981.5,986.2,-4.7,-0.48,9290,1.57,0,0.0,0.0,10-Jul-2026,DIVIDEND - RS 5 PER SHARE 10-Jul-2026,{'isSLBSec': True},XO,2026-09-13
RADICO,0.0,0,5.99,200,0.0,4368.1,4390.1,-22.0,-0.5,7557,0.54,0,0.0,0.0,24-Jul-2026,DIVIDEND - RS 9 PER SHARE 24-Jul-2026,{'isSLBSec': True},XO,2026-09-13
BAJFINANCE,0.0,0,0.69,2500,0.0,1034.5,1039.8,-5.3,-0.51,9000,3.07,0,0.0,0.0,30-Jun-2026,DIVIDEND - RS 6 PER SHARE 30-Jun-2026,{'isSLBSec': True},XO,2026-09-13
LAURUSLABS,0.01,623,4.25,100,0.0,1969.0,1979.0,-10.0,-0.51,3356935,4.84,0,0.0,0.0,08-May-2026,INTERIM DIVIDEND - RS 1.20 PER SHARE 08-May-2026,{'isSLBSec': True},XO,2026-09-13
COFORGE,0.0,0,0.95,1758,0.0,1846.5,1856.1,-9.6,-0.52,4152,8.68,0,0.0,0.0,03-Aug-2026,INTERIM DIVIDEND - RS 4 PER SHARE 03-Aug-2026,{'isSLBSec': True},XO,2026-09-13
ZYDUSLIFE,0.0,0,1.99,218,0.0,1119.1,1124.9,-5.8,-0.52,63513,0.57,0,0.0,0.0,24-Jul-2026,DIVIDEND - RE 1 PER SHARE 24-Jul-2026,{'isSLBSec': True},XO,2026-09-13
OBEROIRLTY,0.0,0,5.55,20,0.0,1741.1,1750.1,-9.0,-0.52,62500,7.29,0,0.0,0.0,23-Jul-2026,INTERIM DIVIDEND - RS 2 PER SHARE 23-Jul-2026,{'isSLBSec': True},XO,2026-09-13
PAYTM,0.0,0,6.0,50,0.0,1807.5,1817.0,-9.5,-0.53,32333,8.78,0,0.0,0.0,, ,{'isSLBSec': True},XO,2026-09-13
HCLTECH,0.01,1600,1.55,800,0.0,1206.1,1212.5,-6.4,-0.53,4164697,0.13,0,0.0,0.0,17-Jul-2026,INTERIM DIVIDEND - RS 12 PER SHARE 17-Jul-2026,{'isSLBSec': True},XO,2026-09-13
TATAELXSI,0.0,0,6.9,1,0.0,3383.0,3401.0,-18.0,-0.53,467091,0.02,0,0.0,0.0,10-Jun-2026,DIVIDEND - RS 75 PER SHARE 10-Jun-2026,{'isSLBSec': True},XO,2026-09-13
SBIN,0.0,0,0.53,25,0.0,995.7,1001.0,-5.3,-0.53,126099,1.28,0,0.0,0.0,15-May-2026,DIVIDEND - RS 17.35 PER SHARE 15-May-2026,{'isSLBSec': True},XO,2026-09-13
SBICARD,0.15,50,0.7,432,0.7,655.2,658.7,-3.5,-0.53,246975,1.7,18,12.6,12006.0,11-Mar-2026,INTERIM DIVIDEND - RS 2.50 PER SHARE 11-Mar-2026,{'isSLBSec': True},XO,2026-09-13
APOLLOHOSP,0.0,0,5.0,69,0.0,8836.0,8883.5,-47.5,-0.54,0,0.9,0,0.0,0.0,14-Aug-2026,DIVIDEND - RS 10 PER SH 14-Aug-2026,{'isSLBSec': True},XO,2026-09-13
SUNPHARMA,0.01,1400,0.8,2840,0.0,1840.0,1849.9,-9.9,-0.54,46551,0.78,0,0.0,0.0,07-Jul-2026,DIVIDEND - RS 5 PER SHARE 07-Jul-2026,{'isSLBSec': True},XO,2026-09-13
HINDUNILVR,0.0,0,0.85,46,0.0,1927.0,1937.4,-10.4,-0.54,3701,0.74,0,0.0,0.0,23-Jun-2026,DIVIDEND - RS 22 PER SHARE 23-Jun-2026,{'isSLBSec': True},XO,2026-09-13
HINDZINC,0.0,0,1.91,425,0.0,576.45,579.55,-3.1,-0.54,1685,5.37,0,0.0,0.0,30-Apr-2026,INTERIM DIVIDEND - RS 11 PER SHARE 30-Apr-2026,{'isSLBSec': True},XO,2026-09-13
ONGC,0.0,0,0.4,754,0.0,232.5,233.79,-1.29,-0.55,4573,3.07,0,0.0,0.0,04-Sep-2026,DIVIDEND - RE 1 PER SHARE 04-Sep-2026,{'isSLBSec': True},XO,2026-09-13
GAIL,0.0,0,0.13,200,0.0,173.62,174.58,-0.96,-0.55,140068,0.18,0,0.0,0.0,02-Sep-2026,DIVIDEND - RE 0.50 PER SHARE 02-Sep-2026,{'isSLBSec': True},XO,2026-09-13
BOSCHLTD,0.0,0,99.93,3,0.0,48385.0,48650.0,-265.0,-0.55,463,2.95,0,0.0,0.0,04-Aug-2026,DIVIDEND - RS 270 PER SHARE 04-Aug-2026,{'isSLBSec': True},XO,2026-09-13
NMDC,0.0,0,0.1,1000,0.0,82.4,82.85,-0.45,-0.55,155477,5.78,0,0.0,0.0,13-Feb-2026,INTERIM DIVIDEND - RS 2.50 PER SHARE 13-Feb-2026,{'isSLBSec': True},XO,2026-09-13
IOC,0.0,0,0.17,1650,0.0,135.11,135.9,-0.79,-0.58,100500,2.94,0,0.0,0.0,14-Aug-2026,DIVIDEND - RS 1.25 PER SHARE 14-Aug-2026,{'isSLBSec': True},XO,2026-09-13
INDUSINDBK,0.0,0,1.0,6,1.0,978.2,984.0,-5.8,-0.59,114985,1.62,284,261.28,282381.2,25-Jun-2026,DIVIDEND - RS 1.50 PER SHARE 25-Jun-2026,{'isSLBSec': True},XO,2026-09-13
ADANIPOWER,0.0,0,0.12,25000,0.12,209.97,211.2,-1.23,-0.59,7810,0.91,95,11.4,20293.9,22-Sep-2025,FACE VALUE SPLIT (SUB-DIVISION) - FROM RS 10/- PER SHARE TO RS 2/- PER SHARE 22-Sep-2025,{'isSLBSec': True},XO,2026-09-13
TATAPOWER,0.0,0,0.17,476,0.0,364.65,366.85,-2.2,-0.6,442,0.65,0,0.0,0.0,23-Jun-2026,DIVIDEND - RS 2.50 PER SHARE 23-Jun-2026,{'isSLBSec': True},XO,2026-09-13
SBILIFE,0.0,0,1.98,333,0.0,1684.7,1694.8,-10.1,-0.6,100,1.87,0,0.0,0.0,06-Mar-2026,INTERIM DIVIDEND - RS 2.70 PER SHARE 06-Mar-2026,{'isSLBSec': True},XO,2026-09-13
CGPOWER,0.0,0,2.0,100,0.0,909.0,914.45,-5.45,-0.6,16050,3.49,0,0.0,0.0,30-Jan-2026,INTERIM DIVIDEND - RS 1.30 PER SHARE 30-Jan-2026,{'isSLBSec': True},XO,2026-09-13
NAUKRI,0.0,0,3.8,1205,0.0,1250.8,1258.4,-7.6,-0.61,0,7.52,0,0.0,0.0,24-Jul-2026,DIVIDEND - RS 3.60 PER SHARE 24-Jul-2026,{'isSLBSec': True},XO,2026-09-13
BRITANNIA,0.0,0,6.5,500,0.0,4962.0,4993.0,-31.0,-0.62,143908,0.31,0,0.0,0.0,31-Jul-2026,DIVIDEND - RS 90.50 PER SHARE 31-Jul-2026,{'isSLBSec': True},XO,2026-09-13
SOLARINDS,0.0,0,50.0,20,0.0,22290.0,22430.0,-140.0,-0.63,192,7.12,0,0.0,0.0,28-Jul-2026,DIVIDEND - RS 11 PER SHARE 28-Jul-2026,{'isSLBSec': True},XO,2026-09-13
POLYCAB,0.0,0,16.0,27,0.0,8241.0,8293.0,-52.0,-0.63,3132,3.84,0,0.0,0.0,19-Jun-2026,DIVIDEND - RS 47 PER SHARE 19-Jun-2026,{'isSLBSec': True},XO,2026-09-13
DIVISLAB,0.0,0,10.0,100,0.0,9322.0,9381.5,-59.5,-0.64,2304,2.55,0,0.0,0.0,24-Jul-2026,DIVIDEND - RS 30 PER SHARE 24-Jul-2026,{'isSLBSec': True},XO,2026-09-13
ADANIENSOL,0.0,0,5.0,1865,0.0,1373.0,1381.8,-8.8,-0.64,199191,4.28,0,0.0,0.0,14-Jun-2024,ANNUAL GENERAL MEETING 14-Jun-2024,{'isSLBSec': True},XO,2026-09-13
EICHERMOT,0.0,0,4.98,90,0.0,7530.0,7579.5,-49.5,-0.66,0,1.05,0,0.0,0.0,31-Jul-2026,DIVIDEND - RS 82 PER SHARE 31-Jul-2026,{'isSLBSec': True},XO,2026-09-13
LICI,0.0,0,1.25,1,0.0,404.1,406.75,-2.65,-0.66,11328,6.87,0,0.0,0.0,25-Jun-2026,DIVIDEND - RS 10 PER SHARE 25-Jun-2026,{'isSLBSec': True},XO,2026-09-13
PREMIERENE,0.25,462,3.0,462,0.0,974.2,980.6,-6.4,-0.66,47366,0.77,0,0.0,0.0,08-May-2026,INTERIM DIVIDEND - RE 0.75 PER SHARE 08-May-2026,{'isSLBSec': True},XO,2026-09-13
BPCL,0.0,0,0.64,11,0.0,304.5,306.55,-2.05,-0.67,28875,2.61,0,0.0,0.0,02-Feb-2026,INTERIM DIVIDEND - RS 10 PER SHARE 02-Feb-2026,{'isSLBSec': True},XO,2026-09-13
INFY,0.02,200,0.5,40,0.0,1037.7,1044.8,-7.1,-0.68,10720614,0.76,0,0.0,0.0,10-Jun-2026,DIVIDEND - RS 25 PER SHARE 10-Jun-2026,{'isSLBSec': True},XO,2026-09-13
RELIANCE,0.0,0,0.35,225,0.0,1257.5,1266.1,-8.6,-0.68,1645090,0.49,0,0.0,0.0,05-Jun-2026,DIVIDEND - RS 6 PER SHARE 05-Jun-2026,{'isSLBSec': True},XO,2026-09-13
MARICO,0.0,0,0.55,35,0.0,802.1,807.65,-5.55,-0.69,1200,1.09,0,0.0,0.0,30-Jul-2026,DIVIDEND - RS 4 PER SHARE 30-Jul-2026,{'isSLBSec': True},XO,2026-09-13
CONCOR,0.0,0,0.85,30,0.0,499.25,502.8,-3.55,-0.71,521,15.89,0,0.0,0.0,04-Aug-2026,INTERIM DIVIDEND - RS 1.60 PER SHARE 04-Aug-2026,{'isSLBSec': True},XO,2026-09-13
HAL,0.0,0,3.99,100,0.0,4905.0,4940.5,-35.5,-0.72,898,1.6,0,0.0,0.0,14-Aug-2026,DIVIDEND - RS 10 PER SH 14-Aug-2026,{'isSLBSec': True},XO,2026-09-13
BHARTIARTL,0.0,0,1.48,70,0.0,1831.1,1844.5,-13.4,-0.73,16607,0.86,0,0.0,0.0,24-Jul-2026,DIVIDEND - RS 24 PER SHARE 24-Jul-2026,{'isSLBSec': True},XO,2026-09-13
AXISBANK,0.0,0,0.95,1500,0.0,1246.0,1255.3,-9.3,-0.75,43185,2.53,0,0.0,0.0,10-Jul-2026,DIVIDEND - RE 1 PER SHARE 10-Jul-2026,{'isSLBSec': True},XO,2026-09-13
UNIONBANK,0.0,0,0.9,10000,0.0,178.1,179.45,-1.35,-0.76,44250,4.37,0,0.0,0.0,03-Jul-2026,DIVIDEND - RS 5 PER SHARE 03-Jul-2026,{'isSLBSec': True},XO,2026-09-13
TMPV,0.0,0,0.27,650,0.0,301.1,303.4,-2.3,-0.76,26809,1.48,0,0.0,0.0,19-Jun-2026,DIVIDEND - RS 3 PER SHARE 19-Jun-2026,{'isSLBSec': True},XO,2026-09-13
HINDPETRO,0.0,0,0.39,5250,0.0,352.0,354.7,-2.7,-0.77,31866,2.21,0,0.0,0.0,14-Aug-2026,DIVIDEND - RS 19.25 PER SHARE 14-Aug-2026,{'isSLBSec': True},XO,2026-09-13
MARUTI,0.0,0,4.2,109,0.0,12400.0,12495.0,-95.0,-0.77,2213,0.54,0,0.0,0.0,07-Aug-2026,DIVIDEND - RS 140 PER SHARE 07-Aug-2026,{'isSLBSec': True},XO,2026-09-13
MAHABANK,0.0,0,0.26,50,0.0,84.2,84.85,-0.65,-0.77,0,9.42,0,0.0,0.0,05-Jun-2026,DIVIDEND - RS 1.20 PER SH 05-Jun-2026,{'isSLBSec': True},XO,2026-09-13
RECLTD,0.01,19338,0.5,2400,0.01,312.7,315.15,-2.45,-0.78,2978680,0.05,534,48.06,167574.54,14-Aug-2026,DIVIDEND - RS 1.55 PER SHARE 14-Aug-2026,{'isSLBSec': True},XO,2026-09-13
ICICIBANK,0.0,0,0.6,4064,0.0,1379.3,1390.1,-10.8,-0.78,154546,0.56,0,0.0,0.0,03-Aug-2026,DIVIDEND - RS 12 PER SHARE 03-Aug-2026,{'isSLBSec': True},XO,2026-09-13
UNOMINDA,0.0,0,29.0,6,0.0,1201.6,1211.0,-9.4,-0.78,2873,39.56,0,0.0,0.0,29-May-2026,DIVIDEND - RS 1.75 PER SHARE 29-May-2026,{'isSLBSec': True},XO,2026-09-13
DMART,0.16,300,10.0,1200,0.0,3688.0,3716.7,-28.7,-0.78,1476166,1.29,0,0.0,0.0,09-Aug-2021, ANNUAL GENERAL MEETING 09-Aug-2021,{'isSLBSec': True},XO,2026-09-13
MCX,0.0,0,3.21,59,0.0,3276.0,3302.0,-26.0,-0.79,178157,1.69,0,0.0,0.0,28-Aug-2026,DIVIDEND - RS 8 PER SHARE 28-Aug-2026,{'isSLBSec': True},XO,2026-09-13
ITC,0.0,0,0.18,796,0.0,259.85,261.9,-2.05,-0.79,2534843,1.59,0,0.0,0.0,27-May-2026,DIVIDEND - RS 8 PER SHARE 27-May-2026,{'isSLBSec': True},XO,2026-09-13
JIOFIN,0.0,0,0.18,2900,0.0,229.9,231.75,-1.85,-0.8,98215,1.38,0,0.0,0.0,10-Aug-2026,DIVIDEND - RS 0.60 PER SHARE 10-Aug-2026,{'isSLBSec': True},XO,2026-09-13
BAJAJFINSV,0.0,0,0.9,6333,0.0,1913.5,1928.9,-15.4,-0.8,3027,0.79,0,0.0,0.0,30-Jun-2026,DIVIDEND - RS 1.50 PER SHARE 30-Jun-2026,{'isSLBSec': True},XO,2026-09-13
SHRIRAMFIN,0.0,0,2.13,1,0.0,1028.6,1036.9,-8.3,-0.81,3524,7.64,0,0.0,0.0,03-Jul-2026,DIVIDEND - RS 6 PER SHARE 03-Jul-2026,{'isSLBSec': True},XO,2026-09-13
RBLBANK,0.0,0,0.79,200,0.0,412.55,415.95,-3.4,-0.82,2595,29.62,0,0.0,0.0,14-Aug-2026,DIVIDEND - RE 1 PER SHARE 14-Aug-2026,{'isSLBSec': True},XO,2026-09-13
IDFCFIRSTB,0.0,0,0.05,227286,0.0,86.21,86.92,-0.71,-0.82,209367,0.92,0,0.0,0.0,07-Aug-2026,DIVIDEND - RE 0.25 PER SHARE 07-Aug-2026,{'isSLBSec': True},XO,2026-09-13
YESBANK,0.0,0,0.01,1600,0.0,23.48,23.68,-0.2,-0.85,31111,0.68,0,0.0,0.0,03-Jun-2019, ANNUAL GENERAL MEETING/ DIVIDEND - RS 2 PER SHARE 03-Jun-2019,{'isSLBSec': True},XO,2026-09-13
TATACONSUM,0.0,0,0.88,2503,0.0,991.0,999.5,-8.5,-0.86,1652,1.41,0,0.0,0.0,25-May-2026,DIVIDEND - RS 10 PER SHARE 25-May-2026,{'isSLBSec': True},XO,2026-09-13
SUZLON,0.0,0,0.04,4500,0.0,44.12,44.5,-0.38,-0.86,356810,1.44,0,0.0,0.0,03-Sep-2024,ANNUAL GENERAL MEETING 03-Sep-2024,{'isSLBSec': True},XO,2026-09-13
ASHOKLEY,0.0,0,0.25,5000,0.0,163.75,165.18,-1.43,-0.87,5128,3.2,0,0.0,0.0,03-Jun-2026,INTERIM DIVIDEND - RS 2.50 PER SHARE 03-Jun-2026,{'isSLBSec': True},XO,2026-09-13
MUTHOOTFIN,0.0,0,18.79,20,0.0,2792.1,2816.5,-24.4,-0.87,3334,6.82,0,0.0,0.0,17-Apr-2026,INTERIM DIVIDEND - RS 30 PER SHARE 17-Apr-2026,{'isSLBSec': True},XO,2026-09-13
ANGELONE,0.05,330,2.5,1000,0.0,305.0,307.7,-2.7,-0.89,330906,0.26,0,0.0,0.0,21-Jul-2026,INTERIM DIVIDEND - RE 1 PER SHARE 21-Jul-2026,{'isSLBSec': True},XO,2026-09-13
BSE,0.01,800,1.78,955,0.0,3384.0,3414.0,-30.0,-0.89,935403,0.86,0,0.0,0.0,10-Jul-2026,DIVIDEND - RS 10 PER SHARE 10-Jul-2026,{'isSLBSec': True},XO,2026-09-13
SWIGGY,0.01,600,1.13,13393,0.0,278.2,280.7,-2.5,-0.9,6857289,1.71,0,0.0,0.0,, ,{'isSLBSec': True},XO,2026-09-13
DELHIVERY,0.0,0,0.75,1,0.0,439.0,442.95,-3.95,-0.9,0,2.71,0,0.0,0.0,20-Sep-2023,ANNUAL GENERAL MEETING 20-Sep-2023,{'isSLBSec': True},XO,2026-09-13
TCS,0.01,1800,1.3,385,0.0,2200.8,2221.0,-20.2,-0.92,691988,0.94,0,0.0,0.0,15-Jul-2026,INTERIM DIVIDEND - RS 12 PER SHARE 15-Jul-2026,{'isSLBSec': True},XO,2026-09-13
ALKEM,0.0,0,15.84,3,0.0,5087.5,5136.5,-49.0,-0.96,781,6.24,0,0.0,0.0,07-Aug-2026,DIVIDEND - RS 10 PER SHARE 07-Aug-2026,{'isSLBSec': True},XO,2026-09-13
MPHASIS,0.0,0,8.9,125,0.0,2295.0,2317.9,-22.9,-1.0,7067,4.84,0,0.0,0.0,08-Jul-2026,DIVIDEND - RS 62 PER SHARE 08-Jul-2026,{'isSLBSec': True},XO,2026-09-13
NHPC,0.1,475,0.3,20100,0.45,76.38,77.17,-0.79,-1.03,17609868,9.35,400,180.0,30720.0,12-Aug-2026,DIVIDEND - RE 0.21 PER SH 12-Aug-2026,{'isSLBSec': True},XO,2026-09-13
LICHSGFIN,0.0,0,1.9,5400,0.0,562.9,568.75,-5.85,-1.04,15427,5.55,0,0.0,0.0,21-Aug-2026,DIVIDEND - RS 10 PER SHARE 21-Aug-2026,{'isSLBSec': True},XO,2026-09-13
SAIL,0.0,0,0.31,1,0.0,179.0,181.0,-2.0,-1.12,75987,10.64,0,0.0,0.0,08-Sep-2025,DIVIDEND - RS 1.60 PER SHARE 08-Sep-2025,{'isSLBSec': True},XO,2026-09-13
KAYNES,8.3,13,59.99,100,40.0,3505.0,3430.0,75.0,2.14,58422,8.17,232,8878.64,821048.0,08-Sep-2023,ANNUAL GENERAL MEETING 08-Sep-2023,{'isSLBSec': True},XN,2026-09-13
PIIND,15.0,10500,34.0,182,34.0,2259.0,2215.0,44.0,1.95,203339,10.77,150553,5049547.62,361176647.0,07-Aug-2026,DIVIDEND - RS 10 PER SHARE 07-Aug-2026,{'isSLBSec': True},XN,2026-09-13
BLUESTARCO,22.1,650,25.98,150,26.0,1558.0,1530.2,27.8,1.78,631092,11.94,22680,549763.2,34927200.0,17-Jul-2026,DIVIDEND - RS 8.50 PER SHARE 17-Jul-2026,{'isSLBSec': True},XN,2026-09-13
LTM,41.0,621,64.0,505,41.0,4275.0,4211.1,63.9,1.49,354542,6.86,17437,1109341.94,76984355.0,25-May-2026,DIVIDEND - RS 53 PER SHARE 25-May-2026,{'isSLBSec': True},XN,2026-09-13
WIPRO,2.7,759,2.71,100,2.7,167.4,165.09,2.31,1.38,15692917,11.54,793650,1730157.0,134126850.0,27-Jul-2026,INTERIM DIVIDEND - RS 2 PER SHARE 27-Jul-2026,{'isSLBSec': True},XN,2026-09-13
BDL,11.0,800,17.0,1594,17.0,1190.0,1174.2,15.8,1.33,217758,10.22,45209,668641.11,54793308.0,09-Feb-2026,INTERIM DIVIDEND - RS 4.50 PER SHARE 09-Feb-2026,{'isSLBSec': True},XN,2026-09-13
DIXON,140.0,2,190.0,19,140.0,13425.0,13287.0,138.0,1.03,93603,7.46,158,23951.22,2155120.0,16-Sep-2025,DIVIDEND - RS 8 PER SHARE 16-Sep-2025,{'isSLBSec': True},XN,2026-09-13
LODHA,7.0,6250,20.0,550,0.0,1116.9,1105.6,11.3,1.01,99730,16.02,0,0.0,0.0,07-Aug-2026,DIVIDEND - RS 4.25 PER SHARE 07-Aug-2026,{'isSLBSec': True},XN,2026-09-13
HAVELLS,3.51,500,14.0,515,6.0,1111.0,1102.3,8.7,0.78,149172,3.87,2790,31192.2,3130380.0,22-May-2026,DIVIDEND - RS 6 PER SHARE 22-May-2026,{'isSLBSec': True},XN,2026-09-13
OFSS,40.0,200,132.99,20,133.0,11763.0,11689.0,74.0,0.63,21895,8.09,17483,824847.94,207313414.0,07-May-2026,INTERIM DIVIDEND - RS 270 PER SHARE 07-May-2026,{'isSLBSec': True},XN,2026-09-13
KFINTECH,4.8,1,6.45,36,6.45,900.0,894.45,5.55,0.62,9400,5.13,2440,12883.2,2209298.0,15-Jul-2026,DIVIDEND - RS 12 PER SHARE 15-Jul-2026,{'isSLBSec': True},XN,2026-09-13
KEI,10.0,35,40.0,500,0.0,4578.0,4563.0,15.0,0.33,137309,7.82,0,0.0,0.0,28-Jan-2026,INTERIM DIVIDEND - RS 4.50 PER SHARE 28-Jan-2026,{'isSLBSec': True},XN,2026-09-13
HYUNDAI,13.0,275,19.0,31,13.01,2174.0,2167.0,7.0,0.32,112907,4.28,3276,66994.2,7266200.76,05-Aug-2026,DIVIDEND - RS 21 PER SHARE 05-Aug-2026,{'isSLBSec': True},XN,2026-09-13
TECHM,0.5,6000,3.5,1030,0.0,1541.0,1536.8,4.2,0.27,600,0.23,0,0.0,0.0,03-Jul-2026,DIVIDEND - RS 36 PER SHARE 03-Jul-2026,{'isSLBSec': True},XN,2026-09-13
NAM-INDIA,0.0,0,8.98,2000,0.0,1189.6,1187.1,2.5,0.21,19580,6.0,0,0.0,0.0,25-Jun-2026,DIVIDEND - RS 12.50 PER SHARE 25-Jun-2026,{'isSLBSec': True},XN,2026-09-13
SIEMENS,5.05,1500,19.0,1850,19.99,3957.0,3949.0,8.0,0.2,125288,3.62,4630,41299.6,18401425.7,29-Jul-2026,DIVIDEND - RS 18 PER SHARE 29-Jul-2026,{'isSLBSec': True},XN,2026-09-13
HCLTECH,0.52,800,2.59,75,0.0,1206.1,1204.2,1.9,0.16,59312,1.78,0,0.0,0.0,17-Jul-2026,INTERIM DIVIDEND - RS 12 PER SHARE 17-Jul-2026,{'isSLBSec': True},XN,2026-09-13
PERSISTENT,15.5,625,24.0,80,20.0,5516.0,5508.5,7.5,0.14,160074,2.59,8383,214269.48,46353798.5,27-Jul-2026,DIVIDEND - RS 18 PER SHARE 27-Jul-2026,{'isSLBSec': True},XN,2026-09-13
BAJAJHLDNG,3.5,450,8.95,520,8.95,11134.0,11118.0,16.0,0.14,1210,0.58,1210,10769.0,13311149.5,30-Jun-2026,DIVIDEND - RS 80 PER SHARE & SPECIAL DIVIDEND RS 50 PER SHARE 30-Jun-2026,{'isSLBSec': True},XN,2026-09-13
JUBLFOOD,0.0,0,10.5,2754,0.0,470.25,469.7,0.55,0.12,208064,15.98,0,0.0,0.0,17-Jul-2026,DIVIDEND - RS 1.20 PER SHARE 17-Jul-2026,{'isSLBSec': True},XN,2026-09-13
NHPC,0.24,49995,0.45,3295,0.45,76.38,76.3,0.08,0.1,1096026,4.22,34750,15290.0,2668800.0,12-Aug-2026,DIVIDEND - RE 0.21 PER SH 12-Aug-2026,{'isSLBSec': True},XN,2026-09-13
GMRAIRPORT,0.2,10000,0.0,0,0.3,97.98,97.95,0.03,0.03,5550,2.19,5550,1665.0,542568.0,05-Sep-2024,ANNUAL GENERAL MEETING 05-Sep-2024,{'isSLBSec': True},XN,2026-09-13
NMDC,0.0,0,0.39,2000,0.0,82.4,82.38,0.02,0.02,100,1.74,0,0.0,0.0,13-Feb-2026,INTERIM DIVIDEND - RS 2.50 PER SHARE 13-Feb-2026,{'isSLBSec': True},XN,2026-09-13
LGEINDIA,0.0,0,14.99,13,0.0,0.0,0.0,0.0,0.0,0,0.0,0,0.0,0.0,, ,{'isSLBSec': True},XN,2026-09-13
FIRSTCRY,0.0,0,24.42,32,0.0,0.0,0.0,0.0,0.0,0,0.0,0,0.0,0.0,, ,{'isSLBSec': True},XN,2026-09-13
WAAREERTL,0.0,0,10.28,1,0.0,0.0,0.0,0.0,0.0,0,0.0,0,0.0,0.0,, ,{'isSLBSec': True},XN,2026-09-13
BAJAJHFL,0.0,0,0.43,200,0.0,0.0,0.0,0.0,0.0,0,0.0,0,0.0,0.0,, ,{'isSLBSec': True},XN,2026-09-13
MEESHO,0.0,0,12.0,100,0.0,0.0,0.0,0.0,0.0,0,0.0,0,0.0,0.0,, ,{'isSLBSec': True},XN,2026-09-13
GROWW,0.0,0,1.71,300,0.0,0.0,0.0,0.0,0.0,0,0.0,0,0.0,0.0,, ,{'isSLBSec': True},XN,2026-09-13
ORKLAINDIA,0.0,0,10.0,280,0.0,0.0,0.0,0.0,0.0,0,0.0,0,0.0,0.0,, ,{'isSLBSec': True},XN,2026-09-13
PNGJL,0.0,0,5.9,856,0.0,0.0,0.0,0.0,0.0,0,0.0,0,0.0,0.0,, ,{'isSLBSec': True},XN,2026-09-13
PWL,0.0,0,1.25,3799,0.0,0.0,0.0,0.0,0.0,0,0.0,0,0.0,0.0,, ,{'isSLBSec': True},XN,2026-09-13
SAILIFE,0.0,0,14.0,450,0.0,0.0,0.0,0.0,0.0,0,0.0,0,0.0,0.0,, ,{'isSLBSec': True},XN,2026-09-13
KWIL,0.0,0,1.99,1000,0.0,0.0,0.0,0.0,0.0,0,0.0,0,0.0,0.0,, ,{'isSLBSec': True},XN,2026-09-13
AAVAS,0.0,0,5.0,128,0.0,0.0,0.0,0.0,0.0,0,0.0,0,0.0,0.0,, ,{'isSLBSec': True},XN,2026-09-13
OLAELEC,0.0,0,0.49,2500,0.0,0.0,0.0,0.0,0.0,0,0.0,0,0.0,0.0,, ,{'isSLBSec': True},XN,2026-09-13
MAFANG,0.0,0,1.0,10000,0.0,0.0,0.0,0.0,0.0,0,0.0,0,0.0,0.0,, ,{'isSLBSec': True},XN,2026-09-13
SGMART,0.0,0,4.0,127,0.0,0.0,0.0,0.0,0.0,0,0.0,0,0.0,0.0,, ,{'isSLBSec': True},XN,2026-09-13
SBFC,0.0,0,1.49,14621,0.0,0.0,0.0,0.0,0.0,0,0.0,0,0.0,0.0,, ,{'isSLBSec': True},XN,2026-09-13
CAPLIPOINT,0.0,0,8.0,35,0.0,0.0,0.0,0.0,0.0,0,0.0,0,0.0,0.0,18-Sep-2026,DIVIDEND - RS 4 PER SHARE 18-Sep-2026,{'isSLBSec': True},XN,2026-09-13
SANSERA,0.0,0,29.0,10,0.0,0.0,0.0,0.0,0.0,0,0.0,0,0.0,0.0,17-Sep-2026,DIVIDEND - RS 4 PER SHARE 17-Sep-2026,{'isSLBSec': True},XN,2026-09-13
HINDCOPPER,0.0,0,1.0,649,0.0,0.0,0.0,0.0,0.0,0,0.0,0,0.0,0.0,16-Sep-2026,DIVIDEND - RS 1.86 PER SHARE 16-Sep-2026,{'isSLBSec': True},XN,2026-09-13
BLS,0.0,0,0.9,2849,0.0,0.0,0.0,0.0,0.0,0,0.0,0,0.0,0.0,16-Sep-2026,DIVIDEND - RE 0.50 PER SHARE 16-Sep-2026,{'isSLBSec': True},XN,2026-09-13
CARYSIL,0.0,0,10.0,584,0.0,0.0,0.0,0.0,0.0,0,0.0,0,0.0,0.0,15-Sep-2026,DIVIDEND - RS 3 PER SHARE 15-Sep-2026,{'isSLBSec': True},XN,2026-09-13
DBL,0.0,0,3.0,65,0.0,0.0,0.0,0.0,0.0,0,0.0,0,0.0,0.0,15-Sep-2026,DIVIDEND - RE 1 PER SHARE 15-Sep-2026,{'isSLBSec': True},XN,2026-09-13
TIMETECHNO,0.0,0,8.24,2027,0.0,0.0,0.0,0.0,0.0,0,0.0,0,0.0,0.0,15-Sep-2026,DIVIDEND - RS 1.50 PER SHARE 15-Sep-2026,{'isSLBSec': True},XN,2026-09-13
GNFC,0.0,0,7.0,38,0.0,0.0,0.0,0.0,0.0,0,0.0,0,0.0,0.0,09-Sep-2026,DIVIDEND - RS 21 PER SHARE 09-Sep-2026,{'isSLBSec': True},XN,2026-09-13
TVSHLTD,0.0,0,99.99,10,0.0,0.0,0.0,0.0,0.0,0,0.0,0,0.0,0.0,08-Sep-2026,SCHEME OF ARRANGEMENT - BONUS NCRPS 46:1 08-Sep-2026,{'isSLBSec': True},XN,2026-09-13
HEG,0.0,0,20.0,1000,0.0,0.0,0.0,0.0,0.0,0,0.0,0,0.0,0.0,07-Sep-2026,DEMERGER 07-Sep-2026,{'isSLBSec': True},XN,2026-09-13
ARVIND,0.0,0,3.5,1000,0.0,0.0,0.0,0.0,0.0,0,0.0,0,0.0,0.0,04-Sep-2026,DIVIDEND - RS 4.50 PER SHARE 04-Sep-2026,{'isSLBSec': True},XN,2026-09-13
SCI,0.0,0,1.99,2500,0.0,0.0,0.0,0.0,0.0,0,0.0,0,0.0,0.0,04-Sep-2026,DIVIDEND - RE 1 PER SHARE 04-Sep-2026,{'isSLBSec': True},XN,2026-09-13
ACE,0.0,0,4.97,98,0.0,0.0,0.0,0.0,0.0,0,0.0,0,0.0,0.0,03-Sep-2026,DIVIDEND - RS 2 PER SHARE 03-Sep-2026,{'isSLBSec': True},XN,2026-09-13
GPPL,0.0,0,0.99,30000,0.0,0.0,0.0,0.0,0.0,0,0.0,0,0.0,0.0,02-Sep-2026,DIVIDEND - RS 5 PER SHARE 02-Sep-2026,{'isSLBSec': True},XN,2026-09-13
SUPRAJIT,0.0,0,19.95,2000,0.0,0.0,0.0,0.0,0.0,0,0.0,0,0.0,0.0,01-Sep-2026,DIVIDEND - RS 2 PER SHARE 01-Sep-2026,{'isSLBSec': True},XN,2026-09-13
IONEXCHANG,0.0,0,5.99,100,0.0,0.0,0.0,0.0,0.0,0,0.0,0,0.0,0.0,31-Aug-2026,DIVIDEND - RS 1.25 PER SHARE 31-Aug-2026,{'isSLBSec': True},XN,2026-09-13
PROTEAN,0.0,0,6.0,6,0.0,0.0,0.0,0.0,0.0,0,0.0,0,0.0,0.0,28-Aug-2026,DIVIDEND - RS 10 PER SHARE 28-Aug-2026,{'isSLBSec': True},XN,2026-09-13
POLYMED,0.0,0,7.79,230,0.0,0.0,0.0,0.0,0.0,0,0.0,0,0.0,0.0,28-Aug-2026,DIVIDEND - RS 3.50 PER SHARE 28-Aug-2026,{'isSLBSec': True},XN,2026-09-13
SENCO,0.0,0,4.0,216,0.0,0.0,0.0,0.0,0.0,0,0.0,0,0.0,0.0,24-Aug-2026,DIVIDEND - RE 1 PER SHARE 24-Aug-2026,{'isSLBSec': True},XN,2026-09-13
JSL,0.0,0,7.0,369,0.0,0.0,0.0,0.0,0.0,0,0.0,0,0.0,0.0,21-Aug-2026,DIVIDEND - RS 3 PER SHARE 21-Aug-2026,{'isSLBSec': True},XN,2026-09-13
MAZDOCK,0.0,0,8.99,12,0.0,2339.0,2339.0,0.0,0.0,273,0.38,0,0.0,0.0,20-Aug-2026,DIVIDEND - RS 4.62 PER SHARE 20-Aug-2026,{'isSLBSec': True},XN,2026-09-13
NATCOPHARM,0.0,0,9.51,87,0.0,0.0,0.0,0.0,0.0,0,0.0,0,0.0,0.0,20-Aug-2026,INTERIM DIVIDEND - RS 1.50 PER SHARE 20-Aug-2026,{'isSLBSec': True},XN,2026-09-13
BATAINDIA,0.0,0,4.94,28,0.0,0.0,0.0,0.0,0.0,0,0.0,0,0.0,0.0,19-Aug-2026,INTERIM DIVIDEND - RS 25 PER SHARE 19-Aug-2026,{'isSLBSec': True},XN,2026-09-13
MGL,0.0,0,2.0,999,0.0,0.0,0.0,0.0,0.0,0,0.0,0,0.0,0.0,18-Aug-2026,DIVIDEND - RS 18 PER SHARE 18-Aug-2026,{'isSLBSec': True},XN,2026-09-13
SYRMA,0.0,0,29.2,589,0.0,0.0,0.0,0.0,0.0,0,0.0,0,0.0,0.0,18-Aug-2026,DIVIDEND - RS 1.50 PER SHARE 18-Aug-2026,{'isSLBSec': True},XN,2026-09-13
HUDCO,0.0,0,10.0,296,0.0,0.0,0.0,0.0,0.0,0,0.0,0,0.0,0.0,17-Aug-2026,DIVIDEND - RS 1.50 PER SHARE 17-Aug-2026,{'isSLBSec': True},XN,2026-09-13
NCC,0.0,0,1.25,7000,0.0,0.0,0.0,0.0,0.0,0,0.0,0,0.0,0.0,14-Aug-2026,DIVIDEND - RS 2.20 PER SHARE 14-Aug-2026,{'isSLBSec': True},XN,2026-09-13
LLOYDSENGG,0.0,0,1.29,34,0.0,0.0,0.0,0.0,0.0,0,0.0,0,0.0,0.0,14-Aug-2026,DIVIDEND - RE 0.25 PER SHARE 14-Aug-2026,{'isSLBSec': True},XN,2026-09-13
MEDANTA,0.0,0,5.98,156,0.0,0.0,0.0,0.0,0.0,0,0.0,0,0.0,0.0,14-Aug-2026,DIVIDEND - RE 0.50 PER SHARE 14-Aug-2026,{'isSLBSec': True},XN,2026-09-13
SUDARSCHEM,0.0,0,12.0,477,0.0,0.0,0.0,0.0,0.0,0,0.0,0,0.0,0.0,11-Aug-2026,DIVIDEND - RS 5 PER SHARE 11-Aug-2026,{'isSLBSec': True},XN,2026-09-13
PTC,0.0,0,1.0,662,0.0,0.0,0.0,0.0,0.0,0,0.0,0,0.0,0.0,10-Aug-2026,INTERIM DIVIDEND - RS 23 PER SHARE 10-Aug-2026,{'isSLBSec': True},XN,2026-09-13
RITES,0.0,0,2.0,8500,0.0,0.0,0.0,0.0,0.0,0,0.0,0,0.0,0.0,10-Aug-2026,INTERIM DIVIDEND - RS 1.40 PER SHARE 10-Aug-2026,{'isSLBSec': True},XN,2026-09-13
QUESS,0.0,0,1.79,130,0.0,0.0,0.0,0.0,0.0,0,0.0,0,0.0,0.0,07-Aug-2026,DIVIDEND - RS 3 PER SHARE 07-Aug-2026,{'isSLBSec': True},XN,2026-09-13
UBL,0.0,0,9.9,300,0.0,0.0,0.0,0.0,0.0,0,0.0,0,0.0,0.0,07-Aug-2026,DIVIDEND - RS 10 PER SHARE 07-Aug-2026,{'isSLBSec': True},XN,2026-09-13
GESHIP,0.0,0,7.13,30,0.0,0.0,0.0,0.0,0.0,0,0.0,0,0.0,0.0,07-Aug-2026,INTERIM DIVIDEND - RS 14.40 PER SHARE 07-Aug-2026,{'isSLBSec': True},XN,2026-09-13
BERGEPAINT,0.0,0,1.99,2500,0.0,0.0,0.0,0.0,0.0,0,0.0,0,0.0,0.0,05-Aug-2026,DIVIDEND - RS 4 PER SHARE 05-Aug-2026,{'isSLBSec': True},XN,2026-09-13
IRB,0.0,0,0.3,11566,0.0,0.0,0.0,0.0,0.0,0,0.0,0,0.0,0.0,05-Aug-2026,INTERIM DIVIDEND - RE 0.05 PER SHARE 05-Aug-2026,{'isSLBSec': True},XN,2026-09-13
BAYERCROP,0.0,0,30.0,9,0.0,0.0,0.0,0.0,0.0,0,0.0,0,0.0,0.0,05-Aug-2026,DIVIDEND - RS 60 PER SHARE 05-Aug-2026,{'isSLBSec': True},XN,2026-09-13
MAPMYINDIA,0.0,0,10.9,69,0.0,0.0,0.0,0.0,0.0,0,0.0,0,0.0,0.0,04-Aug-2026,DIVIDEND - RS 3.50 PER SHARE 04-Aug-2026,{'isSLBSec': True},XN,2026-09-13
CEATLTD,0.0,0,4.95,400,0.0,0.0,0.0,0.0,0.0,0,0.0,0,0.0,0.0,31-Jul-2026,DIVIDEND - RS 35 PER SHARE 31-Jul-2026,{'isSLBSec': True},XN,2026-09-13
BOMDYEING,0.0,0,4.99,20,0.0,0.0,0.0,0.0,0.0,0,0.0,0,0.0,0.0,31-Jul-2026,DIVIDEND - RS 0.40 PER SHARE 31-Jul-2026,{'isSLBSec': True},XN,2026-09-13
ANANTRAJ,0.0,0,4.5,1123,0.0,0.0,0.0,0.0,0.0,0,0.0,0,0.0,0.0,31-Jul-2026,DIVIDEND - RE 1 PER SHARE 31-Jul-2026,{'isSLBSec': True},XN,2026-09-13
ENDURANCE,0.0,0,15.0,6,0.0,0.0,0.0,0.0,0.0,0,0.0,0,0.0,0.0,31-Jul-2026,DIVIDEND - RS 11.50 PER SHARE 31-Jul-2026,{'isSLBSec': True},XN,2026-09-13
BASF,0.0,0,39.99,20,0.0,0.0,0.0,0.0,0.0,0,0.0,0,0.0,0.0,30-Jul-2026,DIVIDEND - RS 25 PER SHARE 30-Jul-2026,{'isSLBSec': True},XN,2026-09-13
GREAVESCOT,0.0,0,10.0,2000,0.0,0.0,0.0,0.0,0.0,0,0.0,0,0.0,0.0,28-Jul-2026,DIVIDEND - RS 2 PER SHARE 28-Jul-2026,{'isSLBSec': True},XN,2026-09-13
ARE&M,0.0,0,8.0,16,0.0,0.0,0.0,0.0,0.0,0,0.0,0,0.0,0.0,27-Jul-2026,DIVIDEND - RS 5.20 PER SHARE 27-Jul-2026,{'isSLBSec': True},XN,2026-09-13
TATACAP,0.0,0,6.99,46,0.0,0.0,0.0,0.0,0.0,0,0.0,0,0.0,0.0,27-Jul-2026,DIVIDEND - RE 0.57 PER SHARE 27-Jul-2026,{'isSLBSec': True},XN,2026-09-13
REFEX,0.0,0,1.3,1580,0.0,0.0,0.0,0.0,0.0,0,0.0,0,0.0,0.0,24-Jul-2026,DIVIDEND - RE 1 PER SHARE 24-Jul-2026,{'isSLBSec': True},XN,2026-09-13
JUBLINGREA,0.0,0,18.28,1497,0.0,0.0,0.0,0.0,0.0,0,0.0,0,0.0,0.0,24-Jul-2026,DIVIDEND - RS 2.50 PER SHARE 24-Jul-2026,{'isSLBSec': True},XN,2026-09-13
ABBOTINDIA,0.0,0,100.0,3,0.0,0.0,0.0,0.0,0.0,0,0.0,0,0.0,0.0,24-Jul-2026,DIVIDEND - RS 525 PER SHARE & SPECIAL DIVIDEND RS 131 PER SHARE 24-Jul-2026,{'isSLBSec': True},XN,2026-09-13
NEULANDLAB,0.0,0,26.0,300,0.0,0.0,0.0,0.0,0.0,0,0.0,0,0.0,0.0,24-Jul-2026,DIVIDEND - RS 34 PER SHARE 24-Jul-2026,{'isSLBSec': True},XN,2026-09-13
KARURVYSYA,0.0,0,0.67,2049,0.0,0.0,0.0,0.0,0.0,0,0.0,0,0.0,0.0,24-Jul-2026,DIVIDEND - RS 2.60 PER SHARE 24-Jul-2026,{'isSLBSec': True},XN,2026-09-13
PFIZER,0.0,0,19.99,60,0.0,0.0,0.0,0.0,0.0,0,0.0,0,0.0,0.0,17-Jul-2026,DIVIDEND - RS 75 PER SHARE 17-Jul-2026,{'isSLBSec': True},XN,2026-09-13
ZENSARTECH,0.0,0,4.0,446,0.0,0.0,0.0,0.0,0.0,0,0.0,0,0.0,0.0,17-Jul-2026,DIVIDEND - RS 12.60 PER SHARE 17-Jul-2026,{'isSLBSec': True},XN,2026-09-13
NH,0.0,0,5.0,134,0.0,0.0,0.0,0.0,0.0,0,0.0,0,0.0,0.0,17-Jul-2026,DIVIDEND - RS 4.50 PER SHARE 17-Jul-2026,{'isSLBSec': True},XN,2026-09-13
HAPPSTMNDS,0.0,0,8.0,11,0.0,0.0,0.0,0.0,0.0,0,0.0,0,0.0,0.0,17-Jul-2026,DIVIDEND - RS 3.65 PER SHARE 17-Jul-2026,{'isSLBSec': True},XN,2026-09-13
SAFARI,0.0,0,10.0,108,0.0,0.0,0.0,0.0,0.0,0,0.0,0,0.0,0.0,17-Jul-2026,DIVIDEND - RS 2 PER SHARE 17-Jul-2026,{'isSLBSec': True},XN,2026-09-13
PRUDENT,0.0,0,11.0,46,0.0,0.0,0.0,0.0,0.0,0,0.0,0,0.0,0.0,17-Jul-2026,DIVIDEND - RS 3.50 PER SHARE 17-Jul-2026,{'isSLBSec': True},XN,2026-09-13
BIKAJI,0.0,0,8.0,407,0.0,0.0,0.0,0.0,0.0,0,0.0,0,0.0,0.0,17-Jul-2026,DIVIDEND - RS 1.25 PER SHARE 17-Jul-2026,{'isSLBSec': True},XN,2026-09-13
COROMANDEL,0.0,0,3.0,410,0.0,0.0,0.0,0.0,0.0,1000,0.0,0,0.0,0.0,16-Jul-2026,DIVIDEND - RS 2 PER SHARE 16-Jul-2026,{'isSLBSec': True},XN,2026-09-13
CRAMC,0.0,0,14.98,100,0.0,0.0,0.0,0.0,0.0,0,0.0,0,0.0,0.0,16-Jul-2026,DIVIDEND - RS 2.50 PER SHARE 16-Jul-2026,{'isSLBSec': True},XN,2026-09-13
M&MFIN,0.0,0,0.99,1000,0.0,0.0,0.0,0.0,0.0,0,0.0,0,0.0,0.0,13-Jul-2026,DIVIDEND - RS 7.50 PER SHARE 13-Jul-2026,{'isSLBSec': True},XN,2026-09-13
APOLLOTYRE,0.0,0,4.95,2000,0.0,0.0,0.0,0.0,0.0,0,0.0,0,0.0,0.0,10-Jul-2026,DIVIDEND - RS2.50 PER SHARE 10-Jul-2026,{'isSLBSec': True},XN,2026-09-13
AEGISVOPAK,0.0,0,20.0,5,0.0,0.0,0.0,0.0,0.0,0,0.0,0,0.0,0.0,10-Jul-2026,DIVIDEND - RS 0.20 PER SHARE 10-Jul-2026,{'isSLBSec': True},XN,2026-09-13
ZFCVINDIA,0.0,0,299.99,100,0.0,0.0,0.0,0.0,0.0,0,0.0,0,0.0,0.0,10-Jul-2026,DIVIDEND - RS 4 PER SHARE 10-Jul-2026,{'isSLBSec': True},XN,2026-09-13
BSOFT,0.0,0,5.0,147,0.0,0.0,0.0,0.0,0.0,0,0.0,0,0.0,0.0,10-Jul-2026,DIVIDEND - RS 4 PER SHARE 10-Jul-2026,{'isSLBSec': True},XN,2026-09-13
RPGLIFE,0.0,0,19.99,200,0.0,0.0,0.0,0.0,0.0,0,0.0,0,0.0,0.0,09-Jul-2026,DIVIDEND - RS 24 PER SHARE 09-Jul-2026,{'isSLBSec': True},XN,2026-09-13
EXIDEIND,0.0,0,4.0,28,0.0,0.0,0.0,0.0,0.0,0,0.0,0,0.0,0.0,03-Jul-2026,DIVIDEND - RS 2 PER SHARE 03-Jul-2026,{'isSLBSec': True},XN,2026-09-13
BALAMINES,0.0,0,85.31,6,0.0,0.0,0.0,0.0,0.0,0,0.0,0,0.0,0.0,03-Jul-2026,DIVIDEND - RS 11 PER SHARE 03-Jul-2026,{'isSLBSec': True},XN,2026-09-13
RAYMONDLSL,0.0,0,5.0,260,0.0,0.0,0.0,0.0,0.0,0,0.0,0,0.0,0.0,29-Jun-2026,DIVIDEND - RE 1 PER SHARE 29-Jun-2026,{'isSLBSec': True},XN,2026-09-13
INDIAMART,0.0,0,3.0,349,0.0,0.0,0.0,0.0,0.0,0,0.0,0,0.0,0.0,19-Jun-2026,DIVIDEND - RS 30 PER SHARE/ SPECIAL DIVIDEND - RS 30 PER SHARE 19-Jun-2026,{'isSLBSec': True},XN,2026-09-13
TATACOMM,0.0,0,32.0,53,0.0,0.0,0.0,0.0,0.0,0,0.0,0,0.0,0.0,19-Jun-2026,DIVIDEND - RS 17.50 PER SHARE 19-Jun-2026,{'isSLBSec': True},XN,2026-09-13
HDBFS,0.0,0,3.95,20,0.0,0.0,0.0,0.0,0.0,0,0.0,0,0.0,0.0,18-Jun-2026,DIVIDEND - RS 2 PER SHARE 18-Jun-2026,{'isSLBSec': True},XN,2026-09-13
TATATECH,0.0,0,8.99,150,0.0,0.0,0.0,0.0,0.0,0,0.0,0,0.0,0.0,18-Jun-2026,DIVIDEND - RS 8.35 PER SHARE & SPECIAL DIVIDEND - RS 3.35 PER SHARE 18-Jun-2026,{'isSLBSec': True},XN,2026-09-13
CYIENT,0.0,0,9.0,649,0.0,0.0,0.0,0.0,0.0,0,0.0,0,0.0,0.0,17-Jun-2026,BUY BACK 17-Jun-2026,{'isSLBSec': True},XN,2026-09-13
ACC,0.0,0,8.89,57,0.0,0.0,0.0,0.0,0.0,0,0.0,0,0.0,0.0,12-Jun-2026,DIVIDEND - RS 7.50 PER SHARE 12-Jun-2026,{'isSLBSec': True},XN,2026-09-13
NAVINFLUOR,0.0,0,7.2,19,0.0,0.0,0.0,0.0,0.0,0,0.0,0,0.0,0.0,12-Jun-2026,DIVIDEND - RS 8.60 PER SHARE 12-Jun-2026,{'isSLBSec': True},XN,2026-09-13
ICICIAMC,0.0,0,25.0,225,0.0,0.0,0.0,0.0,0.0,0,0.0,0,0.0,0.0,12-Jun-2026,DIVIDEND - RS 12.40 PER SHARE 12-Jun-2026,{'isSLBSec': True},XN,2026-09-13
JMFINANCIL,0.0,0,29.99,10,0.0,0.0,0.0,0.0,0.0,0,0.0,0,0.0,0.0,12-Jun-2026,DIVIDEND - RS 1.75 PER SHARE 12-Jun-2026,{'isSLBSec': True},XN,2026-09-13
ELECON,0.0,0,4.99,100,0.0,0.0,0.0,0.0,0.0,0,0.0,0,0.0,0.0,12-Jun-2026,DIVIDEND - RS 1.5 PER SHARE 12-Jun-2026,{'isSLBSec': True},XN,2026-09-13
PIRAMALFIN,0.0,0,14.99,50,0.0,0.0,0.0,0.0,0.0,0,0.0,0,0.0,0.0,12-Jun-2026,DIVIDEND - RS 11 PER SHARE 12-Jun-2026,{'isSLBSec': True},XN,2026-09-13
DCBBANK,0.0,0,0.5,3000,0.0,0.0,0.0,0.0,0.0,0,0.0,0,0.0,0.0,12-Jun-2026,DIVIDEND - RS 1.45 PER SHARE 12-Jun-2026,{'isSLBSec': True},XN,2026-09-13
TMCV,0.0,0,1.99,100,0.0,0.0,0.0,0.0,0.0,0,0.0,0,0.0,0.0,12-Jun-2026,DIVIDEND - RS 4 PER SHARE 12-Jun-2026,{'isSLBSec': True},XN,2026-09-13
TATACHEM,0.0,0,0.99,2500,0.0,0.0,0.0,0.0,0.0,0,0.0,0,0.0,0.0,10-Jun-2026,DIVIDEND - RS 11 PER SHARE 10-Jun-2026,{'isSLBSec': True},XN,2026-09-13
BEML,0.0,0,23.57,53,0.0,0.0,0.0,0.0,0.0,0,0.0,0,0.0,0.0,05-Jun-2026,INTERIM DIVIDEND - RS 2.30 PER SHARE 05-Jun-2026,{'isSLBSec': True},XN,2026-09-13
ANANDRATHI,0.0,0,6.45,302,0.0,0.0,0.0,0.0,0.0,0,0.0,0,0.0,0.0,03-Jun-2026,BONUS 1:1 03-Jun-2026,{'isSLBSec': True},XN,2026-09-13
GLAXO,0.0,0,19.99,200,0.0,0.0,0.0,0.0,0.0,0,0.0,0,0.0,0.0,29-May-2026,DIVIDEND - RS 57 PER SHARE 29-May-2026,{'isSLBSec': True},XN,2026-09-13
HOMEFIRST,0.0,0,3.92,327,0.0,0.0,0.0,0.0,0.0,0,0.0,0,0.0,0.0,29-May-2026,DIVIDEND - RS 5.20 PER SHARE 29-May-2026,{'isSLBSec': True},XN,2026-09-13
JINDALSAW,0.0,0,10.0,2000,0.0,0.0,0.0,0.0,0.0,0,0.0,0,0.0,0.0,22-May-2026,DIVIDEND - RS 2 PER SHARE 22-May-2026,{'isSLBSec': True},XN,2026-09-13
APTUS,0.0,0,0.99,1355,0.0,0.0,0.0,0.0,0.0,0,0.0,0,0.0,0.0,15-May-2026,INTERIM DIVIDEND - RS 2.50 PER SHARE 15-May-2026,{'isSLBSec': True},XN,2026-09-13
NUVAMA,0.0,0,5.99,55,0.0,0.0,0.0,0.0,0.0,0,0.0,0,0.0,0.0,15-May-2026,INTERIM DIVIDEND - RS 14 PER SHARE 15-May-2026,{'isSLBSec': True},XN,2026-09-13
UCOBANK,0.0,0,0.09,203,0.0,0.0,0.0,0.0,0.0,0,0.0,0,0.0,0.0,04-May-2026,DIVIDEND - RE 0.44 PER SHARE 04-May-2026,{'isSLBSec': True},XN,2026-09-13
VESUVIUS,0.0,0,20.0,500,0.0,0.0,0.0,0.0,0.0,0,0.0,0,0.0,0.0,30-Apr-2026,DIVIDEND - RS 1.50 PER SHARE 30-Apr-2026,{'isSLBSec': True},XN,2026-09-13
CUPID,0.0,0,1.81,9,0.0,0.0,0.0,0.0,0.0,250,0.0,0,0.0,0.0,09-Mar-2026,BONUS 4:1 09-Mar-2026,{'isSLBSec': True},XN,2026-09-13
IRCTC,0.0,0,0.5,4899,0.0,0.0,0.0,0.0,0.0,22904,0.0,0,0.0,0.0,20-Feb-2026,INTERIM DIVIDEND - RS 3.50 PER SHARE 20-Feb-2026,{'isSLBSec': True},XN,2026-09-13
FSL,0.0,0,1.99,1800,0.0,0.0,0.0,0.0,0.0,0,0.0,0,0.0,0.0,20-Feb-2026,INTERIM DIVIDEND - RS 5.50 PER SHARE 20-Feb-2026,{'isSLBSec': True},XN,2026-09-13
BBTC,0.0,0,100.0,4,0.0,0.0,0.0,0.0,0.0,0,0.0,0,0.0,0.0,20-Feb-2026,INTERIM DIVIDEND - RS 17 PER SHARE 20-Feb-2026,{'isSLBSec': True},XN,2026-09-13
IOLCP,0.0,0,10.0,100,0.0,0.0,0.0,0.0,0.0,0,0.0,0,0.0,0.0,17-Feb-2026,INTERIM DIVIDEND - RE 1 PER SHARE 17-Feb-2026,{'isSLBSec': True},XN,2026-09-13
IIFLCAPS,0.0,0,2.7,3436,0.0,0.0,0.0,0.0,0.0,0,0.0,0,0.0,0.0,16-Feb-2026,INTERIM DIVIDEND - RS 3 PER SHARE 16-Feb-2026,{'isSLBSec': True},XN,2026-09-13
INNOVACAP,0.0,0,8.0,7,0.0,0.0,0.0,0.0,0.0,0,0.0,0,0.0,0.0,30-Jan-2026,INTERIM DIVIDEND - RS 2 PER SHARE 30-Jan-2026,{'isSLBSec': True},XN,2026-09-13
ENRIN,0.0,0,20.0,54,0.0,0.0,0.0,0.0,0.0,0,0.0,0,0.0,0.0,30-Jan-2026,DIVIDEND - RS 4 PER SHARE 30-Jan-2026,{'isSLBSec': True},XN,2026-09-13
TIPSMUSIC,0.0,0,4.0,290,0.0,0.0,0.0,0.0,0.0,0,0.0,0,0.0,0.0,23-Jan-2026,INTERIM DIVIDEND - RS 5 PER SHARE 23-Jan-2026,{'isSLBSec': True},XN,2026-09-13
PATELENG,0.0,0,0.65,5580,0.0,0.0,0.0,0.0,0.0,0,0.0,0,0.0,0.0,04-Dec-2025,RIGHTS 7:40 @ PREMIUM RS 26/- 04-Dec-2025,{'isSLBSec': True},XN,2026-09-13
PRICOLLTD,0.0,0,2.0,105,0.0,0.0,0.0,0.0,0.0,0,0.0,0,0.0,0.0,14-Nov-2025,INTERIM DIVIDEND - RS  2 PER SHARE 14-Nov-2025,{'isSLBSec': True},XN,2026-09-13
AURIONPRO,0.0,0,5.0,190,0.0,0.0,0.0,0.0,0.0,0,0.0,0,0.0,0.0,10-Nov-2025,INTERIM DIVIDEND - RE 1 PER SHARE 10-Nov-2025,{'isSLBSec': True},XN,2026-09-13
GUJALKALI,0.0,0,5.99,80,0.0,0.0,0.0,0.0,0.0,0,0.0,0,0.0,0.0,19-Sep-2025,DIVIDEND - RS 15.80 PER SH 19-Sep-2025,{'isSLBSec': True},XN,2026-09-13
GMDCLTD,0.0,0,10.0,499,0.0,0.0,0.0,0.0,0.0,0,0.0,0,0.0,0.0,18-Sep-2025,DIVIDEND - RS 10.10 PER SHARE 18-Sep-2025,{'isSLBSec': True},XN,2026-09-13
HFCL,0.0,0,2.99,200,0.0,0.0,0.0,0.0,0.0,1000,0.0,0,0.0,0.0,08-Sep-2025,DIVIDEND - RE 0.10 PER SHARE 08-Sep-2025,{'isSLBSec': True},XN,2026-09-13
APOLLO,0.0,0,3.01,300,0.0,0.0,0.0,0.0,0.0,0,0.0,0,0.0,0.0,08-Sep-2025,DIVIDEND - RE 0.25 PER SHARE 08-Sep-2025,{'isSLBSec': True},XN,2026-09-13
DIAMONDYD,0.0,0,26.0,3,0.0,0.0,0.0,0.0,0.0,0,0.0,0,0.0,0.0,31-Jul-2025,DIVIDEND - RE 0.50 PER SHARE 31-Jul-2025,{'isSLBSec': True},XN,2026-09-13
SPANDANA,0.51,1285,7.99,200,0.51,0.0,0.0,0.0,0.0,215,0.0,215,109.65,50026.2,24-Jul-2025,RIGHTS 10:41 @ PREMIUM RS 220/- 24-Jul-2025,{'isSLBSec': True},XN,2026-09-13
PPLPHARMA,0.0,0,0.98,625,0.0,0.0,0.0,0.0,0.0,0,0.0,0,0.0,0.0,16-Jul-2025,DIVIDEND - RE 0.14 PER SHARE 16-Jul-2025,{'isSLBSec': True},XN,2026-09-13
IDBI,0.0,0,0.35,3000,0.0,0.0,0.0,0.0,0.0,0,0.0,0,0.0,0.0,15-Jul-2025,DIVIDEND - RS 2.10 PER SHARE 15-Jul-2025,{'isSLBSec': True},XN,2026-09-13
ABFRL,0.0,0,0.49,4990,0.0,0.0,0.0,0.0,0.0,0,0.0,0,0.0,0.0,22-May-2025,DEMERGER 22-May-2025,{'isSLBSec': True},XN,2026-09-13
GRAVITA,0.0,0,9.0,1179,0.0,0.0,0.0,0.0,0.0,0,0.0,0,0.0,0.0,08-May-2025,INTERIM DIVIDEND - RS 6.35 PER SHARE 08-May-2025,{'isSLBSec': True},XN,2026-09-13
JYOTISTRUC,0.0,0,0.99,520,0.0,0.0,0.0,0.0,0.0,0,0.0,0,0.0,0.0,10-Feb-2025,RIGHTS 9:26 @ PREMIUM RS 14/- 10-Feb-2025,{'isSLBSec': True},XN,2026-09-13
EASEMYTRIP,0.0,0,0.02,205,0.0,0.0,0.0,0.0,0.0,0,0.0,0,0.0,0.0,29-Nov-2024,BONUS 1:1 29-Nov-2024,{'isSLBSec': True},XN,2026-09-13
JAYNECOIND,0.0,0,1.0,103,0.0,0.0,0.0,0.0,0.0,0,0.0,0,0.0,0.0,20-Sep-2024,ANNUAL GENERAL MEETING 20-Sep-2024,{'isSLBSec': True},XN,2026-09-13
SAMMAANCAP,0.0,0,0.72,500,0.0,0.0,0.0,0.0,0.0,0,0.0,0,0.0,0.0,20-Sep-2024,DIVIDEND - RS 2 PER SHARE 20-Sep-2024,{'isSLBSec': True},XN,2026-09-13
LEMONTREE,0.0,0,2.99,50,0.0,0.0,0.0,0.0,0.0,0,0.0,0,0.0,0.0,19-Sep-2024,ANNUAL GENERAL MEETING 19-Sep-2024,{'isSLBSec': True},XN,2026-09-13
KIMS,0.0,0,7.0,650,0.0,0.0,0.0,0.0,0.0,0,0.0,0,0.0,0.0,13-Sep-2024,FACE VALUE SPLIT (SUB-DIVISION) - FROM RS 10/- PER SHARE TO RS 2/- PER SHARE 13-Sep-2024,{'isSLBSec': True},XN,2026-09-13
FEDFINA,0.0,0,0.3,1000,0.0,0.0,0.0,0.0,0.0,0,0.0,0,0.0,0.0,13-Sep-2024,ANNUAL GENERAL MEETING 13-Sep-2024,{'isSLBSec': True},XN,2026-09-13
SCHNEIDER,0.0,0,6.06,33,0.0,0.0,0.0,0.0,0.0,0,0.0,0,0.0,0.0,27-Aug-2024,ANNUAL GENERAL MEETING 27-Aug-2024,{'isSLBSec': True},XN,2026-09-13
EIDPARRY,0.0,0,6.0,170,0.0,0.0,0.0,0.0,0.0,0,0.0,0,0.0,0.0,06-Aug-2024,ANNUAL GENERAL MEETING 06-Aug-2024,{'isSLBSec': True},XN,2026-09-13
GODREJIND,0.0,0,14.99,36,0.0,0.0,0.0,0.0,0.0,0,0.0,0,0.0,0.0,05-Aug-2024,ANNUAL GENERAL MEETING 05-Aug-2024,{'isSLBSec': True},XN,2026-09-13
CREDITACC,0.0,0,15.0,522,0.0,0.0,0.0,0.0,0.0,0,0.0,0,0.0,0.0,26-Jul-2024,ANNUAL GENERAL MEETING/DIVIDEND - RS 10 PER SHARE 26-Jul-2024,{'isSLBSec': True},XN,2026-09-13
UJJIVANSFB,0.0,0,0.2,2700,0.0,0.0,0.0,0.0,0.0,0,0.0,0,0.0,0.0,12-Jul-2024,DIVIDEND - RS 1.50 PER SHARE 12-Jul-2024,{'isSLBSec': True},XN,2026-09-13
VIPIND,0.0,0,9.9,1200,0.0,0.0,0.0,0.0,0.0,0,0.0,0,0.0,0.0,07-Feb-2024,INTERIM DIVIDEND - RS 2 PER SHARE 07-Feb-2024,{'isSLBSec': True},XN,2026-09-13
RTNPOWER,0.0,0,1.99,100,0.0,0.0,0.0,0.0,0.0,0,0.0,0,0.0,0.0,22-Sep-2023,ANNUAL GENERAL MEETING 22-Sep-2023,{'isSLBSec': True},XN,2026-09-13
AFFLE,0.0,0,4.98,61,0.0,0.0,0.0,0.0,0.0,0,0.0,0,0.0,0.0,07-Oct-2021, FACE VALUE SPLIT (SUB-DIVISION) - FROM RS 10/- PER SHARE TO RS 2/- PER SHARE 07-Oct-2021,{'isSLBSec': True},XN,2026-09-13
SPARC,0.0,0,1.99,3000,0.0,0.0,0.0,0.0,0.0,0,0.0,0,0.0,0.0,21-Sep-2021, ANNUAL GENERAL MEETING 21-Sep-2021,{'isSLBSec': True},XN,2026-09-13
MON100,0.0,0,4.11,1000,0.0,0.0,0.0,0.0,0.0,35652,0.0,0,0.0,0.0,17-Jun-2021, FACE VALUE SPLIT (SUB-DIVISION) - FROM RS 10/- PER SHARE TO RE 1/- PER SHARE 17-Jun-2021,{'isSLBSec': True},XN,2026-09-13
NIFTYBEES,0.0,0,0.25,2699,0.05,0.0,0.0,0.0,0.0,142,0.0,7,0.35,1870.54,19-Dec-2019, FACE VALUE SPLIT (SUB-DIVISION) - FROM RS 10/- TO RS 1/- 19-Dec-2019,{'isSLBSec': True},XN,2026-09-13
HNGSNGBEES,0.0,0,2.37,71,0.0,0.0,0.0,0.0,0.0,0,0.0,0,0.0,0.0,19-Dec-2019, FACE VALUE SPLIT (SUB-DIVISION) - FROM RS 10/- TO RS 1/- 19-Dec-2019,{'isSLBSec': True},XN,2026-09-13
RPOWER,0.0,0,0.2,11000,0.0,0.0,0.0,0.0,0.0,0,0.0,0,0.0,0.0,12-Sep-2018, ANNUAL GENERAL MEETING 12-Sep-2018,{'isSLBSec': True},XN,2026-09-13
NETWORK18,0.0,0,0.1,83,0.0,0.0,0.0,0.0,0.0,0,0.0,0,0.0,0.0,10-Aug-2018, ANNUAL GENERAL MEETING 10-Aug-2018,{'isSLBSec': True},XN,2026-09-13
GTLINFRA,0.0,0,0.42,5000,0.0,0.0,0.0,0.0,0.0,0,0.0,0,0.0,0.0,21-Sep-2015, ANNUAL GENERAL MEETING 21-Sep-2015,{'isSLBSec': True},XN,2026-09-13
DRREDDY,3.65,625,7.44,250,4.06,1165.5,1166.0,-0.5,-0.04,622699,2.49,105080,471809.2,120533064.8,10-Jul-2026,DIVIDEND - RS 8 PER SHARE 10-Jul-2026,{'isSLBSec': True},XN,2026-09-13
PATANJALI,0.0,0,5.5,141,0.0,341.0,341.45,-0.45,-0.13,0,6.3,0,0.0,0.0,21-Aug-2026,INTERIM DIVIDEND - RE 0.80 PER SHARE 21-Aug-2026,{'isSLBSec': True},XN,2026-09-13
IRFC,0.21,50000,0.4,20,0.41,81.09,81.21,-0.12,-0.15,204888,3.62,1721,481.88,140244.29,13-Mar-2026,INTERIM DIVIDEND - RS 1.05 PER SHARE 13-Mar-2026,{'isSLBSec': True},XN,2026-09-13
RVNL,0.0,0,0.6,150,0.0,204.9,205.23,-0.33,-0.16,591,0.1,0,0.0,0.0,18-Aug-2026,DIVIDEND - RE 0.71 PER SHARE 18-Aug-2026,{'isSLBSec': True},XN,2026-09-13
GODFRYPHLP,2.0,267,9.81,59,4.0,1927.0,1930.3,-3.3,-0.17,66,1.49,8,32.0,15808.0,11-Aug-2026,DIVIDEND - RS 33 PER SH 11-Aug-2026,{'isSLBSec': True},XN,2026-09-13
VMM,0.2,4850,1.15,200,0.0,101.71,101.91,-0.2,-0.2,2961,1.41,0,0.0,0.0,, ,{'isSLBSec': True},XN,2026-09-13
MOTHERSON,0.0,0,0.9,350,0.0,164.45,164.78,-0.33,-0.2,0,4.66,0,0.0,0.0,14-Jul-2026,DIVIDEND - RS 0.25 PER SHARE 14-Jul-2026,{'isSLBSec': True},XN,2026-09-13
PREMIERENE,0.0,0,6.32,15,0.0,974.2,976.2,-2.0,-0.21,89,1.1,0,0.0,0.0,08-May-2026,INTERIM DIVIDEND - RE 0.75 PER SHARE 08-May-2026,{'isSLBSec': True},XN,2026-09-13
OIL,0.35,27998,0.4,283,0.35,489.8,490.95,-1.15,-0.23,89397,0.51,2,0.7,1001.3,04-Sep-2026,DIVIDEND - RE 1 PER SHARE 04-Sep-2026,{'isSLBSec': True},XN,2026-09-13
CIPLA,0.0,0,5.0,1125,0.0,1366.0,1369.4,-3.4,-0.25,0,1.05,0,0.0,0.0,05-Jun-2026,DIVIDEND - RS 13 PER SHARE 05-Jun-2026,{'isSLBSec': True},XN,2026-09-13
PAGEIND,5.0,400,399.99,2,0.0,35365.0,35460.0,-95.0,-0.27,56,1.01,0,0.0,0.0,19-Aug-2026,INTERIM DIVIDEND - RS 200 PER SHARE 19-Aug-2026,{'isSLBSec': True},XN,2026-09-13
SHREECEM,0.0,0,140.0,1,0.0,22570.0,22630.0,-60.0,-0.27,0,0.04,0,0.0,0.0,17-Jul-2026,DIVIDEND - RS 70 PER SHARE 17-Jul-2026,{'isSLBSec': True},XN,2026-09-13
360ONE,1.75,116,10.0,500,1.75,1091.0,1094.0,-3.0,-0.27,7471,1.15,384,672.0,421113.6,27-Apr-2026,INTERIM DIVIDEND - RS 6 PER SHARE 27-Apr-2026,{'isSLBSec': True},XN,2026-09-13
PETRONET,0.5,10000,0.75,700,0.5,287.2,288.1,-0.9,-0.31,13724,1.25,11438,8235.36,3307869.6,12-Jun-2026,DIVIDEND - RS 3 PER SHARE 12-Jun-2026,{'isSLBSec': True},XN,2026-09-13
FORCEMOT,25.0,50,70.0,500,0.0,17705.0,17768.0,-63.0,-0.36,240,0.0,0,0.0,0.0,09-Sep-2026,DIVIDEND - RS 50 PER SHARE 09-Sep-2026,{'isSLBSec': True},XN,2026-09-13
CDSL,0.0,0,0.7,82,0.0,1360.0,1364.9,-4.9,-0.36,60,0.37,0,0.0,0.0,17-Jul-2026,DIVIDEND - RS 12.75 PER SHARE 17-Jul-2026,{'isSLBSec': True},XN,2026-09-13
MAXHEALTH,0.0,0,6.9,700,0.0,1037.7,1041.4,-3.7,-0.36,0,1.38,0,0.0,0.0,03-Jul-2026,DIVIDEND - RS 2 PER SHARE 03-Jul-2026,{'isSLBSec': True},XN,2026-09-13
COCHINSHIP,2.13,906,3.9,200,2.13,1381.0,1386.4,-5.4,-0.39,7661,1.1,7661,16164.71,11664102.33,03-Feb-2026,INTERIM DIVIDEND - RS 3.50 PER SHARE 03-Feb-2026,{'isSLBSec': True},XN,2026-09-13
BANKBARODA,0.0,0,0.49,3000,0.0,238.13,239.11,-0.98,-0.41,0,0.6,0,0.0,0.0,05-Jun-2026,DIVIDEND - RS 8.50 PER SHARE 05-Jun-2026,{'isSLBSec': True},XN,2026-09-13
TORNTPHARM,1.0,2500,3.5,700,3.5,4965.5,4986.0,-20.5,-0.41,1542,0.5,125,437.5,616687.5,29-May-2026,DIVIDEND - RS 9 PER SHARE 29-May-2026,{'isSLBSec': True},XN,2026-09-13
AMBER,2.5,100,15.0,20,2.5,7245.0,7274.5,-29.5,-0.41,1,0.25,1,2.5,7282.5,02-Aug-2024,ANNUAL GENERAL MEETING 02-Aug-2024,{'isSLBSec': True},XN,2026-09-13
GODREJCP,0.0,0,1.99,1300,0.0,865.0,868.6,-3.6,-0.42,0,1.65,0,0.0,0.0,13-Aug-2026,INTERIM DIVIDEND - RS 5 PER SHARE 13-Aug-2026,{'isSLBSec': True},XN,2026-09-13
GRASIM,2.0,250,3.0,26857,2.5,3281.9,3296.0,-14.1,-0.43,98170,0.55,66222,170190.54,219956373.0,07-Aug-2026,DIVIDEND - RS 10 PER SHARE 07-Aug-2026,{'isSLBSec': True},XN,2026-09-13
SAGILITY,0.0,0,9.0,50000,0.0,45.2,45.4,-0.2,-0.44,115,0.79,0,0.0,0.0,07-Aug-2026,DIVIDEND - RE 0.10 PER SHARE 07-Aug-2026,{'isSLBSec': True},XN,2026-09-13
AUROPHARMA,0.0,0,4.95,790,0.0,1679.8,1687.4,-7.6,-0.45,0,0.85,0,0.0,0.0,17-Apr-2026,BUY BACK 17-Apr-2026,{'isSLBSec': True},XN,2026-09-13
POWERGRID,0.0,0,0.99,47,0.0,269.1,270.35,-1.25,-0.46,0,1.99,0,0.0,0.0,13-Aug-2026,DIVIDEND - RS 1.25 PER SHARE 13-Aug-2026,{'isSLBSec': True},XN,2026-09-13
VBL,0.0,0,0.9,400,0.0,416.5,418.4,-1.9,-0.46,0,5.16,0,0.0,0.0,31-Jul-2026,INTERIM DIVIDEND - RE 0.50 PER SHARE 31-Jul-2026,{'isSLBSec': True},XN,2026-09-13
ICICIPRULI,0.0,0,7.9,412,0.0,471.5,473.7,-2.2,-0.47,0,4.39,0,0.0,0.0,05-Jun-2026,DIVIDEND - RS 1.65 PER SHARE 05-Jun-2026,{'isSLBSec': True},XN,2026-09-13
TRENT,0.0,0,5.05,645,1.05,2802.4,2816.0,-13.6,-0.49,158,0.27,10,10.5,28197.5,12-Jun-2026,DIVIDEND - RS 4 PER SHARE 12-Jun-2026,{'isSLBSec': True},XN,2026-09-13
ADANIPORTS,0.0,0,1.0,479,0.0,1764.6,1773.2,-8.6,-0.49,0,0.81,0,0.0,0.0,12-Jun-2026,DIVIDEND - RS 7.50 PER SHARE 12-Jun-2026,{'isSLBSec': True},XN,2026-09-13
COLPAL,0.0,0,4.95,2500,0.0,1797.4,1806.2,-8.8,-0.49,0,0.2,0,0.0,0.0,01-Jun-2026,INTERIM DIVIDEND - RS 24 PER SHARE 01-Jun-2026,{'isSLBSec': True},XN,2026-09-13
LTF,0.2,13500,1.4,1025,0.0,309.1,310.65,-1.55,-0.5,1041154,2.78,0,0.0,0.0,22-May-2026,DIVIDEND - RS 2.75 PER SHARE 22-May-2026,{'isSLBSec': True},XN,2026-09-13
GLENMARK,0.0,0,0.99,1600,0.0,2419.2,2431.6,-12.4,-0.51,0,0.89,0,0.0,0.0,31-Aug-2026,DIVIDEND - RS 2.50 PER SHARE 31-Aug-2026,{'isSLBSec': True},XN,2026-09-13
AUBANK,0.0,0,6.0,635,0.0,1058.9,1064.3,-5.4,-0.51,0,5.95,0,0.0,0.0,31-Jul-2026,DIVIDEND - RE 1 PER SHARE 31-Jul-2026,{'isSLBSec': True},XN,2026-09-13
HDFCLIFE,0.0,0,1.49,1000,0.0,530.0,532.7,-2.7,-0.51,0,1.35,0,0.0,0.0,19-Jun-2026,DIVIDEND - RS 2.10 PER SHARE 19-Jun-2026,{'isSLBSec': True},XN,2026-09-13
POWERINDIA,20.0,12,58.0,25,20.0,31435.0,31600.0,-165.0,-0.52,263,0.46,140,1799.0,4370100.0,21-Aug-2026,DIVIDEND - RS 8 PER SHARE 21-Aug-2026,{'isSLBSec': True},XN,2026-09-13
GVT&D,0.0,0,10.0,2330,10.0,4548.1,4571.9,-23.8,-0.52,2000,1.57,2000,20000.0,9110000.0,21-Aug-2026,DIVIDEND - RS 10 PER SHARE 21-Aug-2026,{'isSLBSec': True},XN,2026-09-13
TATASTEEL,0.0,0,0.2,50,0.0,183.0,183.96,-0.96,-0.52,2291,0.12,0,0.0,0.0,12-Jun-2026,DIVIDEND - RS 4 PER SHARE 12-Jun-2026,{'isSLBSec': True},XN,2026-09-13
LT,0.0,0,0.99,3058,0.0,3930.7,3951.3,-20.6,-0.52,3,0.01,0,0.0,0.0,22-May-2026,DIVIDEND - RS 38 PER SHARE 22-May-2026,{'isSLBSec': True},XN,2026-09-13
SBICARD,0.0,0,7.0,91,0.0,655.2,658.6,-3.4,-0.52,923,0.82,0,0.0,0.0,11-Mar-2026,INTERIM DIVIDEND - RS 2.50 PER SHARE 11-Mar-2026,{'isSLBSec': True},XN,2026-09-13
RECLTD,0.0,0,1.97,4750,0.3,312.7,314.35,-1.65,-0.53,183727,0.69,1488,446.4,467380.8,14-Aug-2026,DIVIDEND - RS 1.55 PER SHARE 14-Aug-2026,{'isSLBSec': True},XN,2026-09-13
ABB,5.0,1250,9.9,5,5.06,7274.0,7312.5,-38.5,-0.53,9632,0.5,1861,9360.83,13648685.66,07-Aug-2026,SPECIAL DIVIDEND - RS 90 PER SHARE 07-Aug-2026,{'isSLBSec': True},XN,2026-09-13
ICICIGI,0.0,0,1.15,74,0.0,1459.8,1467.5,-7.7,-0.53,205,0.39,0,0.0,0.0,29-May-2026,DIVIDEND - RS 7 PER SHARE 29-May-2026,{'isSLBSec': True},XN,2026-09-13
BHARATFORG,0.0,0,4.95,1000,0.0,1944.9,1955.4,-10.5,-0.54,1168,1.1,0,0.0,0.0,03-Jul-2026,DIVIDEND - RS 6.50 PER SHARE 03-Jul-2026,{'isSLBSec': True},XN,2026-09-13
ASTRAL,1.0,780,8.0,145,0.0,1411.4,1419.2,-7.8,-0.55,14108,4.56,0,0.0,0.0,14-Aug-2026,DIVIDEND - RS 2.50 PER SHARE 14-Aug-2026,{'isSLBSec': True},XN,2026-09-13
ASIANPAINT,0.5,1000,1.8,300,1.0,2472.5,2486.0,-13.5,-0.55,20000,0.29,1750,2467.5,4373425.0,23-Jun-2026,DIVIDEND - RS 23 PER SHARE 23-Jun-2026,{'isSLBSec': True},XN,2026-09-13
JSWENERGY,0.0,0,1.0,800,0.0,526.45,529.4,-2.95,-0.56,0,1.36,0,0.0,0.0,05-Jun-2026,DIVIDEND - RS 2 PER SHARE 05-Jun-2026,{'isSLBSec': True},XN,2026-09-13
POLICYBZR,1.0,700,9.99,50,0.0,1797.3,1807.7,-10.4,-0.58,0,0.8,0,0.0,0.0,, ,{'isSLBSec': True},XN,2026-09-13
KPITTECH,0.51,7995,1.0,38,1.0,553.75,556.95,-3.2,-0.58,1560,1.29,1550,1519.0,855522.5,12-Aug-2026,DIVIDEND - RS 5.25 PER SHARE 12-Aug-2026,{'isSLBSec': True},XN,2026-09-13
ANGELONE,0.15,5000,2.0,2700,0.0,305.0,306.8,-1.8,-0.59,3663,1.2,0,0.0,0.0,21-Jul-2026,INTERIM DIVIDEND - RE 1 PER SHARE 21-Jul-2026,{'isSLBSec': True},XN,2026-09-13
FEDERALBNK,0.0,0,0.65,4000,0.0,344.5,346.6,-2.1,-0.61,0,0.83,0,0.0,0.0,14-Aug-2026,DIVIDEND - RS 1.20 PER SHARE 14-Aug-2026,{'isSLBSec': True},XN,2026-09-13
LUPIN,0.0,0,8.9,250,0.0,2095.0,2107.8,-12.8,-0.61,0,0.68,0,0.0,0.0,17-Jul-2026,DIVIDEND - RS 18 PER SHARE 17-Jul-2026,{'isSLBSec': True},XN,2026-09-13
JINDALSTEL,0.0,0,1.99,1400,0.0,1120.5,1127.5,-7.0,-0.62,0,0.64,0,0.0,0.0,21-Aug-2026,DIVIDEND - RS 2 PER SHARE 21-Aug-2026,{'isSLBSec': True},XN,2026-09-13
ULTRACEMCO,0.0,0,4.95,700,0.0,11000.0,11068.0,-68.0,-0.62,0,0.62,0,0.0,0.0,30-Jul-2026,DIVIDEND - RS 240 PER SHARE 30-Jul-2026,{'isSLBSec': True},XN,2026-09-13
IEX,0.0,0,0.51,499,0.0,113.88,114.59,-0.71,-0.62,0,5.66,0,0.0,0.0,15-May-2026,DIVIDEND - RS 2 PER SHARE 15-May-2026,{'isSLBSec': True},XN,2026-09-13
ABCAPITAL,0.0,0,10.0,373,0.0,395.0,397.45,-2.45,-0.62,0,0.54,0,0.0,0.0,16-Aug-2018, ANNUAL GENERAL MEETING 16-Aug-2018,{'isSLBSec': True},XN,2026-09-13
PFC,0.0,0,0.98,500,0.0,353.45,355.7,-2.25,-0.64,212,2.02,0,0.0,0.0,27-Aug-2026,INTERIM DIVIDEND - RS 3.90 PER SHARE 27-Aug-2026,{'isSLBSec': True},XN,2026-09-13
VEDL,0.0,0,0.76,1500,0.0,263.7,265.4,-1.7,-0.64,8148,2.69,0,0.0,0.0,30-Apr-2026,DEMERGER 30-Apr-2026,{'isSLBSec': True},XN,2026-09-13
SAIL,0.0,0,0.99,400,0.0,179.0,180.17,-1.17,-0.65,0,5.28,0,0.0,0.0,08-Sep-2025,DIVIDEND - RS 1.60 PER SHARE 08-Sep-2025,{'isSLBSec': True},XN,2026-09-13
KOTAKBANK,0.0,0,0.78,11179,0.0,419.0,421.75,-2.75,-0.66,0,0.85,0,0.0,0.0,17-Jul-2026,DIVIDEND - RS 0.65 PER SHARE 17-Jul-2026,{'isSLBSec': True},XN,2026-09-13
CAMS,0.0,0,2.7,999,0.0,711.0,715.75,-4.75,-0.67,0,10.07,0,0.0,0.0,12-Aug-2026,INTERIM DIVIDEND - RS 2.50 PER SHARE 12-Aug-2026,{'isSLBSec': True},XN,2026-09-13
ETERNAL,0.1,1,1.75,1000,0.0,323.5,325.7,-2.2,-0.68,4874,0.07,0,0.0,0.0,, ,{'isSLBSec': True},XN,2026-09-13
NBCC,0.0,0,0.3,951,0.0,82.9,83.46,-0.56,-0.68,31,0.26,0,0.0,0.0,28-Aug-2026,DIVIDEND - RE 0.46 PER SHARE 28-Aug-2026,{'isSLBSec': True},XN,2026-09-13
BEL,0.0,0,0.49,30000,0.0,404.35,407.15,-2.8,-0.69,0,0.35,0,0.0,0.0,13-Aug-2026,DIVIDEND - RE 0.55 PER SHARE 13-Aug-2026,{'isSLBSec': True},XN,2026-09-13
SRF,0.71,2000,4.0,1500,0.0,2482.4,2499.5,-17.1,-0.69,0,1.15,0,0.0,0.0,28-Jul-2026,INTERIM DIVIDEND - RS 5 PER SHARE 28-Jul-2026,{'isSLBSec': True},XN,2026-09-13
NTPC,0.0,0,0.75,25000,0.0,333.4,335.75,-2.35,-0.7,0,0.54,0,0.0,0.0,02-Sep-2026,DIVIDEND - RS 3.50 PER SHARE 02-Sep-2026,{'isSLBSec': True},XN,2026-09-13
BANKINDIA,0.0,0,0.9,1647,0.0,140.0,141.0,-1.0,-0.71,0,2.56,0,0.0,0.0,29-May-2026,DIVIDEND - RS 4.65 PER SHARE 29-May-2026,{'isSLBSec': True},XN,2026-09-13
MARICO,0.0,0,1.99,4000,0.0,802.1,807.95,-5.85,-0.73,0,0.89,0,0.0,0.0,30-Jul-2026,DIVIDEND - RS 4 PER SHARE 30-Jul-2026,{'isSLBSec': True},XN,2026-09-13
DABUR,0.0,0,0.99,9000,0.0,376.0,378.8,-2.8,-0.74,0,7.61,0,0.0,0.0,17-Jul-2026,DIVIDEND - RS 5.50 PER SHARE 17-Jul-2026,{'isSLBSec': True},XN,2026-09-13
BAJAJ-AUTO,0.0,0,4.5,97,0.0,11678.0,11764.0,-86.0,-0.74,75,0.28,0,0.0,0.0,24-Jun-2026,BUY BACK 24-Jun-2026,{'isSLBSec': True},XN,2026-09-13
BHEL,0.0,0,1.99,1192,0.0,431.0,434.25,-3.25,-0.75,0,0.66,0,0.0,0.0,17-Jul-2026,DIVIDEND - RS 1.40 PER SHARE 17-Jul-2026,{'isSLBSec': True},XN,2026-09-13
HDFCAMC,0.0,0,7.98,102,0.0,2403.9,2422.0,-18.1,-0.75,0,1.19,0,0.0,0.0,05-Jun-2026,DIVIDEND - RS 54 PER SHARE 05-Jun-2026,{'isSLBSec': True},XN,2026-09-13
MOTILALOFS,0.0,0,3.0,123,0.0,1026.5,1034.3,-7.8,-0.76,14625,0.35,0,0.0,0.0,30-Jan-2026,INTERIM DIVIDEND - RS 6 PER SHARE 30-Jan-2026,{'isSLBSec': True},XN,2026-09-13
TVSMOTOR,0.0,0,4.95,484,0.0,4125.0,4156.6,-31.6,-0.77,0,0.17,0,0.0,0.0,30-Mar-2026,INTERIM DIVIDEND - RS 12 PER SHARE 30-Mar-2026,{'isSLBSec': True},XN,2026-09-13
INDIGO,0.0,0,5.0,1450,2.0,4973.0,5012.0,-39.0,-0.78,23,0.29,23,46.0,113781.0,13-Aug-2025,DIVIDEND - RS 10 PER SHARE 13-Aug-2025,{'isSLBSec': True},XN,2026-09-13
BOSCHLTD,0.0,0,200.0,17,0.0,48385.0,48770.0,-385.0,-0.8,0,0.74,0,0.0,0.0,04-Aug-2026,DIVIDEND - RS 270 PER SHARE 04-Aug-2026,{'isSLBSec': True},XN,2026-09-13
HDFCBANK,0.0,0,0.23,25000,0.2,708.25,713.95,-5.7,-0.8,38428,0.2,1399,279.8,970906.0,19-Jun-2026,DIVIDEND - RS 13 PER SHARE 19-Jun-2026,{'isSLBSec': True},XN,2026-09-13
TATAELXSI,0.0,0,4.5,19,0.0,3383.0,3410.0,-27.0,-0.8,2643,0.95,0,0.0,0.0,10-Jun-2026,DIVIDEND - RS 75 PER SHARE 10-Jun-2026,{'isSLBSec': True},XN,2026-09-13
GAIL,0.0,0,0.75,40000,0.0,173.62,175.03,-1.41,-0.81,0,1.03,0,0.0,0.0,02-Sep-2026,DIVIDEND - RE 0.50 PER SHARE 02-Sep-2026,{'isSLBSec': True},XN,2026-09-13
BRITANNIA,0.0,0,13.0,2000,0.0,4962.0,5002.0,-40.0,-0.81,223,0.22,0,0.0,0.0,31-Jul-2026,DIVIDEND - RS 90.50 PER SHARE 31-Jul-2026,{'isSLBSec': True},XN,2026-09-13
UNOMINDA,0.0,0,22.1,150,0.0,1201.6,1211.3,-9.7,-0.81,0,2.65,0,0.0,0.0,29-May-2026,DIVIDEND - RS 1.75 PER SHARE 29-May-2026,{'isSLBSec': True},XN,2026-09-13
DMART,0.0,0,9.99,23,0.0,3688.0,3717.7,-29.7,-0.81,332,0.78,0,0.0,0.0,09-Aug-2021, ANNUAL GENERAL MEETING 09-Aug-2021,{'isSLBSec': True},XN,2026-09-13
ADANIENT,0.0,0,10.0,5000,0.0,3060.0,3085.1,-25.1,-0.82,0,0.7,0,0.0,0.0,12-Jun-2026,DIVIDEND - RS 1.30 PER SHARE 12-Jun-2026,{'isSLBSec': True},XN,2026-09-13
COALINDIA,0.0,0,0.99,1000,0.0,426.4,430.0,-3.6,-0.84,100,0.5,0,0.0,0.0,04-Sep-2026,DIVIDEND - RS 5.25 PER SHARE 04-Sep-2026,{'isSLBSec': True},XN,2026-09-13
NESTLEIND,0.25,5000,1.0,22000,0.0,1383.3,1395.0,-11.7,-0.85,15500,0.54,0,0.0,0.0,10-Jul-2026,DIVIDEND - RS 5 PER SHARE 10-Jul-2026,{'isSLBSec': True},XN,2026-09-13
SONACOMS,0.5,1225,4.0,227,0.0,788.0,794.75,-6.75,-0.86,214,0.45,0,0.0,0.0,25-Jun-2026,DIVIDEND - RS 1.80 PER SHARE 25-Jun-2026,{'isSLBSec': True},XN,2026-09-13
VOLTAS,0.0,0,13.0,3700,0.0,1165.0,1175.0,-10.0,-0.86,0,0.01,0,0.0,0.0,12-Jun-2026,DIVIDEND - RS 4 PER SHARE 12-Jun-2026,{'isSLBSec': True},XN,2026-09-13
MFSL,0.0,0,6.9,1350,0.0,1477.0,1489.7,-12.7,-0.86,0,1.45,0,0.0,0.0,16-Aug-2024,ANNUAL GENERAL MEETING 16-Aug-2024,{'isSLBSec': True},XN,2026-09-13
TCS,0.35,1750,0.97,306,0.35,2200.8,2220.0,-19.2,-0.87,9950,0.11,3875,2518.75,8542243.75,15-Jul-2026,INTERIM DIVIDEND - RS 12 PER SHARE 15-Jul-2026,{'isSLBSec': True},XN,2026-09-13
M&M,0.0,0,2.99,800,0.0,3107.0,3135.0,-28.0,-0.9,600,0.12,0,0.0,0.0,03-Jul-2026,DIVIDEND - RS 33 PER SHARE 03-Jul-2026,{'isSLBSec': True},XN,2026-09-13
PNB,0.0,0,0.4,7000,0.0,116.75,117.82,-1.07,-0.92,0,1.23,0,0.0,0.0,12-Jun-2026,DIVIDEND - RS 3 PER SHARE 12-Jun-2026,{'isSLBSec': True},XN,2026-09-13
PAYTM,0.0,0,5.0,3700,0.0,1807.5,1824.3,-16.8,-0.93,0,2.97,0,0.0,0.0,, ,{'isSLBSec': True},XN,2026-09-13
CHOLAFIN,0.0,0,6.9,1475,0.0,1845.9,1863.0,-17.1,-0.93,0,0.19,0,0.0,0.0,21-Jul-2026,DIVIDEND - RE 0.70 PER SHARE 21-Jul-2026,{'isSLBSec': True},XN,2026-09-13
INDUSINDBK,0.0,0,1.5,12,0.0,978.2,987.4,-9.2,-0.94,9200,1.1,0,0.0,0.0,25-Jun-2026,DIVIDEND - RS 1.50 PER SHARE 25-Jun-2026,{'isSLBSec': True},XN,2026-09-13
IOC,0.0,0,7.0,300,0.0,135.11,136.4,-1.29,-0.95,0,2.12,0,0.0,0.0,14-Aug-2026,DIVIDEND - RS 1.25 PER SHARE 14-Aug-2026,{'isSLBSec': True},XN,2026-09-13
HEROMOTOCO,1.55,1500,4.0,50,1.5,5221.5,5271.0,-49.5,-0.95,3469,0.21,3450,4312.5,18221175.0,24-Jul-2026,DIVIDEND - RS 75 PER SHARE 24-Jul-2026,{'isSLBSec': True},XN,2026-09-13
INDIANB,0.0,0,6.0,51,0.0,853.5,861.6,-8.1,-0.95,0,2.1,0,0.0,0.0,10-Jun-2026,DIVIDEND - RS 18.25 PER SHARE 10-Jun-2026,{'isSLBSec': True},XN,2026-09-13
CANBK,0.0,0,0.35,5173,0.0,124.0,125.2,-1.2,-0.97,0,1.62,0,0.0,0.0,12-Jun-2026,DIVIDEND - RS 4.20 PER SHARE 12-Jun-2026,{'isSLBSec': True},XN,2026-09-13
ADANIPOWER,0.0,0,0.25,4110,0.0,209.97,212.0,-2.03,-0.97,2,0.51,0,0.0,0.0,22-Sep-2025,FACE VALUE SPLIT (SUB-DIVISION) - FROM RS 10/- PER SHARE TO RS 2/- PER SHARE 22-Sep-2025,{'isSLBSec': True},XN,2026-09-13
DIVISLAB,0.0,0,5.03,24,0.0,9322.0,9413.0,-91.0,-0.98,645,0.19,0,0.0,0.0,24-Jul-2026,DIVIDEND - RS 30 PER SHARE 24-Jul-2026,{'isSLBSec': True},XN,2026-09-13
BAJAJFINSV,0.0,0,2.0,5000,0.0,1913.5,1932.3,-18.8,-0.98,0,0.37,0,0.0,0.0,30-Jun-2026,DIVIDEND - RS 1.50 PER SHARE 30-Jun-2026,{'isSLBSec': True},XN,2026-09-13
EICHERMOT,0.0,0,14.0,24,0.0,7530.0,7605.0,-75.0,-1.0,0,0.47,0,0.0,0.0,31-Jul-2026,DIVIDEND - RS 82 PER SHARE 31-Jul-2026,{'isSLBSec': True},XN,2026-09-13
BAJFINANCE,0.0,0,1.24,280,0.0,1034.5,1044.8,-10.3,-1.0,0,0.35,0,0.0,0.0,30-Jun-2026,DIVIDEND - RS 6 PER SHARE 30-Jun-2026,{'isSLBSec': True},XN,2026-09-13
IDEA,0.0,0,0.2,13998,0.0,14.97,15.12,-0.15,-1.0,0,1.43,0,0.0,0.0,20-Aug-2024,ANNUAL GENERAL MEETING 20-Aug-2024,{'isSLBSec': True},XN,2026-09-13
BANDHANBNK,0.0,0,0.99,20000,0.0,176.52,178.3,-1.78,-1.01,0,1.62,0,0.0,0.0,17-Aug-2026,DIVIDEND - RS 1.50 PER SHARE 17-Aug-2026,{'isSLBSec': True},XN,2026-09-13
INFY,0.3,800,1.99,166,0.31,1037.7,1048.4,-10.7,-1.03,187232,0.21,1215,522.45,1259724.15,10-Jun-2026,DIVIDEND - RS 25 PER SHARE 10-Jun-2026,{'isSLBSec': True},XN,2026-09-13
ONGC,0.0,0,0.99,50000,0.0,232.5,234.91,-2.41,-1.04,0,0.62,0,0.0,0.0,04-Sep-2026,DIVIDEND - RE 1 PER SHARE 04-Sep-2026,{'isSLBSec': True},XN,2026-09-13
SOLARINDS,3.0,500,74.0,500,0.0,22290.0,22525.0,-235.0,-1.05,1000,0.11,0,0.0,0.0,28-Jul-2026,DIVIDEND - RS 11 PER SHARE 28-Jul-2026,{'isSLBSec': True},XN,2026-09-13
SUPREMEIND,0.0,0,8.0,100,0.0,3364.4,3400.1,-35.7,-1.06,0,0.64,0,0.0,0.0,25-Jun-2026,DIVIDEND - RS 25 PER SHARE 25-Jun-2026,{'isSLBSec': True},XN,2026-09-13
NATIONALUM,0.0,0,0.99,31800,0.0,361.0,364.95,-3.95,-1.09,0,0.99,0,0.0,0.0,24-Aug-2026,DIVIDEND - RE 1 PER SHARE 24-Aug-2026,{'isSLBSec': True},XN,2026-09-13
JIOFIN,0.0,0,0.5,299,0.0,229.9,232.4,-2.5,-1.09,0,1.09,0,0.0,0.0,10-Aug-2026,DIVIDEND - RS 0.60 PER SHARE 10-Aug-2026,{'isSLBSec': True},XN,2026-09-13
BSE,1.0,2000,1.7,7000,1.5,3384.0,3421.0,-37.0,-1.09,1230480,0.32,38300,60897.0,126677250.0,10-Jul-2026,DIVIDEND - RS 10 PER SHARE 10-Jul-2026,{'isSLBSec': True},XN,2026-09-13
SBIN,0.0,0,1.99,3014,0.0,995.7,1006.6,-10.9,-1.09,0,0.33,0,0.0,0.0,15-May-2026,DIVIDEND - RS 17.35 PER SHARE 15-May-2026,{'isSLBSec': True},XN,2026-09-13
LAURUSLABS,0.0,0,25.0,200,0.0,1969.0,1990.5,-21.5,-1.09,5112,5.82,0,0.0,0.0,08-May-2026,INTERIM DIVIDEND - RS 1.20 PER SHARE 08-May-2026,{'isSLBSec': True},XN,2026-09-13
TATACONSUM,0.0,0,0.98,1000,0.0,991.0,1001.9,-10.9,-1.1,0,0.42,0,0.0,0.0,25-May-2026,DIVIDEND - RS 10 PER SHARE 25-May-2026,{'isSLBSec': True},XN,2026-09-13
RADICO,1.0,1459,15.0,1600,0.0,4368.1,4416.5,-48.4,-1.11,1041,0.17,0,0.0,0.0,24-Jul-2026,DIVIDEND - RS 9 PER SHARE 24-Jul-2026,{'isSLBSec': True},XN,2026-09-13
SUNPHARMA,0.0,0,0.99,10000,0.0,1840.0,1860.6,-20.6,-1.12,1050,0.38,0,0.0,0.0,07-Jul-2026,DIVIDEND - RS 5 PER SHARE 07-Jul-2026,{'isSLBSec': True},XN,2026-09-13
SHRIRAMFIN,0.0,0,4.95,10000,0.0,1028.6,1040.1,-11.5,-1.12,0,3.48,0,0.0,0.0,03-Jul-2026,DIVIDEND - RS 6 PER SHARE 03-Jul-2026,{'isSLBSec': True},XN,2026-09-13
HINDUNILVR,0.0,0,0.99,1300,0.0,1927.0,1948.5,-21.5,-1.12,2100,0.37,0,0.0,0.0,23-Jun-2026,DIVIDEND - RS 22 PER SHARE 23-Jun-2026,{'isSLBSec': True},XN,2026-09-13
APOLLOHOSP,0.0,0,19.9,75,0.0,8836.0,8935.5,-99.5,-1.13,0,1.86,0,0.0,0.0,14-Aug-2026,DIVIDEND - RS 10 PER SH 14-Aug-2026,{'isSLBSec': True},XN,2026-09-13
TATAPOWER,0.0,0,0.6,1435,0.0,364.65,368.9,-4.25,-1.17,1100,0.06,0,0.0,0.0,23-Jun-2026,DIVIDEND - RS 2.50 PER SHARE 23-Jun-2026,{'isSLBSec': True},XN,2026-09-13
MCX,0.0,0,8.9,200,0.0,3276.0,3314.8,-38.8,-1.18,525,0.24,0,0.0,0.0,28-Aug-2026,DIVIDEND - RS 8 PER SHARE 28-Aug-2026,{'isSLBSec': True},XN,2026-09-13
RELIANCE,0.0,0,0.74,136,0.0,1257.5,1272.4,-14.9,-1.18,0,0.14,0,0.0,0.0,05-Jun-2026,DIVIDEND - RS 6 PER SHARE 05-Jun-2026,{'isSLBSec': True},XN,2026-09-13
BHARTIARTL,0.0,0,2.9,21,0.0,1831.1,1853.1,-22.0,-1.2,1494,0.78,0,0.0,0.0,24-Jul-2026,DIVIDEND - RS 24 PER SHARE 24-Jul-2026,{'isSLBSec': True},XN,2026-09-13
AXISBANK,0.0,0,4.0,50,0.0,1246.0,1261.0,-15.0,-1.2,0,1.15,0,0.0,0.0,10-Jul-2026,DIVIDEND - RE 1 PER SHARE 10-Jul-2026,{'isSLBSec': True},XN,2026-09-13
COFORGE,0.0,0,8.0,800,0.0,1846.5,1868.8,-22.3,-1.21,100,0.78,0,0.0,0.0,03-Aug-2026,INTERIM DIVIDEND - RS 4 PER SHARE 03-Aug-2026,{'isSLBSec': True},XN,2026-09-13
HINDALCO,0.0,0,0.99,1616,0.0,981.5,993.4,-11.9,-1.21,0,0.36,0,0.0,0.0,10-Jul-2026,DIVIDEND - RS 5 PER SHARE 10-Jul-2026,{'isSLBSec': True},XN,2026-09-13
ASHOKLEY,0.0,0,0.68,5280,0.0,163.75,165.76,-2.01,-1.23,0,0.04,0,0.0,0.0,03-Jun-2026,INTERIM DIVIDEND - RS 2.50 PER SHARE 03-Jun-2026,{'isSLBSec': True},XN,2026-09-13
LICI,0.0,0,1.77,1090,0.0,404.1,409.1,-5.0,-1.24,93568,0.89,0,0.0,0.0,25-Jun-2026,DIVIDEND - RS 10 PER SHARE 25-Jun-2026,{'isSLBSec': True},XN,2026-09-13
SUZLON,0.0,0,0.16,50,0.0,44.12,44.67,-0.55,-1.25,2000,0.49,0,0.0,0.0,03-Sep-2024,ANNUAL GENERAL MEETING 03-Sep-2024,{'isSLBSec': True},XN,2026-09-13
SWIGGY,0.0,0,1.82,38,0.0,278.2,281.7,-3.5,-1.26,1,0.26,0,0.0,0.0,, ,{'isSLBSec': True},XN,2026-09-13
POLYCAB,0.0,0,16.0,49,0.0,8241.0,8344.5,-103.5,-1.26,766,0.3,0,0.0,0.0,19-Jun-2026,DIVIDEND - RS 47 PER SHARE 19-Jun-2026,{'isSLBSec': True},XN,2026-09-13
BPCL,0.0,0,2.64,450,0.0,304.5,308.35,-3.85,-1.26,2725,0.38,0,0.0,0.0,02-Feb-2026,INTERIM DIVIDEND - RS 10 PER SHARE 02-Feb-2026,{'isSLBSec': True},XN,2026-09-13
HINDZINC,0.0,0,1.99,1600,0.0,576.45,583.8,-7.35,-1.28,0,0.93,0,0.0,0.0,30-Apr-2026,INTERIM DIVIDEND - RS 11 PER SHARE 30-Apr-2026,{'isSLBSec': True},XN,2026-09-13
HINDPETRO,0.0,0,0.99,7100,0.0,352.0,356.55,-4.55,-1.29,0,0.51,0,0.0,0.0,14-Aug-2026,DIVIDEND - RS 19.25 PER SHARE 14-Aug-2026,{'isSLBSec': True},XN,2026-09-13
IDFCFIRSTB,0.0,0,0.15,16832,0.0,86.21,87.32,-1.11,-1.29,0,0.75,0,0.0,0.0,07-Aug-2026,DIVIDEND - RE 0.25 PER SHARE 07-Aug-2026,{'isSLBSec': True},XN,2026-09-13
ICICIBANK,0.0,0,0.88,2000,0.0,1379.3,1397.1,-17.8,-1.29,7598,0.26,0,0.0,0.0,03-Aug-2026,DIVIDEND - RS 12 PER SHARE 03-Aug-2026,{'isSLBSec': True},XN,2026-09-13
LICHSGFIN,0.0,0,4.9,3500,0.0,562.9,570.2,-7.3,-1.3,200,0.04,0,0.0,0.0,21-Aug-2026,DIVIDEND - RS 10 PER SHARE 21-Aug-2026,{'isSLBSec': True},XN,2026-09-13
HAL,0.0,0,5.55,51,0.0,4905.0,4969.4,-64.4,-1.31,0,0.73,0,0.0,0.0,14-Aug-2026,DIVIDEND - RS 10 PER SH 14-Aug-2026,{'isSLBSec': True},XN,2026-09-13
ITC,0.0,0,0.5,2000,0.0,259.85,263.25,-3.4,-1.31,50,0.69,0,0.0,0.0,27-May-2026,DIVIDEND - RS 8 PER SHARE 27-May-2026,{'isSLBSec': True},XN,2026-09-13
SBILIFE,0.0,0,9.9,350,0.0,1684.7,1707.0,-22.3,-1.32,0,1.49,0,0.0,0.0,06-Mar-2026,INTERIM DIVIDEND - RS 2.70 PER SHARE 06-Mar-2026,{'isSLBSec': True},XN,2026-09-13
ALKEM,0.0,0,124.0,12,0.0,5087.5,5155.5,-68.0,-1.34,14,0.35,0,0.0,0.0,07-Aug-2026,DIVIDEND - RS 10 PER SHARE 07-Aug-2026,{'isSLBSec': True},XN,2026-09-13
MAHABANK,0.03,6500,0.07,7170,0.0,84.2,85.33,-1.13,-1.34,72,0.25,0,0.0,0.0,05-Jun-2026,DIVIDEND - RS 1.20 PER SH 05-Jun-2026,{'isSLBSec': True},XN,2026-09-13
TMPV,0.0,0,1.99,6021,0.0,301.1,305.2,-4.1,-1.36,0,0.59,0,0.0,0.0,19-Jun-2026,DIVIDEND - RS 3 PER SHARE 19-Jun-2026,{'isSLBSec': True},XN,2026-09-13
YESBANK,0.0,0,0.13,3000,0.0,23.48,23.8,-0.32,-1.36,0,2.44,0,0.0,0.0,03-Jun-2019, ANNUAL GENERAL MEETING/ DIVIDEND - RS 2 PER SHARE 03-Jun-2019,{'isSLBSec': True},XN,2026-09-13
MUTHOOTFIN,0.0,0,29.0,137,0.0,2792.1,2831.1,-39.0,-1.4,10,2.82,0,0.0,0.0,17-Apr-2026,INTERIM DIVIDEND - RS 30 PER SHARE 17-Apr-2026,{'isSLBSec': True},XN,2026-09-13
MPHASIS,0.0,0,8.5,45,0.0,2295.0,2330.0,-35.0,-1.53,0,2.81,0,0.0,0.0,08-Jul-2026,DIVIDEND - RS 62 PER SHARE 08-Jul-2026,{'isSLBSec': True},XN,2026-09-13
KAYNES,25.0,1473,60.0,17,30.0,3505.0,3375.0,130.0,3.71,1292,3.95,27,769.77,95283.0,08-Sep-2023,ANNUAL GENERAL MEETING 08-Sep-2023,{'isSLBSec': True},XD,2026-09-13
PIIND,5.0,1750,0.0,0,0.0,2259.0,2210.9,48.1,2.13,0,7.16,0,0.0,0.0,07-Aug-2026,DIVIDEND - RS 10 PER SHARE 07-Aug-2026,{'isSLBSec': True},XD,2026-09-13
INOXWIND,0.0,0,0.0,0,0.0,76.5,75.0,1.5,1.96,0,0.0,0,0.0,0.0,29-Jul-2025,RIGHTS 5:78 @ PREMIUM RS 110/- 29-Jul-2025,{'isSLBSec': True},XD,2026-09-13
LTM,36.0,300,0.0,0,0.0,4275.0,4196.6,78.4,1.83,0,0.0,0,0.0,0.0,25-May-2026,DIVIDEND - RS 53 PER SHARE 25-May-2026,{'isSLBSec': True},XD,2026-09-13
WIPRO,1.0,2780,38.0,3120,2.21,167.4,164.51,2.89,1.73,300,6.1,220,376.2,37072.2,27-Jul-2026,INTERIM DIVIDEND - RS 2 PER SHARE 27-Jul-2026,{'isSLBSec': True},XD,2026-09-13
BDL,10.0,850,0.0,0,0.0,1190.0,1169.5,20.5,1.72,30,1.94,0,0.0,0.0,09-Feb-2026,INTERIM DIVIDEND - RS 4.50 PER SHARE 09-Feb-2026,{'isSLBSec': True},XD,2026-09-13
LODHA,0.0,0,0.0,0,0.0,1116.9,1097.9,19.0,1.7,0,2.48,0,0.0,0.0,07-Aug-2026,DIVIDEND - RS 4.25 PER SHARE 07-Aug-2026,{'isSLBSec': True},XD,2026-09-13
DIXON,100.0,50,0.0,0,0.0,13425.0,13205.0,220.0,1.64,2,3.66,0,0.0,0.0,16-Sep-2025,DIVIDEND - RS 8 PER SHARE 16-Sep-2025,{'isSLBSec': True},XD,2026-09-13
BLUESTARCO,10.0,650,0.0,0,0.0,1558.0,1537.0,21.0,1.35,0,0.56,0,0.0,0.0,17-Jul-2026,DIVIDEND - RS 8.50 PER SHARE 17-Jul-2026,{'isSLBSec': True},XD,2026-09-13
KFINTECH,0.0,0,0.0,0,0.0,900.0,889.65,10.35,1.15,35,0.0,0,0.0,0.0,15-Jul-2026,DIVIDEND - RS 12 PER SHARE 15-Jul-2026,{'isSLBSec': True},XD,2026-09-13
MANAPPURAM,0.0,0,0.0,0,0.0,329.0,325.5,3.5,1.06,0,0.0,0,0.0,0.0,17-Aug-2026,INTERIM DIVIDEND - RE 1 PER SHARE 17-Aug-2026,{'isSLBSec': True},XD,2026-09-13
HAVELLS,0.0,0,0.0,0,0.0,1111.0,1103.0,8.0,0.72,0,0.0,0,0.0,0.0,22-May-2026,DIVIDEND - RS 6 PER SHARE 22-May-2026,{'isSLBSec': True},XD,2026-09-13
POWERGRID,0.0,0,0.0,0,0.0,269.1,267.25,1.85,0.69,0,0.0,0,0.0,0.0,13-Aug-2026,DIVIDEND - RS 1.25 PER SHARE 13-Aug-2026,{'isSLBSec': True},XD,2026-09-13
OFSS,0.0,0,0.0,0,0.0,11763.0,11687.0,76.0,0.65,0,0.0,0,0.0,0.0,07-May-2026,INTERIM DIVIDEND - RS 270 PER SHARE 07-May-2026,{'isSLBSec': True},XD,2026-09-13
HYUNDAI,10.0,550,100.0,1,0.0,2174.0,2163.6,10.4,0.48,36025,0.47,0,0.0,0.0,05-Aug-2026,DIVIDEND - RS 21 PER SHARE 05-Aug-2026,{'isSLBSec': True},XD,2026-09-13
NAM-INDIA,0.0,0,0.0,0,0.0,1189.6,1185.0,4.6,0.39,0,0.0,0,0.0,0.0,25-Jun-2026,DIVIDEND - RS 12.50 PER SHARE 25-Jun-2026,{'isSLBSec': True},XD,2026-09-13
TECHM,0.0,0,0.0,0,0.0,1541.0,1535.5,5.5,0.36,0,0.0,0,0.0,0.0,03-Jul-2026,DIVIDEND - RS 36 PER SHARE 03-Jul-2026,{'isSLBSec': True},XD,2026-09-13
SHREECEM,0.0,0,0.0,0,0.0,22570.0,22500.0,70.0,0.31,0,0.0,0,0.0,0.0,17-Jul-2026,DIVIDEND - RS 70 PER SHARE 17-Jul-2026,{'isSLBSec': True},XD,2026-09-13
GMRAIRPORT,0.0,0,0.0,0,0.0,97.98,97.7,0.28,0.29,0,0.0,0,0.0,0.0,05-Sep-2024,ANNUAL GENERAL MEETING 05-Sep-2024,{'isSLBSec': True},XD,2026-09-13
COLPAL,0.0,0,0.0,0,0.0,1797.4,1793.1,4.3,0.24,0,0.0,0,0.0,0.0,01-Jun-2026,INTERIM DIVIDEND - RS 24 PER SHARE 01-Jun-2026,{'isSLBSec': True},XD,2026-09-13
IRFC,0.1,5425,0.81,300,0.0,81.09,80.93,0.16,0.2,0,0.4,0,0.0,0.0,13-Mar-2026,INTERIM DIVIDEND - RS 1.05 PER SHARE 13-Mar-2026,{'isSLBSec': True},XD,2026-09-13
KEI,20.0,350,154.0,20,0.0,4578.0,4569.0,9.0,0.2,350,0.56,0,0.0,0.0,28-Jan-2026,INTERIM DIVIDEND - RS 4.50 PER SHARE 28-Jan-2026,{'isSLBSec': True},XD,2026-09-13
JUBLFOOD,0.0,0,0.0,0,0.0,470.25,469.9,0.35,0.07,0,0.0,0,0.0,0.0,17-Jul-2026,DIVIDEND - RS 1.20 PER SHARE 17-Jul-2026,{'isSLBSec': True},XD,2026-09-13
SIEMENS,5.0,175,0.0,0,0.0,3957.0,3955.0,2.0,0.05,0,0.44,0,0.0,0.0,29-Jul-2026,DIVIDEND - RS 18 PER SHARE 29-Jul-2026,{'isSLBSec': True},XD,2026-09-13
PERSISTENT,0.0,0,0.0,0,0.0,5516.0,5515.0,1.0,0.02,0,0.0,0,0.0,0.0,27-Jul-2026,DIVIDEND - RS 18 PER SHARE 27-Jul-2026,{'isSLBSec': True},XD,2026-09-13
JAINREC,0.0,0,2.91,32,0.0,0.0,0.0,0.0,0.0,0,0.0,0,0.0,0.0,, ,{'isSLBSec': True},XD,2026-09-13
AZAD,0.0,0,27.62,15,0.0,0.0,0.0,0.0,0.0,0,0.0,0,0.0,0.0,, ,{'isSLBSec': True},XD,2026-09-13
CPSEETF,0.0,0,0.84,175,0.0,0.0,0.0,0.0,0.0,0,0.0,0,0.0,0.0,, ,{'isSLBSec': True},XD,2026-09-13
WAAREERTL,0.0,0,8.32,1,0.0,0.0,0.0,0.0,0.0,0,0.0,0,0.0,0.0,, ,{'isSLBSec': True},XD,2026-09-13
SAATVIKGL,0.0,0,13.47,1,0.0,0.0,0.0,0.0,0.0,0,0.0,0,0.0,0.0,, ,{'isSLBSec': True},XD,2026-09-13
SHADOWFAX,0.0,0,5.11,1,0.0,0.0,0.0,0.0,0.0,0,0.0,0,0.0,0.0,, ,{'isSLBSec': True},XD,2026-09-13
VIKRAMSOLR,0.0,0,0.92,45,0.0,0.0,0.0,0.0,0.0,0,0.0,0,0.0,0.0,, ,{'isSLBSec': True},XD,2026-09-13
MOSCHIP,0.0,0,2.76,302,0.0,0.0,0.0,0.0,0.0,0,0.0,0,0.0,0.0,, ,{'isSLBSec': True},XD,2026-09-13
GROWW,0.0,0,1.96,135,0.0,0.0,0.0,0.0,0.0,0,0.0,0,0.0,0.0,, ,{'isSLBSec': True},XD,2026-09-13
SJVN,0.0,0,2.95,185,0.0,0.0,0.0,0.0,0.0,0,0.0,0,0.0,0.0,24-Aug-2026,DIVIDEND - RE 0.35 PER SHARE 24-Aug-2026,{'isSLBSec': True},XD,2026-09-13
SARDAEN,0.0,0,2.98,195,0.0,0.0,0.0,0.0,0.0,0,0.0,0,0.0,0.0,14-Aug-2026,DIVIDEND - RS 2  PER SHARE 14-Aug-2026,{'isSLBSec': True},XD,2026-09-13
SOUTHBANK,0.0,0,0.41,1000,0.0,0.0,0.0,0.0,0.0,0,0.0,0,0.0,0.0,13-Aug-2026,DIVIDEND - RE 0.45 PER SHARE 13-Aug-2026,{'isSLBSec': True},XD,2026-09-13
RAILTEL,0.0,0,4.67,278,0.0,0.0,0.0,0.0,0.0,0,0.0,0,0.0,0.0,13-Aug-2026,DIVIDEND - RS 1.25 PER SHARE 13-Aug-2026,{'isSLBSec': True},XD,2026-09-13
PRAJIND,0.0,0,2.53,400,0.0,0.0,0.0,0.0,0.0,0,0.0,0,0.0,0.0,06-Aug-2026,DIVIDEND - RS 3.60 PER SHARE 06-Aug-2026,{'isSLBSec': True},XD,2026-09-13
FIVESTAR,0.0,0,14.15,25,0.0,0.0,0.0,0.0,0.0,0,0.0,0,0.0,0.0,31-Jul-2026,DIVIDEND - RS 2 PER SHARE 31-Jul-2026,{'isSLBSec': True},XD,2026-09-13
TATACAP,0.0,0,3.63,86,0.0,0.0,0.0,0.0,0.0,0,0.0,0,0.0,0.0,27-Jul-2026,DIVIDEND - RE 0.57 PER SHARE 27-Jul-2026,{'isSLBSec': True},XD,2026-09-13
NEWGEN,0.0,0,6.19,155,0.0,0.0,0.0,0.0,0.0,0,0.0,0,0.0,0.0,17-Jul-2026,DIVIDEND - RS 6 PER SHARE 17-Jul-2026,{'isSLBSec': True},XD,2026-09-13
HAPPSTMNDS,0.0,0,1.84,6,0.0,0.0,0.0,0.0,0.0,0,0.0,0,0.0,0.0,17-Jul-2026,DIVIDEND - RS 3.65 PER SHARE 17-Jul-2026,{'isSLBSec': True},XD,2026-09-13
CRAMC,0.0,0,2.4,56,0.0,0.0,0.0,0.0,0.0,0,0.0,0,0.0,0.0,16-Jul-2026,DIVIDEND - RS 2.50 PER SHARE 16-Jul-2026,{'isSLBSec': True},XD,2026-09-13
AEROFLEX,0.0,0,8.81,50,0.0,0.0,0.0,0.0,0.0,0,0.0,0,0.0,0.0,14-Jul-2026,DIVIDEND - RS 0.40 PER SHARE 14-Jul-2026,{'isSLBSec': True},XD,2026-09-13
VSTIND,0.0,0,1.14,310,0.0,0.0,0.0,0.0,0.0,0,0.0,0,0.0,0.0,10-Jul-2026,DIVIDEND - RS 12 PER SHARE 10-Jul-2026,{'isSLBSec': True},XD,2026-09-13
NIACL,0.0,0,1.09,3,0.0,0.0,0.0,0.0,0.0,0,0.0,0,0.0,0.0,10-Jul-2026,DIVIDEND - RS 1.50 PER SHARE 10-Jul-2026,{'isSLBSec': True},XD,2026-09-13
ZFCVINDIA,0.0,0,399.99,100,0.0,0.0,0.0,0.0,0.0,0,0.0,0,0.0,0.0,10-Jul-2026,DIVIDEND - RS 4 PER SHARE 10-Jul-2026,{'isSLBSec': True},XD,2026-09-13
KANSAINER,0.0,0,5.08,154,0.0,0.0,0.0,0.0,0.0,0,0.0,0,0.0,0.0,29-Jun-2026,DIVIDEND - RS 2.50 PER SHARE 29-Jun-2026,{'isSLBSec': True},XD,2026-09-13
PIRAMALFIN,0.0,0,56.0,45,0.0,0.0,0.0,0.0,0.0,0,0.0,0,0.0,0.0,12-Jun-2026,DIVIDEND - RS 11 PER SHARE 12-Jun-2026,{'isSLBSec': True},XD,2026-09-13
JMFINANCIL,0.0,0,3.38,300,0.0,0.0,0.0,0.0,0.0,0,0.0,0,0.0,0.0,12-Jun-2026,DIVIDEND - RS 1.75 PER SHARE 12-Jun-2026,{'isSLBSec': True},XD,2026-09-13
MSTCLTD,0.0,0,19.55,14,0.0,0.0,0.0,0.0,0.0,0,0.0,0,0.0,0.0,18-Feb-2026,INTERIM DIVIDEND - RS 7.60 PER SHARE 18-Feb-2026,{'isSLBSec': True},XD,2026-09-13
IGL,0.0,0,4.08,200,0.0,0.0,0.0,0.0,0.0,0,0.0,0,0.0,0.0,18-Feb-2026,INTERIM DIVIDEND - RS  3.25 PER SHARE 18-Feb-2026,{'isSLBSec': True},XD,2026-09-13
IRCON,0.0,0,3.5,64,0.0,0.0,0.0,0.0,0.0,0,0.0,0,0.0,0.0,17-Feb-2026,INTERIM DIVIDEND - RS 1.20 PER SHARE 17-Feb-2026,{'isSLBSec': True},XD,2026-09-13
KPIGREEN,0.0,0,7.67,72,0.0,0.0,0.0,0.0,0.0,0,0.0,0,0.0,0.0,28-Jan-2026,INTERIM DIVIDEND - RE 0.20 PER SHARE 28-Jan-2026,{'isSLBSec': True},XD,2026-09-13
HFCL,1.0,2000,2.55,625,0.0,0.0,0.0,0.0,0.0,99247,0.0,0,0.0,0.0,08-Sep-2025,DIVIDEND - RE 0.10 PER SHARE 08-Sep-2025,{'isSLBSec': True},XD,2026-09-13
PPLPHARMA,0.0,0,94.07,6,0.0,0.0,0.0,0.0,0.0,0,0.0,0,0.0,0.0,16-Jul-2025,DIVIDEND - RE 0.14 PER SHARE 16-Jul-2025,{'isSLBSec': True},XD,2026-09-13
CCAVENUE,0.0,0,0.68,138,0.0,0.0,0.0,0.0,0.0,0,0.0,0,0.0,0.0,26-Jun-2025,RIGHTS 67:267 @ PREMIUM RS 9/- 26-Jun-2025,{'isSLBSec': True},XD,2026-09-13
EPACK,0.0,0,1.88,108,0.0,0.0,0.0,0.0,0.0,0,0.0,0,0.0,0.0,30-Aug-2024,ANNUAL GENERAL MEETING 30-Aug-2024,{'isSLBSec': True},XD,2026-09-13
ALPL30IETF,0.0,0,0.73,1462,0.0,0.0,0.0,0.0,0.0,0,0.0,0,0.0,0.0,10-May-2024,FACE VALUE SPLIT (SUB-DIVISION) - FROM RS 10/- PER SHARE TO RE 1/- PER SHARE 10-May-2024,{'isSLBSec': True},XD,2026-09-13
MON100,0.0,0,2.59,50,0.0,0.0,0.0,0.0,0.0,0,0.0,0,0.0,0.0,17-Jun-2021, FACE VALUE SPLIT (SUB-DIVISION) - FROM RS 10/- PER SHARE TO RE 1/- PER SHARE 17-Jun-2021,{'isSLBSec': True},XD,2026-09-13
GTLINFRA,0.0,0,0.04,15000,0.0,0.0,0.0,0.0,0.0,0,0.0,0,0.0,0.0,21-Sep-2015, ANNUAL GENERAL MEETING 21-Sep-2015,{'isSLBSec': True},XD,2026-09-13
JUNIORBEES,0.0,0,20.93,3,0.0,0.0,0.0,0.0,0.0,0,0.0,0,0.0,0.0,10-Mar-2014,DIVIDEND-RS.1 PER UNIT 10-Mar-2014,{'isSLBSec': True},XD,2026-09-13
NHPC,0.0,0,2.4,12,0.0,76.38,76.43,-0.05,-0.07,0,1.21,0,0.0,0.0,12-Aug-2026,DIVIDEND - RE 0.21 PER SH 12-Aug-2026,{'isSLBSec': True},XD,2026-09-13
PETRONET,0.0,0,0.0,0,1.14,287.2,287.6,-0.4,-0.14,17,1.83,17,19.38,4927.28,12-Jun-2026,DIVIDEND - RS 3 PER SHARE 12-Jun-2026,{'isSLBSec': True},XD,2026-09-13
HCLTECH,0.0,0,14.0,500,0.0,1206.1,1210.0,-3.9,-0.32,200,5.47,0,0.0,0.0,17-Jul-2026,INTERIM DIVIDEND - RS 12 PER SHARE 17-Jul-2026,{'isSLBSec': True},XD,2026-09-13
MAZDOCK,0.0,0,23.8,6,0.0,2339.0,2350.0,-11.0,-0.47,0,0.0,0,0.0,0.0,20-Aug-2026,DIVIDEND - RS 4.62 PER SHARE 20-Aug-2026,{'isSLBSec': True},XD,2026-09-13
PREMIERENE,0.0,0,9.67,3,0.0,974.2,980.7,-6.5,-0.67,0,0.0,0,0.0,0.0,08-May-2026,INTERIM DIVIDEND - RE 0.75 PER SHARE 08-May-2026,{'isSLBSec': True},XD,2026-09-13
RVNL,0.0,0,2.54,84,0.0,204.9,206.51,-1.61,-0.79,220,9.02,0,0.0,0.0,18-Aug-2026,DIVIDEND - RE 0.71 PER SHARE 18-Aug-2026,{'isSLBSec': True},XD,2026-09-13
VBL,0.0,0,4.1,103,0.0,416.5,420.05,-3.55,-0.85,0,0.79,0,0.0,0.0,31-Jul-2026,INTERIM DIVIDEND - RE 0.50 PER SHARE 31-Jul-2026,{'isSLBSec': True},XD,2026-09-13
PFC,0.0,0,0.67,5,0.0,353.45,356.5,-3.05,-0.86,0,0.26,0,0.0,0.0,27-Aug-2026,INTERIM DIVIDEND - RS 3.90 PER SHARE 27-Aug-2026,{'isSLBSec': True},XD,2026-09-13
ASHOKLEY,0.0,0,1.66,144,0.0,163.75,165.25,-1.5,-0.92,0,0.71,0,0.0,0.0,03-Jun-2026,INTERIM DIVIDEND - RS 2.50 PER SHARE 03-Jun-2026,{'isSLBSec': True},XD,2026-09-13
AUROPHARMA,0.0,0,16.66,20,0.0,1679.8,1695.2,-15.4,-0.92,0,1.35,0,0.0,0.0,17-Apr-2026,BUY BACK 17-Apr-2026,{'isSLBSec': True},XD,2026-09-13
POLICYBZR,0.0,0,17.7,30,0.0,1797.3,1815.0,-17.7,-0.98,0,4.55,0,0.0,0.0,, ,{'isSLBSec': True},XD,2026-09-13
TATASTEEL,0.0,0,1.04,7,0.0,183.0,185.0,-2.0,-1.09,0,0.1,0,0.0,0.0,12-Jun-2026,DIVIDEND - RS 4 PER SHARE 12-Jun-2026,{'isSLBSec': True},XD,2026-09-13
CONCOR,0.0,0,5.03,67,0.0,499.25,504.75,-5.5,-1.1,0,0.82,0,0.0,0.0,04-Aug-2026,INTERIM DIVIDEND - RS 1.60 PER SHARE 04-Aug-2026,{'isSLBSec': True},XD,2026-09-13
BEL,0.0,0,1.8,100,0.0,404.35,409.15,-4.8,-1.19,0,0.11,0,0.0,0.0,13-Aug-2026,DIVIDEND - RE 0.55 PER SHARE 13-Aug-2026,{'isSLBSec': True},XD,2026-09-13
HDFCBANK,0.0,0,2.0,762,0.0,708.25,717.5,-9.25,-1.31,10032,0.33,0,0.0,0.0,19-Jun-2026,DIVIDEND - RS 13 PER SHARE 19-Jun-2026,{'isSLBSec': True},XD,2026-09-13
UNITDSPR,0.0,0,13.98,7,0.0,1395.0,1413.5,-18.5,-1.33,0,1.29,0,0.0,0.0,08-Jul-2026,DIVIDEND - RS 11 PER SHARE 08-Jul-2026,{'isSLBSec': True},XD,2026-09-13
BPCL,0.0,0,26.9,500,0.0,304.5,308.6,-4.1,-1.35,0,0.83,0,0.0,0.0,02-Feb-2026,INTERIM DIVIDEND - RS 10 PER SHARE 02-Feb-2026,{'isSLBSec': True},XD,2026-09-13
MCX,0.0,0,21.97,25,0.0,3276.0,3323.4,-47.4,-1.45,0,1.97,0,0.0,0.0,28-Aug-2026,DIVIDEND - RS 8 PER SHARE 28-Aug-2026,{'isSLBSec': True},XD,2026-09-13
INFY,0.0,0,5.75,8,0.0,1037.7,1052.8,-15.1,-1.46,400,3.1,0,0.0,0.0,10-Jun-2026,DIVIDEND - RS 25 PER SHARE 10-Jun-2026,{'isSLBSec': True},XD,2026-09-13
HINDZINC,0.0,0,1.86,11,0.0,576.45,585.25,-8.8,-1.53,0,0.13,0,0.0,0.0,30-Apr-2026,INTERIM DIVIDEND - RS 11 PER SHARE 30-Apr-2026,{'isSLBSec': True},XD,2026-09-13
JIOFIN,0.0,0,1.02,200,0.0,229.9,233.45,-3.55,-1.54,0,0.14,0,0.0,0.0,10-Aug-2026,DIVIDEND - RS 0.60 PER SHARE 10-Aug-2026,{'isSLBSec': True},XD,2026-09-13
AMBUJACEM,0.0,0,5.27,100,0.0,391.85,398.0,-6.15,-1.57,0,0.01,0,0.0,0.0,12-Jun-2026,DIVIDEND - RS 2 PER SHARE 12-Jun-2026,{'isSLBSec': True},XD,2026-09-13
HINDPETRO,0.0,0,11.74,200,0.0,352.0,357.6,-5.6,-1.59,0,0.96,0,0.0,0.0,14-Aug-2026,DIVIDEND - RS 19.25 PER SHARE 14-Aug-2026,{'isSLBSec': True},XD,2026-09-13
BAJFINANCE,0.0,0,2.04,28,0.0,1034.5,1051.1,-16.6,-1.6,0,0.31,0,0.0,0.0,30-Jun-2026,DIVIDEND - RS 6 PER SHARE 30-Jun-2026,{'isSLBSec': True},XD,2026-09-13
IOC,0.0,0,11.83,1500,0.0,135.11,137.33,-2.22,-1.64,0,1.3,0,0.0,0.0,14-Aug-2026,DIVIDEND - RS 1.25 PER SHARE 14-Aug-2026,{'isSLBSec': True},XD,2026-09-13
IDEA,0.05,1,0.11,16400,0.0,14.97,15.22,-0.25,-1.67,1000,0.31,0,0.0,0.0,20-Aug-2024,ANNUAL GENERAL MEETING 20-Aug-2024,{'isSLBSec': True},XD,2026-09-13
M&M,0.0,0,58.92,10,0.0,3107.0,3159.2,-52.2,-1.68,0,0.33,0,0.0,0.0,03-Jul-2026,DIVIDEND - RS 33 PER SHARE 03-Jul-2026,{'isSLBSec': True},XD,2026-09-13
RELIANCE,0.0,0,2.83,10,0.0,1257.5,1279.4,-21.9,-1.74,0,0.05,0,0.0,0.0,05-Jun-2026,DIVIDEND - RS 6 PER SHARE 05-Jun-2026,{'isSLBSec': True},XD,2026-09-13
SUZLON,0.0,0,24.53,15,0.0,44.12,44.94,-0.82,-1.86,0,1.68,0,0.0,0.0,03-Sep-2024,ANNUAL GENERAL MEETING 03-Sep-2024,{'isSLBSec': True},XD,2026-09-13
GAIL,0.0,0,1.74,311,0.0,173.62,177.15,-3.53,-2.03,0,0.8,0,0.0,0.0,02-Sep-2026,DIVIDEND - RE 0.50 PER SHARE 02-Sep-2026,{'isSLBSec': True},XD,2026-09-13
GROWW,0.0,0,3.74,400,0.0,0.0,0.0,0.0,0.0,0,0.0,0,0.0,0.0,, ,{'isSLBSec': True},X1,2026-09-13
WAAREERTL,0.0,0,13.24,4,0.0,0.0,0.0,0.0,0.0,0,0.0,0,0.0,0.0,, ,{'isSLBSec': True},X1,2026-09-13
UNIMECH,0.0,0,12.41,1,0.0,0.0,0.0,0.0,0.0,0,0.0,0,0.0,0.0,, ,{'isSLBSec': True},X1,2026-09-13
TIMEX,0.0,0,23.95,15,0.0,0.0,0.0,0.0,0.0,0,0.0,0,0.0,0.0,, ,{'isSLBSec': True},X1,2026-09-13
BLS,0.0,0,3.74,17,0.0,0.0,0.0,0.0,0.0,0,0.0,0,0.0,0.0,16-Sep-2026,DIVIDEND - RE 0.50 PER SHARE 16-Sep-2026,{'isSLBSec': True},X1,2026-09-13
HINDCOPPER,0.0,0,8.39,397,0.0,0.0,0.0,0.0,0.0,0,0.0,0,0.0,0.0,16-Sep-2026,DIVIDEND - RS 1.86 PER SHARE 16-Sep-2026,{'isSLBSec': True},X1,2026-09-13
COALINDIA,0.0,0,1.28,4,0.0,0.0,0.0,0.0,0.0,0,0.0,0,0.0,0.0,04-Sep-2026,DIVIDEND - RS 5.25 PER SHARE 04-Sep-2026,{'isSLBSec': True},X1,2026-09-13
MAHSEAMLES,0.0,0,5.7,1,0.0,0.0,0.0,0.0,0.0,0,0.0,0,0.0,0.0,01-Sep-2026,DIVIDEND - RS 10 PER SHARE 01-Sep-2026,{'isSLBSec': True},X1,2026-09-13
NATIONALUM,0.0,0,2.56,40,0.0,0.0,0.0,0.0,0.0,0,0.0,0,0.0,0.0,24-Aug-2026,DIVIDEND - RE 1 PER SHARE 24-Aug-2026,{'isSLBSec': True},X1,2026-09-13
IOC,0.0,0,16.94,1500,0.0,0.0,0.0,0.0,0.0,0,0.0,0,0.0,0.0,14-Aug-2026,DIVIDEND - RS 1.25 PER SHARE 14-Aug-2026,{'isSLBSec': True},X1,2026-09-13
VBL,0.0,0,6.52,4,0.0,0.0,0.0,0.0,0.0,0,0.0,0,0.0,0.0,31-Jul-2026,INTERIM DIVIDEND - RE 0.50 PER SHARE 31-Jul-2026,{'isSLBSec': True},X1,2026-09-13
PERSISTENT,0.0,0,87.55,1,0.0,0.0,0.0,0.0,0.0,0,0.0,0,0.0,0.0,27-Jul-2026,DIVIDEND - RS 18 PER SHARE 27-Jul-2026,{'isSLBSec': True},X1,2026-09-13
TATACAP,0.0,0,16.73,1,0.0,0.0,0.0,0.0,0.0,0,0.0,0,0.0,0.0,27-Jul-2026,DIVIDEND - RE 0.57 PER SHARE 27-Jul-2026,{'isSLBSec': True},X1,2026-09-13
MSUMI,0.0,0,0.29,235,0.0,0.0,0.0,0.0,0.0,0,0.0,0,0.0,0.0,14-Jul-2026,DIVIDEND - RE 0.58 PER SHARE 14-Jul-2026,{'isSLBSec': True},X1,2026-09-13
BSE,0.0,0,52.53,2,0.0,0.0,0.0,0.0,0.0,0,0.0,0,0.0,0.0,10-Jul-2026,DIVIDEND - RS 10 PER SHARE 10-Jul-2026,{'isSLBSec': True},X1,2026-09-13
BAJAJFINSV,0.0,0,15.42,1,0.0,0.0,0.0,0.0,0.0,0,0.0,0,0.0,0.0,30-Jun-2026,DIVIDEND - RS 1.50 PER SHARE 30-Jun-2026,{'isSLBSec': True},X1,2026-09-13
CANBK,0.0,0,0.98,200,0.0,0.0,0.0,0.0,0.0,0,0.0,0,0.0,0.0,12-Jun-2026,DIVIDEND - RS 4.20 PER SHARE 12-Jun-2026,{'isSLBSec': True},X1,2026-09-13
ADANIPORTS,0.0,0,14.05,70,0.0,0.0,0.0,0.0,0.0,0,0.0,0,0.0,0.0,12-Jun-2026,DIVIDEND - RS 7.50 PER SHARE 12-Jun-2026,{'isSLBSec': True},X1,2026-09-13
ADANIENT,0.0,0,24.45,36,0.0,0.0,0.0,0.0,0.0,0,0.0,0,0.0,0.0,12-Jun-2026,DIVIDEND - RS 1.30 PER SHARE 12-Jun-2026,{'isSLBSec': True},X1,2026-09-13
ITC,0.0,0,1.22,19,0.0,0.0,0.0,0.0,0.0,0,0.0,0,0.0,0.0,27-May-2026,DIVIDEND - RS 8 PER SHARE 27-May-2026,{'isSLBSec': True},X1,2026-09-13
SBIN,0.0,0,28.88,1,0.0,0.0,0.0,0.0,0.0,0,0.0,0,0.0,0.0,15-May-2026,DIVIDEND - RS 17.35 PER SHARE 15-May-2026,{'isSLBSec': True},X1,2026-09-13
IEX,0.0,0,1.85,15,0.0,0.0,0.0,0.0,0.0,0,0.0,0,0.0,0.0,15-May-2026,DIVIDEND - RS 2 PER SHARE 15-May-2026,{'isSLBSec': True},X1,2026-09-13
PREMIERENE,0.0,0,15.38,6,0.0,0.0,0.0,0.0,0.0,0,0.0,0,0.0,0.0,08-May-2026,INTERIM DIVIDEND - RE 0.75 PER SHARE 08-May-2026,{'isSLBSec': True},X1,2026-09-13
VEDL,0.0,0,5.99,240,0.0,0.0,0.0,0.0,0.0,0,0.0,0,0.0,0.0,30-Apr-2026,DEMERGER 30-Apr-2026,{'isSLBSec': True},X1,2026-09-13
SANOFI,0.0,0,118.6,18,0.0,0.0,0.0,0.0,0.0,0,0.0,0,0.0,0.0,22-Apr-2026,DIVIDEND - RS 48 PER SHARE 22-Apr-2026,{'isSLBSec': True},X1,2026-09-13
BPCL,0.0,0,38.52,165,0.0,0.0,0.0,0.0,0.0,0,0.0,0,0.0,0.0,02-Feb-2026,INTERIM DIVIDEND - RS 10 PER SHARE 02-Feb-2026,{'isSLBSec': True},X1,2026-09-13
PATELENG,0.0,0,0.47,350,0.0,0.0,0.0,0.0,0.0,0,0.0,0,0.0,0.0,04-Dec-2025,RIGHTS 7:40 @ PREMIUM RS 26/- 04-Dec-2025,{'isSLBSec': True},X1,2026-09-13
HFCL,2.0,1500,6.0,89,0.0,0.0,0.0,0.0,0.0,1214,0.0,0,0.0,0.0,08-Sep-2025,DIVIDEND - RE 0.10 PER SHARE 08-Sep-2025,{'isSLBSec': True},X1,2026-09-13
IDEA,0.0,0,0.33,2898,0.0,0.0,0.0,0.0,0.0,0,0.0,0,0.0,0.0,20-Aug-2024,ANNUAL GENERAL MEETING 20-Aug-2024,{'isSLBSec': True},X1,2026-09-13
EBGNG,0.0,0,6.73,17,0.0,0.0,0.0,0.0,0.0,0,0.0,0,0.0,0.0,, ,{'isSLBSec': True},X2,2026-09-13
IOC,0.0,0,21.03,1500,0.0,0.0,0.0,0.0,0.0,0,0.0,0,0.0,0.0,14-Aug-2026,DIVIDEND - RS 1.25 PER SHARE 14-Aug-2026,{'isSLBSec': True},X2,2026-09-13
IDFCFIRSTB,0.0,0,0.03,1,0.0,0.0,0.0,0.0,0.0,0,0.0,0,0.0,0.0,07-Aug-2026,DIVIDEND - RE 0.25 PER SHARE 07-Aug-2026,{'isSLBSec': True},X2,2026-09-13
CDSL,0.0,0,13.36,61,0.0,0.0,0.0,0.0,0.0,1732,0.0,0,0.0,0.0,17-Jul-2026,DIVIDEND - RS 12.75 PER SHARE 17-Jul-2026,{'isSLBSec': True},X2,2026-09-13
ATUL,0.0,0,32.0,150,0.0,0.0,0.0,0.0,0.0,0,0.0,0,0.0,0.0,17-Jul-2026,DIVIDEND - RS 30 PER SHARE 17-Jul-2026,{'isSLBSec': True},X2,2026-09-13
COROMANDEL,0.0,0,19.39,5,0.0,0.0,0.0,0.0,0.0,0,0.0,0,0.0,0.0,16-Jul-2026,DIVIDEND - RS 2 PER SHARE 16-Jul-2026,{'isSLBSec': True},X2,2026-09-13
MOTHERSON,0.0,0,2.9,500,0.0,0.0,0.0,0.0,0.0,0,0.0,0,0.0,0.0,14-Jul-2026,DIVIDEND - RS 0.25 PER SHARE 14-Jul-2026,{'isSLBSec': True},X2,2026-09-13
BSE,0.0,0,32.61,81,0.0,0.0,0.0,0.0,0.0,24,0.0,0,0.0,0.0,10-Jul-2026,DIVIDEND - RS 10 PER SHARE 10-Jul-2026,{'isSLBSec': True},X2,2026-09-13
BAJAJFINSV,0.0,0,19.14,50,0.0,0.0,0.0,0.0,0.0,0,0.0,0,0.0,0.0,30-Jun-2026,DIVIDEND - RS 1.50 PER SHARE 30-Jun-2026,{'isSLBSec': True},X2,2026-09-13
LICI,0.0,0,4.0,18,0.0,0.0,0.0,0.0,0.0,0,0.0,0,0.0,0.0,25-Jun-2026,DIVIDEND - RS 10 PER SHARE 25-Jun-2026,{'isSLBSec': True},X2,2026-09-13
HDFCBANK,0.0,0,19.16,302,0.0,0.0,0.0,0.0,0.0,0,0.0,0,0.0,0.0,19-Jun-2026,DIVIDEND - RS 13 PER SHARE 19-Jun-2026,{'isSLBSec': True},X2,2026-09-13
CANBK,0.0,0,1.23,44,0.0,0.0,0.0,0.0,0.0,0,0.0,0,0.0,0.0,12-Jun-2026,DIVIDEND - RS 4.20 PER SHARE 12-Jun-2026,{'isSLBSec': True},X2,2026-09-13
MUTHOOTFIN,0.0,0,28.03,35,0.0,0.0,0.0,0.0,0.0,0,0.0,0,0.0,0.0,17-Apr-2026,INTERIM DIVIDEND - RS 30 PER SHARE 17-Apr-2026,{'isSLBSec': True},X2,2026-09-13
ASTERDM,0.0,0,7.57,60,0.0,0.0,0.0,0.0,0.0,0,0.0,0,0.0,0.0,02-Apr-2026,INTERIM DIVIDEND - RS 3 PER SHARE 02-Apr-2026,{'isSLBSec': True},X2,2026-09-13
BPCL,0.0,0,47.82,500,0.0,0.0,0.0,0.0,0.0,0,0.0,0,0.0,0.0,02-Feb-2026,INTERIM DIVIDEND - RS 10 PER SHARE 02-Feb-2026,{'isSLBSec': True},X2,2026-09-13
PGEL,0.0,0,5.35,50,0.0,0.0,0.0,0.0,0.0,0,0.0,0,0.0,0.0,19-Sep-2025,DIVIDEND - RS 0.25 PER SHARE 19-Sep-2025,{'isSLBSec': True},X2,2026-09-13
SWIGGY,0.0,0,3.94,6,0.0,0.0,0.0,0.0,0.0,0,0.0,0,0.0,0.0,, ,{'isSLBSec': True},X3,2026-09-13
OIL,0.0,0,5.89,34,0.0,0.0,0.0,0.0,0.0,0,0.0,0,0.0,0.0,04-Sep-2026,DIVIDEND - RE 1 PER SHARE 04-Sep-2026,{'isSLBSec': True},X3,2026-09-13
SKFINDUS,0.0,0,34.34,12,0.0,0.0,0.0,0.0,0.0,0,0.0,0,0.0,0.0,17-Aug-2026,INTERIM DIVIDEND - RS 20 PER SHARE 17-Aug-2026,{'isSLBSec': True},X3,2026-09-13
APOLLOHOSP,0.0,0,104.85,4,0.0,0.0,0.0,0.0,0.0,0,0.0,0,0.0,0.0,14-Aug-2026,DIVIDEND - RS 10 PER SH 14-Aug-2026,{'isSLBSec': True},X3,2026-09-13
HINDPETRO,0.0,0,1.25,3,0.0,0.0,0.0,0.0,0.0,0,0.0,0,0.0,0.0,14-Aug-2026,DIVIDEND - RS 19.25 PER SHARE 14-Aug-2026,{'isSLBSec': True},X3,2026-09-13
IOC,0.0,0,0.1,10,0.0,0.0,0.0,0.0,0.0,0,0.0,0,0.0,0.0,14-Aug-2026,DIVIDEND - RS 1.25 PER SHARE 14-Aug-2026,{'isSLBSec': True},X3,2026-09-13
HAL,0.0,0,58.32,10,0.0,0.0,0.0,0.0,0.0,0,0.0,0,0.0,0.0,14-Aug-2026,DIVIDEND - RS 10 PER SH 14-Aug-2026,{'isSLBSec': True},X3,2026-09-13
BEL,0.0,0,8.59,1,0.0,0.0,0.0,0.0,0.0,0,0.0,0,0.0,0.0,13-Aug-2026,DIVIDEND - RE 0.55 PER SHARE 13-Aug-2026,{'isSLBSec': True},X3,2026-09-13
POWERGRID,0.0,0,1.22,2,0.0,0.0,0.0,0.0,0.0,0,0.0,0,0.0,0.0,13-Aug-2026,DIVIDEND - RS 1.25 PER SHARE 13-Aug-2026,{'isSLBSec': True},X3,2026-09-13
ICICIBANK,0.0,0,4.0,300,3.0,0.0,0.0,0.0,0.0,861,0.0,21,63.0,29137.5,03-Aug-2026,DIVIDEND - RS 12 PER SHARE 03-Aug-2026,{'isSLBSec': True},X3,2026-09-13
SHREECEM,15.0,250,0.0,0,0.0,0.0,0.0,0.0,0.0,0,0.0,0,0.0,0.0,17-Jul-2026,DIVIDEND - RS 70 PER SHARE 17-Jul-2026,{'isSLBSec': True},X3,2026-09-13
COROMANDEL,0.0,0,23.16,45,0.0,0.0,0.0,0.0,0.0,0,0.0,0,0.0,0.0,16-Jul-2026,DIVIDEND - RS 2 PER SHARE 16-Jul-2026,{'isSLBSec': True},X3,2026-09-13
BSE,0.0,0,70.11,8,0.0,0.0,0.0,0.0,0.0,30,0.0,0,0.0,0.0,10-Jul-2026,DIVIDEND - RS 10 PER SHARE 10-Jul-2026,{'isSLBSec': True},X3,2026-09-13
HDFCBANK,0.0,0,8.17,74,0.0,0.0,0.0,0.0,0.0,3778,0.0,0,0.0,0.0,19-Jun-2026,DIVIDEND - RS 13 PER SHARE 19-Jun-2026,{'isSLBSec': True},X3,2026-09-13
BEML,0.0,0,23.9,20,0.0,0.0,0.0,0.0,0.0,0,0.0,0,0.0,0.0,05-Jun-2026,INTERIM DIVIDEND - RS 2.30 PER SHARE 05-Jun-2026,{'isSLBSec': True},X3,2026-09-13
RELIANCE,0.0,0,3.19,48,2.8,0.0,0.0,0.0,0.0,5083,0.0,773,2164.4,986966.4,05-Jun-2026,DIVIDEND - RS 6 PER SHARE 05-Jun-2026,{'isSLBSec': True},X3,2026-09-13
IEX,0.0,0,1.37,56,0.0,0.0,0.0,0.0,0.0,0,0.0,0,0.0,0.0,15-May-2026,DIVIDEND - RS 2 PER SHARE 15-May-2026,{'isSLBSec': True},X3,2026-09-13
VEDL,0.0,0,10.14,10,0.0,0.0,0.0,0.0,0.0,0,0.0,0,0.0,0.0,30-Apr-2026,DEMERGER 30-Apr-2026,{'isSLBSec': True},X3,2026-09-13
IRFC,0.25,5425,0.96,734,0.0,0.0,0.0,0.0,0.0,4338,0.0,0,0.0,0.0,13-Mar-2026,INTERIM DIVIDEND - RS 1.05 PER SHARE 13-Mar-2026,{'isSLBSec': True},X3,2026-09-13
SBICARD,1.0,1600,7.85,10,0.0,0.0,0.0,0.0,0.0,301,0.0,0,0.0,0.0,11-Mar-2026,INTERIM DIVIDEND - RS 2.50 PER SHARE 11-Mar-2026,{'isSLBSec': True},X3,2026-09-13
COCHINSHIP,0.0,0,17.91,10,0.0,0.0,0.0,0.0,0.0,0,0.0,0,0.0,0.0,03-Feb-2026,INTERIM DIVIDEND - RS 3.50 PER SHARE 03-Feb-2026,{'isSLBSec': True},X3,2026-09-13
SUZLON,0.0,0,2.08,100,0.0,0.0,0.0,0.0,0.0,0,0.0,0,0.0,0.0,03-Sep-2024,ANNUAL GENERAL MEETING 03-Sep-2024,{'isSLBSec': True},X3,2026-09-13
AMBER,0.0,0,85.76,12,0.0,0.0,0.0,0.0,0.0,0,0.0,0,0.0,0.0,02-Aug-2024,ANNUAL GENERAL MEETING 02-Aug-2024,{'isSLBSec': True},X3,2026-09-13
MON100,0.0,0,3.93,1,0.0,0.0,0.0,0.0,0.0,4000,0.0,0,0.0,0.0,17-Jun-2021, FACE VALUE SPLIT (SUB-DIVISION) - FROM RS 10/- PER SHARE TO RE 1/- PER SHARE 17-Jun-2021,{'isSLBSec': True},X3,2026-09-13
RENUKA,0.0,0,0.29,6100,0.0,0.0,0.0,0.0,0.0,0,0.0,0,0.0,0.0,23-Sep-2019, ANNUAL GENERAL MEETING 23-Sep-2019,{'isSLBSec': True},X3,2026-09-13
SJVN,0.0,0,1.71,1,0.0,0.0,0.0,0.0,0.0,0,0.0,0,0.0,0.0,24-Aug-2026,DIVIDEND - RE 0.35 PER SHARE 24-Aug-2026,{'isSLBSec': True},X4,2026-09-13
PAGEIND,15.0,200,0.0,0,0.0,0.0,0.0,0.0,0.0,0,0.0,0,0.0,0.0,19-Aug-2026,INTERIM DIVIDEND - RS 200 PER SHARE 19-Aug-2026,{'isSLBSec': True},X4,2026-09-13
RVNL,0.0,0,10.0,1925,0.0,0.0,0.0,0.0,0.0,5113,0.0,0,0.0,0.0,18-Aug-2026,DIVIDEND - RE 0.71 PER SHARE 18-Aug-2026,{'isSLBSec': True},X4,2026-09-13
IOC,0.0,0,30.23,500,0.0,0.0,0.0,0.0,0.0,0,0.0,0,0.0,0.0,14-Aug-2026,DIVIDEND - RS 1.25 PER SHARE 14-Aug-2026,{'isSLBSec': True},X4,2026-09-13
KPITTECH,1.0,1550,7.84,27,0.0,0.0,0.0,0.0,0.0,523,0.0,0,0.0,0.0,12-Aug-2026,DIVIDEND - RS 5.25 PER SHARE 12-Aug-2026,{'isSLBSec': True},X4,2026-09-13
PTC,0.0,0,3.93,7,0.0,0.0,0.0,0.0,0.0,0,0.0,0,0.0,0.0,10-Aug-2026,INTERIM DIVIDEND - RS 23 PER SHARE 10-Aug-2026,{'isSLBSec': True},X4,2026-09-13
LODHA,10.0,6250,0.0,0,0.0,0.0,0.0,0.0,0.0,0,0.0,0,0.0,0.0,07-Aug-2026,DIVIDEND - RS 4.25 PER SHARE 07-Aug-2026,{'isSLBSec': True},X4,2026-09-13
PIIND,7.0,1750,0.0,0,0.0,0.0,0.0,0.0,0.0,7,0.0,0,0.0,0.0,07-Aug-2026,DIVIDEND - RS 10 PER SHARE 07-Aug-2026,{'isSLBSec': True},X4,2026-09-13
SIEMENS,6.0,350,0.0,0,0.0,0.0,0.0,0.0,0.0,5,0.0,0,0.0,0.0,29-Jul-2026,DIVIDEND - RS 18 PER SHARE 29-Jul-2026,{'isSLBSec': True},X4,2026-09-13
WIPRO,1.0,3000,7.4,2,0.0,0.0,0.0,0.0,0.0,177,0.0,0,0.0,0.0,27-Jul-2026,INTERIM DIVIDEND - RS 2 PER SHARE 27-Jul-2026,{'isSLBSec': True},X4,2026-09-13
SHREECEM,16.0,250,0.0,0,0.0,0.0,0.0,0.0,0.0,2,0.0,0,0.0,0.0,17-Jul-2026,DIVIDEND - RS 70 PER SHARE 17-Jul-2026,{'isSLBSec': True},X4,2026-09-13
BSE,0.0,0,75.0,1,0.0,0.0,0.0,0.0,0.0,1117,0.0,0,0.0,0.0,10-Jul-2026,DIVIDEND - RS 10 PER SHARE 10-Jul-2026,{'isSLBSec': True},X4,2026-09-13
IEX,0.0,0,6.61,100,0.0,0.0,0.0,0.0,0.0,0,0.0,0,0.0,0.0,15-May-2026,DIVIDEND - RS 2 PER SHARE 15-May-2026,{'isSLBSec': True},X4,2026-09-13
ASTERDM,0.0,0,10.89,45,0.0,0.0,0.0,0.0,0.0,0,0.0,0,0.0,0.0,02-Apr-2026,INTERIM DIVIDEND - RS 3 PER SHARE 02-Apr-2026,{'isSLBSec': True},X4,2026-09-13
KEI,20.0,1750,1000.03,4,0.0,0.0,0.0,0.0,0.0,6,0.0,0,0.0,0.0,28-Jan-2026,INTERIM DIVIDEND - RS 4.50 PER SHARE 28-Jan-2026,{'isSLBSec': True},X4,2026-09-13
MANKIND,0.0,0,380.83,1,0.0,0.0,0.0,0.0,0.0,4,0.0,0,0.0,0.0,08-Aug-2025,INTERIM DIVIDEND - RE 1  PER SHARE 08-Aug-2025,{'isSLBSec': True},X4,2026-09-13
KAYNES,22.0,150,0.0,0,0.0,0.0,0.0,0.0,0.0,595,0.0,0,0.0,0.0,08-Sep-2023,ANNUAL GENERAL MEETING 08-Sep-2023,{'isSLBSec': True},X4,2026-09-13
ITBEES,0.0,0,0.93,4200,0.0,0.0,0.0,0.0,0.0,0,0.0,0,0.0,0.0,, ,{'isSLBSec': True},X5,2026-09-13
PVTBANKADD,0.0,0,0.45,2857,0.0,0.0,0.0,0.0,0.0,0,0.0,0,0.0,0.0,, ,{'isSLBSec': True},X5,2026-09-13
METALIETF,0.0,0,0.21,4437,0.0,0.0,0.0,0.0,0.0,0,0.0,0,0.0,0.0,, ,{'isSLBSec': True},X5,2026-09-13
ABSLPSE,0.0,0,0.16,4871,0.0,0.0,0.0,0.0,0.0,0,0.0,0,0.0,0.0,, ,{'isSLBSec': True},X5,2026-09-13
PAGEIND,16.0,200,0.0,0,0.0,0.0,0.0,0.0,0.0,0,0.0,0,0.0,0.0,19-Aug-2026,INTERIM DIVIDEND - RS 200 PER SHARE 19-Aug-2026,{'isSLBSec': True},X5,2026-09-13
RVNL,0.9,39,12.0,880,0.0,0.0,0.0,0.0,0.0,19450,0.0,0,0.0,0.0,18-Aug-2026,DIVIDEND - RE 0.71 PER SHARE 18-Aug-2026,{'isSLBSec': True},X5,2026-09-13
IOC,0.0,0,34.32,1000,0.0,0.0,0.0,0.0,0.0,64,0.0,0,0.0,0.0,14-Aug-2026,DIVIDEND - RS 1.25 PER SHARE 14-Aug-2026,{'isSLBSec': True},X5,2026-09-13
CAMS,0.0,0,11.46,22,0.0,0.0,0.0,0.0,0.0,54,0.0,0,0.0,0.0,12-Aug-2026,INTERIM DIVIDEND - RS 2.50 PER SHARE 12-Aug-2026,{'isSLBSec': True},X5,2026-09-13
LODHA,10.0,6250,0.0,0,0.0,0.0,0.0,0.0,0.0,0,0.0,0,0.0,0.0,07-Aug-2026,DIVIDEND - RS 4.25 PER SHARE 07-Aug-2026,{'isSLBSec': True},X5,2026-09-13
PIIND,8.0,1750,0.0,0,0.0,0.0,0.0,0.0,0.0,20,0.0,0,0.0,0.0,07-Aug-2026,DIVIDEND - RS 10 PER SHARE 07-Aug-2026,{'isSLBSec': True},X5,2026-09-13
SIEMENS,6.0,350,0.0,0,0.0,0.0,0.0,0.0,0.0,2,0.0,0,0.0,0.0,29-Jul-2026,DIVIDEND - RS 18 PER SHARE 29-Jul-2026,{'isSLBSec': True},X5,2026-09-13
SHREECEM,17.0,250,0.0,0,0.0,0.0,0.0,0.0,0.0,1,0.0,0,0.0,0.0,17-Jul-2026,DIVIDEND - RS 70 PER SHARE 17-Jul-2026,{'isSLBSec': True},X5,2026-09-13
BSE,0.0,0,319.28,4,0.0,0.0,0.0,0.0,0.0,6,0.0,0,0.0,0.0,10-Jul-2026,DIVIDEND - RS 10 PER SHARE 10-Jul-2026,{'isSLBSec': True},X5,2026-09-13
VOLTAS,10.0,1,111.88,10,4.0,0.0,0.0,0.0,0.0,8509,0.0,3,12.0,3487.5,12-Jun-2026,DIVIDEND - RS 4 PER SHARE 12-Jun-2026,{'isSLBSec': True},X5,2026-09-13
ASHOKLEY,0.0,0,1.07,35,0.0,0.0,0.0,0.0,0.0,6338,0.0,0,0.0,0.0,03-Jun-2026,INTERIM DIVIDEND - RS 2.50 PER SHARE 03-Jun-2026,{'isSLBSec': True},X5,2026-09-13
LTM,30.5,1500,0.0,0,0.0,0.0,0.0,0.0,0.0,85,0.0,0,0.0,0.0,25-May-2026,DIVIDEND - RS 53 PER SHARE 25-May-2026,{'isSLBSec': True},X5,2026-09-13
LTF,1.5,22500,0.0,0,0.0,0.0,0.0,0.0,0.0,35943,0.0,0,0.0,0.0,22-May-2026,DIVIDEND - RS 2.75 PER SHARE 22-May-2026,{'isSLBSec': True},X5,2026-09-13
OFSS,15.0,1000,0.0,0,0.0,0.0,0.0,0.0,0.0,3,0.0,0,0.0,0.0,07-May-2026,INTERIM DIVIDEND - RS 270 PER SHARE 07-May-2026,{'isSLBSec': True},X5,2026-09-13
SBICARD,1.5,1581,150.0,50,1.5,0.0,0.0,0.0,0.0,393,0.0,19,28.5,12688.2,11-Mar-2026,INTERIM DIVIDEND - RS 2.50 PER SHARE 11-Mar-2026,{'isSLBSec': True},X5,2026-09-13
KEI,21.0,1750,0.0,0,0.0,0.0,0.0,0.0,0.0,91,0.0,0,0.0,0.0,28-Jan-2026,INTERIM DIVIDEND - RS 4.50 PER SHARE 28-Jan-2026,{'isSLBSec': True},X5,2026-09-13
DIXON,102.0,100,0.0,0,0.0,0.0,0.0,0.0,0.0,19,0.0,0,0.0,0.0,16-Sep-2025,DIVIDEND - RS 8 PER SHARE 16-Sep-2025,{'isSLBSec': True},X5,2026-09-13
KAYNES,21.0,1500,0.0,0,0.0,0.0,0.0,0.0,0.0,24,0.0,0,0.0,0.0,08-Sep-2023,ANNUAL GENERAL MEETING 08-Sep-2023,{'isSLBSec': True},X5,2026-09-13
BAJAJHFL,0.0,0,3.1,1,0.0,0.0,0.0,0.0,0.0,0,0.0,0,0.0,0.0,, ,{'isSLBSec': True},X6,2026-09-13
ITBEES,0.0,0,0.81,376,0.0,0.0,0.0,0.0,0.0,0,0.0,0,0.0,0.0,, ,{'isSLBSec': True},X6,2026-09-13
KAJARIACER,0.0,0,449.55,9,0.0,0.0,0.0,0.0,0.0,0,0.0,0,0.0,0.0,21-Sep-2026,DIVIDEND - RS 6 PER SHARE 21-Sep-2026,{'isSLBSec': True},X6,2026-09-13
PAGEIND,17.0,200,0.0,0,0.0,0.0,0.0,0.0,0.0,0,0.0,0,0.0,0.0,19-Aug-2026,INTERIM DIVIDEND - RS 200 PER SHARE 19-Aug-2026,{'isSLBSec': True},X6,2026-09-13
CAMS,0.0,0,10.26,35,0.0,0.0,0.0,0.0,0.0,113,0.0,0,0.0,0.0,12-Aug-2026,INTERIM DIVIDEND - RS 2.50 PER SHARE 12-Aug-2026,{'isSLBSec': True},X6,2026-09-13
PIIND,9.0,1750,0.0,0,0.0,0.0,0.0,0.0,0.0,0,0.0,0,0.0,0.0,07-Aug-2026,DIVIDEND - RS 10 PER SHARE 07-Aug-2026,{'isSLBSec': True},X6,2026-09-13
LODHA,10.01,6250,0.0,0,0.0,0.0,0.0,0.0,0.0,0,0.0,0,0.0,0.0,07-Aug-2026,DIVIDEND - RS 4.25 PER SHARE 07-Aug-2026,{'isSLBSec': True},X6,2026-09-13
SIEMENS,6.0,350,0.0,0,0.0,0.0,0.0,0.0,0.0,0,0.0,0,0.0,0.0,29-Jul-2026,DIVIDEND - RS 18 PER SHARE 29-Jul-2026,{'isSLBSec': True},X6,2026-09-13
WIPRO,1.5,3000,47.93,953,0.0,0.0,0.0,0.0,0.0,87,0.0,0,0.0,0.0,27-Jul-2026,INTERIM DIVIDEND - RS 2 PER SHARE 27-Jul-2026,{'isSLBSec': True},X6,2026-09-13
SHREECEM,18.0,250,0.0,0,0.0,0.0,0.0,0.0,0.0,0,0.0,0,0.0,0.0,17-Jul-2026,DIVIDEND - RS 70 PER SHARE 17-Jul-2026,{'isSLBSec': True},X6,2026-09-13
CDSL,1.0,551,24.41,6,0.0,0.0,0.0,0.0,0.0,641,0.0,0,0.0,0.0,17-Jul-2026,DIVIDEND - RS 12.75 PER SHARE 17-Jul-2026,{'isSLBSec': True},X6,2026-09-13
BSE,0.0,0,142.93,10,0.0,0.0,0.0,0.0,0.0,11,0.0,0,0.0,0.0,10-Jul-2026,DIVIDEND - RS 10 PER SHARE 10-Jul-2026,{'isSLBSec': True},X6,2026-09-13
TECHM,1.0,600,549.71,36,0.0,0.0,0.0,0.0,0.0,30,0.0,0,0.0,0.0,03-Jul-2026,DIVIDEND - RS 36 PER SHARE 03-Jul-2026,{'isSLBSec': True},X6,2026-09-13
TMPV,0.0,0,108.26,31,0.0,0.0,0.0,0.0,0.0,0,0.0,0,0.0,0.0,19-Jun-2026,DIVIDEND - RS 3 PER SHARE 19-Jun-2026,{'isSLBSec': True},X6,2026-09-13
COLPAL,0.0,0,156.37,1,0.0,0.0,0.0,0.0,0.0,0,0.0,0,0.0,0.0,01-Jun-2026,INTERIM DIVIDEND - RS 24 PER SHARE 01-Jun-2026,{'isSLBSec': True},X6,2026-09-13
LTM,30.0,1500,0.0,0,0.0,0.0,0.0,0.0,0.0,0,0.0,0,0.0,0.0,25-May-2026,DIVIDEND - RS 53 PER SHARE 25-May-2026,{'isSLBSec': True},X6,2026-09-13
LTF,1.5,22500,0.0,0,0.0,0.0,0.0,0.0,0.0,69,0.0,0,0.0,0.0,22-May-2026,DIVIDEND - RS 2.75 PER SHARE 22-May-2026,{'isSLBSec': True},X6,2026-09-13
OFSS,15.0,1000,0.0,0,0.0,0.0,0.0,0.0,0.0,0,0.0,0,0.0,0.0,07-May-2026,INTERIM DIVIDEND - RS 270 PER SHARE 07-May-2026,{'isSLBSec': True},X6,2026-09-13
IRFC,0.3,5425,28.0,100,0.0,0.0,0.0,0.0,0.0,981,0.0,0,0.0,0.0,13-Mar-2026,INTERIM DIVIDEND - RS 1.05 PER SHARE 13-Mar-2026,{'isSLBSec': True},X6,2026-09-13
KEI,22.0,1750,0.0,0,0.0,0.0,0.0,0.0,0.0,0,0.0,0,0.0,0.0,28-Jan-2026,INTERIM DIVIDEND - RS 4.50 PER SHARE 28-Jan-2026,{'isSLBSec': True},X6,2026-09-13
DIXON,102.0,100,0.0,0,0.0,0.0,0.0,0.0,0.0,88,0.0,0,0.0,0.0,16-Sep-2025,DIVIDEND - RS 8 PER SHARE 16-Sep-2025,{'isSLBSec': True},X6,2026-09-13
SUZLON,0.0,0,3.82,13,0.0,0.0,0.0,0.0,0.0,0,0.0,0,0.0,0.0,03-Sep-2024,ANNUAL GENERAL MEETING 03-Sep-2024,{'isSLBSec': True},X6,2026-09-13
KAYNES,22.0,1500,0.0,0,0.0,0.0,0.0,0.0,0.0,8,0.0,0,0.0,0.0,08-Sep-2023,ANNUAL GENERAL MEETING 08-Sep-2023,{'isSLBSec': True},X6,2026-09-13
NIFTYBEES,0.0,0,4.81,1,0.0,0.0,0.0,0.0,0.0,4,0.0,0,0.0,0.0,19-Dec-2019, FACE VALUE SPLIT (SUB-DIVISION) - FROM RS 10/- TO RS 1/- 19-Dec-2019,{'isSLBSec': True},X6,2026-09-13
EVINDIA,0.0,0,3.15,272,0.0,0.0,0.0,0.0,0.0,0,0.0,0,0.0,0.0,, ,{'isSLBSec': True},X7,2026-09-13
BLACKBUCK,0.0,0,11.99,180,0.0,0.0,0.0,0.0,0.0,0,0.0,0,0.0,0.0,, ,{'isSLBSec': True},X7,2026-09-13
SAMBHV,0.0,0,4.33,1079,0.0,0.0,0.0,0.0,0.0,0,0.0,0,0.0,0.0,, ,{'isSLBSec': True},X7,2026-09-13
AADHARHFC,0.0,0,188.6,20,0.0,0.0,0.0,0.0,0.0,0,0.0,0,0.0,0.0,, ,{'isSLBSec': True},X7,2026-09-13
HDFCSML250,0.0,0,22.81,11,0.0,0.0,0.0,0.0,0.0,0,0.0,0,0.0,0.0,, ,{'isSLBSec': True},X7,2026-09-13
ITBEES,0.0,0,0.65,1018,0.0,0.0,0.0,0.0,0.0,0,0.0,0,0.0,0.0,, ,{'isSLBSec': True},X7,2026-09-13
POLICYBZR,0.0,0,66.13,3,0.0,0.0,0.0,0.0,0.0,0,0.0,0,0.0,0.0,, ,{'isSLBSec': True},X7,2026-09-13
BHARATCOAL,0.0,0,10.9,132,0.0,0.0,0.0,0.0,0.0,0,0.0,0,0.0,0.0,, ,{'isSLBSec': True},X7,2026-09-13
NTPCGREEN,0.0,0,21.44,173,0.0,0.0,0.0,0.0,0.0,0,0.0,0,0.0,0.0,, ,{'isSLBSec': True},X7,2026-09-13
GROWWDEFNC,0.0,0,12.0,1000,0.0,0.0,0.0,0.0,0.0,0,0.0,0,0.0,0.0,, ,{'isSLBSec': True},X7,2026-09-13
PAGEIND,18.0,200,0.0,0,0.0,0.0,0.0,0.0,0.0,0,0.0,0,0.0,0.0,19-Aug-2026,INTERIM DIVIDEND - RS 200 PER SHARE 19-Aug-2026,{'isSLBSec': True},X7,2026-09-13
LODHA,10.01,6250,0.0,0,0.0,0.0,0.0,0.0,0.0,0,0.0,0,0.0,0.0,07-Aug-2026,DIVIDEND - RS 4.25 PER SHARE 07-Aug-2026,{'isSLBSec': True},X7,2026-09-13
PIIND,10.0,1750,0.0,0,0.0,0.0,0.0,0.0,0.0,0,0.0,0,0.0,0.0,07-Aug-2026,DIVIDEND - RS 10 PER SHARE 07-Aug-2026,{'isSLBSec': True},X7,2026-09-13
ANANTRAJ,0.0,0,14.94,260,0.0,0.0,0.0,0.0,0.0,0,0.0,0,0.0,0.0,31-Jul-2026,DIVIDEND - RE 1 PER SHARE 31-Jul-2026,{'isSLBSec': True},X7,2026-09-13
SIEMENS,6.0,350,0.0,0,0.0,0.0,0.0,0.0,0.0,4,0.0,0,0.0,0.0,29-Jul-2026,DIVIDEND - RS 18 PER SHARE 29-Jul-2026,{'isSLBSec': True},X7,2026-09-13
WIPRO,1.5,3000,49.99,50,0.0,0.0,0.0,0.0,0.0,937,0.0,0,0.0,0.0,27-Jul-2026,INTERIM DIVIDEND - RS 2 PER SHARE 27-Jul-2026,{'isSLBSec': True},X7,2026-09-13
BHARTIARTL,0.0,0,750.72,6,0.0,0.0,0.0,0.0,0.0,0,0.0,0,0.0,0.0,24-Jul-2026,DIVIDEND - RS 24 PER SHARE 24-Jul-2026,{'isSLBSec': True},X7,2026-09-13
CPPLUS,0.0,0,124.64,17,0.0,0.0,0.0,0.0,0.0,0,0.0,0,0.0,0.0,20-Jul-2026,DIVIDEND - RS 1.64 PER SHARE 20-Jul-2026,{'isSLBSec': True},X7,2026-09-13
HCLTECH,1.0,1200,24.64,30,0.0,0.0,0.0,0.0,0.0,61,0.0,0,0.0,0.0,17-Jul-2026,INTERIM DIVIDEND - RS 12 PER SHARE 17-Jul-2026,{'isSLBSec': True},X7,2026-09-13
CDSL,1.0,475,27.66,38,0.0,0.0,0.0,0.0,0.0,109,0.0,0,0.0,0.0,17-Jul-2026,DIVIDEND - RS 12.75 PER SHARE 17-Jul-2026,{'isSLBSec': True},X7,2026-09-13
SHREECEM,19.0,250,9301.27,1,0.0,0.0,0.0,0.0,0.0,0,0.0,0,0.0,0.0,17-Jul-2026,DIVIDEND - RS 70 PER SHARE 17-Jul-2026,{'isSLBSec': True},X7,2026-09-13
KFINTECH,1.5,1725,108.5,1,0.0,0.0,0.0,0.0,0.0,178,0.0,0,0.0,0.0,15-Jul-2026,DIVIDEND - RS 12 PER SHARE 15-Jul-2026,{'isSLBSec': True},X7,2026-09-13
TCS,0.0,0,9.0,5,0.0,0.0,0.0,0.0,0.0,233,0.0,0,0.0,0.0,15-Jul-2026,INTERIM DIVIDEND - RS 12 PER SHARE 15-Jul-2026,{'isSLBSec': True},X7,2026-09-13
BSE,0.0,0,512.84,1,0.0,0.0,0.0,0.0,0.0,30,0.0,0,0.0,0.0,10-Jul-2026,DIVIDEND - RS 10 PER SHARE 10-Jul-2026,{'isSLBSec': True},X7,2026-09-13
DRREDDY,3.0,1875,466.59,9,0.0,0.0,0.0,0.0,0.0,10,0.0,0,0.0,0.0,10-Jul-2026,DIVIDEND - RS 8 PER SHARE 10-Jul-2026,{'isSLBSec': True},X7,2026-09-13
AXISBANK,0.0,0,508.64,8,0.0,0.0,0.0,0.0,0.0,0,0.0,0,0.0,0.0,10-Jul-2026,DIVIDEND - RE 1 PER SHARE 10-Jul-2026,{'isSLBSec': True},X7,2026-09-13
UNITDSPR,0.0,0,51.44,3,0.0,0.0,0.0,0.0,0.0,0,0.0,0,0.0,0.0,08-Jul-2026,DIVIDEND - RS 11 PER SHARE 08-Jul-2026,{'isSLBSec': True},X7,2026-09-13
BIOCON,0.0,0,159.88,24,0.0,0.0,0.0,0.0,0.0,0,0.0,0,0.0,0.0,03-Jul-2026,DIVIDEND - RE 0.50 PER SHARE 03-Jul-2026,{'isSLBSec': True},X7,2026-09-13
NAM-INDIA,4.0,1225,24.19,1,4.0,0.0,0.0,0.0,0.0,133,0.0,25,100.0,29725.0,25-Jun-2026,DIVIDEND - RS 12.50 PER SHARE 25-Jun-2026,{'isSLBSec': True},X7,2026-09-13
TATAELXSI,0.0,0,1391.62,3,0.0,0.0,0.0,0.0,0.0,4,0.0,0,0.0,0.0,10-Jun-2026,DIVIDEND - RS 75 PER SHARE 10-Jun-2026,{'isSLBSec': True},X7,2026-09-13
ICICIGI,0.0,0,598.04,6,0.0,0.0,0.0,0.0,0.0,0,0.0,0,0.0,0.0,29-May-2026,DIVIDEND - RS 7 PER SHARE 29-May-2026,{'isSLBSec': True},X7,2026-09-13
LTM,30.0,1500,0.0,0,0.0,0.0,0.0,0.0,0.0,0,0.0,0,0.0,0.0,25-May-2026,DIVIDEND - RS 53 PER SHARE 25-May-2026,{'isSLBSec': True},X7,2026-09-13
LT,0.0,0,1614.51,3,0.0,0.0,0.0,0.0,0.0,0,0.0,0,0.0,0.0,22-May-2026,DIVIDEND - RS 38 PER SHARE 22-May-2026,{'isSLBSec': True},X7,2026-09-13
LTF,1.5,22500,0.0,0,0.0,0.0,0.0,0.0,0.0,2,0.0,0,0.0,0.0,22-May-2026,DIVIDEND - RS 2.75 PER SHARE 22-May-2026,{'isSLBSec': True},X7,2026-09-13
IEX,0.0,0,4.28,10,0.0,0.0,0.0,0.0,0.0,0,0.0,0,0.0,0.0,15-May-2026,DIVIDEND - RS 2 PER SHARE 15-May-2026,{'isSLBSec': True},X7,2026-09-13
PREMIERENE,0.0,0,79.02,33,0.0,0.0,0.0,0.0,0.0,0,0.0,0,0.0,0.0,08-May-2026,INTERIM DIVIDEND - RE 0.75 PER SHARE 08-May-2026,{'isSLBSec': True},X7,2026-09-13
OFSS,20.0,300,0.0,0,0.0,0.0,0.0,0.0,0.0,0,0.0,0,0.0,0.0,07-May-2026,INTERIM DIVIDEND - RS 270 PER SHARE 07-May-2026,{'isSLBSec': True},X7,2026-09-13
VEDL,0.0,0,5.49,45,0.0,0.0,0.0,0.0,0.0,0,0.0,0,0.0,0.0,30-Apr-2026,DEMERGER 30-Apr-2026,{'isSLBSec': True},X7,2026-09-13
IRCTC,0.0,0,190.99,21,0.0,0.0,0.0,0.0,0.0,0,0.0,0,0.0,0.0,20-Feb-2026,INTERIM DIVIDEND - RS 3.50 PER SHARE 20-Feb-2026,{'isSLBSec': True},X7,2026-09-13
BDL,10.0,850,0.0,0,0.0,0.0,0.0,0.0,0.0,0,0.0,0,0.0,0.0,09-Feb-2026,INTERIM DIVIDEND - RS 4.50 PER SHARE 09-Feb-2026,{'isSLBSec': True},X7,2026-09-13
GENUSPOWER,0.0,0,9.28,180,0.0,0.0,0.0,0.0,0.0,0,0.0,0,0.0,0.0,06-Feb-2026,DEMERGER 06-Feb-2026,{'isSLBSec': True},X7,2026-09-13
KEI,23.0,1750,0.0,0,0.0,0.0,0.0,0.0,0.0,0,0.0,0,0.0,0.0,28-Jan-2026,INTERIM DIVIDEND - RS 4.50 PER SHARE 28-Jan-2026,{'isSLBSec': True},X7,2026-09-13
VINCOFE,0.0,0,3.59,1521,0.0,0.0,0.0,0.0,0.0,0,0.0,0,0.0,0.0,22-Sep-2025,DIVIDEND - RE 0.10 PER SHARE 22-Sep-2025,{'isSLBSec': True},X7,2026-09-13
JSLL,0.0,0,16.97,300,0.0,0.0,0.0,0.0,0.0,0,0.0,0,0.0,0.0,22-Sep-2025,DIVIDEND - RE 1.10 PER SHARE 22-Sep-2025,{'isSLBSec': True},X7,2026-09-13
DIXON,102.0,100,0.0,0,0.0,0.0,0.0,0.0,0.0,10,0.0,0,0.0,0.0,16-Sep-2025,DIVIDEND - RS 8 PER SHARE 16-Sep-2025,{'isSLBSec': True},X7,2026-09-13
JWL,0.0,0,8.88,26,0.0,0.0,0.0,0.0,0.0,0,0.0,0,0.0,0.0,30-May-2025,INTERIM DIVIDEND - RS 1 PER SHARE 30-May-2025,{'isSLBSec': True},X7,2026-09-13
FUSION,0.0,0,6.25,901,0.0,0.0,0.0,0.0,0.0,0,0.0,0,0.0,0.0,04-Apr-2025,RIGHTS 55:91 @ PREMIUM RS 121/- 04-Apr-2025,{'isSLBSec': True},X7,2026-09-13
SKYGOLD,0.0,0,27.01,511,0.0,0.0,0.0,0.0,0.0,0,0.0,0,0.0,0.0,16-Dec-2024,BONUS 9:1 16-Dec-2024,{'isSLBSec': True},X7,2026-09-13
SAMMAANCAP,0.0,0,4.9,720,0.0,0.0,0.0,0.0,0.0,0,0.0,0,0.0,0.0,20-Sep-2024,DIVIDEND - RS 2 PER SHARE 20-Sep-2024,{'isSLBSec': True},X7,2026-09-13
ARMANFIN,0.0,0,99.88,180,0.0,0.0,0.0,0.0,0.0,0,0.0,0,0.0,0.0,20-Sep-2024,ANNUAL GENERAL MEETING 20-Sep-2024,{'isSLBSec': True},X7,2026-09-13
EPACK,0.0,0,6.16,485,0.0,0.0,0.0,0.0,0.0,0,0.0,0,0.0,0.0,30-Aug-2024,ANNUAL GENERAL MEETING 30-Aug-2024,{'isSLBSec': True},X7,2026-09-13
HDFCMOMENT,0.0,0,0.64,1935,0.0,0.0,0.0,0.0,0.0,0,0.0,0,0.0,0.0,20-Oct-2023,FACE VALUE SPLIT (SUB-DIVISION) - FROM RS 190.61/- PER SHARE TO RS 19.061/- PER SHARE 20-Oct-2023,{'isSLBSec': True},X7,2026-09-13
KAYNES,23.0,1500,0.0,0,0.0,0.0,0.0,0.0,0.0,101,0.0,0,0.0,0.0,08-Sep-2023,ANNUAL GENERAL MEETING 08-Sep-2023,{'isSLBSec': True},X7,2026-09-13
SATIN,0.0,0,7.12,439,0.0,0.0,0.0,0.0,0.0,0,0.0,0,0.0,0.0,04-Aug-2020, RIGHTS 48:125 @ PREMIUM RS 50/- 04-Aug-2020,{'isSLBSec': True},X7,2026-09-13
SWSOLAR,0.0,0,8.94,270,0.0,0.0,0.0,0.0,0.0,0,0.0,0,0.0,0.0,24-Feb-2020, INTERIM DIVIDEND - RS 6 PER SHARE 24-Feb-2020,{'isSLBSec': True},X7,2026-09-13
NTPCGREEN,0.0,0,31.28,1,0.0,0.0,0.0,0.0,0.0,0,0.0,0,0.0,0.0,, ,{'isSLBSec': True},X8,2026-09-13
LENSKART,0.0,0,308.58,18,0.0,0.0,0.0,0.0,0.0,0,0.0,0,0.0,0.0,, ,{'isSLBSec': True},X8,2026-09-13
AWFIS,0.0,0,4.44,109,0.0,0.0,0.0,0.0,0.0,0,0.0,0,0.0,0.0,, ,{'isSLBSec': True},X8,2026-09-13
SHADOWFAX,0.0,0,9.13,294,0.0,0.0,0.0,0.0,0.0,0,0.0,0,0.0,0.0,, ,{'isSLBSec': True},X8,2026-09-13
MUTHOOTMF,0.0,0,3.5,455,0.0,0.0,0.0,0.0,0.0,0,0.0,0,0.0,0.0,, ,{'isSLBSec': True},X8,2026-09-13
EMIL,0.0,0,5.18,112,0.0,0.0,0.0,0.0,0.0,0,0.0,0,0.0,0.0,, ,{'isSLBSec': True},X8,2026-09-13
SAILIFE,0.0,0,170.57,1,0.0,0.0,0.0,0.0,0.0,0,0.0,0,0.0,0.0,, ,{'isSLBSec': True},X8,2026-09-13
PINELABS,0.0,0,13.88,104,0.0,0.0,0.0,0.0,0.0,0,0.0,0,0.0,0.0,, ,{'isSLBSec': True},X8,2026-09-13
ALOKINDS,0.0,0,2.65,1,0.0,0.0,0.0,0.0,0.0,0,0.0,0,0.0,0.0,, ,{'isSLBSec': True},X8,2026-09-13
VMM,0.2,4850,20.0,50,0.0,0.0,0.0,0.0,0.0,0,0.0,0,0.0,0.0,, ,{'isSLBSec': True},X8,2026-09-13
TIMEX,0.0,0,11.22,367,0.0,0.0,0.0,0.0,0.0,0,0.0,0,0.0,0.0,, ,{'isSLBSec': True},X8,2026-09-13
FORCEMOT,20.0,100,0.0,0,0.0,0.0,0.0,0.0,0.0,0,0.0,0,0.0,0.0,09-Sep-2026,DIVIDEND - RS 50 PER SHARE 09-Sep-2026,{'isSLBSec': True},X8,2026-09-13
MCX,0.0,0,88.42,784,0.0,0.0,0.0,0.0,0.0,4,0.0,0,0.0,0.0,28-Aug-2026,DIVIDEND - RS 8 PER SHARE 28-Aug-2026,{'isSLBSec': True},X8,2026-09-13
AVL,0.0,0,16.08,321,0.0,0.0,0.0,0.0,0.0,0,0.0,0,0.0,0.0,25-Aug-2026,DIVIDEND - RS 1.25 PER SHARE 25-Aug-2026,{'isSLBSec': True},X8,2026-09-13
PAGEIND,19.0,200,0.0,0,0.0,0.0,0.0,0.0,0.0,0,0.0,0,0.0,0.0,19-Aug-2026,INTERIM DIVIDEND - RS 200 PER SHARE 19-Aug-2026,{'isSLBSec': True},X8,2026-09-13
SYRMA,0.0,0,42.9,169,0.0,0.0,0.0,0.0,0.0,0,0.0,0,0.0,0.0,18-Aug-2026,DIVIDEND - RS 1.50 PER SHARE 18-Aug-2026,{'isSLBSec': True},X8,2026-09-13
RECLTD,0.0,0,7.01,1,0.0,0.0,0.0,0.0,0.0,0,0.0,0,0.0,0.0,14-Aug-2026,DIVIDEND - RS 1.55 PER SHARE 14-Aug-2026,{'isSLBSec': True},X8,2026-09-13
YATHARTH,0.0,0,26.29,345,0.0,0.0,0.0,0.0,0.0,0,0.0,0,0.0,0.0,14-Aug-2026,INTERIM DIVIDEND - RE 0.50 PER SHARE 14-Aug-2026,{'isSLBSec': True},X8,2026-09-13
CAMS,0.0,0,19.08,100,0.0,0.0,0.0,0.0,0.0,469,0.0,0,0.0,0.0,12-Aug-2026,INTERIM DIVIDEND - RS 2.50 PER SHARE 12-Aug-2026,{'isSLBSec': True},X8,2026-09-13
NHPC,0.25,6923,1.7,21,0.25,0.0,0.0,0.0,0.0,569,0.0,27,6.75,2068.2,12-Aug-2026,DIVIDEND - RE 0.21 PER SH 12-Aug-2026,{'isSLBSec': True},X8,2026-09-13
JIOFIN,0.0,0,6.17,32,0.0,0.0,0.0,0.0,0.0,0,0.0,0,0.0,0.0,10-Aug-2026,DIVIDEND - RS 0.60 PER SHARE 10-Aug-2026,{'isSLBSec': True},X8,2026-09-13
PIIND,12.0,1750,0.0,0,0.0,0.0,0.0,0.0,0.0,0,0.0,0,0.0,0.0,07-Aug-2026,DIVIDEND - RS 10 PER SHARE 07-Aug-2026,{'isSLBSec': True},X8,2026-09-13
LODHA,10.01,6250,0.0,0,0.0,0.0,0.0,0.0,0.0,0,0.0,0,0.0,0.0,07-Aug-2026,DIVIDEND - RS 4.25 PER SHARE 07-Aug-2026,{'isSLBSec': True},X8,2026-09-13
ABB,3.0,1250,0.0,0,0.0,0.0,0.0,0.0,0.0,30,0.0,0,0.0,0.0,07-Aug-2026,SPECIAL DIVIDEND - RS 90 PER SHARE 07-Aug-2026,{'isSLBSec': True},X8,2026-09-13
PRAJIND,0.0,0,20.33,5,0.0,0.0,0.0,0.0,0.0,0,0.0,0,0.0,0.0,06-Aug-2026,DIVIDEND - RS 3.60 PER SHARE 06-Aug-2026,{'isSLBSec': True},X8,2026-09-13
HYUNDAI,10.0,2750,0.0,0,0.0,0.0,0.0,0.0,0.0,0,0.0,0,0.0,0.0,05-Aug-2026,DIVIDEND - RS 21 PER SHARE 05-Aug-2026,{'isSLBSec': True},X8,2026-09-13
COFORGE,1.0,475,49.12,11,0.0,0.0,0.0,0.0,0.0,21,0.0,0,0.0,0.0,03-Aug-2026,INTERIM DIVIDEND - RS 4 PER SHARE 03-Aug-2026,{'isSLBSec': True},X8,2026-09-13
SIEMENS,6.0,350,0.0,0,0.0,0.0,0.0,0.0,0.0,10,0.0,0,0.0,0.0,29-Jul-2026,DIVIDEND - RS 18 PER SHARE 29-Jul-2026,{'isSLBSec': True},X8,2026-09-13
WIPRO,2.3,115,6.68,256,0.0,0.0,0.0,0.0,0.0,11585,0.0,0,0.0,0.0,27-Jul-2026,INTERIM DIVIDEND - RS 2 PER SHARE 27-Jul-2026,{'isSLBSec': True},X8,2026-09-13
CDSL,1.0,475,36.31,2833,0.0,0.0,0.0,0.0,0.0,91,0.0,0,0.0,0.0,17-Jul-2026,DIVIDEND - RS 12.75 PER SHARE 17-Jul-2026,{'isSLBSec': True},X8,2026-09-13
BLUESTARCO,5.0,975,0.0,0,0.0,0.0,0.0,0.0,0.0,0,0.0,0,0.0,0.0,17-Jul-2026,DIVIDEND - RS 8.50 PER SHARE 17-Jul-2026,{'isSLBSec': True},X8,2026-09-13
SHREECEM,20.0,250,0.0,0,0.0,0.0,0.0,0.0,0.0,0,0.0,0,0.0,0.0,17-Jul-2026,DIVIDEND - RS 70 PER SHARE 17-Jul-2026,{'isSLBSec': True},X8,2026-09-13
JUBLFOOD,2.0,22,0.0,0,0.0,0.0,0.0,0.0,0.0,57,0.0,0,0.0,0.0,17-Jul-2026,DIVIDEND - RS 1.20 PER SHARE 17-Jul-2026,{'isSLBSec': True},X8,2026-09-13
SURYODAY,0.0,0,2.7,1732,0.0,0.0,0.0,0.0,0.0,0,0.0,0,0.0,0.0,17-Jul-2026,DIVIDEND - RS 1.50 PER SHARE 17-Jul-2026,{'isSLBSec': True},X8,2026-09-13
HCLTECH,1.0,1200,0.0,0,0.0,0.0,0.0,0.0,0.0,8,0.0,0,0.0,0.0,17-Jul-2026,INTERIM DIVIDEND - RS 12 PER SHARE 17-Jul-2026,{'isSLBSec': True},X8,2026-09-13
KFINTECH,10.25,11,11.25,11,0.0,0.0,0.0,0.0,0.0,165,0.0,0,0.0,0.0,15-Jul-2026,DIVIDEND - RS 12 PER SHARE 15-Jul-2026,{'isSLBSec': True},X8,2026-09-13
TCS,1.0,450,0.0,0,0.0,0.0,0.0,0.0,0.0,0,0.0,0,0.0,0.0,15-Jul-2026,INTERIM DIVIDEND - RS 12 PER SHARE 15-Jul-2026,{'isSLBSec': True},X8,2026-09-13
MOTHERSON,0.0,0,7.29,50,0.0,0.0,0.0,0.0,0.0,0,0.0,0,0.0,0.0,14-Jul-2026,DIVIDEND - RS 0.25 PER SHARE 14-Jul-2026,{'isSLBSec': True},X8,2026-09-13
NESTLEIND,1.0,1000,0.0,0,0.0,0.0,0.0,0.0,0.0,107,0.0,0,0.0,0.0,10-Jul-2026,DIVIDEND - RS 5 PER SHARE 10-Jul-2026,{'isSLBSec': True},X8,2026-09-13
DRREDDY,3.0,6250,0.0,0,0.0,0.0,0.0,0.0,0.0,69,0.0,0,0.0,0.0,10-Jul-2026,DIVIDEND - RS 8 PER SHARE 10-Jul-2026,{'isSLBSec': True},X8,2026-09-13
BSE,5.5,14,25.1,50,0.0,0.0,0.0,0.0,0.0,9313,0.0,0,0.0,0.0,10-Jul-2026,DIVIDEND - RS 10 PER SHARE 10-Jul-2026,{'isSLBSec': True},X8,2026-09-13
BAJAJHLDNG,0.0,0,4908.76,1,0.0,0.0,0.0,0.0,0.0,0,0.0,0,0.0,0.0,30-Jun-2026,DIVIDEND - RS 80 PER SHARE & SPECIAL DIVIDEND RS 50 PER SHARE 30-Jun-2026,{'isSLBSec': True},X8,2026-09-13
NAM-INDIA,4.0,1250,26.46,41,0.0,0.0,0.0,0.0,0.0,0,0.0,0,0.0,0.0,25-Jun-2026,DIVIDEND - RS 12.50 PER SHARE 25-Jun-2026,{'isSLBSec': True},X8,2026-09-13
BUILDPRO,0.0,0,22.62,48,0.0,0.0,0.0,0.0,0.0,0,0.0,0,0.0,0.0,24-Jun-2026,DIVIDEND - RS 5 PER SHARE 24-Jun-2026,{'isSLBSec': True},X8,2026-09-13
POLYCAB,5.0,625,145.0,1,0.0,0.0,0.0,0.0,0.0,0,0.0,0,0.0,0.0,19-Jun-2026,DIVIDEND - RS 47 PER SHARE 19-Jun-2026,{'isSLBSec': True},X8,2026-09-13
VOLTAS,3.0,1125,0.0,0,0.0,0.0,0.0,0.0,0.0,0,0.0,0,0.0,0.0,12-Jun-2026,DIVIDEND - RS 4 PER SHARE 12-Jun-2026,{'isSLBSec': True},X8,2026-09-13
TATASTEEL,0.0,0,66.73,10,0.0,0.0,0.0,0.0,0.0,0,0.0,0,0.0,0.0,12-Jun-2026,DIVIDEND - RS 4 PER SHARE 12-Jun-2026,{'isSLBSec': True},X8,2026-09-13
RELIANCE,0.0,0,568.94,31,0.0,0.0,0.0,0.0,0.0,0,0.0,0,0.0,0.0,05-Jun-2026,DIVIDEND - RS 6 PER SHARE 05-Jun-2026,{'isSLBSec': True},X8,2026-09-13
UNOMINDA,0.0,0,546.97,9,0.0,0.0,0.0,0.0,0.0,0,0.0,0,0.0,0.0,29-May-2026,DIVIDEND - RS 1.75 PER SHARE 29-May-2026,{'isSLBSec': True},X8,2026-09-13
ITC,0.0,0,115.8,118,0.0,0.0,0.0,0.0,0.0,0,0.0,0,0.0,0.0,27-May-2026,DIVIDEND - RS 8 PER SHARE 27-May-2026,{'isSLBSec': True},X8,2026-09-13
LTM,52.0,450,175.8,1,0.0,0.0,0.0,0.0,0.0,123,0.0,0,0.0,0.0,25-May-2026,DIVIDEND - RS 53 PER SHARE 25-May-2026,{'isSLBSec': True},X8,2026-09-13
HAVELLS,5.0,1500,498.38,30,0.0,0.0,0.0,0.0,0.0,78,0.0,0,0.0,0.0,22-May-2026,DIVIDEND - RS 6 PER SHARE 22-May-2026,{'isSLBSec': True},X8,2026-09-13
LTF,1.5,22500,0.0,0,0.0,0.0,0.0,0.0,0.0,6,0.0,0,0.0,0.0,22-May-2026,DIVIDEND - RS 2.75 PER SHARE 22-May-2026,{'isSLBSec': True},X8,2026-09-13
NUVAMA,0.0,0,45.22,155,0.0,0.0,0.0,0.0,0.0,0,0.0,0,0.0,0.0,15-May-2026,INTERIM DIVIDEND - RS 14 PER SHARE 15-May-2026,{'isSLBSec': True},X8,2026-09-13
PREMIERENE,1.0,1300,499.99,1,0.0,0.0,0.0,0.0,0.0,0,0.0,0,0.0,0.0,08-May-2026,INTERIM DIVIDEND - RE 0.75 PER SHARE 08-May-2026,{'isSLBSec': True},X8,2026-09-13
EFCIL,0.0,0,3.38,807,0.0,0.0,0.0,0.0,0.0,0,0.0,0,0.0,0.0,07-May-2026,RIGHTS 8:103 @ PREMIUM RS 148/- 07-May-2026,{'isSLBSec': True},X8,2026-09-13
OFSS,20.0,300,0.0,0,0.0,0.0,0.0,0.0,0.0,5,0.0,0,0.0,0.0,07-May-2026,INTERIM DIVIDEND - RS 270 PER SHARE 07-May-2026,{'isSLBSec': True},X8,2026-09-13
UCOBANK,0.0,0,1.93,3412,0.0,0.0,0.0,0.0,0.0,0,0.0,0,0.0,0.0,04-May-2026,DIVIDEND - RE 0.44 PER SHARE 04-May-2026,{'isSLBSec': True},X8,2026-09-13
VEDL,0.0,0,6.01,119,0.0,0.0,0.0,0.0,0.0,34073,0.0,0,0.0,0.0,30-Apr-2026,DEMERGER 30-Apr-2026,{'isSLBSec': True},X8,2026-09-13
MUTHOOTFIN,0.0,0,63.45,26,0.0,0.0,0.0,0.0,0.0,0,0.0,0,0.0,0.0,17-Apr-2026,INTERIM DIVIDEND - RS 30 PER SHARE 17-Apr-2026,{'isSLBSec': True},X8,2026-09-13
V2RETAIL,0.0,0,3.89,3764,0.0,0.0,0.0,0.0,0.0,0,0.0,0,0.0,0.0,25-Mar-2026,FACE VALUE SPLIT (SUB-DIVISION) - FROM RS 10/- PER SHARE TO RE 1/- PER SHARE 25-Mar-2026,{'isSLBSec': True},X8,2026-09-13
IRFC,0.3,5425,1.81,100,0.0,0.0,0.0,0.0,0.0,2080,0.0,0,0.0,0.0,13-Mar-2026,INTERIM DIVIDEND - RS 1.05 PER SHARE 13-Mar-2026,{'isSLBSec': True},X8,2026-09-13
SBICARD,2.0,1600,17.85,5,0.0,0.0,0.0,0.0,0.0,343,0.0,0,0.0,0.0,11-Mar-2026,INTERIM DIVIDEND - RS 2.50 PER SHARE 11-Mar-2026,{'isSLBSec': True},X8,2026-09-13
SBILIFE,0.0,0,759.45,12,0.0,0.0,0.0,0.0,0.0,0,0.0,0,0.0,0.0,06-Mar-2026,INTERIM DIVIDEND - RS 2.70 PER SHARE 06-Mar-2026,{'isSLBSec': True},X8,2026-09-13
BDL,10.0,4250,90.72,15,0.0,0.0,0.0,0.0,0.0,154,0.0,0,0.0,0.0,09-Feb-2026,INTERIM DIVIDEND - RS 4.50 PER SHARE 09-Feb-2026,{'isSLBSec': True},X8,2026-09-13
KEI,25.0,1750,0.0,0,0.0,0.0,0.0,0.0,0.0,2,0.0,0,0.0,0.0,28-Jan-2026,INTERIM DIVIDEND - RS 4.50 PER SHARE 28-Jan-2026,{'isSLBSec': True},X8,2026-09-13
JSLL,0.0,0,18.56,300,0.0,0.0,0.0,0.0,0.0,0,0.0,0,0.0,0.0,22-Sep-2025,DIVIDEND - RE 1.10 PER SHARE 22-Sep-2025,{'isSLBSec': True},X8,2026-09-13
ADANIPOWER,0.0,0,5.72,160,0.0,0.0,0.0,0.0,0.0,0,0.0,0,0.0,0.0,22-Sep-2025,FACE VALUE SPLIT (SUB-DIVISION) - FROM RS 10/- PER SHARE TO RS 2/- PER SHARE 22-Sep-2025,{'isSLBSec': True},X8,2026-09-13
VINCOFE,0.0,0,3.16,3046,0.0,0.0,0.0,0.0,0.0,0,0.0,0,0.0,0.0,22-Sep-2025,DIVIDEND - RE 0.10 PER SHARE 22-Sep-2025,{'isSLBSec': True},X8,2026-09-13
DIXON,102.0,100,783.74,10,0.0,0.0,0.0,0.0,0.0,0,0.0,0,0.0,0.0,16-Sep-2025,DIVIDEND - RS 8 PER SHARE 16-Sep-2025,{'isSLBSec': True},X8,2026-09-13
KITEX,0.0,0,2.25,250,0.0,0.0,0.0,0.0,0.0,0,0.0,0,0.0,0.0,10-Sep-2025,DIVIDEND - RE 0.50 PER SHARE 10-Sep-2025,{'isSLBSec': True},X8,2026-09-13
INOXWIND,0.0,0,8.15,85,0.0,0.0,0.0,0.0,0.0,0,0.0,0,0.0,0.0,29-Jul-2025,RIGHTS 5:78 @ PREMIUM RS 110/- 29-Jul-2025,{'isSLBSec': True},X8,2026-09-13
TARIL,0.0,0,5.18,320,0.0,0.0,0.0,0.0,0.0,0,0.0,0,0.0,0.0,09-May-2025,DIVIDEND - RE 0.20  PER SHARE 09-May-2025,{'isSLBSec': True},X8,2026-09-13
EASEMYTRIP,0.0,0,2.6,5523,0.0,0.0,0.0,0.0,0.0,0,0.0,0,0.0,0.0,29-Nov-2024,BONUS 1:1 29-Nov-2024,{'isSLBSec': True},X8,2026-09-13
ZAGGLE,0.0,0,6.63,280,0.0,0.0,0.0,0.0,0.0,0,0.0,0,0.0,0.0,17-Sep-2024,ANNUAL GENERAL MEETING 17-Sep-2024,{'isSLBSec': True},X8,2026-09-13
SUZLON,0.0,0,15.8,1,0.0,0.0,0.0,0.0,0.0,0,0.0,0,0.0,0.0,03-Sep-2024,ANNUAL GENERAL MEETING 03-Sep-2024,{'isSLBSec': True},X8,2026-09-13
IDEA,0.0,0,0.6,25,0.0,0.0,0.0,0.0,0.0,0,0.0,0,0.0,0.0,20-Aug-2024,ANNUAL GENERAL MEETING 20-Aug-2024,{'isSLBSec': True},X8,2026-09-13
KAYNES,24.0,1500,0.0,0,0.0,0.0,0.0,0.0,0.0,34,0.0,0,0.0,0.0,08-Sep-2023,ANNUAL GENERAL MEETING 08-Sep-2023,{'isSLBSec': True},X8,2026-09-13
CARTRADE,0.0,0,54.19,118,0.0,0.0,0.0,0.0,0.0,0,0.0,0,0.0,0.0,23-Sep-2021, EXTRA ORDINARY GENERAL MEETING 23-Sep-2021,{'isSLBSec': True},X8,2026-09-13
HNGSNGBEES,0.0,0,18.73,7,0.0,0.0,0.0,0.0,0.0,0,0.0,0,0.0,0.0,19-Dec-2019, FACE VALUE SPLIT (SUB-DIVISION) - FROM RS 10/- TO RS 1/- 19-Dec-2019,{'isSLBSec': True},X8,2026-09-13
BANKBEES,0.0,0,13.03,9,0.0,0.0,0.0,0.0,0.0,0,0.0,0,0.0,0.0,19-Dec-2019, FACE VALUE SPLIT (SUB-DIVISION) - FROM RS 10/- TO RS 1/- 19-Dec-2019,{'isSLBSec': True},X8,2026-09-13
CPSEETF,0.0,0,18.75,11,0.0,0.0,0.0,0.0,0.0,0,0.0,0,0.0,0.0,, ,{'isSLBSec': True},X9,2026-09-13
OLAELEC,0.0,0,1.15,5976,0.0,0.0,0.0,0.0,0.0,0,0.0,0,0.0,0.0,, ,{'isSLBSec': True},X9,2026-09-13
ATHERENERG,5.0,3750,0.0,0,0.0,0.0,0.0,0.0,0.0,188,0.0,0,0.0,0.0,, ,{'isSLBSec': True},X9,2026-09-13
MID150CASE,0.0,0,0.68,249,0.0,0.0,0.0,0.0,0.0,0,0.0,0,0.0,0.0,, ,{'isSLBSec': True},X9,2026-09-13
POLICYBZR,2.0,700,356.05,2,0.0,0.0,0.0,0.0,0.0,0,0.0,0,0.0,0.0,, ,{'isSLBSec': True},X9,2026-09-13
PNGJL,0.0,0,18.07,417,0.0,0.0,0.0,0.0,0.0,0,0.0,0,0.0,0.0,, ,{'isSLBSec': True},X9,2026-09-13
ITADD,0.0,0,3.63,1,0.0,0.0,0.0,0.0,0.0,0,0.0,0,0.0,0.0,, ,{'isSLBSec': True},X9,2026-09-13
SHADOWFAX,0.0,0,7.59,909,0.0,0.0,0.0,0.0,0.0,0,0.0,0,0.0,0.0,, ,{'isSLBSec': True},X9,2026-09-13
FORCEMOT,21.0,20,0.0,0,0.0,0.0,0.0,0.0,0.0,0,0.0,0,0.0,0.0,09-Sep-2026,DIVIDEND - RS 50 PER SHARE 09-Sep-2026,{'isSLBSec': True},X9,2026-09-13
OIL,1.0,4200,3.98,126,0.0,0.0,0.0,0.0,0.0,0,0.0,0,0.0,0.0,04-Sep-2026,DIVIDEND - RE 1 PER SHARE 04-Sep-2026,{'isSLBSec': True},X9,2026-09-13
PFC,0.0,0,174.47,29,0.0,0.0,0.0,0.0,0.0,0,0.0,0,0.0,0.0,27-Aug-2026,INTERIM DIVIDEND - RS 3.90 PER SHARE 27-Aug-2026,{'isSLBSec': True},X9,2026-09-13
POWERINDIA,10.0,250,0.0,0,0.0,0.0,0.0,0.0,0.0,0,0.0,0,0.0,0.0,21-Aug-2026,DIVIDEND - RS 8 PER SHARE 21-Aug-2026,{'isSLBSec': True},X9,2026-09-13
PAGEIND,20.0,200,0.0,0,0.0,0.0,0.0,0.0,0.0,0,0.0,0,0.0,0.0,19-Aug-2026,INTERIM DIVIDEND - RS 200 PER SHARE 19-Aug-2026,{'isSLBSec': True},X9,2026-09-13
RVNL,0.0,0,30.5,10,0.0,0.0,0.0,0.0,0.0,0,0.0,0,0.0,0.0,18-Aug-2026,DIVIDEND - RE 0.71 PER SHARE 18-Aug-2026,{'isSLBSec': True},X9,2026-09-13
KPITTECH,1.0,1550,81.0,54,0.0,0.0,0.0,0.0,0.0,0,0.0,0,0.0,0.0,12-Aug-2026,DIVIDEND - RS 5.25 PER SHARE 12-Aug-2026,{'isSLBSec': True},X9,2026-09-13
CAMS,0.0,0,31.42,130,0.0,0.0,0.0,0.0,0.0,50,0.0,0,0.0,0.0,12-Aug-2026,INTERIM DIVIDEND - RS 2.50 PER SHARE 12-Aug-2026,{'isSLBSec': True},X9,2026-09-13
NHPC,0.3,6950,1.89,101,0.0,0.0,0.0,0.0,0.0,0,0.0,0,0.0,0.0,12-Aug-2026,DIVIDEND - RE 0.21 PER SH 12-Aug-2026,{'isSLBSec': True},X9,2026-09-13
GODFRYPHLP,5.0,2750,87.77,32,0.0,0.0,0.0,0.0,0.0,180,0.0,0,0.0,0.0,11-Aug-2026,DIVIDEND - RS 33 PER SH 11-Aug-2026,{'isSLBSec': True},X9,2026-09-13
JIOFIN,0.0,0,10.25,49,0.0,0.0,0.0,0.0,0.0,0,0.0,0,0.0,0.0,10-Aug-2026,DIVIDEND - RS 0.60 PER SHARE 10-Aug-2026,{'isSLBSec': True},X9,2026-09-13
ABB,5.0,1251,0.0,0,0.0,0.0,0.0,0.0,0.0,1,0.0,0,0.0,0.0,07-Aug-2026,SPECIAL DIVIDEND - RS 90 PER SHARE 07-Aug-2026,{'isSLBSec': True},X9,2026-09-13
NETWEB,0.0,0,148.86,19,0.0,0.0,0.0,0.0,0.0,0,0.0,0,0.0,0.0,07-Aug-2026,DIVIDEND - RS 3 PER SHARE 07-Aug-2026,{'isSLBSec': True},X9,2026-09-13
PIIND,13.5,1750,1169.54,5,0.0,0.0,0.0,0.0,0.0,2040,0.0,0,0.0,0.0,07-Aug-2026,DIVIDEND - RS 10 PER SHARE 07-Aug-2026,{'isSLBSec': True},X9,2026-09-13
LODHA,10.01,6250,0.0,0,0.0,0.0,0.0,0.0,0.0,2,0.0,0,0.0,0.0,07-Aug-2026,DIVIDEND - RS 4.25 PER SHARE 07-Aug-2026,{'isSLBSec': True},X9,2026-09-13
HYUNDAI,10.2,2750,0.0,0,0.0,0.0,0.0,0.0,0.0,72,0.0,0,0.0,0.0,05-Aug-2026,DIVIDEND - RS 21 PER SHARE 05-Aug-2026,{'isSLBSec': True},X9,2026-09-13
BOSCHLTD,30.0,243,0.0,0,30.0,0.0,0.0,0.0,0.0,7,0.0,6,180.0,292830.0,04-Aug-2026,DIVIDEND - RS 270 PER SHARE 04-Aug-2026,{'isSLBSec': True},X9,2026-09-13
COFORGE,1.0,475,45.33,2,0.0,0.0,0.0,0.0,0.0,0,0.0,0,0.0,0.0,03-Aug-2026,INTERIM DIVIDEND - RS 4 PER SHARE 03-Aug-2026,{'isSLBSec': True},X9,2026-09-13
ICICIBANK,0.0,0,68.47,59,0.0,0.0,0.0,0.0,0.0,0,0.0,0,0.0,0.0,03-Aug-2026,DIVIDEND - RS 12 PER SHARE 03-Aug-2026,{'isSLBSec': True},X9,2026-09-13
SIEMENS,11.25,3320,0.0,0,0.0,0.0,0.0,0.0,0.0,3320,0.0,0,0.0,0.0,29-Jul-2026,DIVIDEND - RS 18 PER SHARE 29-Jul-2026,{'isSLBSec': True},X9,2026-09-13
WIPRO,1.5,45058,13.16,800,1.5,0.0,0.0,0.0,0.0,5653,0.0,2942,4413.0,493667.6,27-Jul-2026,INTERIM DIVIDEND - RS 2 PER SHARE 27-Jul-2026,{'isSLBSec': True},X9,2026-09-13
PERSISTENT,11.0,1250,815.0,20,0.0,0.0,0.0,0.0,0.0,0,0.0,0,0.0,0.0,27-Jul-2026,DIVIDEND - RS 18 PER SHARE 27-Jul-2026,{'isSLBSec': True},X9,2026-09-13
ANGELONE,0.5,25000,5.88,430,0.0,0.0,0.0,0.0,0.0,139,0.0,0,0.0,0.0,21-Jul-2026,INTERIM DIVIDEND - RE 1 PER SHARE 21-Jul-2026,{'isSLBSec': True},X9,2026-09-13
JUBLFOOD,1.0,12500,0.0,0,0.0,0.0,0.0,0.0,0.0,0,0.0,0,0.0,0.0,17-Jul-2026,DIVIDEND - RS 1.20 PER SHARE 17-Jul-2026,{'isSLBSec': True},X9,2026-09-13
HCLTECH,0.5,4000,29.84,1,0.0,0.0,0.0,0.0,0.0,1,0.0,0,0.0,0.0,17-Jul-2026,INTERIM DIVIDEND - RS 12 PER SHARE 17-Jul-2026,{'isSLBSec': True},X9,2026-09-13
SHREECEM,21.0,250,0.0,0,0.0,0.0,0.0,0.0,0.0,0,0.0,0,0.0,0.0,17-Jul-2026,DIVIDEND - RS 70 PER SHARE 17-Jul-2026,{'isSLBSec': True},X9,2026-09-13
CDSL,1.0,4750,39.41,4526,0.0,0.0,0.0,0.0,0.0,0,0.0,0,0.0,0.0,17-Jul-2026,DIVIDEND - RS 12.75 PER SHARE 17-Jul-2026,{'isSLBSec': True},X9,2026-09-13
BLUESTARCO,15.3,376,0.0,0,0.0,0.0,0.0,0.0,0.0,758,0.0,0,0.0,0.0,17-Jul-2026,DIVIDEND - RS 8.50 PER SHARE 17-Jul-2026,{'isSLBSec': True},X9,2026-09-13
TCS,1.1,2250,98.4,11,0.0,0.0,0.0,0.0,0.0,1,0.0,0,0.0,0.0,15-Jul-2026,INTERIM DIVIDEND - RS 12 PER SHARE 15-Jul-2026,{'isSLBSec': True},X9,2026-09-13
KFINTECH,1.0,5750,444.57,5,0.0,0.0,0.0,0.0,0.0,0,0.0,0,0.0,0.0,15-Jul-2026,DIVIDEND - RS 12 PER SHARE 15-Jul-2026,{'isSLBSec': True},X9,2026-09-13
AEROFLEX,0.0,0,16.82,546,0.0,0.0,0.0,0.0,0.0,0,0.0,0,0.0,0.0,14-Jul-2026,DIVIDEND - RS 0.40 PER SHARE 14-Jul-2026,{'isSLBSec': True},X9,2026-09-13
BSE,3.15,200,6.57,400,0.0,0.0,0.0,0.0,0.0,254,0.0,0,0.0,0.0,10-Jul-2026,DIVIDEND - RS 10 PER SHARE 10-Jul-2026,{'isSLBSec': True},X9,2026-09-13
NESTLEIND,1.0,5000,123.39,1,0.0,0.0,0.0,0.0,0.0,0,0.0,0,0.0,0.0,10-Jul-2026,DIVIDEND - RS 5 PER SHARE 10-Jul-2026,{'isSLBSec': True},X9,2026-09-13
DRREDDY,3.1,6250,0.0,0,0.0,0.0,0.0,0.0,0.0,0,0.0,0,0.0,0.0,10-Jul-2026,DIVIDEND - RS 8 PER SHARE 10-Jul-2026,{'isSLBSec': True},X9,2026-09-13
TITAN,0.0,0,347.62,4,0.0,0.0,0.0,0.0,0.0,0,0.0,0,0.0,0.0,09-Jul-2026,DIVIDEND - RS 15 PER SHARE 09-Jul-2026,{'isSLBSec': True},X9,2026-09-13
SUNPHARMA,0.0,0,276.09,35,0.0,0.0,0.0,0.0,0.0,0,0.0,0,0.0,0.0,07-Jul-2026,DIVIDEND - RS 5 PER SHARE 07-Jul-2026,{'isSLBSec': True},X9,2026-09-13
TECHM,2.0,6000,135.82,10,0.0,0.0,0.0,0.0,0.0,0,0.0,0,0.0,0.0,03-Jul-2026,DIVIDEND - RS 36 PER SHARE 03-Jul-2026,{'isSLBSec': True},X9,2026-09-13
NAM-INDIA,5.05,1250,150.0,1,0.0,0.0,0.0,0.0,0.0,3280,0.0,0,0.0,0.0,25-Jun-2026,DIVIDEND - RS 12.50 PER SHARE 25-Jun-2026,{'isSLBSec': True},X9,2026-09-13
SONACOMS,1.0,12250,0.0,0,0.0,0.0,0.0,0.0,0.0,54,0.0,0,0.0,0.0,25-Jun-2026,DIVIDEND - RS 1.80 PER SHARE 25-Jun-2026,{'isSLBSec': True},X9,2026-09-13
BAJAJ-AUTO,0.0,0,5819.52,1,0.0,0.0,0.0,0.0,0.0,0,0.0,0,0.0,0.0,24-Jun-2026,BUY BACK 24-Jun-2026,{'isSLBSec': True},X9,2026-09-13
HDFCBANK,0.0,0,20.59,1,0.0,0.0,0.0,0.0,0.0,0,0.0,0,0.0,0.0,19-Jun-2026,DIVIDEND - RS 13 PER SHARE 19-Jun-2026,{'isSLBSec': True},X9,2026-09-13
POLYCAB,5.0,625,1999.0,1,0.0,0.0,0.0,0.0,0.0,3657,0.0,0,0.0,0.0,19-Jun-2026,DIVIDEND - RS 47 PER SHARE 19-Jun-2026,{'isSLBSec': True},X9,2026-09-13
VOLTAS,6.5,1323,14.8,1000,10.0,0.0,0.0,0.0,0.0,9208,0.0,2257,22570.0,2637304.5,12-Jun-2026,DIVIDEND - RS 4 PER SHARE 12-Jun-2026,{'isSLBSec': True},X9,2026-09-13
TRENT,2.5,2250,68.44,15,0.0,0.0,0.0,0.0,0.0,11,0.0,0,0.0,0.0,12-Jun-2026,DIVIDEND - RS 4 PER SHARE 12-Jun-2026,{'isSLBSec': True},X9,2026-09-13
INFY,0.5,3999,20.5,18,0.5,0.0,0.0,0.0,0.0,1,0.0,1,0.5,1037.0,10-Jun-2026,DIVIDEND - RS 25 PER SHARE 10-Jun-2026,{'isSLBSec': True},X9,2026-09-13
TATAELXSI,10.0,1250,450.0,3,0.0,0.0,0.0,0.0,0.0,21,0.0,0,0.0,0.0,10-Jun-2026,DIVIDEND - RS 75 PER SHARE 10-Jun-2026,{'isSLBSec': True},X9,2026-09-13
RELIANCE,0.0,0,315.01,1,0.0,0.0,0.0,0.0,0.0,0,0.0,0,0.0,0.0,05-Jun-2026,DIVIDEND - RS 6 PER SHARE 05-Jun-2026,{'isSLBSec': True},X9,2026-09-13
MAHABANK,0.0,0,12.51,150,0.0,0.0,0.0,0.0,0.0,0,0.0,0,0.0,0.0,05-Jun-2026,DIVIDEND - RS 1.20 PER SH 05-Jun-2026,{'isSLBSec': True},X9,2026-09-13
TORNTPHARM,2.5,1250,0.0,0,0.0,0.0,0.0,0.0,0.0,0,0.0,0,0.0,0.0,29-May-2026,DIVIDEND - RS 9 PER SHARE 29-May-2026,{'isSLBSec': True},X9,2026-09-13
LTM,52.0,300,0.0,0,0.0,0.0,0.0,0.0,0.0,162,0.0,0,0.0,0.0,25-May-2026,DIVIDEND - RS 53 PER SHARE 25-May-2026,{'isSLBSec': True},X9,2026-09-13
HAVELLS,1.0,5000,0.0,0,0.0,0.0,0.0,0.0,0.0,0,0.0,0,0.0,0.0,22-May-2026,DIVIDEND - RS 6 PER SHARE 22-May-2026,{'isSLBSec': True},X9,2026-09-13
LTF,3.2,557,7.7,161,3.2,0.0,0.0,0.0,0.0,45327,0.0,181,579.2,56924.5,22-May-2026,DIVIDEND - RS 2.75 PER SHARE 22-May-2026,{'isSLBSec': True},X9,2026-09-13
PREMIERENE,2.0,6500,90.0,5,0.0,0.0,0.0,0.0,0.0,65,0.0,0,0.0,0.0,08-May-2026,INTERIM DIVIDEND - RE 0.75 PER SHARE 08-May-2026,{'isSLBSec': True},X9,2026-09-13
OFSS,15.0,1000,0.0,0,0.0,0.0,0.0,0.0,0.0,0,0.0,0,0.0,0.0,07-May-2026,INTERIM DIVIDEND - RS 270 PER SHARE 07-May-2026,{'isSLBSec': True},X9,2026-09-13
UCOBANK,0.0,0,1.42,1388,0.0,0.0,0.0,0.0,0.0,0,0.0,0,0.0,0.0,04-May-2026,DIVIDEND - RE 0.44 PER SHARE 04-May-2026,{'isSLBSec': True},X9,2026-09-13
SCHAEFFLER,0.0,0,1950.88,1,0.0,0.0,0.0,0.0,0.0,0,0.0,0,0.0,0.0,23-Apr-2026,DIVIDEND - RS 35 PER SHARE 23-Apr-2026,{'isSLBSec': True},X9,2026-09-13
IRFC,0.3,5425,18.0,45,0.0,0.0,0.0,0.0,0.0,0,0.0,0,0.0,0.0,13-Mar-2026,INTERIM DIVIDEND - RS 1.05 PER SHARE 13-Mar-2026,{'isSLBSec': True},X9,2026-09-13
CUPID,0.0,0,68.37,51,0.0,0.0,0.0,0.0,0.0,0,0.0,0,0.0,0.0,09-Mar-2026,BONUS 4:1 09-Mar-2026,{'isSLBSec': True},X9,2026-09-13
IRCTC,0.0,0,231.36,20,0.0,0.0,0.0,0.0,0.0,0,0.0,0,0.0,0.0,20-Feb-2026,INTERIM DIVIDEND - RS 3.50 PER SHARE 20-Feb-2026,{'isSLBSec': True},X9,2026-09-13
BDL,18.05,25,499.0,10,0.0,0.0,0.0,0.0,0.0,1379,0.0,0,0.0,0.0,09-Feb-2026,INTERIM DIVIDEND - RS 4.50 PER SHARE 09-Feb-2026,{'isSLBSec': True},X9,2026-09-13
COCHINSHIP,2.5,4000,45.11,60,0.0,0.0,0.0,0.0,0.0,175,0.0,0,0.0,0.0,03-Feb-2026,INTERIM DIVIDEND - RS 3.50 PER SHARE 03-Feb-2026,{'isSLBSec': True},X9,2026-09-13
KEI,30.5,1750,450.0,1,0.0,0.0,0.0,0.0,0.0,45,0.0,0,0.0,0.0,28-Jan-2026,INTERIM DIVIDEND - RS 4.50 PER SHARE 28-Jan-2026,{'isSLBSec': True},X9,2026-09-13
DIXON,102.0,100,0.0,0,0.0,0.0,0.0,0.0,0.0,64,0.0,0,0.0,0.0,16-Sep-2025,DIVIDEND - RS 8 PER SHARE 16-Sep-2025,{'isSLBSec': True},X9,2026-09-13
INDIGO,0.0,0,2445.4,3,0.0,0.0,0.0,0.0,0.0,0,0.0,0,0.0,0.0,13-Aug-2025,DIVIDEND - RS 10 PER SHARE 13-Aug-2025,{'isSLBSec': True},X9,2026-09-13
ASHOKA,0.0,0,11.23,1,0.0,0.0,0.0,0.0,0.0,0,0.0,0,0.0,0.0,20-Sep-2024,ANNUAL GENERAL MEETING 20-Sep-2024,{'isSLBSec': True},X9,2026-09-13
SUZLON,0.0,0,1.97,100,0.0,0.0,0.0,0.0,0.0,0,0.0,0,0.0,0.0,03-Sep-2024,ANNUAL GENERAL MEETING 03-Sep-2024,{'isSLBSec': True},X9,2026-09-13
MIDCAPIETF,0.0,0,1.41,3,0.0,0.0,0.0,0.0,0.0,0,0.0,0,0.0,0.0,10-May-2024,FACE VALUE SPLIT (SUB-DIVISION) - FROM RS 10/- PER SHARE TO RE 1/- PER SHARE 10-May-2024,{'isSLBSec': True},X9,2026-09-13
KAYNES,61.0,45,0.0,0,0.0,0.0,0.0,0.0,0.0,857,0.0,0,0.0,0.0,08-Sep-2023,ANNUAL GENERAL MEETING 08-Sep-2023,{'isSLBSec': True},X9,2026-09-13
DMART,7.0,1500,25.0,1,0.0,0.0,0.0,0.0,0.0,44,0.0,0,0.0,0.0,09-Aug-2021, ANNUAL GENERAL MEETING 09-Aug-2021,{'isSLBSec': True},X9,2026-09-13
KAYNES,0.0,0,0.0,0,0.0,3505.0,3418.0,87.0,2.48,0,0.0,0,0.0,0.0,08-Sep-2023,ANNUAL GENERAL MEETING 08-Sep-2023,{'isSLBSec': True},R3,2026-09-13
PIIND,0.0,0,0.0,0,0.0,2259.0,2228.6,30.4,1.35,0,0.0,0,0.0,0.0,07-Aug-2026,DIVIDEND - RS 10 PER SHARE 07-Aug-2026,{'isSLBSec': True},R3,2026-09-13
MANAPPURAM,0.0,0,0.0,0,0.0,329.0,325.05,3.95,1.2,0,0.0,0,0.0,0.0,17-Aug-2026,INTERIM DIVIDEND - RE 1 PER SHARE 17-Aug-2026,{'isSLBSec': True},R3,2026-09-13
WIPRO,0.0,0,2.0,952,0.0,167.4,165.41,1.99,1.19,2,49.06,0,0.0,0.0,27-Jul-2026,INTERIM DIVIDEND - RS 2 PER SHARE 27-Jul-2026,{'isSLBSec': True},R3,2026-09-13
BDL,0.0,0,0.0,0,0.0,1190.0,1179.1,10.9,0.92,0,0.0,0,0.0,0.0,09-Feb-2026,INTERIM DIVIDEND - RS 4.50 PER SHARE 09-Feb-2026,{'isSLBSec': True},R3,2026-09-13
LTM,0.0,0,0.0,0,0.0,4275.0,4243.6,31.4,0.73,0,0.0,0,0.0,0.0,25-May-2026,DIVIDEND - RS 53 PER SHARE 25-May-2026,{'isSLBSec': True},R3,2026-09-13
BLUESTARCO,0.0,0,0.0,0,0.0,1558.0,1547.3,10.7,0.69,0,0.0,0,0.0,0.0,17-Jul-2026,DIVIDEND - RS 8.50 PER SHARE 17-Jul-2026,{'isSLBSec': True},R3,2026-09-13
HAVELLS,0.0,0,0.0,0,0.0,1111.0,1103.5,7.5,0.68,0,0.0,0,0.0,0.0,22-May-2026,DIVIDEND - RS 6 PER SHARE 22-May-2026,{'isSLBSec': True},R3,2026-09-13
KFINTECH,0.0,0,0.0,0,0.0,900.0,894.2,5.8,0.64,0,0.0,0,0.0,0.0,15-Jul-2026,DIVIDEND - RS 12 PER SHARE 15-Jul-2026,{'isSLBSec': True},R3,2026-09-13
OFSS,0.0,0,0.0,0,0.0,11763.0,11692.0,71.0,0.6,0,0.0,0,0.0,0.0,07-May-2026,INTERIM DIVIDEND - RS 270 PER SHARE 07-May-2026,{'isSLBSec': True},R3,2026-09-13
GMRAIRPORT,0.0,0,0.0,0,0.0,97.98,97.52,0.46,0.47,0,0.0,0,0.0,0.0,05-Sep-2024,ANNUAL GENERAL MEETING 05-Sep-2024,{'isSLBSec': True},R3,2026-09-13
CDSL,0.0,0,0.0,0,0.0,1360.0,1355.4,4.6,0.34,0,0.0,0,0.0,0.0,17-Jul-2026,DIVIDEND - RS 12.75 PER SHARE 17-Jul-2026,{'isSLBSec': True},R3,2026-09-13
OIL,0.0,0,0.0,0,0.0,489.8,488.4,1.4,0.29,0,0.0,0,0.0,0.0,04-Sep-2026,DIVIDEND - RE 1 PER SHARE 04-Sep-2026,{'isSLBSec': True},R3,2026-09-13
PATANJALI,0.0,0,0.0,0,0.0,341.0,340.0,1.0,0.29,0,0.0,0,0.0,0.0,21-Aug-2026,INTERIM DIVIDEND - RE 0.80 PER SHARE 21-Aug-2026,{'isSLBSec': True},R3,2026-09-13
CIPLA,0.0,0,0.0,0,0.0,1366.0,1362.3,3.7,0.27,0,0.0,0,0.0,0.0,05-Jun-2026,DIVIDEND - RS 13 PER SHARE 05-Jun-2026,{'isSLBSec': True},R3,2026-09-13
VMM,0.0,0,0.0,0,0.0,101.71,101.45,0.26,0.26,0,0.0,0,0.0,0.0,, ,{'isSLBSec': True},R3,2026-09-13
GRASIM,0.0,0,0.0,0,0.0,3281.9,3273.8,8.1,0.25,0,0.0,0,0.0,0.0,07-Aug-2026,DIVIDEND - RS 10 PER SHARE 07-Aug-2026,{'isSLBSec': True},R3,2026-09-13
PETRONET,0.0,0,0.0,0,0.0,287.2,286.5,0.7,0.24,0,0.0,0,0.0,0.0,12-Jun-2026,DIVIDEND - RS 3 PER SHARE 12-Jun-2026,{'isSLBSec': True},R3,2026-09-13
BAJAJHLDNG,0.0,0,0.0,0,0.0,11134.0,11109.0,25.0,0.22,0,0.0,0,0.0,0.0,30-Jun-2026,DIVIDEND - RS 80 PER SHARE & SPECIAL DIVIDEND RS 50 PER SHARE 30-Jun-2026,{'isSLBSec': True},R3,2026-09-13
JINDALSTEL,0.0,0,0.0,0,0.0,1120.5,1118.1,2.4,0.21,0,0.0,0,0.0,0.0,21-Aug-2026,DIVIDEND - RS 2 PER SHARE 21-Aug-2026,{'isSLBSec': True},R3,2026-09-13
AUROPHARMA,0.0,0,0.0,0,0.0,1679.8,1676.2,3.6,0.21,0,0.0,0,0.0,0.0,17-Apr-2026,BUY BACK 17-Apr-2026,{'isSLBSec': True},R3,2026-09-13
BANKBARODA,0.0,0,0.0,0,0.0,238.13,237.71,0.42,0.18,0,0.0,0,0.0,0.0,05-Jun-2026,DIVIDEND - RS 8.50 PER SHARE 05-Jun-2026,{'isSLBSec': True},R3,2026-09-13
IEX,0.0,0,0.0,0,0.0,113.88,113.69,0.19,0.17,0,0.0,0,0.0,0.0,15-May-2026,DIVIDEND - RS 2 PER SHARE 15-May-2026,{'isSLBSec': True},R3,2026-09-13
MAZDOCK,0.0,0,0.0,0,0.0,2339.0,2335.4,3.6,0.15,0,0.0,0,0.0,0.0,20-Aug-2026,DIVIDEND - RS 4.62 PER SHARE 20-Aug-2026,{'isSLBSec': True},R3,2026-09-13
FEDERALBNK,0.0,0,0.0,0,0.0,344.5,344.05,0.45,0.13,0,0.0,0,0.0,0.0,14-Aug-2026,DIVIDEND - RS 1.20 PER SHARE 14-Aug-2026,{'isSLBSec': True},R3,2026-09-13
GODREJCP,0.0,0,0.0,0,0.0,865.0,863.9,1.1,0.13,0,0.0,0,0.0,0.0,13-Aug-2026,INTERIM DIVIDEND - RS 5 PER SHARE 13-Aug-2026,{'isSLBSec': True},R3,2026-09-13
PIDILITIND,0.0,0,0.0,0,0.0,1566.9,1564.9,2.0,0.13,0,0.0,0,0.0,0.0,23-Jul-2026,DIVIDEND - RS 11.50 PER SHARE 23-Jul-2026,{'isSLBSec': True},R3,2026-09-13
MOTHERSON,0.0,0,0.0,0,0.0,164.45,164.27,0.18,0.11,0,0.0,0,0.0,0.0,14-Jul-2026,DIVIDEND - RS 0.25 PER SHARE 14-Jul-2026,{'isSLBSec': True},R3,2026-09-13
MAXHEALTH,0.0,0,0.0,0,0.0,1037.7,1036.6,1.1,0.11,0,0.0,0,0.0,0.0,03-Jul-2026,DIVIDEND - RS 2 PER SHARE 03-Jul-2026,{'isSLBSec': True},R3,2026-09-13
GODFRYPHLP,0.0,0,0.0,0,0.0,1927.0,1925.0,2.0,0.1,0,0.0,0,0.0,0.0,11-Aug-2026,DIVIDEND - RS 33 PER SH 11-Aug-2026,{'isSLBSec': True},R3,2026-09-13
ABB,0.0,0,0.0,0,0.0,7274.0,7267.0,7.0,0.1,0,0.0,0,0.0,0.0,07-Aug-2026,SPECIAL DIVIDEND - RS 90 PER SHARE 07-Aug-2026,{'isSLBSec': True},R3,2026-09-13
RVNL,0.0,0,0.0,0,0.5,204.9,204.71,0.19,0.09,5,22.27,1,0.5,206.1,18-Aug-2026,DIVIDEND - RE 0.71 PER SHARE 18-Aug-2026,{'isSLBSec': True},R3,2026-09-13
BANDHANBNK,0.0,0,0.0,0,0.0,176.52,176.36,0.16,0.09,0,0.0,0,0.0,0.0,17-Aug-2026,DIVIDEND - RS 1.50 PER SHARE 17-Aug-2026,{'isSLBSec': True},R3,2026-09-13
TRENT,0.0,0,0.0,0,0.0,2802.4,2799.9,2.5,0.09,0,0.0,0,0.0,0.0,12-Jun-2026,DIVIDEND - RS 4 PER SHARE 12-Jun-2026,{'isSLBSec': True},R3,2026-09-13
NAM-INDIA,0.0,0,0.0,0,0.0,1189.6,1188.6,1.0,0.08,0,0.0,0,0.0,0.0,25-Jun-2026,DIVIDEND - RS 12.50 PER SHARE 25-Jun-2026,{'isSLBSec': True},R3,2026-09-13
JSWENERGY,0.0,0,0.0,0,0.0,526.45,526.1,0.35,0.07,0,0.0,0,0.0,0.0,05-Jun-2026,DIVIDEND - RS 2 PER SHARE 05-Jun-2026,{'isSLBSec': True},R3,2026-09-13
AMBER,0.0,0,0.0,0,0.0,7245.0,7240.0,5.0,0.07,0,0.0,0,0.0,0.0,02-Aug-2024,ANNUAL GENERAL MEETING 02-Aug-2024,{'isSLBSec': True},R3,2026-09-13
HYUNDAI,0.0,0,0.0,0,0.0,2174.0,2173.0,1.0,0.05,0,0.0,0,0.0,0.0,05-Aug-2026,DIVIDEND - RS 21 PER SHARE 05-Aug-2026,{'isSLBSec': True},R3,2026-09-13
SHREECEM,0.0,0,0.0,0,0.0,22570.0,22560.0,10.0,0.04,0,0.0,0,0.0,0.0,17-Jul-2026,DIVIDEND - RS 70 PER SHARE 17-Jul-2026,{'isSLBSec': True},R3,2026-09-13
INOXWIND,0.0,0,0.0,0,0.0,76.5,76.47,0.03,0.04,0,0.0,0,0.0,0.0,29-Jul-2025,RIGHTS 5:78 @ PREMIUM RS 110/- 29-Jul-2025,{'isSLBSec': True},R3,2026-09-13
PAGEIND,0.0,0,0.0,0,0.0,35365.0,35355.0,10.0,0.03,0,0.0,0,0.0,0.0,19-Aug-2026,INTERIM DIVIDEND - RS 200 PER SHARE 19-Aug-2026,{'isSLBSec': True},R3,2026-09-13
POWERGRID,0.0,0,0.0,0,0.0,269.1,269.05,0.05,0.02,0,0.0,0,0.0,0.0,13-Aug-2026,DIVIDEND - RS 1.25 PER SHARE 13-Aug-2026,{'isSLBSec': True},R3,2026-09-13
ICICIPRULI,0.0,0,0.0,0,0.0,471.5,471.4,0.1,0.02,0,0.0,0,0.0,0.0,05-Jun-2026,DIVIDEND - RS 1.65 PER SHARE 05-Jun-2026,{'isSLBSec': True},R3,2026-09-13
MANKIND,0.0,0,0.0,0,0.0,2280.0,2279.9,0.1,0.0,0,0.0,0,0.0,0.0,08-Aug-2025,INTERIM DIVIDEND - RE 1  PER SHARE 08-Aug-2025,{'isSLBSec': True},R3,2026-09-13
BANKINDIA,0.0,0,5.0,5000,0.0,140.0,140.5,-0.5,-0.36,0,0.0,0,0.0,0.0,29-May-2026,DIVIDEND - RS 4.65 PER SHARE 29-May-2026,{'isSLBSec': True},R3,2026-09-13
DIVISLAB,0.0,0,20.0,500,0.0,9322.0,9381.5,-59.5,-0.64,0,0.0,0,0.0,0.0,24-Jul-2026,DIVIDEND - RS 30 PER SHARE 24-Jul-2026,{'isSLBSec': True},R3,2026-09-13
ASHOKLEY,0.0,0,5.0,5000,0.0,163.75,165.18,-1.43,-0.87,0,0.0,0,0.0,0.0,03-Jun-2026,INTERIM DIVIDEND - RS 2.50 PER SHARE 03-Jun-2026,{'isSLBSec': True},R3,2026-09-13
