date,open,high,low,close,volume,source,downloaded_at,daily_return_pct,return_3d,return_5d,return_10d,avg_5d_volume,avg_20d_volume,volume_ratio_5d,volume_ratio_20d,volume_state,range_points,range_pct,gap_points,gap_pct,atr_5,atr_14,rolling_volatility_10d,rolling_volatility_30d,sector_close,sector_rs_ratio,sector_zscore,sector_percentile,delivery_pct,delivery_pct_5d,fii_net,dii_net,advance_decline_ratio,net_advances_pct,pct_above_50dma,highs_minus_lows_pct,composite_breadth_score,market_breadth_state
2023-01-02,18131.69921875,18215.150390625,18086.5,18197.44921875,256100,yfinance:^NSEI,2026-08-05T14:32:28.085569,0.3626,,,,256100.0,256100.0,1.0,1.0,normal,128.65,0.707,,,,,,,18197.44921875,1.0,0.0,1.0,51.97371322408986,51.97371322408986,-1549.7654730546974,-44.56889198941762,1.5,0.2,0.3,-0.06,0.454,mixed
2023-01-03,18163.19921875,18251.94921875,18149.80078125,18232.55078125,208700,yfinance:^NSEI,2026-08-05T14:32:28.085569,0.3818,,,,232400.0,232400.0,0.898,0.898,dry,102.15,0.5603,-34.25,-0.1882,,,0.0136,0.0136,18232.55078125,1.0,0.0,0.75,46.893885590630525,49.4337994073602,542.6804033275022,-1044.0161388968909,1.2727,0.12,0.38,-0.02,0.474,mixed
2023-01-04,18230.650390625,18243.0,18020.599609375,18042.94921875,235200,yfinance:^NSEI,2026-08-05T14:32:28.085569,-1.0296,,,,233333.0,233333.0,1.008,1.008,normal,222.4,1.2326,-1.9,-0.0104,,,0.8094,0.8094,18042.94921875,1.0,0.0,0.6666666666666666,53.18150830480554,50.68303570650864,1353.035802563644,343.6366682943155,0.1628,-0.72,0.32,-0.04,0.28,deteriorated
2023-01-05,18101.94921875,18120.30078125,17892.599609375,17992.150390625,269900,yfinance:^NSEI,2026-08-05T14:32:28.085569,-0.6066,-1.1282,,,242475.0,242475.0,1.1131,1.1131,elevated,227.7,1.2656,59.0,0.327,,,0.7086,0.7086,17992.150390625,1.0,0.0,0.625,60.184238851264205,53.058336492697535,-52.43603652138985,-980.432582186749,1.5,0.2,0.4,-0.16,0.484,mixed
2023-01-06,18008.05078125,18047.400390625,17795.55078125,17859.44921875,238200,yfinance:^NSEI,2026-08-05T14:32:28.085569,-0.8252,-2.0463,,,241620.0,241620.0,0.9858,0.9858,normal,251.85,1.4102,15.9,0.0884,186.55,,0.6702,0.6702,17859.44921875,1.0,0.0,0.6,46.12677300221331,51.67202379460069,1181.3207869512319,-606.2676896788757,0.25,-0.6,0.24,-0.2,0.256,deteriorated
2023-01-09,17952.55078125,18141.400390625,17936.150390625,18101.19921875,257200,yfinance:^NSEI,2026-08-05T14:32:28.085569,0.828,0.3228,-0.5289,,241840.0,244217.0,1.0635,1.0532,normal,205.25,1.1339,93.1,0.5213,217.21,,0.7668,0.7668,18101.19921875,1.0,0.0,0.5833333333333334,54.13947783322327,52.105176716427366,-870.0433305682933,-375.1031881369534,6.1429,0.72,0.44,-0.02,0.618,strengthened
2023-01-10,18121.30078125,18127.599609375,17856.0,17914.150390625,283300,yfinance:^NSEI,2026-08-05T14:32:28.085569,-1.1431,-0.4335,-1.7463,,256760.0,249800.0,1.1034,1.1341,elevated,271.6,1.5161,20.1,0.1111,251.1,,0.7946,0.7946,17914.150390625,1.0,0.0,0.5714285714285714,44.24420491252038,51.575240580805335,10.504169176824663,-228.33055521316248,0.4706,-0.36,0.32,-0.12,0.344,weakened
2023-01-11,17924.25,17976.349609375,17824.349609375,17895.69921875,259900,yfinance:^NSEI,2026-08-05T14:32:28.085569,-0.1593,0.203,-0.8161,,261700.0,251062.0,0.9931,1.0352,normal,152.0,0.8494,10.1,0.0564,237.02,,0.7371,0.7371,17895.69921875,1.0,0.0,0.5625,52.34048034868772,51.40703498958178,455.00144427338165,1547.0050546201326,0.5806,-0.2653,0.36,-0.14,0.3769,weakened
2023-01-12,17920.849609375,17945.80078125,17761.650390625,17858.19921875,227800,yfinance:^NSEI,2026-08-05T14:32:28.085569,-0.3496,-1.3425,-0.7445,,253280.0,248478.0,0.8994,0.9168,dry,184.15,1.0312,25.15,0.1405,228.31,,0.69,0.69,17858.19921875,1.0,0.0,0.5555555555555556,44.2926584575003,48.228718910828995,-258.02698550262426,1304.470066763827,0.8519,-0.08,0.34,-0.02,0.418,weakened
2023-01-13,17867.5,17999.349609375,17774.25,17956.599609375,256700,yfinance:^NSEI,2026-08-05T14:32:28.085569,0.4987,0.237,0.544,,256980.0,249300.0,0.9989,1.0297,normal,225.1,1.2536,9.3,0.0521,222.96,,0.6958,0.6958,17956.599609375,1.0,0.0,0.55,44.27416197143795,47.85819670467392,635.1634881228921,-585.5593478106899,2.5714,0.44,0.34,-0.06,0.518,mixed
2023-01-16,18033.150390625,18049.650390625,17853.650390625,17894.849609375,206200,yfinance:^NSEI,2026-08-05T14:32:28.085569,-0.7669,-0.0047,-1.14,-1.6629,246780.0,245382.0,0.8356,0.8403,dry,196.0,1.0953,76.55,0.4263,205.77,,0.6852,0.6816,17894.849609375,1.0,0.0,0.5454545454545454,34.20065733989574,43.870432606008414,872.720805709661,-109.32015855063963,0.5625,-0.28,0.38,0.08,0.404,weakened
2023-01-17,17922.80078125,18072.05078125,17886.94921875,18053.30078125,219100,yfinance:^NSEI,2026-08-05T14:32:28.085569,0.7281,1.0925,0.7768,-0.9831,233940.0,243192.0,0.9366,0.9009,normal,185.1,1.0253,27.95,0.1562,188.47,,0.7316,0.7092,18053.30078125,1.0,0.0,0.5416666666666666,43.50169976607222,43.72193157671879,95.58885660937229,808.97008649798,2.3333,0.4,0.44,0.04,0.56,strengthened
2023-01-18,18074.30078125,18183.75,18032.44921875,18165.349609375,255800,yfinance:^NSEI,2026-08-05T14:32:28.085569,0.5037,1.1625,1.5068,0.6784,233120.0,244162.0,1.0973,1.0477,normal,151.3,0.8329,21.0,0.1163,188.33,,0.7182,0.7045,18165.349609375,1.0,0.0,0.5384615384615384,39.89735103732461,41.23330571444616,-331.28037685190975,1714.0443551024653,3.1667,0.52,0.48,0.22,0.618,strengthened
2023-01-19,18119.80078125,18155.19921875,18063.75,18107.849609375,237800,yfinance:^NSEI,2026-08-05T14:32:28.085569,-0.066,1.1903,1.398,0.6431,235120.0,243707.0,1.0114,0.9758,normal,91.45,0.505,-45.55,-0.2507,171.82,191.54,0.6984,0.677,18107.849609375,1.0,0.0,0.5357142857142857,50.51397866076219,42.47756975509854,1229.7326851333462,-370.9044135665798,0.6667,-0.2,0.46,0.06,0.45,mixed
2023-01-20,18115.599609375,18145.44921875,18016.19921875,18027.650390625,237200,yfinance:^NSEI,2026-08-05T14:32:28.085569,-0.4855,-0.1421,0.3957,0.9418,231220.0,243273.0,1.0259,0.975,normal,129.25,0.717,7.75,0.0428,152.65,191.58,0.6653,0.6593,18027.650390625,1.0,0.0,0.5333333333333333,40.735807395830314,41.76989883997702,-238.13562270441736,925.1094785773587,0.225,-0.6327,0.4,0.0,0.3335,weakened
2023-01-23,18118.44921875,18162.599609375,18063.44921875,18118.55078125,202500,yfinance:^NSEI,2026-08-05T14:32:28.085569,0.0006,-0.2576,1.2501,0.0959,230480.0,240725.0,0.8786,0.8412,dry,99.15,0.5472,90.8,0.5037,140.44,193.93,0.5927,0.6379,18118.55078125,1.0,0.0,0.53125,46.19378959610771,44.16852529121941,1741.6051745134068,145.26074219905465,1.7778,0.28,0.46,0.06,0.546,mixed
2023-01-24,18183.94921875,18201.25,18078.650390625,18118.30078125,216900,yfinance:^NSEI,2026-08-05T14:32:28.085569,-0.361,0.0577,0.36,1.1396,230040.0,239324.0,0.9429,0.9063,normal,122.6,0.6767,65.4,0.3609,127.94,186.8,0.4851,0.6201,18118.30078125,1.0,0.0,0.5294117647058824,48.54022563750339,45.17623046550565,-51.87913921321298,-442.3976050064616,0.6129,-0.24,0.46,0.04,0.44,weakened
2023-01-25,18093.349609375,18100.599609375,17846.150390625,17891.94921875,257200,yfinance:^NSEI,2026-08-05T14:32:28.085569,-1.1131,-0.7527,-1.5051,-0.021,230320.0,240317.0,1.1167,1.0703,elevated,254.45,1.4221,-24.95,-0.1377,152.11,189.97,0.5919,0.6433,17891.94921875,1.0,0.0,0.5277777777777778,36.60201451029235,44.51716316009919,-642.4357382512976,1231.7094068487925,0.2821,-0.56,0.42,-0.32,0.324,weakened
2023-01-27,17877.19921875,17884.75,17493.55078125,17604.349609375,476300,yfinance:^NSEI,2026-08-05T14:32:28.085569,-1.5262,-2.838,-2.7806,-1.4215,278020.0,252737.0,1.7132,1.8846,spike,391.2,2.2222,-14.75,-0.0824,211.47,200.44,0.7371,0.6953,17604.349609375,1.0,0.0,0.5263157894736842,48.88738071767893,44.19184357148254,1137.0822011089522,25.88575283995207,0.2821,-0.56,0.32,-0.34,0.282,deteriorated
2023-01-30,17541.94921875,17709.150390625,17405.55078125,17648.94921875,432400,yfinance:^NSEI,2026-08-05T14:32:28.085569,0.61,-2.5905,-2.1007,-1.7133,317060.0,261720.0,1.3638,1.6521,elevated,303.6,1.7202,-62.4,-0.3545,246.34,201.99,0.7505,0.7047,17648.94921875,1.0,0.0,0.525,43.19489048064956,44.68366018844638,-126.23805920230254,-1608.1535413332674,1.2727,0.12,0.3,-0.22,0.422,weakened
2023-01-31,17731.44921875,17735.69921875,17537.55078125,17662.150390625,398300,yfinance:^NSEI,2026-08-05T14:32:28.085569,-0.3908,-1.2844,-2.519,-1.3004,356220.0,268830.0,1.1181,1.4816,elevated,198.15,1.1219,82.5,0.4674,258.98,196.74,0.7308,0.6878,17662.150390625,1.0,0.0,0.525,45.666450001653786,44.5781922695556,255.6760148547769,863.8063077998944,0.96,-0.0204,0.3,0.0,0.4159,weakened
2023-02-01,17811.599609375,17972.19921875,17353.400390625,17616.30078125,512900,yfinance:^NSEI,2026-08-05T14:32:28.085569,-1.0965,0.0679,-2.7707,-2.4206,415420.0,284040.0,1.2347,1.8057,elevated,618.8,3.5126,149.45,0.8462,358.22,230.08,0.6975,0.696,17616.30078125,1.0,0.0,0.525,43.186347102164824,43.50741656248789,422.3996085553049,265.08879676772716,0.9231,-0.04,0.34,-0.08,0.42,weakened
2023-02-02,17517.099609375,17653.900390625,17445.94921875,17610.400390625,490100,yfinance:^NSEI,2026-08-05T14:32:28.085569,0.5326,-0.2184,-1.5736,-3.055,462000.0,296785.0,1.0608,1.6514,normal,207.95,1.1808,-99.2,-0.5631,345.38,231.78,0.7017,0.7004,17610.400390625,1.0,0.0,0.525,62.818225476071504,48.75065875564373,-1243.216995225337,1170.4778586441096,0.6667,-0.2,0.28,-0.12,0.36,weakened
2023-02-03,17721.75,17870.30078125,17584.19921875,17854.05078125,424100,yfinance:^NSEI,2026-08-05T14:32:28.085569,0.7465,1.0865,1.4184,-1.4016,451560.0,304495.0,0.9392,1.3928,normal,286.1,1.6024,111.35,0.6323,322.92,236.14,0.7854,0.7139,17854.05078125,1.0,0.0,0.525,47.89202220209653,48.55158705252724,-556.3523055944356,-225.18972405091108,3.5455,0.56,0.36,-0.08,0.548,mixed
2023-02-06,17818.55078125,17823.69921875,17698.349609375,17764.599609375,282500,yfinance:^NSEI,2026-08-05T14:32:28.085569,-0.3028,0.8418,0.6553,-1.4592,421580.0,306710.0,0.6701,0.9211,dry,125.35,0.7056,-35.5,-0.1988,293.34,233.26,0.7829,0.6992,17764.599609375,1.0,0.0,0.525,38.23325080023182,47.5592591164437,-255.9469274680022,-813.772703917699,0.6667,-0.2,0.38,-0.04,0.408,weakened
2023-02-07,17790.099609375,17811.150390625,17652.55078125,17721.5,354400,yfinance:^NSEI,2026-08-05T14:32:28.085569,-0.3856,0.6309,0.336,-2.1914,412800.0,311570.0,0.8585,1.1375,dry,158.6,0.895,25.5,0.1435,285.43,231.37,0.7765,0.686,17721.5,1.0,0.0,0.525,49.670908760038046,48.36015086812054,1389.6222680291255,-530.9056705354297,0.6129,-0.24,0.3,-0.04,0.368,weakened
2023-02-08,17750.30078125,17898.69921875,17744.150390625,17871.69921875,291000,yfinance:^NSEI,2026-08-05T14:32:28.085569,0.6839,0.0988,1.4498,-1.3611,368420.0,311955.0,0.7899,0.9328,dry,154.55,0.8648,28.8,0.1625,197.11,233.22,0.8394,0.6943,17871.69921875,1.0,0.0,0.525,32.322639008961794,46.187409249479934,-1490.6168263836041,869.2996234216524,3.4545,0.551,0.32,0.02,0.5402,mixed
2023-02-09,17885.5,17916.900390625,17779.80078125,17893.44921875,260900,yfinance:^NSEI,2026-08-05T14:32:28.085569,0.0444,0.7253,1.6073,0.0084,322580.0,312005.0,0.8088,0.8362,dry,137.1,0.7662,13.8,0.0772,182.94,235.75,0.781,0.6826,17893.44921875,1.0,0.0,0.525,37.374511608812554,41.09866647602815,-1156.3990488613126,899.7532269650237,1.2727,0.12,0.38,0.08,0.484,mixed
2023-02-10,17847.55078125,17876.94921875,17801.0,17856.5,232000,yfinance:^NSEI,2026-08-05T14:32:28.085569,0.0501,0.7618,0.0137,1.4323,284160.0,312215.0,0.8164,0.7431,dry,75.95,0.4253,-45.9,-0.2565,144.21,233.12,0.6015,0.6715,17856.5,1.0,0.0,0.525,49.57488988695299,41.435240012999444,-1032.4345139149261,912.8693213595712,0.8519,-0.08,0.36,0.06,0.434,weakened
2023-02-13,17859.099609375,17880.69921875,17719.75,17770.900390625,231300,yfinance:^NSEI,2026-08-05T14:32:28.085569,-0.4939,-0.564,0.0355,0.691,273920.0,310945.0,0.8444,0.7439,dry,160.95,0.9057,2.6,0.0146,145.26,234.98,0.5883,0.6626,17770.900390625,1.0,0.0,0.525,47.07481374089408,43.20355260113189,207.31456322890304,-339.3048607350596,0.4706,-0.36,0.42,0.06,0.402,weakened
2023-02-14,17840.349609375,17954.55078125,17800.05078125,17929.849609375,244500,yfinance:^NSEI,2026-08-05T14:32:28.085569,0.5017,0.2034,1.1757,1.5157,251940.0,312860.0,0.9705,0.7815,normal,154.5,0.8617,69.45,0.3908,150.27,239.34,0.6003,0.6669,17929.849609375,1.0,0.0,0.525,45.59117043528569,42.387604936181425,-412.9387354781626,2397.7609148585834,1.381,0.16,0.38,-0.04,0.48,mixed
2023-02-15,17896.599609375,18034.099609375,17853.80078125,18015.849609375,229300,yfinance:^NSEI,2026-08-05T14:32:28.085569,0.6663,0.8924,0.8066,2.2681,239600.0,313370.0,0.957,0.7317,normal,180.3,1.0008,-33.25,-0.1854,150.89,232.78,0.4802,0.677,18015.849609375,1.0,0.0,0.525,36.17182407706058,43.157441949801175,1499.748074755309,290.67656932004235,3.0833,0.5102,0.44,0.06,0.584,strengthened
2023-02-16,18094.75,18134.75,18000.650390625,18035.849609375,230200,yfinance:^NSEI,2026-08-05T14:32:28.085569,-0.3255,1.4909,0.7958,2.4159,233460.0,312090.0,0.986,0.7376,normal,134.1,0.7435,78.9,0.4379,150.29,213.9,0.4916,0.6576,18035.849609375,1.0,0.0,0.525,42.24124633284233,44.130788894607136,-1533.095623653281,-354.6044725220165,1.2727,0.12,0.46,0.2,0.528,mixed
2023-02-17,17974.849609375,18034.25,17884.599609375,17944.19921875,208100,yfinance:^NSEI,2026-08-05T14:32:28.085569,-0.1705,0.08,0.4911,0.5049,228680.0,310605.0,0.91,0.67,normal,149.65,0.834,-61.0,-0.3382,162.05,203.02,0.4447,0.6516,17944.19921875,1.0,0.0,0.525,44.3148898323217,43.07878888368087,-783.31009912963,1634.4364322961299,0.4286,-0.4,0.46,0.08,0.412,weakened
2023-02-20,17965.55078125,18004.349609375,17818.400390625,17844.599609375,174600,yfinance:^NSEI,2026-08-05T14:32:28.085569,-0.6732,-0.9506,0.4147,0.4503,217340.0,307475.0,0.8033,0.5679,dry,185.95,1.042,21.35,0.119,167.05,202.15,0.4885,0.6464,17844.599609375,1.0,0.0,0.525,33.895678757098125,40.44296188692168,1670.7138666121289,-144.1278828179284,0.6129,-0.24,0.46,0.06,0.442,weakened
2023-02-21,17905.80078125,17924.900390625,17800.30078125,17826.69921875,198200,yfinance:^NSEI,2026-08-05T14:32:28.085569,-0.4418,-1.1596,-0.5753,0.5936,208080.0,307260.0,0.9525,0.6451,normal,124.6,0.6989,61.2,0.343,155.24,166.85,0.4936,0.6238,17826.69921875,1.0,0.0,0.525,50.592671755158364,41.44326215089622,-988.0175973177194,-1359.03069400621,0.6129,-0.24,0.42,-0.02,0.418,weakened
2023-02-22,17755.349609375,17772.5,17529.44921875,17554.30078125,204000,yfinance:^NSEI,2026-08-05T14:32:28.085569,-1.1323,-2.1728,-2.5619,-1.776,203020.0,306615.0,1.0048,0.6653,normal,243.05,1.3846,-71.35,-0.4002,178.63,173.23,0.5395,0.6232,17554.30078125,1.0,0.0,0.525,44.91934175666947,43.19276568681799,-349.7461935354897,753.8576745423031,0.087,-0.84,0.36,-0.16,0.26,deteriorated
2023-02-23,17574.650390625,17620.05078125,17455.400390625,17511.25,240800,yfinance:^NSEI,2026-08-05T14:32:28.085569,-0.3607,-1.8681,-2.9086,-2.136,205140.0,305795.0,1.1738,0.7875,elevated,164.65,0.9403,20.35,0.1159,184.74,164.55,0.5345,0.6244,17511.25,1.0,0.0,0.525,42.58462399755233,43.261441219759995,-740.0461615447682,1574.9796625298193,0.7241,-0.16,0.36,-0.08,0.404,weakened
2023-02-24,17591.349609375,17599.75,17421.80078125,17465.80078125,209400,yfinance:^NSEI,2026-08-05T14:32:28.085569,-0.7137,-2.0245,-2.666,-2.188,205400.0,292450.0,1.0195,0.716,normal,177.95,1.0188,80.1,0.4574,190.08,166.14,0.5433,0.6316,17465.80078125,1.0,0.0,0.525,52.89341031072694,44.97714531544104,-627.9323643658709,672.103567987705,0.8519,-0.08,0.34,-0.18,0.402,weakened
2023-02-27,17428.599609375,17451.599609375,17299.0,17392.69921875,246400,yfinance:^NSEI,2026-08-05T14:32:28.085569,-0.206,-0.9206,-2.5324,-2.1282,219760.0,283150.0,1.1212,0.8702,elevated,152.6,0.8774,-37.2,-0.213,186.25,166.73,0.5403,0.6187,17392.69921875,1.0,0.0,0.525,41.286259814218894,46.4552615268652,-662.2273465104797,-756.3474650626252,0.4706,-0.36,0.22,-0.4,0.276,deteriorated
2023-02-28,17383.25,17440.44921875,17255.19921875,17303.94921875,420900,yfinance:^NSEI,2026-08-05T14:32:28.085569,-0.4562,-1.1838,-2.9324,-3.4908,264300.0,284280.0,1.5925,1.4806,spike,185.25,1.0706,-9.45,-0.0543,198.38,167.3,0.4649,0.6114,17303.94921875,1.0,0.0,0.525,45.52630099319028,45.44198737447159,1449.469742726979,547.9422982316667,0.4286,-0.4,0.2,-0.28,0.272,deteriorated
2023-03-01,17360.099609375,17467.75,17345.25,17450.900390625,272900,yfinance:^NSEI,2026-08-05T14:32:28.085569,0.523,-0.0853,-0.589,-3.1358,278080.0,272280.0,0.9814,1.0023,normal,122.5,0.702,56.15,0.3245,171.69,169.21,0.4299,0.6019,17450.900390625,1.0,0.0,0.525,50.650107451228514,46.588140513383394,120.38875408260057,-45.387615069540765,6.1429,0.72,0.24,-0.04,0.536,mixed
2023-03-02,17421.5,17445.80078125,17306.0,17321.900390625,310700,yfinance:^NSEI,2026-08-05T14:32:28.085569,-0.5717,-0.4071,-1.0813,-3.9585,292060.0,263310.0,1.0638,1.18,normal,139.8,0.8071,-29.4,-0.1685,167.74,172.96,0.4325,0.5908,17321.900390625,1.0,0.0,0.525,55.80436101697887,49.2320879172687,-689.7314812650338,982.5452143710713,0.4286,-0.4,0.22,-0.1,0.298,deteriorated
2023-03-03,17451.25,17644.75,17427.69921875,17594.349609375,356200,yfinance:^NSEI,2026-08-05T14:32:28.085569,0.82,1.6782,0.736,-1.9497,321420.0,259915.0,1.1082,1.3704,elevated,217.05,1.2336,129.35,0.7467,196.72,184.52,0.5832,0.6207,17594.349609375,1.0,0.0,0.525,44.16660609723768,47.48672707457085,-681.7983894830174,-63.65682685574754,4.5556,0.64,0.32,0.06,0.562,strengthened
2023-03-06,17680.349609375,17799.94921875,17671.94921875,17711.44921875,362800,yfinance:^NSEI,2026-08-05T14:32:28.085569,0.1759,1.493,1.8327,-0.7462,344700.0,263930.0,1.0525,1.3746,normal,128.0,0.7227,86.0,0.4888,204.48,186.09,0.5881,0.622,17711.44921875,1.0,0.0,0.525,38.430347007354634,46.915544513198,213.54854862861242,2250.4915566277236,3.0833,0.5102,0.32,0.08,0.538,mixed
2023-03-08,17665.75,17766.5,17602.25,17754.400390625,267000,yfinance:^NSEI,2026-08-05T14:32:28.085569,0.5018,2.4968,2.6032,-0.4056,313920.0,259560.0,0.8505,1.0287,dry,164.25,0.9251,-45.7,-0.258,200.28,184.94,0.6259,0.6336,17754.400390625,1.0,0.0,0.525,58.84992022856658,49.58026836027326,-844.209877709317,899.0028580372825,1.7222,0.2653,0.36,-0.06,0.4911,mixed
2023-03-09,17772.05078125,17772.349609375,17573.599609375,17589.599609375,262400,yfinance:^NSEI,2026-08-05T14:32:28.085569,-1.0266,-0.027,0.7948,0.2011,311820.0,258130.0,0.8415,1.0165,dry,198.75,1.1299,17.65,0.0994,207.27,189.56,0.608,0.6522,17589.599609375,1.0,0.0,0.525,47.42391902735733,48.93503067549902,813.0388816875462,-302.9459069985814,0.3889,-0.44,0.34,0.02,0.35,weakened
2023-03-10,17443.80078125,17451.5,17324.349609375,17412.900390625,235900,yfinance:^NSEI,2026-08-05T14:32:28.085569,-0.1771,-1.6856,0.5253,-0.5616,296860.0,256880.0,0.7947,0.9183,dry,127.15,0.7302,-145.8,-0.8289,231.34,197.7,0.603,0.6281,17412.900390625,1.0,0.0,0.525,56.02826318313619,48.97981110873049,936.2052133238238,-254.2775371861578,0.4286,-0.4,0.26,-0.24,0.3,weakened
2023-03-13,17421.900390625,17529.900390625,17113.44921875,17154.30078125,254900,yfinance:^NSEI,2026-08-05T14:32:28.085569,-1.536,-3.38,-2.5011,-1.7835,276600.0,258025.0,0.9215,0.9879,normal,416.45,2.4277,9.0,0.0517,250.06,214.17,0.7355,0.6289,17154.30078125,1.0,0.0,0.525,50.89116484406731,50.32472285809641,-1641.188300186717,-539.5375794350894,0.0426,-0.9184,0.18,-0.38,0.1503,deteriorated
2023-03-14,17160.55078125,17224.650390625,16987.099609375,17043.30078125,290600,yfinance:^NSEI,2026-08-05T14:32:28.085569,-0.6833,-3.1058,-3.7724,-2.0089,262160.0,260990.0,1.1085,1.1135,elevated,237.55,1.3938,6.25,0.0364,256.45,222.24,0.7516,0.619,17043.30078125,1.0,0.0,0.525,60.304292531727754,54.69951196297103,566.0932261673037,57.8749254428098,0.3514,-0.48,0.16,-0.48,0.22,deteriorated
2023-03-15,17166.44921875,17211.349609375,16938.900390625,16972.150390625,248200,yfinance:^NSEI,2026-08-05T14:32:28.085569,-1.1319,-2.5312,-4.4059,-1.9175,258400.0,261175.0,0.9605,0.9503,normal,272.45,1.6053,123.15,0.7226,278.09,220.46,0.8016,0.6414,16972.150390625,1.0,0.0,0.525,47.713391687120385,52.472206254681794,-131.7771350528086,158.42935795775614,0.6129,-0.24,0.2,-0.28,0.304,weakened
2023-03-16,16994.650390625,17062.44921875,16850.150390625,16985.599609375,349800,yfinance:^NSEI,2026-08-05T14:32:28.085569,-0.0533,-0.9834,-3.4338,-2.6663,275880.0,267200.0,1.2679,1.3091,elevated,212.3,1.2499,22.5,0.1326,280.8,223.87,0.7544,0.6202,16985.599609375,1.0,0.0,0.525,60.51714924651205,55.09085229851273,-489.21797808975316,-265.6930879953522,1.2727,0.12,0.26,-0.32,0.396,weakened
2023-03-17,17111.80078125,17145.80078125,16958.150390625,17100.05078125,408100,yfinance:^NSEI,2026-08-05T14:32:28.085569,-0.0687,0.333,-1.7967,-1.2807,310320.0,276095.0,1.3151,1.4781,elevated,187.65,1.0974,126.2,0.743,265.28,224.56,0.7561,0.6057,17100.05078125,1.0,0.0,0.525,27.042039167282045,49.29360749534191,2234.6075615049335,-49.657006156974994,2.5714,0.44,0.32,-0.04,0.512,mixed
2023-03-20,17066.599609375,17066.599609375,16828.349609375,16988.400390625,241800,yfinance:^NSEI,2026-08-05T14:32:28.085569,-0.4582,0.0957,-0.9671,-3.444,307700.0,277780.0,0.7858,0.8705,dry,238.25,1.4024,-33.45,-0.1956,236.33,232.05,0.6417,0.5797,16988.400390625,1.0,0.0,0.525,45.60794119627306,48.23696276578306,-1106.9923390808192,-1745.184140025242,0.3514,-0.48,0.3,-0.24,0.3,weakened
2023-03-21,17060.400390625,17127.69921875,17016.0,17107.5,246700,yfinance:^NSEI,2026-08-05T14:32:28.085569,0.2761,0.7177,0.3767,-3.4099,298920.0,281385.0,0.8253,0.8767,dry,111.7,0.6529,72.0,0.4238,216.68,228.77,0.6532,0.5874,17107.5,1.0,0.0,0.525,48.73408621228402,45.922921501894315,780.5733357942744,-587.2646581066724,1.0417,0.0204,0.3,0.06,0.4301,weakened
2023-03-22,17177.44921875,17207.25,17107.849609375,17151.900390625,0,yfinance:^NSEI,2026-08-05T14:32:28.085569,-0.1487,0.3032,1.0591,-3.3935,249280.0,271475.0,0.0,0.0,dry,99.4,0.5795,69.95,0.4089,182.14,224.2,0.5774,0.5868,17151.900390625,1.0,0.0,0.525,32.09944868319286,42.8001329011088,-904.5230926622937,1365.2026511073987,1.6667,0.25,0.32,0.02,0.48,mixed
2023-03-23,17097.400390625,17205.400390625,17045.30078125,17076.900390625,219200,yfinance:^NSEI,2026-08-05T14:32:28.085569,-0.1199,0.5209,0.5375,-2.9148,223160.0,272235.0,0.9823,0.8052,normal,160.1,0.9375,-54.5,-0.3177,171.7,225.28,0.5565,0.5619,17076.900390625,1.0,0.0,0.525,46.242624897299905,39.94522803126638,890.1214702247074,591.9987350932314,0.7241,-0.16,0.32,0.0,0.396,weakened
2023-03-24,17076.19921875,17109.44921875,16917.349609375,16945.05078125,228000,yfinance:^NSEI,2026-08-05T14:32:28.085569,-0.768,-0.9496,-0.9064,-2.6868,187140.0,271595.0,1.2183,0.8395,elevated,192.1,1.1337,-0.7,-0.0041,172.59,215.94,0.5604,0.567,16945.05078125,1.0,0.0,0.525,50.85690057209397,44.708200312228755,886.8900661384046,-404.1452909592718,0.2821,-0.56,0.22,-0.12,0.264,deteriorated
2023-03-27,16984.30078125,17091.0,16918.55078125,16985.69921875,218400,yfinance:^NSEI,2026-08-05T14:32:28.085569,0.0082,-0.969,-0.0159,-0.9829,182460.0,272045.0,1.197,0.8028,elevated,172.45,1.0153,39.25,0.2316,152.74,213.57,0.4317,0.5662,16985.69921875,1.0,0.0,0.525,41.5320511768545,43.89302230834505,978.8223993230673,15.669461770010319,1.2727,0.12,0.24,-0.08,0.412,weakened
2023-03-28,17031.75,17061.75,16913.75,16951.69921875,238800,yfinance:^NSEI,2026-08-05T14:32:28.085569,-0.47,-0.7332,-0.9107,-0.5375,180880.0,271665.0,1.3202,0.879,elevated,148.0,0.8731,46.05,0.2711,154.48,212.41,0.4165,0.5659,16951.69921875,1.0,0.0,0.525,43.98594365132371,42.94339379615299,628.2328705967407,757.8367254490649,0.5152,-0.32,0.24,-0.12,0.32,weakened
2023-03-29,16977.30078125,17126.150390625,16940.599609375,17080.69921875,345900,yfinance:^NSEI,2026-08-05T14:32:28.085569,0.609,0.8005,-0.4151,0.6396,250060.0,267915.0,1.3833,1.2911,elevated,185.55,1.0863,25.6,0.151,171.64,211.47,0.3901,0.5713,17080.69921875,1.0,0.0,0.525,55.32321694161659,47.588147447837734,308.87198989791455,-16.89738548247497,8.8,0.7959,0.32,0.02,0.5892,strengthened
2023-03-31,17210.349609375,17381.599609375,17204.650390625,17359.75,263900,yfinance:^NSEI,2026-08-05T14:32:28.085569,0.8681,2.2022,1.6563,2.2028,259000.0,267465.0,1.0189,0.9867,normal,176.95,1.0193,129.65,0.759,199.8,214.02,0.5006,0.5838,17359.75,1.0,0.0,0.525,43.76191836986369,47.09200614235049,-378.8258247909884,3.300326486272187,6.1429,0.72,0.38,0.2,0.616,strengthened
2023-04-03,17427.94921875,17428.05078125,17312.75,17398.05078125,230200,yfinance:^NSEI,2026-08-05T14:32:28.085569,-0.1716,2.6331,2.6733,1.7427,259440.0,263440.0,0.8873,0.8738,dry,115.3,0.6627,68.2,0.3929,184.44,192.51,0.5026,0.5839,17398.05078125,1.0,0.0,0.525,55.74915992426311,48.07045801278433,569.1639571070058,556.2617408346237,1.9412,0.32,0.4,0.2,0.544,mixed
2023-04-05,17422.30078125,17570.55078125,17402.69921875,17557.05078125,248300,yfinance:^NSEI,2026-08-05T14:32:28.085569,0.7734,2.7888,3.3637,3.3473,265420.0,258045.0,0.9355,0.9622,normal,167.85,0.956,24.25,0.1394,184.45,187.86,0.5377,0.6135,17557.05078125,1.0,0.0,0.525,45.37870282721786,48.83978834285699,-176.90335016897475,264.36556196115663,2.8462,0.48,0.54,0.24,0.636,strengthened
2023-04-06,17533.849609375,17638.69921875,17502.849609375,17599.150390625,242700,yfinance:^NSEI,2026-08-05T14:32:28.085569,0.3724,1.3791,3.8194,2.8739,266200.0,252040.0,0.9117,0.9629,normal,135.85,0.7719,-23.2,-0.1321,182.02,178.1,0.5423,0.617,17599.150390625,1.0,0.0,0.525,44.863134774942736,49.0152265675808,2031.9360818255361,100.69794692768455,1.6316,0.24,0.54,0.24,0.588,strengthened
2023-04-10,17634.900390625,17694.099609375,17597.94921875,17624.05078125,254800,yfinance:^NSEI,2026-08-05T14:32:28.085569,-0.0615,1.299,3.1811,2.7528,247980.0,251430.0,1.0275,1.0134,normal,96.15,0.5456,35.75,0.2031,164.14,169.81,0.5387,0.6156,17624.05078125,1.0,0.0,0.525,48.04090765313969,47.558764709885416,14.98588910288608,-127.88341094977991,1.7778,0.28,0.54,0.26,0.598,strengthened
2023-04-11,17704.80078125,17748.75,17655.150390625,17722.30078125,304300,yfinance:^NSEI,2026-08-05T14:32:28.085569,0.0988,0.9412,2.0885,3.7794,256060.0,253525.0,1.1884,1.2003,elevated,93.6,0.5281,80.75,0.4582,128.9,165.31,0.533,0.5904,17722.30078125,1.0,0.0,0.525,46.12330293299882,48.03104162251244,-2287.1515352227693,1236.688954759433,3.1667,0.52,0.62,0.34,0.686,strengthened
2023-04-12,17759.55078125,17825.75,17717.25,17812.400390625,232800,yfinance:^NSEI,2026-08-05T14:32:28.085569,0.2976,1.2117,2.3816,5.1186,256580.0,253370.0,0.9073,0.9188,normal,108.5,0.6091,37.25,0.2102,127.54,153.65,0.4312,0.5941,17812.400390625,1.0,0.0,0.525,36.677034063596686,44.216616450379156,-1504.6512057609625,-88.4471201416285,2.125,0.36,0.68,0.34,0.678,strengthened
2023-04-13,17807.30078125,17842.150390625,17729.650390625,17828.0,285800,yfinance:^NSEI,2026-08-05T14:32:28.085569,0.1162,1.1572,1.5433,4.9589,264080.0,254915.0,1.0822,1.1212,normal,112.5,0.631,-5.1,-0.0286,115.54,151.74,0.4263,0.5845,17828.0,1.0,0.0,0.525,44.63483741787713,44.067843368511014,-936.2610068273628,85.93367472782006,1.2727,0.12,0.78,0.36,0.672,strengthened
2023-04-17,17863.0,17863.0,17574.05078125,17706.849609375,357400,yfinance:^NSEI,2026-08-05T14:32:28.085569,-0.8742,-0.0872,0.612,4.4547,287020.0,258255.0,1.2452,1.3839,elevated,288.95,1.6318,35.0,0.1963,146.16,165.25,0.512,0.6016,17706.849609375,1.0,0.0,0.525,51.232406854516306,45.341697784425726,-250.17643501165082,-695.0244864034933,1.7778,0.28,0.76,0.4,0.7,strongly_participatory
2023-04-18,17766.599609375,17766.599609375,17610.19921875,17660.150390625,258900,yfinance:^NSEI,2026-08-05T14:32:28.085569,-0.5992,-0.8547,0.2048,3.3924,287840.0,258790.0,0.8995,1.0004,dry,156.4,0.8856,59.75,0.3374,158.21,164.99,0.5469,0.605,17660.150390625,1.0,0.0,0.525,63.08948720968424,48.351413695734635,332.42780114877377,311.8040535203178,0.7857,-0.12,0.7,0.26,0.582,strengthened
2023-04-19,17653.349609375,17666.150390625,17579.849609375,17618.75,281500,yfinance:^NSEI,2026-08-05T14:32:28.085569,-0.196,-1.1737,-0.5843,1.492,283280.0,255375.0,0.9937,1.1023,normal,86.3,0.4898,-6.8,-0.0385,150.53,157.43,0.4758,0.593,17618.75,1.0,0.0,0.525,49.396622502654715,49.00607760966581,222.213928039391,-392.6007263200166,0.5806,-0.2653,0.72,0.16,0.5509,strengthened
2023-04-20,17638.599609375,17684.44921875,17584.349609375,17624.44921875,215100,yfinance:^NSEI,2026-08-05T14:32:28.085569,-0.0802,-0.4654,-1.0552,1.3013,279740.0,245725.0,0.7689,0.8754,dry,100.1,0.568,19.85,0.1127,148.85,152.26,0.4735,0.5874,17624.44921875,1.0,0.0,0.525,50.06040312578211,51.682751422102896,517.3679759410678,132.39002636155845,1.1739,0.08,0.74,0.16,0.628,strengthened
2023-04-21,17639.75,17663.19921875,17553.94921875,17624.05078125,230200,yfinance:^NSEI,2026-08-05T14:32:28.085569,-0.089,-0.2044,-1.144,0.3816,268620.0,245145.0,0.857,0.939,dry,109.25,0.6199,15.3,0.0868,148.2,149.5,0.384,0.5598,17624.05078125,1.0,0.0,0.525,47.404432673870666,52.236670473301615,-552.414177725037,-1370.2957531715408,0.96,-0.0204,0.68,0.04,0.5719,strengthened
2023-04-24,17707.55078125,17754.5,17612.5,17743.400390625,255700,yfinance:^NSEI,2026-08-05T14:32:28.085569,0.2025,0.7075,0.2064,0.8196,248280.0,245595.0,1.0299,1.0411,normal,142.0,0.8003,83.5,0.4738,118.81,146.39,0.364,0.5604,17743.400390625,1.0,0.0,0.525,48.48184167952821,51.686557438303986,-223.71509994342043,-271.35856211588003,2.3333,0.4,0.68,0.22,0.674,strengthened
2023-04-25,17761.55078125,17807.44921875,17716.849609375,17769.25,297400,yfinance:^NSEI,2026-08-05T14:32:28.085569,0.0433,0.8216,0.6178,0.8239,255980.0,260465.0,1.1618,1.1418,elevated,90.6,0.5099,18.15,0.1023,105.65,131.36,0.3673,0.548,17769.25,1.0,0.0,0.525,67.70593689988229,52.6098473763436,-985.983564929173,-269.5479844341736,1.9412,0.32,0.74,0.32,0.692,strengthened
2023-04-26,17767.30078125,17827.75,17711.19921875,17813.599609375,233000,yfinance:^NSEI,2026-08-05T14:32:28.085569,0.2606,1.0755,1.1059,0.5152,246280.0,261155.0,0.9461,0.8922,normal,116.55,0.6543,-1.95,-0.011,111.7,131.45,0.3807,0.5285,17813.599609375,1.0,0.0,0.525,46.46111228175102,52.022745332162856,-165.46199267662698,587.6422380599544,1.7778,0.28,0.76,0.12,0.672,strengthened
2023-04-27,17813.099609375,17931.599609375,17797.900390625,17915.05078125,241400,yfinance:^NSEI,2026-08-05T14:32:28.085569,0.5723,0.9674,1.6489,0.5763,251540.0,261825.0,0.9597,0.922,normal,133.7,0.7463,-0.5,-0.0028,118.42,128.68,0.4198,0.5435,17915.05078125,1.0,0.0,0.525,50.4123787386689,52.093140454740215,-1071.023040846661,244.98554061490296,3.1667,0.52,0.78,0.26,0.742,strongly_participatory
2023-04-28,17950.400390625,18089.150390625,17885.30078125,18065.0,290300,yfinance:^NSEI,2026-08-05T14:32:28.085569,0.6384,1.6644,2.502,1.3294,263560.0,265420.0,1.1015,1.0937,elevated,203.85,1.1284,35.35,0.1973,137.34,133.54,0.4738,0.4876,18065.0,1.0,0.0,0.525,47.722305842358054,52.15671508843769,1786.1709384232352,-1694.2579387409219,4.0,0.6,0.84,0.4,0.796,strongly_participatory
2023-05-02,18124.80078125,18180.25,18101.75,18147.650390625,265200,yfinance:^NSEI,2026-08-05T14:32:28.085569,0.1261,1.8753,2.2783,2.4894,265460.0,266740.0,0.999,0.9942,normal,78.5,0.4326,59.8,0.331,131.99,134.9,0.3646,0.4722,18147.650390625,1.0,0.0,0.525,54.328255576344375,53.32599786780092,-1340.6160245526137,537.749022387086,1.6316,0.24,0.88,0.6,0.76,strongly_participatory
2023-05-03,18113.80078125,18116.349609375,18042.400390625,18089.849609375,226200,yfinance:^NSEI,2026-08-05T14:32:28.085569,-0.1322,0.9757,1.8042,2.4332,251220.0,260755.0,0.9004,0.8675,normal,73.95,0.4088,-33.85,-0.1865,134.92,133.51,0.2888,0.4223,18089.849609375,1.0,0.0,0.525,40.724900361642085,47.92979056015288,2246.7139684821386,-54.8923314642054,0.6129,-0.24,0.88,0.22,0.626,strengthened
2023-05-04,18081.0,18267.44921875,18066.69921875,18255.80078125,226600,yfinance:^NSEI,2026-08-05T14:32:28.085569,0.9668,1.0562,2.4824,3.6158,249940.0,258890.0,0.9066,0.8753,normal,200.75,1.0997,-8.85,-0.0489,151.76,140.1,0.365,0.4549,18255.80078125,1.0,0.0,0.525,59.22235448748879,50.482039001300436,-1196.9993449532835,1233.7010454674955,3.4545,0.551,0.92,0.28,0.8062,strongly_participatory
2023-05-05,18117.30078125,18216.94921875,18055.44921875,18069.0,239700,yfinance:^NSEI,2026-08-05T14:32:28.085569,-0.2666,-0.4334,0.8593,2.5224,249600.0,259365.0,0.9603,0.9242,normal,161.5,0.8938,-138.5,-0.7587,165.09,146.38,0.3878,0.4584,18069.0,1.0,0.0,0.525,36.785191497661756,47.75660155309901,-897.1719846398227,1810.7604643095447,0.7241,-0.16,0.84,0.38,0.642,strengthened
2023-05-08,18120.599609375,18286.94921875,18100.30078125,18264.400390625,228400,yfinance:^NSEI,2026-08-05T14:32:28.085569,0.7936,0.9649,1.1038,3.6334,237220.0,258370.0,0.9628,0.884,normal,186.65,1.0219,51.6,0.2856,167.91,141.31,0.4066,0.4665,18264.400390625,1.0,0.0,0.525,40.075709398954494,46.22728226441829,1149.0047765052598,307.2760552674842,4.5556,0.64,0.94,0.36,0.84,strongly_participatory
2023-05-09,18303.400390625,18344.19921875,18229.650390625,18265.94921875,245400,yfinance:^NSEI,2026-08-05T14:32:28.085569,-0.2046,0.0556,0.6519,2.945,233260.0,258505.0,1.052,0.9493,normal,114.55,0.6271,39.0,0.2135,167.77,138.32,0.4388,0.4686,18265.94921875,1.0,0.0,0.525,43.46961816317783,44.05555478178499,180.60241403753471,318.69853603058806,1.3333,0.1429,0.94,0.44,0.7486,strongly_participatory
2023-05-10,18313.599609375,18326.75,18211.94921875,18315.099609375,220500,yfinance:^NSEI,2026-08-05T14:32:28.085569,0.0082,1.362,1.2452,3.0719,232120.0,256790.0,0.9499,0.8587,normal,114.8,0.6268,47.65,0.2609,169.68,140.35,0.441,0.4667,18315.099609375,1.0,0.0,0.525,48.79721092070113,45.6700168935968,1094.5977057600132,-1091.9109651500028,2.8462,0.48,0.94,0.32,0.804,strongly_participatory
2023-05-11,18357.80078125,18389.69921875,18270.400390625,18297.0,248900,yfinance:^NSEI,2026-08-05T14:32:28.085569,-0.3312,0.1785,0.2257,2.7137,236580.0,254020.0,1.0521,0.9798,normal,119.3,0.652,42.7,0.2331,153.39,141.72,0.4813,0.4716,18297.0,1.0,0.0,0.525,43.972194767070405,42.619984949513125,959.6931198502054,-738.5077376257588,1.1739,0.08,0.92,0.48,0.732,strongly_participatory
2023-05-12,18273.75,18342.75,18194.55078125,18314.80078125,241700,yfinance:^NSEI,2026-08-05T14:32:28.085569,0.2246,0.2674,1.3603,2.2314,236980.0,254465.0,1.0199,0.9498,normal,148.2,0.8092,-23.25,-0.1271,142.96,144.51,0.465,0.4438,18314.80078125,1.0,0.0,0.525,35.59469255147094,42.38188516027496,-1297.7203810831697,510.35649421528177,0.7857,-0.12,0.88,0.28,0.656,strengthened
2023-05-15,18339.30078125,18458.900390625,18287.900390625,18398.849609375,216100,yfinance:^NSEI,2026-08-05T14:32:28.085569,0.3247,0.4573,0.7361,1.848,234520.0,250980.0,0.9215,0.861,normal,171.0,0.9294,24.5,0.1338,133.57,146.58,0.4408,0.4449,18398.849609375,1.0,0.0,0.525,51.788739445081454,44.724491169500354,1152.2756260818906,857.3374545638549,2.3333,0.4,0.9,0.26,0.766,strongly_participatory
2023-05-16,18432.349609375,18432.349609375,18264.349609375,18286.5,219500,yfinance:^NSEI,2026-08-05T14:32:28.085569,-0.7913,-0.0574,0.1125,0.7651,229340.0,244085.0,0.9571,0.8993,normal,168.0,0.9187,33.5,0.1821,144.26,152.11,0.5325,0.4632,18286.5,1.0,0.0,0.525,40.644606126129574,44.1594887620907,-1017.2541306410147,-280.7839557259063,0.6667,-0.2,0.88,0.22,0.634,strengthened
2023-05-17,18300.44921875,18309.0,18115.349609375,18181.75,229900,yfinance:^NSEI,2026-08-05T14:32:28.085569,-0.6486,-0.7265,-0.7281,0.508,231220.0,242635.0,0.9943,0.9475,normal,193.65,1.0651,13.95,0.0763,160.03,157.61,0.5763,0.4739,18181.75,1.0,0.0,0.525,60.39947524014032,46.47994162597854,42.734832624862065,-151.33947377079363,0.4412,-0.3878,0.82,0.08,0.5584,strengthened
2023-05-18,18287.5,18297.19921875,18104.849609375,18129.94921875,272100,yfinance:^NSEI,2026-08-05T14:32:28.085569,-0.8615,-1.4615,-0.913,-0.6894,235860.0,242165.0,1.1537,1.1236,elevated,192.35,1.0609,105.75,0.5816,174.64,161.8,0.526,0.4792,18129.94921875,1.0,0.0,0.525,41.7339736613101,46.03229740482648,-1307.585160264386,-195.90909294824687,0.3514,-0.48,0.8,-0.06,0.518,mixed
2023-05-19,18186.150390625,18218.099609375,18060.400390625,18203.400390625,260900,yfinance:^NSEI,2026-08-05T14:32:28.085569,0.0949,-0.4544,-0.6083,0.7438,239700.0,244455.0,1.0884,1.0673,normal,157.7,0.8663,56.2,0.31,176.54,158.51,0.5314,0.4781,18203.400390625,1.0,0.0,0.525,45.4235078703546,47.998060468603214,307.8841308066136,1414.5278635294512,1.5,0.2,0.84,-0.04,0.672,strengthened
2023-05-22,18201.099609375,18335.25,18178.849609375,18314.400390625,262600,yfinance:^NSEI,2026-08-05T14:32:28.085569,0.6225,0.7296,-0.459,0.2738,249000.0,246075.0,1.0546,1.0672,normal,156.4,0.854,-2.3,-0.0126,173.62,161.45,0.4999,0.4707,18314.400390625,1.0,0.0,0.525,49.81967947683304,47.60424847495352,-1215.0429208525259,140.36381051738317,2.3333,0.4,0.86,0.1,0.734,strongly_participatory
2023-05-23,18362.900390625,18419.75,18324.19921875,18348.0,270400,yfinance:^NSEI,2026-08-05T14:32:28.085569,-0.0811,1.2027,0.3363,0.4492,259180.0,246810.0,1.0433,1.0956,normal,95.55,0.5208,48.5,0.2648,161.09,161.45,0.5001,0.4663,18348.0,1.0,0.0,0.525,58.45714203425943,51.1667556565795,-440.7599230105716,-82.8692721521922,1.1739,0.08,0.86,0.26,0.686,strengthened
2023-05-24,18294.80078125,18392.599609375,18262.94921875,18285.400390625,232600,yfinance:^NSEI,2026-08-05T14:32:28.085569,-0.0514,0.4505,0.5701,-0.1622,259720.0,243570.0,0.8956,0.955,dry,129.65,0.709,-53.2,-0.2899,148.29,156.37,0.4984,0.4662,18285.400390625,1.0,0.0,0.525,35.14013412351018,46.114887433253465,979.6263036636958,599.965003706458,1.381,0.16,0.84,0.04,0.672,strengthened
2023-05-25,18268.900390625,18338.099609375,18202.400390625,18321.150390625,235900,yfinance:^NSEI,2026-08-05T14:32:28.085569,0.286,0.0369,1.0546,0.132,252480.0,243715.0,0.9343,0.9679,normal,135.7,0.7407,-16.5,-0.0902,136.96,151.76,0.5115,0.4688,18321.150390625,1.0,0.0,0.525,49.47707086825844,47.66350687464313,-238.12091634884288,735.2508437978489,1.7222,0.2653,0.82,0.06,0.6871,strengthened
2023-05-26,18368.349609375,18508.55078125,18333.150390625,18499.349609375,198700,yfinance:^NSEI,2026-08-05T14:32:28.085569,0.7132,0.8249,1.6258,1.0076,240040.0,241580.0,0.8278,0.8225,dry,175.4,0.9481,47.2,0.2576,142.9,149.57,0.5652,0.4834,18499.349609375,1.0,0.0,0.525,50.07906235398739,48.59461777136969,2274.7931679465655,316.4749467617333,8.8,0.7959,0.84,0.3,0.8252,strongly_participatory
2023-05-29,18619.150390625,18641.19921875,18581.25,18598.650390625,265300,yfinance:^NSEI,2026-08-05T14:32:28.085569,-0.1101,1.7131,1.5521,1.0859,240580.0,240330.0,1.1028,1.1039,elevated,59.95,0.3223,119.8,0.6476,139.99,151.52,0.5506,0.4837,18598.650390625,1.0,0.0,0.525,37.436347095325786,46.117951295068245,963.1836460599924,1382.4444247839483,2.3333,0.4,0.9,0.54,0.794,strongly_participatory
2023-05-30,18606.650390625,18662.44921875,18575.5,18633.849609375,234400,yfinance:^NSEI,2026-08-05T14:32:28.085569,0.1462,1.7068,1.5579,1.8995,233380.0,238790.0,1.0044,0.9816,normal,86.95,0.4666,8.0,0.043,136.31,149.54,0.4934,0.4537,18633.849609375,1.0,0.0,0.525,52.17553252493518,44.861629393203394,392.9171918233065,1498.9922200604058,0.9231,-0.04,0.9,0.3,0.682,strengthened
2023-05-31,18594.19921875,18603.900390625,18483.849609375,18534.400390625,696500,yfinance:^NSEI,2026-08-05T14:32:28.085569,-0.3216,0.1895,1.3617,1.9396,326160.0,262305.0,2.1355,2.6553,spike,120.05,0.6477,-39.65,-0.2128,140.38,151.73,0.4541,0.4426,18534.400390625,1.0,0.0,0.525,50.375877385865486,47.90877804567445,-148.4589306523706,-791.5399130063892,0.6129,-0.24,0.84,0.28,0.616,strengthened
2023-06-01,18579.400390625,18580.30078125,18464.55078125,18487.75,265600,yfinance:^NSEI,2026-08-05T14:32:28.085569,-0.4933,-0.5963,0.9093,1.9735,332100.0,264255.0,0.7998,1.0051,dry,115.75,0.6261,45.0,0.2428,136.39,149.41,0.3818,0.4519,18487.75,1.0,0.0,0.525,50.003942802767014,48.014152432576175,2498.6539407136756,-1.6222258344788854,1.2727,0.12,0.84,0.32,0.692,strengthened
2023-06-02,18550.849609375,18573.69921875,18478.400390625,18534.099609375,270900,yfinance:^NSEI,2026-08-05T14:32:28.085569,-0.0903,-0.5353,0.1878,1.8167,346540.0,265815.0,0.7817,1.0191,dry,95.3,0.5142,63.1,0.3413,117.97,144.0,0.3854,0.452,18534.099609375,1.0,0.0,0.525,50.77158567597581,48.15265709697386,34.790447359268164,177.43088427688085,2.8462,0.48,0.92,0.36,0.8,strongly_participatory
2023-06-05,18612.0,18640.150390625,18582.80078125,18593.849609375,256100,yfinance:^NSEI,2026-08-05T14:32:28.085569,-0.0975,0.3208,-0.0258,1.5258,344700.0,267200.0,0.743,0.9585,dry,57.35,0.3084,77.9,0.4203,110.81,139.58,0.3328,0.4521,18593.849609375,1.0,0.0,0.525,50.34457978638945,50.734303635186585,-119.83104711808824,928.2377988286967,1.0417,0.0204,0.9,0.28,0.6921,strengthened
2023-06-06,18600.80078125,18622.75,18531.599609375,18599.0,220800,yfinance:^NSEI,2026-08-05T14:32:28.085569,-0.0097,0.6017,-0.187,1.368,341980.0,265970.0,0.6457,0.8302,dry,91.15,0.4901,6.95,0.0374,111.65,132.26,0.3318,0.4513,18599.0,1.0,0.0,0.525,42.28518865578906,48.756234861357356,-947.7415998765861,396.9402091589427,1.381,0.16,0.88,0.12,0.696,strengthened
2023-06-07,18665.599609375,18738.94921875,18636.0,18726.400390625,260100,yfinance:^NSEI,2026-08-05T14:32:28.085569,0.3257,1.0376,1.0359,2.4118,254700.0,267950.0,1.0212,0.9707,normal,102.95,0.5498,66.6,0.3581,109.64,128.51,0.3468,0.4542,18726.400390625,1.0,0.0,0.525,62.926196089158054,51.26629860201588,1903.623988120705,515.405440440807,5.125,0.6735,0.9,0.44,0.8387,strongly_participatory
2023-06-08,18725.349609375,18777.900390625,18615.599609375,18634.55078125,286500,yfinance:^NSEI,2026-08-05T14:32:28.085569,-0.4849,0.2189,0.794,1.7106,258880.0,269830.0,1.1067,1.0618,elevated,162.3,0.871,-1.05,-0.0056,118.95,128.84,0.3697,0.4628,18634.55078125,1.0,0.0,0.525,51.7906633672943,51.62364271492133,-522.1507700557534,-137.76286834970867,0.2821,-0.56,0.88,0.36,0.576,strengthened
2023-06-09,18655.900390625,18676.650390625,18555.400390625,18563.400390625,221800,yfinance:^NSEI,2026-08-05T14:32:28.085569,-0.4958,-0.1914,0.1581,0.3462,249060.0,268835.0,0.8905,0.825,dry,121.25,0.6532,21.35,0.1146,124.14,126.33,0.2826,0.4606,18563.400390625,1.0,0.0,0.525,38.46957202237881,49.16323998420193,1293.6866496587213,-528.1239290256495,0.5625,-0.28,0.82,0.16,0.588,strengthened
2023-06-12,18595.05078125,18633.599609375,18559.75,18601.5,179500,yfinance:^NSEI,2026-08-05T14:32:28.085569,0.0347,-0.667,0.0411,0.0153,233740.0,267005.0,0.7679,0.6723,dry,73.85,0.397,31.65,0.1705,117.7,124.08,0.2893,0.4444,18601.5,1.0,0.0,0.525,54.296676829939614,49.95365939291197,-343.19800840717215,696.4781465362172,1.9412,0.32,0.88,0.14,0.73,strongly_participatory
2023-06-13,18631.80078125,18728.900390625,18631.80078125,18716.150390625,233200,yfinance:^NSEI,2026-08-05T14:32:28.085569,0.4527,0.4379,0.6299,0.4417,236220.0,267690.0,0.9872,0.8712,normal,97.1,0.5188,30.3,0.1629,124.95,123.92,0.3364,0.4522,18716.150390625,1.0,0.0,0.525,57.26876463205923,52.95037458816601,953.0621876919788,434.94698788877935,2.5714,0.44,0.92,0.2,0.776,strongly_participatory
2023-06-14,18744.599609375,18769.69921875,18690.0,18755.900390625,261400,yfinance:^NSEI,2026-08-05T14:32:28.085569,0.0603,1.037,0.1575,1.1951,236480.0,269265.0,1.1054,0.9708,elevated,79.7,0.4249,28.45,0.152,112.9,119.92,0.3324,0.4518,18755.900390625,1.0,0.0,0.525,41.43454145318631,48.65204366097166,-1409.4388961729544,55.224559902517946,1.1304,0.0612,0.9,0.28,0.7002,strongly_participatory
2023-06-15,18774.44921875,18794.099609375,18669.05078125,18688.099609375,263000,yfinance:^NSEI,2026-08-05T14:32:28.085569,-0.4599,0.4656,0.2874,1.0837,231780.0,268810.0,1.1347,0.9784,elevated,125.05,0.6691,18.55,0.0989,105.45,115.47,0.3279,0.4194,18688.099609375,1.0,0.0,0.525,55.70700903395458,49.435312794303705,2143.262263433996,48.71949509921749,0.9231,-0.04,0.92,0.2,0.68,strengthened
2023-06-16,18723.30078125,18864.69921875,18710.5,18826.0,272800,yfinance:^NSEI,2026-08-05T14:32:28.085569,0.5485,0.5869,1.4146,1.5749,241980.0,269405.0,1.1274,1.0126,elevated,154.2,0.8191,35.2,0.1884,116.52,117.95,0.3826,0.4316,18826.0,1.0,0.0,0.525,51.30224741549198,52.00184787292635,-1247.4361123195852,-133.45621782590135,3.4545,0.551,0.88,0.38,0.8002,strongly_participatory
2023-06-19,18873.30078125,18881.44921875,18719.150390625,18755.44921875,219800,yfinance:^NSEI,2026-08-05T14:32:28.085569,-0.6244,-0.0024,0.8276,0.8691,250040.0,267265.0,0.8791,0.8224,dry,162.3,0.8653,47.3,0.2513,134.21,123.33,0.429,0.4157,18755.44921875,1.0,0.0,0.525,46.036895071977035,50.349891521333824,-1815.1887171225264,-747.5913901875433,0.3889,-0.44,0.86,0.22,0.578,strengthened
2023-06-20,18752.349609375,18839.69921875,18660.650390625,18816.69921875,211600,yfinance:^NSEI,2026-08-05T14:32:28.085569,0.3432,0.6881,0.5372,1.1705,245720.0,264325.0,0.8611,0.8005,dry,179.05,0.9515,-3.1,-0.0165,144.54,125.41,0.4482,0.4219,18816.69921875,1.0,0.0,0.525,41.970110685140085,47.290160731949996,120.459413065889,-867.4493343676943,2.5714,0.44,0.88,0.06,0.746,strongly_participatory
2023-06-21,18849.400390625,18875.900390625,18794.849609375,18856.849609375,217500,yfinance:^NSEI,2026-08-05T14:32:28.085569,0.0395,0.1639,0.5382,0.6966,236940.0,263570.0,0.918,0.8252,normal,81.05,0.4298,32.7,0.1738,144.81,122.93,0.4318,0.4221,18856.849609375,1.0,0.0,0.525,40.88388456299582,47.1800293539119,501.04946378806545,-44.561852033941626,0.8148,-0.102,0.88,0.14,0.6456,strengthened
2023-06-22,18853.599609375,18886.599609375,18759.5,18771.25,252700,yfinance:^NSEI,2026-08-05T14:32:28.085569,-0.4368,0.0842,0.4449,0.7336,234880.0,264410.0,1.0759,0.9557,normal,127.1,0.6771,-3.25,-0.0172,145.22,125.2,0.4267,0.4249,18771.25,1.0,0.0,0.525,41.47351772027649,44.333331091176284,-1484.8999616851804,-303.31302217257905,0.3514,-0.48,0.86,0.08,0.556,strengthened
2023-06-23,18741.849609375,18756.400390625,18647.099609375,18665.5,210600,yfinance:^NSEI,2026-08-05T14:32:28.085569,-0.4074,-0.8035,-0.8525,0.55,222440.0,265005.0,0.9468,0.7947,normal,109.3,0.5856,-29.4,-0.1566,134.73,126.49,0.4174,0.4259,18665.5,1.0,0.0,0.525,47.383186324687166,43.549518873015316,422.39080944544855,654.5943838156984,0.25,-0.6,0.8,-0.04,0.496,mixed
2023-06-26,18682.349609375,18722.05078125,18646.69921875,18691.19921875,171300,yfinance:^NSEI,2026-08-05T14:32:28.085569,0.0474,-0.8785,-0.3426,0.4822,212740.0,260305.0,0.8052,0.6581,dry,75.35,0.4031,16.85,0.0903,117.34,125.36,0.4177,0.4197,18691.19921875,1.0,0.0,0.525,54.61746599228819,45.26563305707755,2190.2736497540905,-612.9901772327414,2.7692,0.4694,0.8,0.02,0.7159,strongly_participatory
2023-06-27,18748.55078125,18829.25,18714.25,18817.400390625,222500,yfinance:^NSEI,2026-08-05T14:32:28.085569,0.3672,0.2459,0.0037,0.541,214920.0,259710.0,1.0353,0.8567,normal,115.0,0.6111,57.35,0.3068,109.14,125.23,0.4071,0.4062,18817.400390625,1.0,0.0,0.525,48.10401513502325,46.49241394705418,722.9978045207515,518.1656843511649,2.5714,0.44,0.84,0.1,0.734,strongly_participatory
2023-06-28,18908.150390625,19011.25,18861.349609375,18972.099609375,398800,yfinance:^NSEI,2026-08-05T14:32:28.085569,0.3382,1.6426,0.6112,1.1527,251180.0,244825.0,1.5877,1.6289,spike,149.9,0.7901,90.75,0.4823,131.7,127.48,0.4248,0.3961,18972.099609375,1.0,0.0,0.525,59.62827261725853,50.24129155790673,183.65459724251284,1478.6683224466742,5.25,0.68,0.88,0.26,0.814,strongly_participatory
2023-06-30,19076.849609375,19201.69921875,19024.599609375,19189.05078125,247900,yfinance:^NSEI,2026-08-05T14:32:28.085569,0.5882,2.6636,2.2257,2.6806,250220.0,243940.0,0.9907,1.0162,normal,177.1,0.9229,104.75,0.5521,152.2,135.22,0.4346,0.378,19189.05078125,1.0,0.0,0.525,69.76135333271695,55.898858680394824,-1158.5029367598001,252.16944842162238,4.5556,0.64,0.92,0.44,0.84,strongly_participatory
2023-07-03,19246.5,19345.099609375,19234.400390625,19322.55078125,226100,yfinance:^NSEI,2026-08-05T14:32:28.085569,0.3951,2.6845,3.5201,2.6376,253320.0,241700.0,0.8925,0.9355,dry,110.7,0.5729,57.45,0.2994,158.58,141.09,0.4186,0.3837,19322.55078125,1.0,0.0,0.525,39.4328600155111,54.3087934185596,622.380220421978,700.1007608426795,0.9231,-0.04,0.96,0.42,0.718,strongly_participatory
2023-07-04,19406.599609375,19434.150390625,19300.0,19389.0,226900,yfinance:^NSEI,2026-08-05T14:32:28.085569,-0.0907,2.1974,3.7333,3.378,264440.0,240240.0,0.858,0.9445,dry,134.15,0.6919,84.05,0.435,170.34,141.57,0.3492,0.3681,19389.0,1.0,0.0,0.525,51.85977932194548,53.75725608449106,-894.0429310322351,1377.6423943370482,1.381,0.16,0.94,0.3,0.738,strongly_participatory
2023-07-05,19405.94921875,19421.599609375,19339.599609375,19398.5,224400,yfinance:^NSEI,2026-08-05T14:32:28.085569,-0.0384,1.0915,3.0881,3.0919,264820.0,240420.0,0.8474,0.9334,dry,82.0,0.4227,16.95,0.0874,159.13,141.74,0.3427,0.3678,19398.5,1.0,0.0,0.525,46.21229771739319,53.37891260096505,1436.9078851902252,-679.7932232388778,1.6316,0.24,0.94,0.4,0.764,strongly_participatory
2023-07-06,19385.69921875,19512.19921875,19373.0,19497.30078125,268300,yfinance:^NSEI,2026-08-05T14:32:28.085569,0.5757,0.9044,2.7683,3.3964,238720.0,240830.0,1.1239,1.1141,elevated,139.2,0.7139,-12.8,-0.066,148.2,142.75,0.376,0.3814,19497.30078125,1.0,0.0,0.525,53.71200395273674,52.1956588680607,-30.284678427107924,-762.7735689166694,2.3333,0.4,0.96,0.3,0.794,strongly_participatory
2023-07-07,19422.80078125,19523.599609375,19303.599609375,19331.80078125,237100,yfinance:^NSEI,2026-08-05T14:32:28.085569,-0.4685,-0.295,0.7439,2.9862,236560.0,238360.0,1.0023,0.9947,normal,220.0,1.138,-74.5,-0.3821,146.28,145.85,0.3814,0.3892,19331.80078125,1.0,0.0,0.525,51.78590099658836,48.60056840083497,-504.41819973502317,618.8527690137024,0.1364,-0.76,0.94,0.22,0.546,mixed
2023-07-10,19400.349609375,19435.849609375,19327.099609375,19355.900390625,268200,yfinance:^NSEI,2026-08-05T14:32:28.085569,-0.2291,-0.2196,0.1726,3.6988,244980.0,240680.0,1.0948,1.1143,normal,108.75,0.5618,68.55,0.3546,136.82,142.02,0.3569,0.368,19355.900390625,1.0,0.0,0.525,35.88122220251309,47.89024083823537,635.8672525149101,606.6533374377939,0.4706,-0.36,0.9,0.12,0.6,strengthened
2023-07-11,19427.099609375,19515.099609375,19406.44921875,19439.400390625,251300,yfinance:^NSEI,2026-08-05T14:32:28.085569,0.0633,-0.297,0.2599,4.003,249860.0,244270.0,1.0058,1.0288,normal,108.65,0.5589,71.2,0.3678,141.83,140.61,0.3564,0.3679,19439.400390625,1.0,0.0,0.525,44.42788038346383,46.40386105053904,1975.9935855067665,879.1897822283997,2.8462,0.48,0.94,0.16,0.788,strongly_participatory
2023-07-12,19497.44921875,19507.69921875,19361.75,19384.30078125,327900,yfinance:^NSEI,2026-08-05T14:32:28.085569,-0.5803,0.2716,-0.0732,3.0126,270560.0,249005.0,1.2119,1.3168,elevated,145.95,0.7529,58.05,0.2986,154.62,145.24,0.4136,0.3807,19384.30078125,1.0,0.0,0.525,54.85119035458778,48.131639577977964,713.0743788396453,-91.83987169344104,0.6667,-0.2,0.92,0.04,0.632,strengthened
2023-07-13,19495.19921875,19567.0,19385.80078125,19413.75,310400,yfinance:^NSEI,2026-08-05T14:32:28.085569,-0.4178,0.2989,-0.4285,2.3279,278980.0,251455.0,1.1126,1.2344,elevated,181.2,0.9334,110.9,0.5721,163.32,149.21,0.4251,0.3836,19413.75,1.0,0.0,0.525,49.71274995304163,47.331788778038934,1370.5269829481435,-1523.5377967605466,0.5152,-0.32,0.88,0.24,0.612,strengthened
2023-07-14,19493.44921875,19595.349609375,19433.5,19564.5,291200,yfinance:^NSEI,2026-08-05T14:32:28.085569,0.3645,0.6435,1.2037,1.9566,289800.0,252865.0,1.0048,1.1516,normal,161.85,0.8273,79.7,0.4105,155.64,153.32,0.3943,0.3807,19564.5,1.0,0.0,0.525,38.03408977030409,44.58142653278208,2277.7122322502037,-152.67349963200405,1.7222,0.2653,0.92,0.12,0.7331,strongly_participatory
2023-07-17,19612.150390625,19731.849609375,19562.94921875,19711.44921875,268700,yfinance:^NSEI,2026-08-05T14:32:28.085569,0.5063,1.6877,1.8369,2.0127,289900.0,252660.0,0.9269,1.0635,normal,168.9,0.8569,47.65,0.2436,167.67,160.0,0.4093,0.3919,19711.44921875,1.0,0.0,0.525,40.92914051039094,45.59101019435765,25.218445548501823,1040.985975554165,1.5789,0.2245,0.92,0.3,0.7429,strongly_participatory
2023-07-18,19787.5,19819.44921875,19690.19921875,19749.25,286400,yfinance:^NSEI,2026-08-05T14:32:28.085569,-0.1933,1.7282,1.5939,1.858,296920.0,255990.0,0.9646,1.1188,normal,129.25,0.6545,76.05,0.3858,161.68,159.37,0.4122,0.3932,19749.25,1.0,0.0,0.525,49.22980084756422,46.55139428717773,1217.2643432511695,-386.17938095859694,0.7241,-0.16,0.92,0.18,0.654,strengthened
2023-07-19,19802.94921875,19851.69921875,19727.44921875,19833.150390625,259700,yfinance:^NSEI,2026-08-05T14:32:28.085569,0.1525,1.3732,2.3155,2.2406,283280.0,258395.0,0.9168,1.0051,normal,124.25,0.6265,53.7,0.2719,157.34,154.4,0.4168,0.3941,19833.150390625,1.0,0.0,0.525,48.465669747568,45.27429016577378,-399.9830448488669,-133.5521430190034,2.125,0.36,0.94,0.18,0.766,strongly_participatory
2023-07-20,19831.69921875,19991.849609375,19758.400390625,19979.150390625,274700,yfinance:^NSEI,2026-08-05T14:32:28.085569,0.7435,1.3581,2.9124,2.4714,276140.0,261255.0,0.9948,1.0515,normal,233.45,1.1685,-1.45,-0.0073,167.49,154.67,0.4459,0.4126,19979.150390625,1.0,0.0,0.525,38.85623761735501,43.102987698636454,1776.1667243192064,1458.731100278174,2.3333,0.4,0.96,0.22,0.786,strongly_participatory
2023-07-21,19800.44921875,19887.400390625,19700.0,19745.0,312500,yfinance:^NSEI,2026-08-05T14:32:28.085569,-0.28,-0.0215,0.9226,2.1374,280400.0,264245.0,1.1145,1.1826,elevated,187.4,0.9491,-178.7,-0.8944,187.0,163.47,0.4278,0.4056,19745.0,1.0,0.0,0.525,50.86229888278626,45.66862952113289,804.4235385892025,2493.7287147459006,0.3514,-0.48,0.92,0.22,0.594,strengthened
2023-07-24,19748.44921875,19782.75,19658.30078125,19672.349609375,265600,yfinance:^NSEI,2026-08-05T14:32:28.085569,-0.3853,-0.8108,-0.1984,1.6349,279780.0,266995.0,0.9493,0.9948,normal,124.45,0.6326,3.45,0.0175,178.11,162.77,0.4403,0.4011,19672.349609375,1.0,0.0,0.525,56.43041641627922,48.768884702310544,-237.06441565157328,-813.7780237408896,1.3333,0.1429,0.92,0.16,0.7126,strongly_participatory
2023-07-25,19729.349609375,19729.349609375,19615.94921875,19680.599609375,369700,yfinance:^NSEI,2026-08-05T14:32:28.085569,-0.2471,-1.4943,-0.3476,1.2408,296440.0,276915.0,1.2471,1.3351,elevated,113.4,0.5762,57.0,0.2897,174.94,165.02,0.446,0.4044,19680.599609375,1.0,0.0,0.525,36.97864505634327,46.31865354406635,301.77577296931656,1033.1448787816503,1.1739,0.08,0.9,0.12,0.688,strengthened
2023-07-26,19733.349609375,19825.599609375,19716.69921875,19778.30078125,244700,yfinance:^NSEI,2026-08-05T14:32:28.085569,0.2278,0.1687,-0.2766,2.0326,293440.0,278025.0,0.8339,0.8801,dry,108.9,0.5506,52.75,0.268,179.09,165.43,0.4075,0.3982,19778.30078125,1.0,0.0,0.525,40.49739968067902,44.72499953068856,1508.3468266441473,478.6471351897434,1.6316,0.24,0.92,0.18,0.734,strongly_participatory
2023-07-27,19850.900390625,19867.55078125,19603.55078125,19659.900390625,334900,yfinance:^NSEI,2026-08-05T14:32:28.085569,-0.9622,-0.0633,-1.5979,1.2679,305480.0,274830.0,1.0963,1.2186,normal,264.0,1.3428,72.6,0.3671,185.2,168.57,0.502,0.4363,19659.900390625,1.0,0.0,0.525,52.12028213766928,47.37780843475141,1587.6018114085525,-780.6367010790868,0.5625,-0.28,0.84,0.16,0.596,strengthened
2023-07-28,19659.75,19695.900390625,19563.099609375,19646.05078125,258700,yfinance:^NSEI,2026-08-05T14:32:28.085569,-0.0697,-0.1755,-0.5011,0.4168,294720.0,275370.0,0.8778,0.9395,dry,132.8,0.676,-0.15,-0.0008,155.93,170.29,0.4847,0.4284,19646.05078125,1.0,0.0,0.525,52.11028760729767,47.62740617965369,-1535.3911473330734,-418.9008549184824,1.6316,0.24,0.86,0.1,0.702,strongly_participatory
2023-07-31,19666.349609375,19772.75,19597.599609375,19753.80078125,295100,yfinance:^NSEI,2026-08-05T14:32:28.085569,0.4447,-0.1239,0.414,0.2149,300620.0,278820.0,0.9816,1.0584,normal,175.15,0.8867,20.3,0.1033,166.07,171.43,0.4772,0.4241,19753.80078125,1.0,0.0,0.525,52.56712408554534,46.85474771350691,727.3691328244136,563.4290803897236,2.8462,0.48,0.86,0.2,0.76,strongly_participatory
2023-08-01,19784.0,19795.599609375,19704.599609375,19733.55078125,298000,yfinance:^NSEI,2026-08-05T14:32:28.085569,-0.255,0.3746,0.2691,-0.0795,286280.0,282375.0,1.0409,1.0553,normal,91.0,0.4611,30.2,0.1529,161.59,167.51,0.4795,0.4108,19733.55078125,1.0,0.0,0.525,57.08452512144479,50.87592372652722,-174.3028837477471,-181.51959460355823,0.6897,-0.1837,0.9,0.16,0.6393,strengthened
2023-08-02,19655.400390625,19678.25,19423.55078125,19526.55078125,290700,yfinance:^NSEI,2026-08-05T14:32:28.085569,-0.6555,-0.6083,-1.2729,-1.5459,295480.0,285690.0,0.9838,1.0175,normal,254.7,1.3044,-78.15,-0.396,194.59,176.6,0.5065,0.4227,19526.55078125,1.0,0.0,0.525,55.63201410794562,53.90284661198054,677.0922974176844,-299.26783540175893,0.1628,-0.72,0.76,-0.14,0.446,weakened
2023-08-03,19463.75,19537.650390625,19296.44921875,19381.650390625,315700,yfinance:^NSEI,2026-08-05T14:32:28.085569,-0.4218,-1.8839,-1.4153,-2.9906,291640.0,288060.0,1.0825,1.096,normal,241.2,1.2445,-62.8,-0.3216,190.03,180.86,0.4031,0.4285,19381.650390625,1.0,0.0,0.525,53.21113001044638,54.12101618653596,-1229.7626622362145,424.9736260976279,0.25,-0.6,0.64,-0.16,0.42,weakened
2023-08-04,19462.80078125,19538.849609375,19436.44921875,19517.0,280800,yfinance:^NSEI,2026-08-05T14:32:28.085569,0.2785,-1.0974,-0.6569,-1.1547,296060.0,290245.0,0.9485,0.9675,normal,102.4,0.5247,81.15,0.4187,194.91,180.02,0.4374,0.4257,19517.0,1.0,0.0,0.525,45.47784604287723,52.79452787365187,607.7065249765084,1548.017669107413,1.6316,0.24,0.66,-0.12,0.6,strengthened
2023-08-07,19576.849609375,19620.44921875,19524.80078125,19597.30078125,216600,yfinance:^NSEI,2026-08-05T14:32:28.085569,0.1045,0.3623,-0.7923,-0.3815,280360.0,287665.0,0.7726,0.753,dry,95.65,0.4881,59.85,0.3067,180.57,178.18,0.4423,0.4199,19597.30078125,1.0,0.0,0.525,46.10545114607993,51.50219328575879,40.48263499666928,520.4135192775195,2.5,0.4286,0.66,-0.08,0.6417,strengthened
2023-08-08,19627.19921875,19634.400390625,19533.099609375,19570.849609375,260300,yfinance:^NSEI,2026-08-05T14:32:28.085569,-0.2871,0.9762,-0.8245,-0.5577,272820.0,288115.0,0.9541,0.9035,normal,101.3,0.5176,29.9,0.1526,182.63,176.54,0.4434,0.423,19570.849609375,1.0,0.0,0.525,44.11709161736717,48.90870658494326,1441.0820871966046,339.90103946745865,0.7241,-0.16,0.64,0.06,0.53,mixed
2023-08-09,19578.80078125,19645.5,19467.5,19632.55078125,266500,yfinance:^NSEI,2026-08-05T14:32:28.085569,0.2745,0.5921,0.5429,-0.7369,267980.0,285045.0,0.9945,0.9349,normal,178.0,0.9067,7.95,0.0406,156.23,172.58,0.4481,0.4204,19632.55078125,1.0,0.0,0.525,48.65499311509058,47.51330238637226,1863.5363107373078,-323.49058180840933,2.0625,0.3469,0.66,0.02,0.6354,strengthened
2023-08-10,19605.55078125,19623.599609375,19495.400390625,19543.099609375,312200,yfinance:^NSEI,2026-08-05T14:32:28.085569,-0.3185,-0.2766,0.833,-0.5941,267280.0,285135.0,1.1681,1.0949,elevated,128.2,0.656,-27.0,-0.1375,135.42,162.44,0.3561,0.4183,19543.099609375,1.0,0.0,0.525,66.51726853338806,50.1745300909606,-461.937714925914,674.1364226679138,0.6333,-0.2245,0.62,0.04,0.5071,mixed
2023-08-11,19554.25,19557.75,19412.75,19428.30078125,235500,yfinance:^NSEI,2026-08-05T14:32:28.085569,-0.6441,-0.7284,-0.4545,-1.1084,258220.0,282350.0,0.912,0.8341,normal,145.0,0.7463,11.15,0.0571,132.98,163.9,0.3964,0.4151,19428.30078125,1.0,0.0,0.525,33.06187845926601,47.69133657423835,3665.227148479317,225.60959931427854,0.2895,-0.551,0.62,-0.14,0.4238,weakened
2023-08-14,19383.94921875,19465.849609375,19257.900390625,19434.55078125,243900,yfinance:^NSEI,2026-08-05T14:32:28.085569,0.261,-1.0085,-0.8305,-1.6161,263680.0,281110.0,0.925,0.8676,normal,207.95,1.07,-44.35,-0.2283,153.88,170.66,0.3692,0.4105,19434.55078125,1.0,0.0,0.525,44.22454507368453,47.315155359759274,-111.34706056867468,-471.41516898907804,0.8846,-0.0612,0.62,-0.26,0.5098,mixed
2023-08-16,19369.0,19482.75,19317.19921875,19465.0,0,yfinance:^NSEI,2026-08-05T14:32:28.085569,0.4956,-0.3996,-0.5409,-1.3609,211620.0,266790.0,0.0,0.0,dry,165.55,0.8505,-65.55,-0.3373,166.73,172.13,0.4217,0.4239,19465.0,1.0,0.0,0.525,48.514240152763705,48.19458506683858,-424.87218534123224,439.9781398402081,1.0,0.0,0.62,-0.18,0.53,mixed
2023-08-17,19450.55078125,19461.55078125,19326.25,19365.25,268700,yfinance:^NSEI,2026-08-05T14:32:28.085569,-0.4386,-0.3245,-1.3615,-0.8261,212060.0,267240.0,1.2671,1.0055,elevated,135.3,0.6987,-14.45,-0.0742,158.88,163.18,0.3941,0.4293,19365.25,1.0,0.0,0.525,39.37804177656555,46.33919479913357,90.0046040791441,494.2863148348482,0.6129,-0.24,0.56,-0.04,0.472,mixed
2023-08-18,19301.75,19373.80078125,19253.599609375,19310.150390625,256100,yfinance:^NSEI,2026-08-05T14:32:28.085569,0.0435,-0.6401,-1.192,-0.3689,200840.0,266310.0,1.2751,0.9617,elevated,120.2,0.6225,-63.5,-0.3279,155.49,162.28,0.3749,0.412,19310.150390625,1.0,0.0,0.525,42.27757032592025,41.49125515764001,1152.9594279919252,199.28614901274221,0.3514,-0.48,0.5,-0.04,0.4,weakened
2023-08-21,19320.650390625,19425.94921875,19296.30078125,19393.599609375,262600,yfinance:^NSEI,2026-08-05T14:32:28.085569,0.3776,-0.3668,-0.1786,-0.6323,206260.0,263815.0,1.2732,0.9954,elevated,129.65,0.6685,10.5,0.0544,152.42,159.03,0.385,0.4146,19393.599609375,1.0,0.0,0.525,49.7316687166558,44.82521320911796,-41.34874955198468,839.6952107436972,3.5455,0.56,0.58,-0.04,0.64,strengthened
2023-08-22,19417.099609375,19443.5,19381.30078125,19396.44921875,208700,yfinance:^NSEI,2026-08-05T14:32:28.085569,-0.1064,0.1611,-0.1961,-1.0249,199220.0,260970.0,1.0476,0.7997,normal,62.2,0.3207,23.5,0.1212,123.27,156.97,0.3836,0.4136,19396.44921875,1.0,0.0,0.525,48.36457471923051,45.65321913822716,-395.11383915670166,-269.216138030491,1.6316,0.24,0.58,0.06,0.586,strengthened
2023-08-23,19439.19921875,19472.05078125,19366.599609375,19444.0,225200,yfinance:^NSEI,2026-08-05T14:32:28.085569,0.0247,0.6932,-0.1079,-0.6482,244260.0,253745.0,0.922,0.8875,normal,105.45,0.5423,42.75,0.2204,111.25,142.36,0.3733,0.4132,19444.0,1.0,0.0,0.525,42.78719721915346,44.50781055150511,-782.8118947823061,594.6451777776751,1.7222,0.2653,0.64,0.06,0.6151,strengthened
2023-08-24,19535.150390625,19584.44921875,19369.0,19386.69921875,268300,yfinance:^NSEI,2026-08-05T14:32:28.085569,-0.7599,-0.0356,0.1108,-1.2523,244180.0,254925.0,1.0988,1.0525,normal,215.45,1.1113,91.15,0.4688,126.59,140.52,0.4272,0.4221,19386.69921875,1.0,0.0,0.525,65.1515527146026,49.66251273911253,288.229934425485,-89.77268107081606,0.6129,-0.24,0.6,0.16,0.508,mixed
2023-08-25,19297.400390625,19339.55078125,19229.69921875,19265.80078125,466500,yfinance:^NSEI,2026-08-05T14:32:28.085569,-0.1638,-0.6736,-0.2297,-1.4189,286260.0,261505.0,1.6296,1.7839,spike,109.85,0.5702,-89.3,-0.4606,133.95,140.51,0.4215,0.4175,19265.80078125,1.0,0.0,0.525,53.07135217854409,51.8212691096373,-402.7593698237138,-535.666040315235,0.2195,-0.64,0.54,-0.1,0.378,weakened
2023-08-28,19298.349609375,19366.849609375,19249.69921875,19306.05078125,248200,yfinance:^NSEI,2026-08-05T14:32:28.085569,0.0399,-0.7095,-0.4514,-0.6292,283380.0,260980.0,0.8759,0.951,dry,117.15,0.6068,32.55,0.1689,131.45,141.49,0.3746,0.4101,19306.05078125,1.0,0.0,0.525,42.70570828185289,50.41607702267671,-2069.1569946862655,-367.5696892603584,1.2727,0.12,0.54,-0.04,0.536,mixed
2023-08-29,19374.849609375,19377.900390625,19309.099609375,19342.650390625,307400,yfinance:^NSEI,2026-08-05T14:32:28.085569,-0.1662,-0.2272,-0.2774,-0.4729,303120.0,261595.0,1.0141,1.1751,normal,68.8,0.3557,68.8,0.3564,133.38,139.38,0.3629,0.3955,19342.650390625,1.0,0.0,0.525,54.81946667836979,51.707055414504566,-148.17063773317437,1988.3084631980219,2.8462,0.48,0.62,-0.04,0.64,strengthened
2023-08-30,19433.44921875,19452.80078125,19334.75,19347.44921875,233000,yfinance:^NSEI,2026-08-05T14:32:28.085569,-0.4425,0.4238,-0.4966,-0.6039,304680.0,258345.0,0.7647,0.9019,dry,118.05,0.6102,90.8,0.4694,135.9,135.1,0.3205,0.4002,19347.44921875,1.0,0.0,0.525,41.6598340925384,51.48158278918155,35.974597323943605,1170.9983567914728,1.45,0.1837,0.6,0.12,0.5887,strengthened
2023-08-31,19375.55078125,19388.19921875,19223.650390625,19253.80078125,562600,yfinance:^NSEI,2026-08-05T14:32:28.085569,-0.6284,-0.2706,-0.6855,-0.5755,363540.0,271940.0,1.5476,2.0688,spike,164.55,0.8546,28.1,0.1452,125.72,137.06,0.3437,0.4082,19253.80078125,1.0,0.0,0.525,47.082108468264806,47.86769393991399,1416.5805903649098,-226.0745316941507,0.3514,-0.48,0.48,-0.02,0.394,weakened
2023-09-01,19258.150390625,19458.55078125,19255.69921875,19435.30078125,333000,yfinance:^NSEI,2026-08-05T14:32:28.085569,0.9199,0.479,0.8798,0.6481,336840.0,272805.0,0.9886,1.2207,normal,202.85,1.0437,4.35,0.0226,135.27,141.32,0.488,0.4222,19435.30078125,1.0,0.0,0.525,52.03989823184366,47.66140315057391,-426.85390472830073,-425.3649018289805,4.0,0.6,0.62,0.16,0.684,strengthened
2023-09-04,19525.05078125,19545.150390625,19432.849609375,19528.80078125,296800,yfinance:^NSEI,2026-08-05T14:32:28.085569,0.0192,0.9373,1.1538,0.6971,346560.0,273605.0,0.8564,1.0848,dry,112.3,0.5751,89.75,0.4618,134.3,134.49,0.4622,0.422,19528.80078125,1.0,0.0,0.525,45.323990113272416,48.18505951685781,1359.9689740750687,-406.00790587509897,1.5,0.2,0.62,0.34,0.622,strengthened
2023-09-05,19564.650390625,19587.05078125,19525.75,19574.900390625,256800,yfinance:^NSEI,2026-08-05T14:32:28.085569,0.0524,1.6677,1.2007,0.92,336440.0,275615.0,0.7633,0.9317,dry,61.3,0.3132,35.85,0.1836,132.19,127.05,0.4657,0.4199,19574.900390625,1.0,0.0,0.525,44.20043751071235,46.06125368332632,902.184505359777,-256.4638903052593,1.7778,0.28,0.64,0.24,0.636,strengthened
2023-09-06,19581.19921875,19636.44921875,19491.5,19611.05078125,287600,yfinance:^NSEI,2026-08-05T14:32:28.085569,0.1525,0.9043,1.3625,0.8591,347360.0,276980.0,0.828,1.0383,dry,144.95,0.7391,6.3,0.0322,137.57,127.49,0.4716,0.4214,19611.05078125,1.0,0.0,0.525,42.77336613941031,46.28396009270071,-1083.90481061431,826.0856788296783,1.5,0.2,0.68,0.18,0.63,strengthened
2023-09-07,19598.650390625,19737.0,19550.05078125,19727.05078125,304900,yfinance:^NSEI,2026-08-05T14:32:28.085569,0.6551,1.0152,2.458,1.7556,295820.0,278900.0,1.0307,1.0932,normal,186.95,0.9477,-12.4,-0.0632,142.05,132.26,0.463,0.4392,19727.05078125,1.0,0.0,0.525,62.12363392224877,49.2922651834975,1722.3077678776792,-141.3490858393621,1.9412,0.32,0.72,0.22,0.674,strengthened
2023-09-08,19774.80078125,19867.150390625,19727.05078125,19819.94921875,288100,yfinance:^NSEI,2026-08-05T14:32:28.085569,0.2283,1.2519,1.9791,2.8763,286840.0,277695.0,1.0044,1.0375,normal,140.1,0.7069,47.75,0.2421,129.12,133.0,0.4601,0.4088,19819.94921875,1.0,0.0,0.525,51.23985368768764,49.1322562746663,20.036682350866545,233.32148624511294,1.9412,0.32,0.74,0.4,0.7,strongly_participatory
2023-09-11,19890.0,20008.150390625,19865.349609375,19996.349609375,248800,yfinance:^NSEI,2026-08-05T14:32:28.085569,0.5347,1.9647,2.3942,3.5756,277240.0,278360.0,0.8974,0.8938,dry,142.8,0.7141,70.05,0.3534,144.3,142.0,0.481,0.4216,19996.349609375,1.0,0.0,0.525,64.97724957610106,53.06290816723204,1655.421460737774,1353.043732269769,9.0,0.8,0.82,0.44,0.832,strongly_participatory
2023-09-12,20110.150390625,20110.349609375,19914.650390625,19993.19921875,328100,yfinance:^NSEI,2026-08-05T14:32:28.085569,-0.5816,1.3492,2.1369,3.3633,291500.0,282570.0,1.1256,1.1611,elevated,195.7,0.9788,113.8,0.5691,171.18,148.45,0.5256,0.4248,19993.19921875,1.0,0.0,0.525,56.25972208440918,55.4747650819714,441.5068878754467,-136.2326755037761,0.6129,-0.24,0.78,0.54,0.618,strengthened
2023-09-13,19989.5,20096.900390625,19944.099609375,20070.0,251400,yfinance:^NSEI,2026-08-05T14:32:28.085569,0.4027,1.2616,2.3403,3.7346,284260.0,295140.0,0.8844,0.8518,dry,152.8,0.7613,-3.7,-0.0185,172.75,143.98,0.4975,0.4306,20070.0,1.0,0.0,0.525,35.845040272367896,54.089099908562915,162.33332940276088,501.4008589553437,1.5,0.2,0.76,0.32,0.676,strengthened
2023-09-14,20127.94921875,20167.650390625,20043.44921875,20103.099609375,275100,yfinance:^NSEI,2026-08-05T14:32:28.085569,-0.1235,0.5338,1.9063,4.4111,278300.0,295460.0,0.9885,0.9311,normal,124.2,0.6178,57.95,0.2887,160.2,141.63,0.4275,0.4144,20103.099609375,1.0,0.0,0.525,44.12612741706999,50.48959860752716,1031.5330299051434,930.9414345443881,1.7778,0.28,0.82,0.4,0.724,strongly_participatory
2023-09-15,20156.44921875,20222.44921875,20129.69921875,20192.349609375,438200,yfinance:^NSEI,2026-08-05T14:32:28.085569,0.1781,0.9961,1.8789,3.8952,308320.0,304565.0,1.4213,1.4388,elevated,92.75,0.4593,53.35,0.2654,156.05,141.79,0.3513,0.4082,20192.349609375,1.0,0.0,0.525,58.13528919349298,51.868685708688226,2499.369468755593,588.8453284060678,1.5,0.2,0.82,0.38,0.706,strongly_participatory
2023-09-18,20155.94921875,20195.349609375,20115.69921875,20133.30078125,264900,yfinance:^NSEI,2026-08-05T14:32:28.085569,-0.1124,0.3154,0.6849,3.0954,311540.0,304680.0,0.8503,0.8694,dry,79.65,0.3956,-36.4,-0.1803,134.34,142.35,0.3592,0.4056,20133.30078125,1.0,0.0,0.525,54.19707242743469,49.712650278954946,2739.4320331114614,-1302.479655356258,1.1739,0.08,0.84,0.26,0.678,strengthened
2023-09-20,19980.75,20050.650390625,19878.849609375,19901.400390625,378100,yfinance:^NSEI,2026-08-05T14:32:28.085569,-0.3971,-1.0033,-0.4592,1.668,321540.0,313150.0,1.1759,1.2074,elevated,171.8,0.8633,-152.55,-0.7577,146.09,152.09,0.3973,0.4115,19901.400390625,1.0,0.0,0.525,47.5237971515056,47.965465292374226,-1684.8343873195797,417.2730736464887,0.3158,-0.52,0.78,0.14,0.522,mixed
2023-09-21,19840.55078125,19848.75,19709.94921875,19742.349609375,275100,yfinance:^NSEI,2026-08-05T14:32:28.085569,-0.495,-2.2286,-1.6325,0.6695,326280.0,315645.0,0.8431,0.8715,dry,138.8,0.7031,-60.85,-0.3058,153.82,154.01,0.4374,0.4179,19742.349609375,1.0,0.0,0.525,22.06986127944742,45.21042949379014,1477.4520318648947,-759.3007301653179,0.3889,-0.44,0.7,-0.08,0.484,mixed
2023-09-22,19744.849609375,19798.650390625,19657.5,19674.25,246400,yfinance:^NSEI,2026-08-05T14:32:28.085569,-0.3576,-2.2801,-2.1333,-0.2677,320540.0,314550.0,0.7687,0.7833,dry,141.15,0.7174,2.5,0.0127,157.21,149.47,0.3911,0.4182,19674.25,1.0,0.0,0.525,39.80489886932568,44.346183784241276,-245.58826380657595,419.49664494951594,0.6667,-0.2,0.7,-0.06,0.534,mixed
2023-09-25,19678.19921875,19734.150390625,19601.55078125,19674.55078125,188400,yfinance:^NSEI,2026-08-05T14:32:28.085569,-0.0185,-1.1399,-2.5643,-0.7336,270580.0,300645.0,0.6963,0.6267,dry,132.6,0.674,3.95,0.0201,159.86,150.92,0.3775,0.415,19674.55078125,1.0,0.0,0.525,61.05929043145308,44.93098403183329,-98.43567109232738,87.24634972934261,1.0833,0.04,0.64,0.08,0.572,strengthened
2023-09-26,19682.80078125,19699.349609375,19637.44921875,19664.69921875,204900,yfinance:^NSEI,2026-08-05T14:32:28.085569,-0.092,-0.3933,-2.3275,-1.6586,258580.0,298480.0,0.7924,0.6865,dry,61.9,0.3148,8.25,0.0419,156.31,150.96,0.3063,0.399,19664.69921875,1.0,0.0,0.525,36.55886897631494,41.40334334160934,-202.2899215971822,-400.8327181262474,1.0,0.0,0.64,0.08,0.564,strengthened
2023-09-27,19637.05078125,19730.69921875,19554.0,19716.44921875,203600,yfinance:^NSEI,2026-08-05T14:32:28.085569,0.4043,0.2145,-0.9293,-1.3842,223680.0,293290.0,0.9102,0.6942,normal,176.7,0.8962,-27.65,-0.1406,140.76,153.23,0.314,0.4033,19716.44921875,1.0,0.0,0.525,44.47964410642413,40.79451273259305,-336.64042681232473,-428.44783002976567,1.5,0.2,0.68,-0.02,0.61,strengthened
2023-09-28,19761.80078125,19766.650390625,19492.099609375,19523.55078125,352800,yfinance:^NSEI,2026-08-05T14:32:28.085569,-1.2056,-0.7675,-1.1083,-2.7227,239220.0,299280.0,1.4748,1.1788,elevated,274.55,1.4063,45.35,0.23,157.38,159.49,0.4376,0.4468,19523.55078125,1.0,0.0,0.525,49.04592461828873,46.18972540036131,1023.1244016664832,801.4596908299144,0.1364,-0.76,0.6,-0.12,0.376,weakened
2023-09-29,19581.19921875,19726.25,19551.05078125,19638.30078125,243500,yfinance:^NSEI,2026-08-05T14:32:28.085569,0.2916,-0.1342,-0.1827,-2.3121,238640.0,283325.0,1.0204,0.8594,normal,175.2,0.8921,57.65,0.2953,169.69,163.96,0.4667,0.4458,19638.30078125,1.0,0.0,0.525,59.530186312528926,50.13478288900196,225.19190327454402,1121.2476136972139,4.0,0.6,0.66,0.02,0.686,strengthened
2023-10-03,19622.400390625,19623.19921875,19479.650390625,19528.75,221700,yfinance:^NSEI,2026-08-05T14:32:28.085569,-0.4773,-0.952,-0.7411,-3.2864,245300.0,277760.0,0.9038,0.7982,normal,143.55,0.7351,-15.9,-0.081,174.9,161.85,0.4567,0.4523,19528.75,1.0,0.0,0.525,40.14793079161639,45.952510961034626,1242.3327430213355,408.81005312686017,0.3889,-0.44,0.62,-0.1,0.45,mixed
2023-10-04,19446.30078125,19457.80078125,19333.599609375,19436.099609375,277100,yfinance:^NSEI,2026-08-05T14:32:28.085569,-0.0525,-0.4479,-1.1625,-3.4629,259740.0,276775.0,1.0668,1.0012,normal,124.2,0.639,-82.45,-0.4222,201.55,161.81,0.459,0.4447,19436.099609375,1.0,0.0,0.525,51.69682779410616,48.98010272459287,1298.875986566869,292.07260421697805,0.2564,-0.5918,0.52,-0.36,0.3536,weakened
2023-10-05,19521.849609375,19576.94921875,19487.30078125,19545.75,234900,yfinance:^NSEI,2026-08-05T14:32:28.085569,0.1224,-0.4713,-0.8658,-1.7871,266000.0,275680.0,0.8831,0.8521,dry,89.65,0.4587,85.75,0.4412,194.38,160.95,0.4685,0.4461,19545.75,1.0,0.0,0.525,49.59247756458776,50.002669416225594,-1932.910373907718,168.18062609696275,1.5,0.2,0.54,-0.1,0.546,mixed
2023-10-06,19621.19921875,19675.75,19589.400390625,19653.5,159100,yfinance:^NSEI,2026-08-05T14:32:28.085569,0.1646,0.6388,0.6656,-0.45,227260.0,269255.0,0.7001,0.5909,dry,86.35,0.4394,75.45,0.386,165.47,161.37,0.4669,0.4479,19653.5,1.0,0.0,0.525,43.19826498272964,48.83313748911378,959.2043314019562,1037.419084179421,4.5556,0.64,0.58,0.08,0.668,strengthened
2023-10-09,19539.44921875,19588.94921875,19480.5,19512.349609375,165100,yfinance:^NSEI,2026-08-05T14:32:28.085569,-0.1387,0.3923,-0.6414,-0.8229,211580.0,262265.0,0.7803,0.6295,dry,108.45,0.5558,-114.05,-0.5803,159.53,165.2,0.4597,0.4285,19512.349609375,1.0,0.0,0.525,48.90813876200998,46.708727979009986,668.0006882027642,-423.75770273691904,0.1667,-0.7143,0.52,-0.22,0.3431,weakened
2023-10-10,19565.599609375,19717.80078125,19565.44921875,19689.849609375,216600,yfinance:^NSEI,2026-08-05T14:32:28.085569,0.635,0.7372,0.8249,0.0778,210560.0,258690.0,1.0287,0.8373,normal,152.35,0.7738,53.25,0.2729,168.89,174.19,0.5157,0.4452,19689.849609375,1.0,0.0,0.525,53.29704539616837,49.338550899920385,2909.0019473659186,651.7565052418031,7.3333,0.76,0.6,0.04,0.696,strengthened
2023-10-11,19767.0,19839.19921875,19756.94921875,19811.349609375,213700,yfinance:^NSEI,2026-08-05T14:32:28.085569,0.2244,0.8032,1.9307,0.7458,197880.0,256935.0,1.0799,0.8317,normal,82.25,0.4152,77.15,0.3918,159.73,166.68,0.5215,0.4473,19811.349609375,1.0,0.0,0.525,60.68813452916282,51.13681224693172,2219.0861167298613,-525.6869350376488,3.5455,0.56,0.72,0.06,0.706,strongly_participatory
2023-10-12,19822.69921875,19843.30078125,19772.650390625,19794.0,217900,yfinance:^NSEI,2026-08-05T14:32:28.085569,-0.1448,1.4434,1.2701,0.3933,194480.0,251425.0,1.1204,0.8667,elevated,70.65,0.3569,11.35,0.0573,145.69,158.05,0.5023,0.447,19794.0,1.0,0.0,0.525,38.097476009385204,48.8378119358912,947.4034182399546,250.38952036099977,1.5,0.2,0.7,0.04,0.624,strengthened
2023-10-13,19654.55078125,19805.400390625,19635.30078125,19751.05078125,255000,yfinance:^NSEI,2026-08-05T14:32:28.085569,0.491,0.3108,0.4964,1.1653,213660.0,251605.0,1.1935,1.0135,elevated,170.1,0.8612,-139.45,-0.7045,153.71,160.12,0.328,0.4483,19751.05078125,1.0,0.0,0.525,65.06426699725013,53.2110123387953,-389.70858674771887,165.76885329016403,1.0,0.0,0.68,0.0,0.572,strengthened
2023-10-16,19737.25,19781.30078125,19691.849609375,19731.75,181000,yfinance:^NSEI,2026-08-05T14:32:28.085569,-0.0279,-0.4018,1.1244,0.4759,216840.0,246900.0,0.8347,0.7331,dry,89.45,0.4533,-13.8,-0.0699,137.0,157.04,0.324,0.4314,19731.75,1.0,0.0,0.525,52.70653765187661,53.970692116768625,707.0475019762871,-142.64047419263682,0.9231,-0.04,0.64,0.04,0.552,strengthened
2023-10-17,19843.19921875,19849.75,19775.650390625,19811.5,185800,yfinance:^NSEI,2026-08-05T14:32:28.085569,-0.1597,0.0884,0.6178,1.4479,210680.0,234280.0,0.8819,0.7931,dry,74.1,0.374,111.45,0.5648,119.51,161.04,0.2753,0.3995,19811.5,1.0,0.0,0.525,50.24793494188026,53.360870025911005,-66.77816423725592,1970.0863874247218,3.5455,0.56,0.7,0.08,0.7,strongly_participatory
2023-10-18,19820.44921875,19840.94921875,19659.94921875,19671.099609375,198900,yfinance:^NSEI,2026-08-05T14:32:28.085569,-0.7535,-0.4048,-0.7079,1.2091,207720.0,230980.0,0.9575,0.8611,normal,181.0,0.9201,8.95,0.0452,125.84,161.35,0.3879,0.4228,19671.099609375,1.0,0.0,0.525,43.01840384143525,49.82692388836549,-656.0620219978579,-178.7190660001712,0.2195,-0.64,0.6,0.02,0.414,weakened
2023-10-19,19545.19921875,19681.80078125,19512.349609375,19624.69921875,230300,yfinance:^NSEI,2026-08-05T14:32:28.085569,0.4067,-0.5425,-0.8553,0.4039,210200.0,223590.0,1.0956,1.03,normal,169.45,0.8635,-125.9,-0.64,145.6,153.84,0.4045,0.4298,19624.69921875,1.0,0.0,0.525,46.335021997141794,51.4744330859168,1759.3148568891022,-540.9561077686784,0.4706,-0.36,0.68,-0.06,0.494,mixed
2023-10-20,19542.150390625,19593.80078125,19518.69921875,19542.650390625,198300,yfinance:^NSEI,2026-08-05T14:32:28.085569,0.0026,-1.357,-1.0551,-0.564,198860.0,219750.0,0.9972,0.9024,normal,75.1,0.3843,-82.55,-0.4206,132.78,146.94,0.4036,0.4287,19542.650390625,1.0,0.0,0.525,44.05599252272933,47.27277819101265,-892.6888646283135,637.2845683586243,0.4706,-0.36,0.5,-0.04,0.424,weakened
2023-10-23,19521.599609375,19556.849609375,19257.849609375,19281.75,176000,yfinance:^NSEI,2026-08-05T14:32:28.085569,-1.2286,-1.9793,-2.2806,-1.1818,197860.0,216230.0,0.8895,0.8139,dry,299.0,1.5507,-21.05,-0.1077,174.69,156.96,0.5729,0.464,19281.75,1.0,0.0,0.525,50.85612388772038,46.9026954381814,376.37047815504246,-333.61403428852674,0.0638,-0.88,0.42,-0.3,0.262,deteriorated
2023-10-25,19286.44921875,19347.30078125,19074.150390625,19122.150390625,225300,yfinance:^NSEI,2026-08-05T14:32:28.085569,-0.8519,-2.5608,-3.4795,-2.8832,205760.0,218075.0,1.095,1.0331,normal,273.15,1.4285,4.7,0.0244,205.72,162.53,0.5667,0.4811,19122.150390625,1.0,0.0,0.525,55.196799003466005,47.89246825049855,317.60845626656425,205.094096848566,0.25,-0.6,0.3,-0.42,0.258,deteriorated
2023-10-26,19027.25,19041.69921875,18837.849609375,18857.25,300400,yfinance:^NSEI,2026-08-05T14:32:28.085569,-0.8935,-3.5072,-4.1373,-4.8159,226060.0,222850.0,1.3289,1.348,elevated,203.85,1.081,-94.9,-0.4963,226.38,172.78,0.5828,0.4856,18857.25,1.0,0.0,0.525,50.45839616701287,49.38046671561408,-758.1683355813459,886.4982909092016,0.1364,-0.76,0.2,-0.66,0.162,deteriorated
2023-10-27,18928.75,19076.150390625,18926.650390625,19047.25,205200,yfinance:^NSEI,2026-08-05T14:32:28.085569,0.626,-1.2162,-2.9425,-3.7726,221040.0,222930.0,0.9283,0.9205,normal,149.5,0.7849,71.5,0.3792,236.27,179.13,0.6545,0.4992,19047.25,1.0,0.0,0.525,54.50289695071168,51.01404170632806,-1681.1146489414054,844.9202093928053,7.1667,0.7551,0.34,0.0,0.587,strengthened
2023-10-30,19053.400390625,19158.5,18940.0,19140.900390625,180100,yfinance:^NSEI,2026-08-05T14:32:28.085569,0.4592,0.0981,-2.0558,-3.0892,217400.0,214295.0,0.8284,0.8404,dry,218.5,1.1415,6.15,0.0323,258.77,182.38,0.6506,0.5014,19140.900390625,1.0,0.0,0.525,43.518551678424245,50.90655353746704,147.3650302275477,362.5920987313203,1.0833,0.04,0.36,-0.14,0.438,weakened
2023-10-31,19232.94921875,19233.69921875,19056.44921875,19079.599609375,206000,yfinance:^NSEI,2026-08-05T14:32:28.085569,-0.7973,1.1791,-1.0484,-3.3051,223400.0,212420.0,0.9221,0.9698,normal,177.25,0.929,92.05,0.4809,234.42,180.36,0.6678,0.5165,19079.599609375,1.0,0.0,0.525,53.978348840986094,51.53099852812018,3373.3905239619794,558.5554391161475,1.0,0.0,0.36,-0.04,0.44,weakened
2023-11-01,19064.05078125,19096.05078125,18973.69921875,18989.150390625,194100,yfinance:^NSEI,2026-08-05T14:32:28.085569,-0.3929,-0.305,-0.6955,-4.1509,217160.0,211040.0,0.8938,0.9197,dry,122.35,0.6443,-15.55,-0.0815,204.26,178.44,0.6656,0.5149,18989.150390625,1.0,0.0,0.525,52.88296212346772,51.06823115212052,3534.203517597432,-350.4267204263549,0.3889,-0.44,0.32,-0.14,0.326,weakened
2023-11-02,19120.0,19175.25,19064.150390625,19133.25,245600,yfinance:^NSEI,2026-08-05T14:32:28.085569,0.0693,-0.04,1.4636,-2.7342,206200.0,209465.0,1.1911,1.1725,elevated,111.1,0.5807,130.85,0.6891,184.62,186.68,0.66,0.5166,19133.25,1.0,0.0,0.525,47.83278724828681,50.54310936837531,1803.3719963489918,1102.585286900705,4.5556,0.64,0.46,0.02,0.614,strengthened
2023-11-03,19241.0,19276.25,19210.900390625,19230.599609375,189500,yfinance:^NSEI,2026-08-05T14:32:28.085569,-0.0541,0.7914,0.9626,-2.0082,203060.0,207195.0,0.9332,0.9146,normal,65.35,0.3398,107.75,0.5632,169.44,184.75,0.6233,0.5148,19230.599609375,1.0,0.0,0.525,48.93861906647025,49.43025379152702,1212.8962309550168,686.125240265715,1.9412,0.32,0.48,0.06,0.562,strengthened
2023-11-06,19345.849609375,19423.0,19309.69921875,19411.75,180700,yfinance:^NSEI,2026-08-05T14:32:28.085569,0.3406,2.2255,1.415,-0.6698,203180.0,208275.0,0.8894,0.8676,dry,113.3,0.5837,115.25,0.5993,164.22,192.1,0.6505,0.5176,19411.75,1.0,0.0,0.525,52.3767790493603,51.20189926571423,698.7504888042279,-955.6277808181729,7.3333,0.76,0.58,0.12,0.696,strengthened
2023-11-07,19404.05078125,19423.5,19329.099609375,19406.69921875,198700,yfinance:^NSEI,2026-08-05T14:32:28.085569,0.0136,1.4292,1.7144,0.648,201720.0,209955.0,0.985,0.9464,normal,94.4,0.4864,-7.7,-0.0397,147.65,190.41,0.5599,0.516,19406.69921875,1.0,0.0,0.525,46.38245878052885,49.68272125362279,-877.8260770671822,-1945.4244828728058,1.2727,0.12,0.58,0.16,0.572,strengthened
2023-11-08,19449.599609375,19464.400390625,19401.5,19443.5,195000,yfinance:^NSEI,2026-08-05T14:32:28.085569,-0.0314,1.1071,2.3927,1.6805,201900.0,208875.0,0.9658,0.9336,normal,62.9,0.3235,42.9,0.2211,135.76,181.98,0.5025,0.5159,19443.5,1.0,0.0,0.525,46.258550374182235,48.35783890376568,776.9340599430342,618.9322617358923,1.9412,0.32,0.6,0.22,0.626,strengthened
2023-11-09,19457.400390625,19463.900390625,19378.349609375,19395.30078125,208400,yfinance:^NSEI,2026-08-05T14:32:28.085569,-0.3192,-0.0847,1.3696,2.8533,194460.0,208610.0,1.0717,0.999,normal,85.55,0.4411,13.9,0.0715,115.65,175.99,0.4241,0.5174,19395.30078125,1.0,0.0,0.525,56.79021481589752,50.149324417287836,286.5248486075729,-459.99260750680406,0.6667,-0.2,0.56,0.18,0.502,mixed
2023-11-10,19351.849609375,19451.30078125,19329.44921875,19425.349609375,152200,yfinance:^NSEI,2026-08-05T14:32:28.085569,0.3798,0.0961,1.0127,1.9851,187000.0,205325.0,0.8139,0.7413,dry,121.85,0.6273,-43.45,-0.224,111.42,177.12,0.3889,0.5166,19425.349609375,1.0,0.0,0.525,54.60333079190424,51.282266762374626,583.7888483818751,661.8164539351502,1.6316,0.24,0.56,0.1,0.582,strengthened
2023-11-13,19486.75,19494.400390625,19414.75,19443.55078125,189300,yfinance:^NSEI,2026-08-05T14:32:28.085569,-0.2217,0.0003,0.1638,1.5812,188720.0,202040.0,1.0031,0.9369,normal,79.65,0.4096,61.4,0.3161,88.87,161.45,0.3508,0.4741,19443.55078125,1.0,0.0,0.525,48.168030733062075,50.440517099114984,-113.00773157575368,-1113.6790591191836,1.5,0.2,0.58,0.18,0.59,strengthened
2023-11-15,19651.400390625,19693.19921875,19579.650390625,19675.44921875,291500,yfinance:^NSEI,2026-08-05T14:32:28.085569,0.1224,1.4444,1.3848,3.123,207280.0,207565.0,1.4063,1.4044,elevated,113.55,0.5771,207.85,1.069,119.92,159.77,0.2557,0.4706,19675.44921875,1.0,0.0,0.525,45.51786594725235,50.26759853245969,1747.7291028255866,64.57305684557426,9.0,0.8,0.68,0.3,0.762,strongly_participatory
2023-11-16,19674.69921875,19875.25,19627.0,19765.19921875,282700,yfinance:^NSEI,2026-08-05T14:32:28.085569,0.46,1.7495,1.6545,4.0868,224820.0,212410.0,1.2575,1.3309,elevated,248.25,1.256,-0.75,-0.0038,156.99,157.2,0.2558,0.4746,19765.19921875,1.0,0.0,0.525,50.593330819907536,51.13455462160474,92.11082320276476,-547.0421176189427,1.5789,0.2245,0.8,0.42,0.7069,strongly_participatory
2023-11-17,19674.75,19806.0,19667.44921875,19731.80078125,236800,yfinance:^NSEI,2026-08-05T14:32:28.085569,0.29,1.4825,1.735,3.1283,230500.0,214305.0,1.0273,1.105,normal,138.55,0.7022,-90.45,-0.4576,167.59,151.46,0.2646,0.4787,19731.80078125,1.0,0.0,0.525,46.95885556505852,49.16828277143694,1203.397557221391,716.8210641059826,1.2727,0.12,0.78,0.42,0.678,strengthened
2023-11-20,19731.150390625,19756.44921875,19670.5,19694.0,173800,yfinance:^NSEI,2026-08-05T14:32:28.085569,-0.1883,0.0943,1.383,2.4097,234820.0,211480.0,0.7401,0.8218,dry,85.95,0.4364,-0.65,-0.0033,160.41,141.99,0.2763,0.4784,19694.0,1.0,0.0,0.525,41.45423453413222,46.53846351988254,-1124.5780959402302,544.8544006320436,0.6897,-0.1837,0.78,0.28,0.6033,strengthened
2023-11-21,19770.900390625,19829.099609375,19754.05078125,19783.400390625,195000,yfinance:^NSEI,2026-08-05T14:32:28.085569,0.0632,0.0921,1.7479,1.9146,235960.0,211315.0,0.8264,0.9228,dry,75.05,0.3794,76.9,0.3905,171.5,138.98,0.2613,0.4772,19783.400390625,1.0,0.0,0.525,64.73909820548369,49.85267701436686,438.3846452550063,-1663.5079646358613,1.381,0.16,0.8,0.28,0.68,strengthened
2023-11-22,19784.0,19825.55078125,19703.849609375,19811.849609375,184500,yfinance:^NSEI,2026-08-05T14:32:28.085569,0.1408,0.4057,0.6933,2.0877,214560.0,211740.0,0.8599,0.8714,dry,121.7,0.6143,0.6,0.003,145.91,138.93,0.262,0.4782,19811.849609375,1.0,0.0,0.525,39.951860948002384,48.73947601451687,1396.6614601200113,917.4265313327019,1.0833,0.04,0.76,0.26,0.638,strengthened
2023-11-23,19828.44921875,19875.150390625,19786.75,19802.0,170000,yfinance:^NSEI,2026-08-05T14:32:28.085569,-0.1334,0.5484,0.1862,1.8438,192020.0,208975.0,0.8853,0.8135,dry,88.4,0.4464,16.6,0.0838,113.94,131.95,0.2683,0.4608,19802.0,1.0,0.0,0.525,38.286491097698146,46.27810807007499,-264.84257027188,947.9141863081106,1.0,0.0,0.74,0.36,0.632,strengthened
2023-11-24,19809.599609375,19832.849609375,19768.849609375,19794.69921875,145900,yfinance:^NSEI,2026-08-05T14:32:28.085569,-0.0752,0.0571,0.3188,2.0593,173840.0,201250.0,0.8393,0.725,dry,64.0,0.3233,7.6,0.0384,99.03,126.31,0.2396,0.4574,19794.69921875,1.0,0.0,0.525,57.26488698800054,48.3393143546634,-936.6727112923867,248.98303416043765,0.6667,-0.2,0.8,0.2,0.6,strengthened
2023-11-28,19844.650390625,19916.849609375,19800.0,19889.69921875,229600,yfinance:^NSEI,2026-08-05T14:32:28.085569,0.227,0.3929,0.9937,2.3904,185000.0,202470.0,1.2411,1.134,elevated,116.85,0.5875,49.95,0.2523,106.27,121.29,0.2229,0.4607,19889.69921875,1.0,0.0,0.525,47.90202581722468,49.62887261128189,-325.64519481547325,1306.494715279311,3.1667,0.52,0.84,0.28,0.768,strongly_participatory
2023-11-29,19976.55078125,20104.650390625,19956.30078125,20096.599609375,236200,yfinance:^NSEI,2026-08-05T14:32:28.085569,0.6009,1.4877,1.5831,3.3587,193240.0,205275.0,1.2223,1.1507,elevated,148.35,0.7382,86.85,0.4367,122.24,129.9,0.2536,0.4657,20096.599609375,1.0,0.0,0.525,40.82196502811335,44.84544597580782,-384.88933245994804,545.9922181060911,3.9,0.5918,0.92,0.46,0.8324,strongly_participatory
2023-11-30,20108.5,20158.69921875,20015.849609375,20133.150390625,486600,yfinance:^NSEI,2026-08-05T14:32:28.085569,0.1226,1.7098,1.6218,2.3263,253660.0,219305.0,1.9183,2.2188,spike,142.85,0.7095,11.9,0.0592,126.47,135.61,0.2536,0.4669,20133.150390625,1.0,0.0,0.525,48.60643646554981,46.57636107931731,-729.2471979014249,-526.133172430481,2.125,0.36,0.9,0.54,0.786,strongly_participatory
2023-12-01,20194.099609375,20291.55078125,20183.69921875,20267.900390625,265800,yfinance:^NSEI,2026-08-05T14:32:28.085569,0.3655,1.9015,2.3528,2.5434,272820.0,222890.0,0.9743,1.1925,normal,107.85,0.5321,60.95,0.3027,140.47,140.82,0.2423,0.4728,20267.900390625,1.0,0.0,0.525,42.58270630790311,47.435604121358296,598.4164196096816,-60.25042703876662,1.5789,0.2245,0.96,0.62,0.7909,strongly_participatory
2023-12-04,20601.94921875,20702.650390625,20507.75,20686.80078125,381100,yfinance:^NSEI,2026-08-05T14:32:28.085569,0.4119,2.9368,4.5068,4.8399,319860.0,229665.0,1.1915,1.6594,elevated,194.9,0.9421,334.05,1.6482,214.62,163.17,0.2534,0.46,20686.80078125,1.0,0.0,0.525,41.39602242565991,44.26183120889017,358.59859636139106,-152.63796218027852,9.0,0.8,0.98,0.74,0.926,strongly_participatory
2023-12-05,20808.900390625,20864.05078125,20711.150390625,20855.099609375,421000,yfinance:^NSEI,2026-08-05T14:32:28.085569,0.222,3.5859,4.8538,5.8957,358140.0,241240.0,1.1755,1.7452,elevated,152.9,0.7332,122.1,0.5902,225.64,170.14,0.2234,0.4555,20855.099609375,1.0,0.0,0.525,45.42891326677605,43.767208698800445,2332.4867288289615,958.8086530123771,1.8824,0.3061,0.98,0.52,0.8052,strongly_participatory
2023-12-06,20950.75,20961.94921875,20852.150390625,20937.69921875,359200,yfinance:^NSEI,2026-08-05T14:32:28.085569,-0.0623,3.3047,4.1853,5.8347,382740.0,250165.0,0.9385,1.4359,normal,109.8,0.5244,95.65,0.4586,204.61,160.15,0.2348,0.4556,20937.69921875,1.0,0.0,0.525,51.303451634205,45.863506020018775,2921.3336098665636,-356.74404030682075,1.2727,0.12,0.98,0.52,0.768,strongly_participatory
2023-12-07,20932.400390625,20941.25,20850.80078125,20901.150390625,275000,yfinance:^NSEI,2026-08-05T14:32:28.085569,-0.1493,1.0362,3.8146,5.4982,340420.0,253980.0,0.8078,1.0828,dry,90.45,0.4327,-5.3,-0.0253,194.13,148.88,0.2573,0.3947,20901.150390625,1.0,0.0,0.525,43.4902035775682,44.84025944242245,-1772.8640480783795,-318.4849316553796,1.0833,0.04,0.98,0.3,0.73,strongly_participatory
2023-12-08,20934.099609375,21006.099609375,20862.69921875,20969.400390625,292400,yfinance:^NSEI,2026-08-05T14:32:28.085569,0.1686,0.5481,3.4611,5.8954,345740.0,258850.0,0.8457,1.1296,dry,143.4,0.6839,32.95,0.1576,191.13,149.23,0.2369,0.3589,20969.400390625,1.0,0.0,0.525,41.422236835468546,44.60816554793554,739.8129189913053,771.7157813644387,0.7857,-0.12,0.98,0.36,0.704,strongly_participatory
2023-12-11,20965.30078125,21026.099609375,20923.69921875,20997.099609375,212900,yfinance:^NSEI,2026-08-05T14:32:28.085569,0.1517,0.2837,1.5,6.0744,312100.0,259075.0,0.6822,0.8218,dry,102.4,0.4877,-4.1,-0.0196,124.66,150.4,0.2196,0.3108,20997.099609375,1.0,0.0,0.525,43.94445459703096,45.11785198220976,1453.7261342634506,740.0565340263031,1.7778,0.28,0.94,0.16,0.748,strongly_participatory
2023-12-12,21018.55078125,21037.900390625,20867.150390625,20906.400390625,244900,yfinance:^NSEI,2026-08-05T14:32:28.085569,-0.5336,0.0251,0.246,5.1117,276880.0,263710.0,0.8845,0.9287,dry,170.75,0.8167,21.45,0.1022,123.36,152.95,0.3202,0.3144,20906.400390625,1.0,0.0,0.525,44.23169355505342,44.87840803986522,-20.13056376799178,752.3347436192131,0.6897,-0.1837,0.92,0.22,0.6533,strengthened
2023-12-13,20929.75,20950.0,20769.5,20926.349609375,260300,yfinance:^NSEI,2026-08-05T14:32:28.085569,-0.0162,-0.2053,-0.0542,4.1288,257100.0,267260.0,1.0124,0.974,normal,180.5,0.8625,23.35,0.1117,137.5,157.15,0.2756,0.3052,20926.349609375,1.0,0.0,0.525,49.85639949886109,44.58899761279644,-52.27004044698115,-1694.946352918091,1.7778,0.28,0.96,0.12,0.752,strongly_participatory
2023-12-14,21110.400390625,21210.900390625,21074.44921875,21182.69921875,334400,yfinance:^NSEI,2026-08-05T14:32:28.085569,0.3425,0.8839,1.347,5.213,268980.0,269405.0,1.2432,1.2413,elevated,136.45,0.6442,184.05,0.8795,176.32,171.16,0.2889,0.2658,21182.69921875,1.0,0.0,0.525,36.415325268021405,43.17402195088708,210.03713940839754,-497.41842671767597,3.1667,0.52,0.96,0.42,0.83,strongly_participatory
2023-12-15,21287.44921875,21492.30078125,21235.30078125,21456.650390625,508800,yfinance:^NSEI,2026-08-05T14:32:28.085569,0.7948,2.632,2.3236,5.8652,312260.0,280710.0,1.6294,1.8125,spike,257.0,1.1978,104.75,0.4945,209.56,188.7,0.358,0.2814,21456.650390625,1.0,0.0,0.525,36.740289804987555,42.237632544790884,680.2883822852721,-39.54723637357822,3.1667,0.52,0.96,0.5,0.838,strongly_participatory
2023-12-18,21434.80078125,21482.80078125,21365.349609375,21418.650390625,249700,yfinance:^NSEI,2026-08-05T14:32:28.085569,-0.0753,2.3525,2.0077,3.5378,319620.0,281355.0,0.7812,0.8875,dry,117.45,0.5484,-21.85,-0.1018,212.57,188.36,0.3489,0.2835,21418.650390625,1.0,0.0,0.525,50.487260524784034,43.5461937303415,-963.235822180662,219.16019202878144,0.6129,-0.24,0.98,0.36,0.68,strengthened
2023-12-19,21477.650390625,21505.05078125,21337.75,21453.099609375,249800,yfinance:^NSEI,2026-08-05T14:32:28.085569,-0.1143,1.2765,2.615,2.8674,320600.0,285155.0,0.7792,0.876,dry,167.3,0.7798,59.0,0.2755,211.88,184.96,0.3503,0.2849,21453.099609375,1.0,0.0,0.525,59.80284973559642,46.660424966450094,178.82422569950327,248.95979032313002,1.1739,0.08,0.98,0.28,0.736,strongly_participatory
2023-12-20,21543.5,21593.0,21087.349609375,21150.150390625,363900,yfinance:^NSEI,2026-08-05T14:32:28.085569,-1.8258,-1.4285,1.0695,1.0147,341320.0,293600.0,1.0662,1.2394,normal,505.65,2.3908,90.4,0.4214,276.91,210.88,0.6914,0.4507,21150.150390625,1.0,0.0,0.525,54.86127698561616,47.661400463801115,531.0716826144583,-699.7834675593926,0.087,-0.84,0.96,0.24,0.54,mixed
2023-12-21,21033.94921875,21288.349609375,20976.80078125,21255.05078125,277500,yfinance:^NSEI,2026-08-05T14:32:28.085569,1.0512,-0.7638,0.3416,1.6932,329940.0,298250.0,0.8411,0.9304,dry,311.55,1.4658,-116.2,-0.5494,282.31,221.81,0.7847,0.4871,21255.05078125,1.0,0.0,0.525,46.72049176029258,49.72243376225535,-166.49624944706005,-517.763187802811,2.3333,0.4,0.94,-0.06,0.75,strongly_participatory
2023-12-22,21295.849609375,21390.5,21232.44921875,21349.400390625,284700,yfinance:^NSEI,2026-08-05T14:32:28.085569,0.2515,-0.4834,-0.4998,1.8122,285120.0,303985.0,0.9985,0.9366,normal,158.05,0.7403,40.8,0.1919,252.0,202.05,0.7872,0.4878,21349.400390625,1.0,0.0,0.525,47.84787033677849,51.94394986861354,1060.4754069049109,868.7056580019254,3.5455,0.56,0.94,0.08,0.796,strongly_participatory
2023-12-26,21365.19921875,21477.150390625,21329.44921875,21441.349609375,219500,yfinance:^NSEI,2026-08-05T14:32:28.085569,0.3564,1.3768,0.106,2.1158,279080.0,307665.0,0.7865,0.7134,dry,147.7,0.6889,15.8,0.074,258.05,199.94,0.7942,0.4842,21441.349609375,1.0,0.0,0.525,50.58174848270472,51.96284746019768,525.2062923168107,-887.9774042874168,5.25,0.68,0.94,0.18,0.83,strongly_participatory
2023-12-27,21497.650390625,21675.75,21495.80078125,21654.75,256500,yfinance:^NSEI,2026-08-05T14:32:28.085569,0.7308,1.8805,0.94,3.5795,280420.0,309010.0,0.9147,0.8301,normal,179.95,0.831,56.3,0.2626,271.47,208.84,0.7963,0.4952,21654.75,1.0,0.0,0.525,41.38215245158142,48.27870800339467,-454.28085380793266,-195.76940244245966,4.0,0.6,0.94,0.4,0.836,strongly_participatory
2023-12-28,21715.0,21801.44921875,21678.0,21778.69921875,393100,yfinance:^NSEI,2026-08-05T14:32:28.085569,0.2933,2.0108,2.9718,4.0731,286260.0,316855.0,1.3732,1.2406,elevated,123.45,0.5668,60.25,0.2782,199.68,212.86,0.7952,0.4921,21778.69921875,1.0,0.0,0.525,52.154772113929376,47.737407029057316,180.87724870095033,997.5644134495465,3.1667,0.52,0.94,0.52,0.832,strongly_participatory
2023-12-29,21737.650390625,21770.30078125,21676.900390625,21731.400390625,270900,yfinance:^NSEI,2026-08-05T14:32:28.085569,-0.0288,1.3528,2.2411,2.5903,284940.0,306070.0,0.9507,0.8851,normal,93.4,0.4298,-41.05,-0.1885,157.73,209.89,0.7954,0.4929,21731.400390625,1.0,0.0,0.525,60.26191130402062,50.44569093780292,1192.9416493373553,-1577.6736403745854,0.7241,-0.16,0.94,0.36,0.68,strengthened
2024-01-01,21727.75,21834.349609375,21680.849609375,21741.900390625,154000,yfinance:^NSEI,2026-08-05T14:32:28.085569,0.0651,0.4025,1.8385,1.3294,258800.0,300480.0,0.5951,0.5125,dry,153.5,0.706,-3.65,-0.0168,156.82,213.54,0.7618,0.489,21741.900390625,1.0,0.0,0.525,53.5211519336889,51.58034725718501,990.4280904722739,1010.7527345226945,1.0,0.0,0.94,0.18,0.694,strengthened
2024-01-02,21751.349609375,21755.599609375,21555.650390625,21665.80078125,263700,yfinance:^NSEI,2026-08-05T14:32:28.085569,-0.3933,-0.5184,1.0468,1.1539,267640.0,294610.0,0.9853,0.8951,normal,199.95,0.9229,9.45,0.0435,167.27,215.62,0.7751,0.4964,21665.80078125,1.0,0.0,0.525,44.79023622491331,50.422044805626726,1291.8159072154613,205.49606716522996,0.6129,-0.24,0.96,0.2,0.656,strengthened
2024-01-03,21661.099609375,21677.0,21500.349609375,21517.349609375,311900,yfinance:^NSEI,2026-08-05T14:32:28.085569,-0.6636,-0.985,-0.6345,0.2995,278720.0,289155.0,1.119,1.0787,elevated,176.65,0.821,-4.7,-0.0217,155.72,215.35,0.806,0.513,21517.349609375,1.0,0.0,0.525,49.79273985448334,52.104162286207114,-205.08326392063543,523.3215971056261,0.7857,-0.12,0.96,0.2,0.68,strengthened
2024-01-04,21605.80078125,21685.650390625,21564.55078125,21658.599609375,339200,yfinance:^NSEI,2026-08-05T14:32:28.085569,0.2444,-0.3831,-0.5515,2.404,267940.0,288155.0,1.266,1.1771,elevated,121.1,0.5591,88.45,0.4111,160.04,207.04,0.4957,0.5139,21658.599609375,1.0,0.0,0.525,48.10073920625436,51.2933557046721,736.4439368681258,-1073.0295957902533,1.2727,0.12,0.96,0.3,0.738,strongly_participatory
2024-01-05,21705.75,21749.599609375,21629.19921875,21710.80078125,309300,yfinance:^NSEI,2026-08-05T14:32:28.085569,0.0233,0.2077,-0.0948,2.1442,275620.0,289870.0,1.1222,1.067,elevated,120.4,0.5546,47.15,0.2177,163.76,193.53,0.3935,0.5139,21710.80078125,1.0,0.0,0.525,48.78140878839066,48.99725520154611,-1931.3146599852018,-590.5107136782332,1.0,0.0,0.96,0.22,0.706,strongly_participatory
2024-01-08,21747.599609375,21763.94921875,21492.900390625,21513.0,231500,yfinance:^NSEI,2026-08-05T14:32:28.085569,-1.0787,-0.0202,-1.0528,0.7663,291120.0,286825.0,0.7952,0.8071,dry,271.05,1.2599,36.8,0.1695,187.27,204.5,0.5324,0.5547,21513.0,1.0,0.0,0.525,51.9839863299636,48.68982208080105,1129.1001132966915,1083.4384227978787,0.3514,-0.48,0.96,0.1,0.598,strengthened
2024-01-09,21653.599609375,21724.44921875,21517.849609375,21544.849609375,228600,yfinance:^NSEI,2026-08-05T14:32:28.085569,-0.5022,-0.5252,-0.5583,0.4827,284100.0,287610.0,0.8046,0.7948,dry,206.6,0.9589,140.6,0.6536,189.57,207.65,0.5296,0.5634,21544.849609375,1.0,0.0,0.525,59.609148862360335,51.65360460829046,-1731.4128569290476,-429.94646210790694,1.1739,0.08,0.96,0.14,0.714,strongly_participatory
2024-01-10,21529.30078125,21641.849609375,21448.650390625,21618.69921875,217000,yfinance:^NSEI,2026-08-05T14:32:28.085569,0.4152,-0.4242,0.471,-0.1665,265120.0,286215.0,0.8185,0.7582,dry,193.2,0.8937,-15.55,-0.0722,192.88,185.34,0.4796,0.5666,21618.69921875,1.0,0.0,0.525,55.67416660868165,52.829889959130114,224.2153406040634,742.9124143878835,1.1739,0.08,0.94,0.06,0.698,strengthened
2024-01-11,21688.0,21726.5,21593.75,21647.19921875,212500,yfinance:^NSEI,2026-08-05T14:32:28.085569,-0.1881,0.6238,-0.0526,-0.6038,239780.0,283825.0,0.8862,0.7487,dry,132.75,0.6132,69.3,0.3206,185.77,172.56,0.4522,0.5579,21647.19921875,1.0,0.0,0.525,65.22545966009245,56.25483404989774,-1013.6915393452139,-651.6107314085796,0.9231,-0.04,0.94,0.14,0.682,strengthened
2024-01-12,21773.55078125,21928.25,21715.150390625,21894.55078125,294700,yfinance:^NSEI,2026-08-05T14:32:28.085569,0.5557,1.6231,0.8464,0.7508,236860.0,281840.0,1.2442,1.0456,elevated,213.1,0.9733,126.35,0.5837,217.9,181.35,0.5121,0.5664,21894.55078125,1.0,0.0,0.525,41.8612194968956,54.87079619159873,388.1369570559398,-435.3320334866191,1.5,0.2,0.92,0.14,0.722,strongly_participatory
2024-01-15,22053.150390625,22115.55078125,21963.55078125,22097.44921875,345500,yfinance:^NSEI,2026-08-05T14:32:28.085569,0.2009,2.2145,2.7167,1.6353,259660.0,273675.0,1.3306,1.2624,elevated,152.0,0.6879,158.6,0.7244,207.89,186.59,0.5202,0.5638,22097.44921875,1.0,0.0,0.525,65.51842346574138,57.57768361875428,324.95397935004155,-953.3804929079375,1.6667,0.25,0.92,0.26,0.744,strongly_participatory
2024-01-16,22080.5,22124.150390625,21969.80078125,22032.30078125,292400,yfinance:^NSEI,2026-08-05T14:32:28.085569,-0.2183,1.779,2.2625,1.6916,272420.0,275810.0,1.0733,1.0602,normal,154.35,0.7006,-16.95,-0.0767,196.47,180.87,0.5136,0.5605,22032.30078125,1.0,0.0,0.525,41.53361371715879,53.962576589713976,-865.2461548210313,261.2694004435785,0.4706,-0.36,0.88,0.1,0.59,strengthened
2024-01-17,21647.25,21851.5,21550.44921875,21571.94921875,456000,yfinance:^NSEI,2026-08-05T14:32:28.085569,-0.3479,-1.4734,-0.2162,0.2537,320220.0,286120.0,1.424,1.5937,elevated,301.05,1.3956,-385.05,-1.7477,254.2,204.81,0.4855,0.5624,21571.94921875,1.0,0.0,0.525,41.282225262553794,51.084188320488394,803.0536979033266,98.38952358907389,0.2195,-0.64,0.78,-0.12,0.472,mixed
2024-01-18,21414.19921875,21539.400390625,21285.55078125,21462.25,387300,yfinance:^NSEI,2026-08-05T14:32:28.085569,0.2244,-2.8745,-0.8544,-0.9066,355180.0,287290.0,1.0904,1.3481,normal,253.85,1.1828,-157.75,-0.7313,284.93,217.99,0.484,0.564,21462.25,1.0,0.0,0.525,43.204858836447826,46.68006815575948,-861.4676369216434,73.78167812582329,0.8148,-0.102,0.7,-0.14,0.5456,mixed
2024-01-19,21615.19921875,21670.599609375,21575.0,21622.400390625,343100,yfinance:^NSEI,2026-08-05T14:32:28.085569,0.0333,-1.8605,-1.243,-0.4072,364860.0,290570.0,0.9404,1.1808,normal,95.6,0.4421,152.95,0.7126,270.39,221.91,0.4843,0.5634,21622.400390625,1.0,0.0,0.525,31.008834205521545,44.50959109748466,-1316.4304957203024,420.36285599466515,4.5556,0.64,0.78,0.12,0.752,strongly_participatory
2024-01-23,21716.69921875,21750.25,21192.599609375,21238.80078125,449700,yfinance:^NSEI,2026-08-05T14:32:28.085569,-2.2006,-1.5444,-3.8857,-1.2746,385700.0,298820.0,1.1659,1.5049,elevated,557.65,2.6256,94.3,0.4361,337.72,247.46,0.7789,0.6903,21238.80078125,1.0,0.0,0.525,50.734047806217276,41.55271596557985,21.106000481257897,470.35049190358006,0.2195,-0.64,0.62,0.0,0.42,weakened
2024-01-24,21185.25,21482.349609375,21137.19921875,21453.94921875,407500,yfinance:^NSEI,2026-08-05T14:32:28.085569,1.2683,-0.0387,-2.625,-0.4219,408720.0,308220.0,0.997,1.3221,normal,345.15,1.6088,-53.55,-0.2521,375.88,259.5,0.8958,0.7322,21453.94921875,1.0,0.0,0.525,63.00936671372709,45.84786656489351,1378.2391592003062,-363.4516700469932,5.25,0.68,0.68,-0.1,0.698,strengthened
2024-01-25,21454.599609375,21459.0,21247.05078125,21352.599609375,418100,yfinance:^NSEI,2026-08-05T14:32:28.085569,-0.4754,-1.2478,-1.0168,-1.2309,401140.0,316300.0,1.0423,1.3218,normal,211.95,0.9926,0.65,0.003,321.9,262.61,0.8913,0.7309,21352.599609375,1.0,0.0,0.525,55.6033907054884,48.71209965348043,-243.40798605665753,-404.09775800163976,0.6129,-0.24,0.66,0.02,0.518,mixed
2024-01-29,21433.099609375,21763.25,21429.599609375,21737.599609375,376700,yfinance:^NSEI,2026-08-05T14:32:28.085569,1.4207,2.3485,1.2829,0.4176,399020.0,315480.0,0.9441,1.1941,normal,333.65,1.5349,80.5,0.377,346.75,283.35,1.0134,0.7783,21737.599609375,1.0,0.0,0.525,37.43813434383486,47.55875475495783,-135.7568385230854,-136.92252076333986,3.5455,0.56,0.7,0.2,0.712,strongly_participatory
2024-01-30,21775.75,21813.05078125,21501.80078125,21522.099609375,375100,yfinance:^NSEI,2026-08-05T14:32:28.085569,-1.1648,0.3177,-0.4639,-1.7011,405420.0,320690.0,0.9252,1.1697,normal,311.25,1.4462,38.15,0.1755,367.33,286.22,1.0622,0.804,21522.099609375,1.0,0.0,0.525,62.65167012683483,53.887321939220485,63.37062071760881,615.0873384004707,0.3889,-0.44,0.68,0.14,0.498,mixed
2024-01-31,21487.25,21741.349609375,21448.849609375,21725.69921875,410600,yfinance:^NSEI,2026-08-05T14:32:28.085569,1.1097,1.7473,2.2925,-1.6823,397600.0,333520.0,1.0327,1.2311,normal,292.5,1.3463,-34.85,-0.1619,314.3,292.01,1.13,0.8173,21725.69921875,1.0,0.0,0.525,57.435520965770294,55.227616571131094,292.77642496734967,239.76661817428436,9.0,0.8,0.7,0.06,0.746,strongly_participatory
2024-02-01,21780.650390625,21832.94921875,21658.75,21697.44921875,332500,yfinance:^NSEI,2026-08-05T14:32:28.085569,-0.382,-0.1847,1.135,-1.5198,382600.0,336960.0,0.8691,0.9868,dry,174.2,0.8029,54.95,0.2529,280.11,290.65,1.1341,0.8197,21697.44921875,1.0,0.0,0.525,44.246594783162365,51.475062185018146,389.71879197958594,1429.050168176459,0.7241,-0.16,0.72,0.12,0.568,strengthened
2024-02-02,21812.75,22126.80078125,21805.55078125,21853.80078125,442800,yfinance:^NSEI,2026-08-05T14:32:28.085569,0.1882,1.5412,2.3473,1.3066,387540.0,343505.0,1.1426,1.2891,elevated,321.25,1.47,115.3,0.5314,323.59,311.84,1.1312,0.8207,21853.80078125,1.0,0.0,0.525,34.29492376727298,47.21336879737506,-1848.671922604096,393.4445436761019,3.5455,0.56,0.7,0.26,0.718,strongly_participatory
2024-02-05,21921.05078125,21964.30078125,21726.94921875,21771.69921875,440800,yfinance:^NSEI,2026-08-05T14:32:28.085569,-0.6813,0.2117,0.1569,1.4418,400360.0,348585.0,1.101,1.2645,elevated,237.35,1.0902,67.25,0.3077,288.93,308.71,1.1476,0.7588,21771.69921875,1.0,0.0,0.525,57.902530495787694,51.306248027765626,-984.4114274105708,942.9475671665074,0.4706,-0.36,0.66,0.14,0.506,mixed
2024-02-06,21825.19921875,21951.400390625,21737.55078125,21929.400390625,371000,yfinance:^NSEI,2026-08-05T14:32:28.085569,0.4774,1.069,1.8925,1.4198,399540.0,351670.0,0.9286,1.055,normal,213.85,0.9752,53.5,0.2457,269.45,308.2,1.1613,0.7384,21929.400390625,1.0,0.0,0.525,35.24457872964506,45.82482974832768,2.2027097388043924,588.0878541044881,2.5714,0.44,0.66,0.14,0.666,strengthened
2024-02-07,22045.05078125,22053.30078125,21860.150390625,21930.5,346300,yfinance:^NSEI,2026-08-05T14:32:28.085569,-0.5196,0.351,0.9427,3.2568,386680.0,357410.0,0.8956,0.9689,dry,193.15,0.8807,115.65,0.5274,249.58,310.98,0.9086,0.7422,21930.5,1.0,0.0,0.525,43.20499981636982,42.97872551844758,-654.6727892795732,1259.9520491331796,1.381,0.16,0.72,0.32,0.652,strengthened
2024-02-08,22009.650390625,22011.05078125,21665.30078125,21717.94921875,491100,yfinance:^NSEI,2026-08-05T14:32:28.085569,-1.3253,-0.2469,0.0945,1.2305,418400.0,370535.0,1.1738,1.3254,elevated,345.75,1.592,79.15,0.3609,283.89,301.25,0.9159,0.774,21717.94921875,1.0,0.0,0.525,48.041949597745464,43.73779648136421,223.59749586524578,845.7251717603178,0.5152,-0.32,0.62,0.1,0.494,mixed
2024-02-09,21727.0,21804.44921875,21629.900390625,21782.5,349200,yfinance:^NSEI,2026-08-05T14:32:28.085569,0.2554,-0.6699,-0.3263,2.0133,399680.0,377145.0,0.8737,0.9259,dry,174.55,0.8013,9.05,0.0417,232.93,293.26,0.9149,0.7612,21782.5,1.0,0.0,0.525,48.375844750117935,46.5539806779332,29.543531590352213,583.4714600829863,1.0833,0.04,0.64,0.08,0.572,strengthened
2024-02-12,21800.80078125,21831.69921875,21574.75,21616.05078125,287400,yfinance:^NSEI,2026-08-05T14:32:28.085569,-0.8474,-1.4338,-0.7149,-0.5592,369000.0,380890.0,0.7789,0.7545,dry,256.95,1.1887,18.3,0.084,236.85,296.74,0.7772,0.7687,21616.05078125,1.0,0.0,0.525,39.45903656493925,42.8652818917635,-667.6594983663888,463.94188439686303,0.3889,-0.44,0.62,0.02,0.462,mixed
2024-02-13,21664.30078125,21766.80078125,21543.349609375,21743.25,365800,yfinance:^NSEI,2026-08-05T14:32:28.085569,0.3644,0.1165,-0.8489,1.0276,367960.0,384445.0,0.9941,0.9515,normal,223.45,1.0277,48.25,0.2232,238.77,272.86,0.735,0.7742,21743.25,1.0,0.0,0.525,46.86096411982965,45.18855896980042,618.4152388377469,-420.10403111866117,2.8462,0.48,0.56,0.0,0.62,strengthened
2024-02-14,21578.150390625,21870.849609375,21530.19921875,21840.05078125,359100,yfinance:^NSEI,2026-08-05T14:32:28.085569,1.2137,0.2642,-0.4124,0.5263,370520.0,385125.0,0.9692,0.9324,normal,340.65,1.5598,-165.1,-0.7593,268.27,272.54,0.7551,0.812,21840.05078125,1.0,0.0,0.525,48.962365053695194,46.3400320172655,-2105.258151983712,-850.8660158475857,2.3333,0.4,0.58,0.06,0.618,strengthened
2024-02-15,21906.55078125,21953.849609375,21794.80078125,21910.75,345400,yfinance:^NSEI,2026-08-05T14:32:28.085569,0.0192,1.3633,0.8877,0.9831,341380.0,387775.0,1.0118,0.8907,normal,159.05,0.7259,66.5,0.3045,230.93,268.76,0.7506,0.8104,21910.75,1.0,0.0,0.525,52.115510672469995,47.154744232210405,362.1555997620361,1581.5169648018718,1.0417,0.0204,0.62,0.2,0.5721,strengthened
2024-02-16,22020.30078125,22068.650390625,21968.94921875,22040.69921875,343900,yfinance:^NSEI,2026-08-05T14:32:28.085569,0.0926,1.368,1.1854,0.8552,340320.0,382170.0,1.0105,0.8999,normal,99.7,0.4524,109.55,0.5,227.6,250.71,0.7473,0.8035,22040.69921875,1.0,0.0,0.525,53.69291902471112,48.218159087129045,-378.8411209471955,-158.34190001923685,3.5455,0.56,0.64,0.24,0.692,strengthened
2024-02-19,22103.44921875,22186.650390625,22021.05078125,22122.25,0,yfinance:^NSEI,2026-08-05T14:32:28.085569,0.0851,1.2921,2.3418,1.6101,282840.0,362805.0,0.0,0.0,dry,165.6,0.7486,62.75,0.2847,209.33,240.31,0.7193,0.802,22122.25,1.0,0.0,0.525,58.22141457518807,51.9706346891788,-157.81685235193555,-533.5184603482542,1.381,0.16,0.66,0.22,0.618,strengthened
2024-02-20,22099.19921875,22215.599609375,22045.849609375,22196.94921875,295700,yfinance:^NSEI,2026-08-05T14:32:28.085569,0.4423,1.3062,2.0866,1.22,268820.0,360435.0,1.1,0.8204,normal,169.75,0.7647,-23.05,-0.1042,198.59,231.54,0.7167,0.8072,22196.94921875,1.0,0.0,0.525,50.658512095836734,52.730144284380216,556.4308939540895,292.7220794025357,1.0833,0.04,0.66,0.16,0.588,strengthened
2024-02-21,22248.849609375,22249.400390625,21997.94921875,22055.05078125,364500,yfinance:^NSEI,2026-08-05T14:32:28.085569,-0.8711,0.0651,0.9844,0.5679,269900.0,356175.0,1.3505,1.0234,elevated,251.45,1.1401,51.9,0.2338,180.75,237.06,0.7516,0.7989,22055.05078125,1.0,0.0,0.525,42.01210770754757,51.3400928151507,1231.2821968019673,339.84931817669263,0.4706,-0.36,0.64,0.2,0.504,mixed
2024-02-22,22081.55078125,22252.5,21875.25,22217.44921875,343500,yfinance:^NSEI,2026-08-05T14:32:28.085569,0.6154,0.4303,1.3998,2.2999,269520.0,352975.0,1.2745,0.9732,elevated,377.25,1.698,26.5,0.1202,224.39,233.34,0.6281,0.803,22217.44921875,1.0,0.0,0.525,60.409215804180185,52.99883384149274,1722.5430928104695,744.2289328850384,2.5714,0.44,0.68,0.16,0.676,strengthened
2024-02-23,22290.0,22297.5,22186.099609375,22212.69921875,226000,yfinance:^NSEI,2026-08-05T14:32:28.085569,-0.3468,0.071,0.7804,1.975,245940.0,343370.0,0.9189,0.6582,normal,111.4,0.5015,72.55,0.3265,215.09,224.34,0.6442,0.8012,22212.69921875,1.0,0.0,0.525,48.92539707434287,52.04532945141908,-816.4811121806232,349.44798878006077,0.9231,-0.04,0.7,0.26,0.598,strengthened
2024-02-26,22169.19921875,22202.150390625,22075.150390625,22122.05078125,207800,yfinance:^NSEI,2026-08-05T14:32:28.085569,-0.2127,0.3038,-0.0009,2.3409,287500.0,334925.0,0.7228,0.6204,dry,127.0,0.5741,-43.5,-0.1958,209.48,218.89,0.57,0.8013,22122.05078125,1.0,0.0,0.525,64.4859833990559,53.298243216192645,-992.7713830291693,-1080.1478581195197,0.3889,-0.44,0.66,0.14,0.49,mixed
2024-02-27,22090.19921875,22218.25,22085.650390625,22198.349609375,252200,yfinance:^NSEI,2026-08-05T14:32:28.085569,0.4896,-0.086,0.0063,2.0931,278800.0,328780.0,0.9046,0.7671,normal,132.6,0.5973,-31.85,-0.144,202.05,214.56,0.5768,0.7997,22198.349609375,1.0,0.0,0.525,62.042726739545635,55.575086144934424,1574.8594175398903,1261.7714351206898,1.6316,0.24,0.66,0.14,0.626,strengthened
2024-02-28,22214.099609375,22229.150390625,21915.849609375,21951.150390625,203000,yfinance:^NSEI,2026-08-05T14:32:28.085569,-1.1837,-1.1775,-0.4711,0.5087,246500.0,318400.0,0.8235,0.6376,dry,313.3,1.4273,15.75,0.071,214.42,212.25,0.585,0.8251,21951.150390625,1.0,0.0,0.525,46.00828681216741,56.37432196585841,-503.23695106614525,1096.9247415643347,0.1111,-0.8,0.64,0.04,0.4,weakened
2024-02-29,21935.19921875,22060.55078125,21860.650390625,21982.80078125,360200,yfinance:^NSEI,2026-08-05T14:32:28.085569,0.217,-0.6295,-1.0561,0.3288,249840.0,319785.0,1.4417,1.1264,elevated,199.9,0.9093,-15.95,-0.0727,178.95,214.06,0.5923,0.8265,21982.80078125,1.0,0.0,0.525,55.77256760763484,55.446992326549335,444.207070795968,-840.296316016448,1.9412,0.32,0.62,-0.12,0.6,strengthened
2024-03-01,22048.30078125,22353.30078125,22047.75,22338.75,351500,yfinance:^NSEI,2026-08-05T14:32:28.085569,1.3173,0.6325,0.5675,1.3523,274940.0,315220.0,1.2785,1.1151,elevated,305.55,1.3678,65.5,0.298,230.77,222.17,0.7378,0.8622,22338.75,1.0,0.0,0.525,53.16300759668118,56.294514431017,1232.3459107790159,1858.4364812760903,3.1667,0.52,0.7,0.24,0.708,strongly_participatory
2024-03-04,22403.5,22440.900390625,22358.30078125,22405.599609375,298800,yfinance:^NSEI,2026-08-05T14:32:28.085569,0.0094,2.0703,1.2817,1.2808,293140.0,308120.0,1.0193,0.9698,normal,82.6,0.3687,64.75,0.2899,223.69,213.5,0.7378,0.861,22405.599609375,1.0,0.0,0.525,53.488411679987514,54.095000087203324,-48.01134827199994,-205.08305565032137,1.45,0.1837,0.68,0.24,0.6327,strengthened
2024-03-05,22371.25,22416.900390625,22269.150390625,22356.30078125,296200,yfinance:^NSEI,2026-08-05T14:32:28.085569,-0.0668,1.6991,0.7115,0.7179,301940.0,304380.0,0.981,0.9731,normal,147.75,0.6609,-34.35,-0.1533,226.72,199.73,0.725,0.861,22356.30078125,1.0,0.0,0.525,56.4673958947967,52.97993391825353,-196.72494986314112,656.0358375779982,0.6129,-0.24,0.64,0.08,0.516,mixed
2024-03-06,22327.5,22497.19921875,22224.349609375,22474.05078125,312300,yfinance:^NSEI,2026-08-05T14:32:28.085569,0.6564,0.6057,2.3821,1.8998,323800.0,302680.0,0.9645,1.0318,normal,272.85,1.2141,-28.8,-0.1288,218.63,207.85,0.6814,0.7645,22474.05078125,1.0,0.0,0.525,33.930084108615084,50.564293377543066,166.45297266133534,-146.39100414217455,1.7778,0.28,0.66,0.0,0.62,strengthened
2024-03-07,22505.30078125,22525.650390625,22430.0,22493.55078125,379900,yfinance:^NSEI,2026-08-05T14:32:28.085569,-0.0522,0.3925,2.3234,1.2427,327740.0,297120.0,1.1592,1.2786,elevated,95.65,0.4252,31.25,0.139,197.78,203.41,0.6632,0.7305,22493.55078125,1.0,0.0,0.525,38.5339318986738,47.11656623575086,1232.9180459160618,-1390.8706121430441,1.6316,0.24,0.7,0.24,0.652,strengthened
2024-03-11,22517.5,22526.599609375,22307.25,22332.650390625,277900,yfinance:^NSEI,2026-08-05T14:32:28.085569,-0.8209,-0.1058,-0.0273,0.54,313020.0,293555.0,0.8878,0.9467,dry,219.35,0.9822,23.95,0.1065,167.55,207.25,0.7124,0.7413,22332.650390625,1.0,0.0,0.525,60.01885641676822,48.48773599976827,944.1495680026682,-1667.9515022795044,0.6667,-0.2,0.7,0.2,0.56,strengthened
2024-03-12,22334.44921875,22452.55078125,22256.0,22335.69921875,299200,yfinance:^NSEI,2026-08-05T14:32:28.085569,0.0056,-0.6156,-0.312,0.9658,313100.0,294145.0,0.9556,1.0172,normal,196.55,0.88,1.8,0.0081,186.43,209.16,0.7073,0.6923,22335.69921875,1.0,0.0,0.525,48.592758243358205,47.508605312442405,-1523.1933239653433,2206.611608612835,0.3158,-0.52,0.64,0.02,0.454,mixed
2024-03-13,22432.19921875,22446.75,21905.650390625,21997.69921875,493300,yfinance:^NSEI,2026-08-05T14:32:28.085569,-1.9369,-2.2044,-1.604,-0.9039,352520.0,300520.0,1.3994,1.6415,elevated,541.1,2.4598,96.5,0.432,265.1,229.85,0.9251,0.748,21997.69921875,1.0,0.0,0.525,61.02892436457034,48.420911006397134,1230.3924263130787,105.52085848573694,0.1628,-0.72,0.5,-0.12,0.344,weakened
2024-03-14,21982.55078125,22204.599609375,21917.5,22146.650390625,426700,yfinance:^NSEI,2026-08-05T14:32:28.085569,0.7465,-0.8329,-1.4568,0.8906,375400.0,303900.0,1.1367,1.4041,elevated,287.1,1.2964,-15.15,-0.0689,267.95,223.41,0.8946,0.7313,22146.650390625,1.0,0.0,0.525,36.95918833428087,49.026731851530286,259.71477069293667,-417.31207557061384,2.3333,0.4,0.58,-0.28,0.584,strengthened
2024-03-15,22064.849609375,22120.900390625,21931.69921875,22023.349609375,661500,yfinance:^NSEI,2026-08-05T14:32:28.085569,-0.1881,-1.3984,-2.0904,0.1845,431720.0,319705.0,1.5322,2.0691,spike,189.2,0.8591,-81.8,-0.3694,291.81,230.81,0.8932,0.7293,22023.349609375,1.0,0.0,0.525,34.372940485158765,48.19453356882728,-734.2158375564429,-445.9113386638866,0.3514,-0.48,0.5,-0.16,0.388,weakened
2024-03-18,21990.099609375,22123.69921875,21916.55078125,22055.69921875,356300,yfinance:^NSEI,2026-08-05T14:32:28.085569,0.2983,0.2637,-1.2401,-1.2671,447400.0,320325.0,0.7964,1.1123,dry,207.15,0.9392,-33.25,-0.151,289.37,235.78,0.772,0.7308,22055.69921875,1.0,0.0,0.525,47.73844201524726,45.73845068852309,-102.28442486169882,-657.9322908640579,1.0,0.0,0.54,0.02,0.518,mixed
2024-03-19,21946.44921875,21978.30078125,21793.099609375,21817.44921875,344200,yfinance:^NSEI,2026-08-05T14:32:28.085569,-0.5878,-1.4865,-2.3203,-2.625,456400.0,337535.0,0.7542,1.0197,dry,185.2,0.8489,-109.25,-0.4953,302.58,245.06,0.7826,0.7283,21817.44921875,1.0,0.0,0.525,31.460463199680987,42.311991679787646,1239.6388948858853,82.75273379805037,0.25,-0.6,0.32,-0.28,0.28,deteriorated
2024-03-20,21843.900390625,21930.900390625,21710.19921875,21839.099609375,312400,yfinance:^NSEI,2026-08-05T14:32:28.085569,-0.022,-0.8366,-0.721,-2.3134,420220.0,338370.0,0.7434,0.9232,dry,220.7,1.0106,26.45,0.1212,238.5,238.45,0.7835,0.7214,21839.099609375,1.0,0.0,0.525,47.287039683897696,39.56361474365311,-730.9696527726209,659.1300172275479,1.381,0.16,0.4,-0.26,0.466,mixed
2024-03-21,21989.900390625,22080.94921875,21941.30078125,22011.94921875,353200,yfinance:^NSEI,2026-08-05T14:32:28.085569,0.1003,-0.1984,-0.6082,-2.0562,405520.0,337805.0,0.871,1.0456,dry,139.65,0.6344,150.8,0.6905,229.45,241.45,0.735,0.717,22011.94921875,1.0,0.0,0.525,37.56424399596118,39.68462587598918,-1077.629080640249,53.746857276476746,5.25,0.68,0.56,0.02,0.662,strengthened
2024-03-22,21932.19921875,22180.69921875,21883.30078125,22096.75,388700,yfinance:^NSEI,2026-08-05T14:32:28.085569,0.7503,1.2802,0.3333,-1.7641,350960.0,340065.0,1.1075,1.143,elevated,297.4,1.3459,-79.75,-0.3623,245.94,236.22,0.7995,0.6894,22096.75,1.0,0.0,0.525,53.35738039064031,43.48151385708549,-744.3200259389776,-87.38380730009605,2.8462,0.48,0.62,0.0,0.644,strengthened
2024-03-26,21947.900390625,22073.19921875,21947.55078125,22004.69921875,328400,yfinance:^NSEI,2026-08-05T14:32:28.085569,0.2588,0.7583,-0.2312,-1.4685,345380.0,345185.0,0.9508,0.9514,normal,125.65,0.571,-148.85,-0.6736,234.35,239.59,0.7736,0.6894,22004.69921875,1.0,0.0,0.525,39.52629182488839,41.83908381901371,230.87775298063806,967.5401568916761,0.7241,-0.16,0.64,-0.06,0.518,mixed
2024-03-27,22053.94921875,22193.599609375,22052.849609375,22123.650390625,409100,yfinance:^NSEI,2026-08-05T14:32:28.085569,0.316,0.5075,1.4035,-0.9494,358360.0,355250.0,1.1416,1.1516,elevated,140.75,0.6362,49.25,0.2238,219.61,242.52,0.7826,0.6715,22123.650390625,1.0,0.0,0.525,47.498567221814625,45.04670462344044,853.1758521433047,304.3960047186404,1.0,0.0,0.66,0.0,0.564,strengthened
2024-03-28,22163.599609375,22516.0,22163.599609375,22326.900390625,410500,yfinance:^NSEI,2026-08-05T14:32:28.085569,0.7368,1.0416,2.2336,1.4965,377980.0,363165.0,1.086,1.1303,normal,352.4,1.5784,39.95,0.1806,253.94,251.06,0.4384,0.6808,22326.900390625,1.0,0.0,0.525,55.64113856400991,46.71752439946288,758.3469022840239,-231.83511942625725,6.1429,0.72,0.72,0.24,0.756,strongly_participatory
2024-04-01,22455.0,22529.94921875,22427.75,22462.0,0,yfinance:^NSEI,2026-08-05T14:32:28.085569,0.0312,2.0782,2.0446,1.4239,307340.0,353015.0,0.0,0.0,dry,102.2,0.455,128.1,0.5737,246.18,258.73,0.4038,0.6456,22462.0,1.0,0.0,0.525,41.657017341901245,47.53607906865089,-211.49095236240473,-498.8178324322485,1.7778,0.28,0.78,0.22,0.69,strengthened
2024-04-02,22458.80078125,22497.599609375,22388.150390625,22453.30078125,289500,yfinance:^NSEI,2026-08-05T14:32:28.085569,-0.0245,1.49,1.6136,1.9523,287500.0,349480.0,1.007,0.8284,normal,109.45,0.4875,-3.2,-0.0142,208.59,250.88,0.3908,0.6456,22453.30078125,1.0,0.0,0.525,47.14375712036354,46.29335441459555,92.22380603683771,66.21115360853538,1.2727,0.12,0.76,0.1,0.638,strengthened
2024-04-03,22385.69921875,22521.099609375,22346.5,22434.650390625,309600,yfinance:^NSEI,2026-08-05T14:32:28.085569,0.2187,0.4826,1.9539,1.7182,283740.0,347385.0,1.0911,0.8912,normal,174.6,0.7783,-67.6,-0.3011,213.67,249.31,0.389,0.6465,22434.650390625,1.0,0.0,0.525,39.71806142064501,46.33170833374687,722.9173631509836,121.25730964682305,0.6667,-0.2,0.72,0.14,0.562,strengthened
2024-04-04,22592.099609375,22619.0,22303.80078125,22514.650390625,401000,yfinance:^NSEI,2026-08-05T14:32:28.085569,-0.3428,0.2344,1.7673,3.1956,282120.0,352495.0,1.4214,1.1376,elevated,315.2,1.4,157.45,0.7018,238.93,233.18,0.3401,0.65,22514.650390625,1.0,0.0,0.525,43.57080555722254,45.54615600082845,1156.1499786482655,-372.77785780904605,1.0833,0.04,0.74,0.14,0.618,strengthened
2024-04-05,22486.400390625,22537.599609375,22427.599609375,22513.69921875,242200,yfinance:^NSEI,2026-08-05T14:32:28.085569,0.1214,0.269,0.8367,3.089,248460.0,349795.0,0.9748,0.6924,normal,110.0,0.4886,-28.25,-0.1255,182.46,220.53,0.3325,0.6454,22513.69921875,1.0,0.0,0.525,38.416976859289214,42.10132365988431,1403.3205926353626,-502.3662953737902,0.7241,-0.16,0.72,0.12,0.568,strengthened
2024-04-08,22578.349609375,22697.30078125,22550.349609375,22666.30078125,227600,yfinance:^NSEI,2026-08-05T14:32:28.085569,0.3895,1.0326,0.9095,2.9727,293980.0,345560.0,0.7742,0.6586,dry,146.95,0.6483,64.65,0.2872,178.57,218.29,0.3339,0.627,22666.30078125,1.0,0.0,0.525,42.402195936059314,42.25035937871592,552.806582843127,-1126.705095225632,2.5714,0.44,0.72,0.2,0.696,strengthened
2024-04-09,22765.099609375,22768.400390625,22612.25,22642.75,232400,yfinance:^NSEI,2026-08-05T14:32:28.085569,-0.5374,0.569,0.8437,2.471,282560.0,338185.0,0.8225,0.6872,dry,156.15,0.6896,98.8,0.4359,187.91,214.65,0.3645,0.6265,22642.75,1.0,0.0,0.525,49.71183928587378,42.76397581181798,249.03746154801692,-607.7114129383557,0.6129,-0.24,0.72,0.22,0.562,strengthened
2024-04-10,22720.25,22775.69921875,22673.69921875,22753.80078125,276800,yfinance:^NSEI,2026-08-05T14:32:28.085569,0.1477,1.0665,1.4226,3.4043,276000.0,338130.0,1.0029,0.8186,normal,102.0,0.4483,77.5,0.3423,179.58,205.39,0.3613,0.6232,22753.80078125,1.0,0.0,0.525,47.10137560247336,44.24063864818364,1486.0174671016282,-222.92456177290032,1.6316,0.24,0.72,0.18,0.654,strengthened
2024-04-12,22677.400390625,22726.44921875,22503.75,22519.400390625,357200,yfinance:^NSEI,2026-08-05T14:32:28.085569,-0.6967,-0.6481,0.0211,1.7888,267240.0,341030.0,1.3366,1.0474,elevated,222.7,0.9889,-76.4,-0.3358,166.55,207.48,0.431,0.6358,22519.400390625,1.0,0.0,0.525,52.9133336003474,46.10914425680861,1524.2380220962732,-393.0481681276062,0.1905,-0.68,0.62,0.02,0.414,weakened
2024-04-15,22339.05078125,22427.44921875,22259.55078125,22272.5,355500,yfinance:^NSEI,2026-08-05T14:32:28.085569,-0.2979,-1.6352,-1.0713,-0.2437,289900.0,334140.0,1.2263,1.0639,elevated,167.9,0.7538,-180.35,-0.8009,196.52,208.77,0.3528,0.6316,22272.5,1.0,0.0,0.525,43.39345407484256,47.10443969991928,-1225.7562814463447,-499.3135965959291,0.1628,-0.72,0.58,-0.14,0.374,weakened
2024-04-16,22125.30078125,22213.75,22079.44921875,22147.900390625,317300,yfinance:^NSEI,2026-08-05T14:32:28.085569,0.1021,-2.6629,-2.2871,-1.3984,307840.0,328670.0,1.0307,0.9654,normal,134.3,0.6064,-147.2,-0.6609,198.41,201.31,0.3564,0.5919,22147.900390625,1.0,0.0,0.525,45.799586422786845,47.78391779726479,1005.4921061469411,75.46117844631681,0.4848,-0.3469,0.52,-0.16,0.4226,weakened
2024-04-18,22212.349609375,22326.5,21961.69921875,21995.849609375,456900,yfinance:^NSEI,2026-08-05T14:32:28.085569,-0.9747,-2.3249,-2.857,-2.0373,352740.0,318440.0,1.2953,1.4348,elevated,364.8,1.6585,64.45,0.291,240.14,216.71,0.4506,0.6182,21995.849609375,1.0,0.0,0.525,35.878471502411585,45.017244240572346,1025.5591814670258,223.66323890051524,0.1951,-0.6735,0.4,-0.18,0.3073,weakened
2024-04-19,21861.5,22179.55078125,21777.650390625,22147.0,362500,yfinance:^NSEI,2026-08-05T14:32:28.085569,1.3059,-0.5635,-2.6668,-1.2822,369880.0,318750.0,0.98,1.1373,normal,401.9,1.8147,-134.35,-0.6108,293.93,231.93,0.6475,0.6174,22147.0,1.0,0.0,0.525,58.934994139556196,47.383967947988914,-58.68959047151458,-959.3717220923091,1.6316,0.24,0.48,-0.38,0.502,mixed
2024-04-22,22336.900390625,22375.650390625,22198.150390625,22336.400390625,279300,yfinance:^NSEI,2026-08-05T14:32:28.085569,-0.0022,0.8511,-0.8126,-0.7917,354300.0,315505.0,0.7883,0.8852,dry,177.5,0.7947,189.9,0.8575,289.65,220.24,0.641,0.6174,22336.400390625,1.0,0.0,0.525,52.612455704446134,47.32379236880867,1411.3185073849615,457.3314919690524,7.1667,0.7551,0.54,0.12,0.679,strengthened
2024-04-23,22447.05078125,22447.55078125,22349.44921875,22368.0,231500,yfinance:^NSEI,2026-08-05T14:32:28.085569,-0.3522,1.6919,0.4288,-0.6472,329500.0,311460.0,0.7026,0.7433,dry,98.1,0.4386,110.65,0.4954,259.91,213.67,0.6448,0.6204,22368.0,1.0,0.0,0.525,50.49000123634829,48.74310180110981,-1642.2341740345996,776.497624657168,1.3333,0.1429,0.52,0.08,0.5446,mixed
2024-04-24,22421.55078125,22476.44921875,22384.0,22402.400390625,235900,yfinance:^NSEI,2026-08-05T14:32:28.085569,-0.0854,1.1532,1.1491,-1.1643,313220.0,305595.0,0.7531,0.7719,dry,92.45,0.4127,53.55,0.2394,242.99,213.6,0.6226,0.6071,22402.400390625,1.0,0.0,0.525,72.63104646764191,54.109393810080824,-168.24556412752162,127.05770683210443,1.2727,0.12,0.52,0.18,0.55,strengthened
2024-04-25,22316.900390625,22625.94921875,22305.25,22570.349609375,475000,yfinance:^NSEI,2026-08-05T14:32:28.085569,1.1357,1.0474,2.6119,-0.3198,316840.0,309910.0,1.4992,1.5327,elevated,320.7,1.4209,-85.5,-0.3817,234.17,224.04,0.7207,0.6443,22570.349609375,1.0,0.0,0.525,56.956599291476614,58.32501936789383,-1347.9925634100814,609.8567450109274,4.5556,0.64,0.56,0.16,0.668,strengthened
2024-04-26,22620.400390625,22620.400390625,22385.55078125,22419.94921875,329900,yfinance:^NSEI,2026-08-05T14:32:28.085569,-0.8862,0.2322,1.2324,-1.4672,310320.0,309985.0,1.0631,1.0642,normal,234.85,1.0475,50.05,0.2218,200.76,218.3,0.7739,0.6473,22419.94921875,1.0,0.0,0.525,46.97665926815387,55.93335239361337,-251.67227065102006,-26.68118770004595,0.4706,-0.36,0.54,0.2,0.464,mixed
2024-04-29,22475.55078125,22655.80078125,22441.900390625,22643.400390625,292000,yfinance:^NSEI,2026-08-05T14:32:28.085569,0.7468,1.0758,1.3744,0.5506,312860.0,304130.0,0.9333,0.9601,normal,213.9,0.9446,55.6,0.248,202.2,227.29,0.7797,0.6618,22643.400390625,1.0,0.0,0.525,49.627709086937784,55.33640307011169,834.3790937890926,-1399.891702249224,1.7778,0.28,0.58,0.1,0.598,strengthened
2024-04-30,22679.650390625,22783.349609375,22568.400390625,22604.849609375,361900,yfinance:^NSEI,2026-08-05T14:32:28.085569,-0.3298,0.1529,1.0589,1.4922,338940.0,301700.0,1.0677,1.1995,normal,214.95,0.9509,36.25,0.1601,222.96,229.53,0.7814,0.5547,22604.849609375,1.0,0.0,0.525,41.949194037725576,53.62824163038715,186.44208196954898,-469.395697650185,0.9231,-0.04,0.58,0.16,0.54,mixed
2024-05-02,22567.849609375,22710.5,22567.849609375,22648.19921875,445900,yfinance:^NSEI,2026-08-05T14:32:28.085569,0.356,1.0181,1.0972,2.2589,380940.0,323995.0,1.1705,1.3763,elevated,142.65,0.6299,-37.0,-0.1637,229.8,228.56,0.7868,0.5427,22648.19921875,1.0,0.0,0.525,42.82741692605978,47.667515722070725,-36.58235285975457,1060.0302256667626,1.381,0.16,0.64,0.06,0.594,strengthened
2024-05-03,22766.349609375,22794.69921875,22348.05078125,22475.849609375,438100,yfinance:^NSEI,2026-08-05T14:32:28.085569,-1.276,-0.74,-0.4187,2.1822,373560.0,331425.0,1.1728,1.3219,elevated,446.65,1.9872,118.15,0.5217,254.99,250.97,0.8364,0.5936,22475.849609375,1.0,0.0,0.525,39.347615971084835,44.145719057992366,1179.141336046242,-912.7871748145648,0.4286,-0.4,0.6,0.2,0.48,mixed
2024-05-06,22561.599609375,22588.80078125,22409.44921875,22442.69921875,320300,yfinance:^NSEI,2026-08-05T14:32:28.085569,-0.527,-0.7173,0.1015,1.3352,371640.0,331960.0,0.8619,0.9649,dry,179.35,0.7992,85.75,0.3815,243.89,245.92,0.727,0.5993,22442.69921875,1.0,0.0,0.525,47.93621886946706,44.33763097825501,1210.1338828657192,2202.7338881420865,0.7857,-0.12,0.56,-0.02,0.498,mixed
2024-05-07,22489.75,22499.05078125,22232.05078125,22302.5,297800,yfinance:^NSEI,2026-08-05T14:32:28.085569,-0.8326,-1.5264,-1.5055,-0.1518,372800.0,326800.0,0.7988,0.9113,dry,267.0,1.1972,47.05,0.2096,250.12,246.43,0.7585,0.6091,22302.5,1.0,0.0,0.525,59.83955311112021,46.37999978309149,1072.663126231865,1198.872734857542,0.4286,-0.4,0.56,-0.04,0.44,weakened
2024-05-08,22231.19921875,22368.650390625,22185.19921875,22302.5,277400,yfinance:^NSEI,2026-08-05T14:32:28.085569,0.3207,-0.7713,-1.3375,-0.2928,355900.0,328560.0,0.7794,0.8443,dry,183.45,0.8226,-71.3,-0.3197,243.82,245.74,0.7737,0.6122,22302.5,1.0,0.0,0.525,48.61894646118095,47.713950267782565,1237.6123351490437,-13.436407952467967,1.0,0.0,0.54,-0.1,0.506,mixed
2024-05-09,22224.80078125,22307.75,21932.400390625,21957.5,331300,yfinance:^NSEI,2026-08-05T14:32:28.085569,-1.2027,-2.1619,-3.0497,-1.9859,332980.0,333745.0,0.995,0.9927,normal,375.35,1.7094,-77.7,-0.3484,290.36,246.5,0.8429,0.6496,21957.5,1.0,0.0,0.525,41.10972638937389,47.37041216044538,502.5477016355275,-272.22643225755417,0.1364,-0.76,0.42,-0.18,0.298,deteriorated
2024-05-10,21990.94921875,22131.30078125,21950.30078125,22055.19921875,265800,yfinance:^NSEI,2026-08-05T14:32:28.085569,0.2922,-1.1088,-1.8716,-2.2824,298520.0,335415.0,0.8904,0.7925,dry,181.0,0.8207,33.45,0.1523,237.23,230.72,0.7225,0.6354,22055.19921875,1.0,0.0,0.525,60.18499261815726,51.53788748985987,-1098.1174812942934,105.00286085009475,3.1667,0.52,0.48,-0.16,0.58,strengthened
2024-05-13,22027.94921875,22131.650390625,21821.05078125,22104.05078125,278200,yfinance:^NSEI,2026-08-05T14:32:28.085569,0.3455,-0.8898,-1.5089,-1.409,290100.0,335485.0,0.959,0.8292,normal,310.6,1.4052,-27.25,-0.1236,263.48,236.57,0.7228,0.6371,22104.05078125,1.0,0.0,0.525,46.47729057533113,51.24610183103268,501.98299200599746,5.741340409660789,1.0833,0.04,0.48,-0.14,0.486,mixed
2024-05-14,22112.900390625,22270.05078125,22081.25,22217.849609375,230200,yfinance:^NSEI,2026-08-05T14:32:28.085569,0.4746,1.1857,-0.3796,-1.8794,276580.0,329135.0,0.8323,0.6994,dry,188.8,0.8498,8.85,0.04,247.84,242.12,0.687,0.641,22217.849609375,1.0,0.0,0.525,40.99505397292194,47.47720200339303,-2071.9054986176684,-840.2058494248877,2.125,0.36,0.56,0.06,0.602,strengthened
2024-05-15,22255.599609375,22297.55078125,22151.75,22200.55078125,231900,yfinance:^NSEI,2026-08-05T14:32:28.085569,-0.2473,0.659,-0.4571,-1.7885,267480.0,322955.0,0.867,0.7181,dry,145.8,0.6567,37.75,0.1699,240.31,244.79,0.6863,0.624,22200.55078125,1.0,0.0,0.525,36.93760215228531,45.14093314161391,957.6049876525334,477.55845278816207,0.8519,-0.08,0.52,0.02,0.494,mixed
2024-05-16,22319.19921875,22432.25,22054.55078125,22403.849609375,368900,yfinance:^NSEI,2026-08-05T14:32:28.085569,0.3793,1.3563,2.0328,-1.0789,275000.0,325535.0,1.3415,1.1332,elevated,377.7,1.6859,118.65,0.5344,240.78,248.86,0.6885,0.6295,22403.849609375,1.0,0.0,0.525,55.40942038025313,48.000871939789754,1076.0511854123076,926.8120591518724,4.5556,0.64,0.54,0.08,0.652,strengthened
2024-05-17,22415.25,22502.150390625,22345.650390625,22466.099609375,242700,yfinance:^NSEI,2026-08-05T14:32:28.085569,0.2269,1.1173,1.8631,-0.0434,270380.0,314825.0,0.8976,0.7709,dry,156.5,0.6966,11.4,0.0509,235.88,243.26,0.5914,0.6319,22466.099609375,1.0,0.0,0.525,63.275333123761044,48.61894004091051,2356.2199933480133,194.71468808280594,1.0833,0.04,0.54,0.12,0.536,mixed
2024-05-21,22404.55078125,22591.099609375,22404.55078125,22529.05078125,347600,yfinance:^NSEI,2026-08-05T14:32:28.085569,0.5557,1.4797,1.9227,0.3848,284260.0,314080.0,1.2228,1.1067,elevated,186.55,0.828,-61.55,-0.274,211.07,239.74,0.5989,0.6401,22529.05078125,1.0,0.0,0.525,44.10299692988243,48.14408131182077,-1180.114296433079,-765.7186317025886,1.381,0.16,0.56,0.24,0.58,strengthened
2024-05-22,22576.599609375,22629.5,22483.150390625,22597.80078125,290300,yfinance:^NSEI,2026-08-05T14:32:28.085569,0.0939,0.8657,1.7101,1.3241,296280.0,314630.0,0.9798,0.9227,normal,146.35,0.6476,47.55,0.2111,202.58,234.84,0.5164,0.6383,22597.80078125,1.0,0.0,0.525,43.26084860608905,48.59724023845419,4057.93967348964,-588.2796745544808,1.6316,0.24,0.6,0.22,0.61,strengthened
2024-05-23,22614.099609375,22993.599609375,22577.44921875,22967.650390625,369800,yfinance:^NSEI,2026-08-05T14:32:28.085569,1.5634,2.2325,3.4553,2.9824,323860.0,321545.0,1.1419,1.1501,elevated,416.15,1.8119,16.3,0.0721,256.65,254.38,0.6895,0.7022,22967.650390625,1.0,0.0,0.525,41.08807384256147,49.42733457650942,3275.573893432424,-1095.8992204633319,7.3333,0.76,0.66,0.26,0.742,strongly_participatory
2024-05-24,22930.75,23026.400390625,22908.0,22957.099609375,261900,yfinance:^NSEI,2026-08-05T14:32:28.085569,0.1149,1.9,2.4694,4.5524,302460.0,322845.0,0.8659,0.8112,dry,118.4,0.5157,-36.9,-0.1607,204.79,230.93,0.4735,0.6988,22957.099609375,1.0,0.0,0.525,48.388173023558615,48.02308510517052,1030.819563694863,-773.1086341764575,0.4286,-0.4,0.66,0.26,0.51,mixed
2024-05-27,23038.94921875,23110.80078125,22871.19921875,22932.44921875,260000,yfinance:^NSEI,2026-08-05T14:32:28.085569,-0.4623,1.4809,2.0758,3.9775,305920.0,312095.0,0.8499,0.8331,dry,239.6,1.0448,81.85,0.3565,221.41,235.23,0.5439,0.6969,22932.44921875,1.0,0.0,0.525,47.5980951244069,44.88763750529969,912.5389403746353,-468.8767786643251,0.6129,-0.24,0.68,0.22,0.546,mixed
2024-05-28,22977.150390625,22998.55078125,22858.5,22888.150390625,217900,yfinance:^NSEI,2026-08-05T14:32:28.085569,-0.3873,-0.3461,1.5939,3.5473,279980.0,306495.0,0.7783,0.7109,dry,140.05,0.6119,44.7,0.1949,212.11,226.16,0.5856,0.6998,22888.150390625,1.0,0.0,0.525,46.08841562506872,45.28472124433695,559.6237434172795,694.5731453079334,0.7241,-0.16,0.66,0.04,0.536,mixed
2024-05-29,22762.75,22825.5,22685.44921875,22704.69921875,269900,yfinance:^NSEI,2026-08-05T14:32:28.085569,-0.255,-1.0994,0.473,2.1913,275900.0,305390.0,0.9783,0.8838,normal,140.05,0.6168,-125.4,-0.5479,223.38,227.54,0.5972,0.6896,22704.69921875,1.0,0.0,0.525,40.739490703667215,44.780449663852586,912.7480011897636,-426.82227617710834,0.4286,-0.4,0.6,0.04,0.464,mixed
2024-05-30,22617.44921875,22705.75,22417.0,22488.650390625,373400,yfinance:^NSEI,2026-08-05T14:32:28.085569,-0.5695,-1.9352,-2.0855,1.2977,276620.0,305965.0,1.3499,1.2204,elevated,288.75,1.284,-87.25,-0.3843,197.9,221.35,0.6293,0.6954,22488.650390625,1.0,0.0,0.525,43.38582935545334,45.24000076643095,1268.7856807518747,648.5773392249812,0.1364,-0.76,0.58,-0.18,0.362,weakened
2024-05-31,22568.099609375,22653.75,22465.099609375,22530.69921875,572100,yfinance:^NSEI,2026-08-05T14:32:28.085569,-0.1657,-1.5617,-1.8574,0.5662,338660.0,312275.0,1.6893,1.832,spike,188.65,0.8373,79.45,0.3533,211.95,221.9,0.6286,0.6956,22530.69921875,1.0,0.0,0.525,54.043129806606046,46.370992123040445,-295.1739548431621,-912.6598984769171,1.0,0.0,0.54,-0.12,0.504,mixed
2024-06-03,23337.900390625,23338.69921875,23062.30078125,23263.900390625,569400,yfinance:^NSEI,2026-08-05T14:32:28.085569,-0.3171,2.4629,1.4453,3.5511,400540.0,318840.0,1.4216,1.7858,elevated,276.4,1.1881,807.2,3.5827,325.63,257.43,0.6371,0.6746,23263.900390625,1.0,0.0,0.525,48.7946584434338,46.61030478684582,414.21904746683117,1043.559782401616,6.1429,0.72,0.66,0.42,0.75,strongly_participatory
2024-06-04,23179.5,23179.5,21281.44921875,21884.5,1006100,yfinance:^NSEI,2026-08-05T14:32:28.085569,-5.5868,-2.6865,-4.385,-2.861,558180.0,353130.0,1.8025,2.8491,spike,1898.05,8.673,-84.4,-0.3628,694.11,385.55,1.8557,1.1908,21884.5,1.0,0.0,0.525,54.01109698697431,48.194841059226945,892.696057131838,912.2944727820344,0.1905,-0.68,0.32,-0.7,0.222,deteriorated
2024-06-05,22128.349609375,22670.400390625,21791.94921875,22620.349609375,638500,yfinance:^NSEI,2026-08-05T14:32:28.085569,2.2234,0.3979,-0.3715,0.0998,631900.0,370165.0,1.0104,1.7249,normal,878.45,3.8835,243.85,1.1143,829.26,437.88,2.0553,1.272,22620.349609375,1.0,0.0,0.525,34.644757751029026,46.97589446869931,-1708.1847831366038,-286.63808226142936,50.0,1.0,0.6,0.12,0.752,strongly_participatory
2024-06-06,22798.599609375,22910.150390625,22642.599609375,22821.400390625,480400,yfinance:^NSEI,2026-08-05T14:32:28.085569,0.1,-1.9021,1.4796,-0.6368,653300.0,380315.0,0.7353,1.2632,dry,267.55,1.1724,178.25,0.788,829.47,431.6,1.9507,1.2723,22821.400390625,1.0,0.0,0.525,52.34688153903948,48.768104905416536,316.53331605849326,586.0627772154583,2.3333,0.4,0.62,0.12,0.64,strengthened
2024-06-07,22821.849609375,23320.19921875,22789.05078125,23290.150390625,473600,yfinance:^NSEI,2026-08-05T14:32:28.085569,2.052,6.423,3.3707,1.4508,633600.0,387430.0,0.7475,1.2224,dry,531.15,2.2806,0.45,0.002,897.97,458.36,2.1114,1.3338,23290.150390625,1.0,0.0,0.525,42.69900992843323,46.49928092978197,1955.1741656764832,-592.0256026303915,24.0,0.92,0.82,0.28,0.84,strongly_participatory
2024-06-10,23319.150390625,23411.900390625,23227.150390625,23259.19921875,304400,yfinance:^NSEI,2026-08-05T14:32:28.085569,-0.2571,2.8242,-0.0202,1.4248,580600.0,389360.0,0.5243,0.7818,dry,184.75,0.7943,29.0,0.1245,773.32,458.23,2.1111,1.3146,23259.19921875,1.0,0.0,0.525,33.560943194683844,43.45253788003198,-473.5645547992268,-49.430098906126865,1.6316,0.24,0.82,0.3,0.706,strongly_participatory
2024-06-11,23283.75,23389.44921875,23206.650390625,23264.849609375,305200,yfinance:^NSEI,2026-08-05T14:32:28.085569,-0.0812,1.9431,6.3074,1.6458,440420.0,390710.0,0.693,0.7811,dry,182.8,0.7857,24.55,0.1056,413.39,460.84,2.1121,1.3065,23264.849609375,1.0,0.0,0.525,34.9796604969347,39.64625058202405,914.532047991697,-1876.9719205495537,1.2727,0.12,0.86,0.16,0.684,strengthened
2024-06-12,23344.44921875,23441.94921875,23295.94921875,23322.94921875,295600,yfinance:^NSEI,2026-08-05T14:32:28.085569,-0.0921,0.1408,3.1061,2.723,371840.0,393980.0,0.795,0.7503,dry,146.0,0.626,79.6,0.3421,273.12,443.76,2.113,1.2969,23322.94921875,1.0,0.0,0.525,48.38467957329106,42.39423494647646,-1590.003919076157,314.83332518795663,2.125,0.36,0.9,0.22,0.754,strongly_participatory
2024-06-13,23480.94921875,23481.05078125,23353.900390625,23398.900390625,268300,yfinance:^NSEI,2026-08-05T14:32:28.085569,-0.3494,0.6006,2.5305,4.0476,329420.0,395800.0,0.8145,0.6779,dry,127.15,0.5434,158.0,0.6774,246.78,446.6,2.1107,1.297,23398.900390625,1.0,0.0,0.525,50.07778001377186,41.94041464142294,424.3028529547773,583.2928933334784,2.3333,0.4,0.94,0.28,0.784,strongly_participatory
2024-06-14,23464.94921875,23490.400390625,23334.25,23465.599609375,223100,yfinance:^NSEI,2026-08-05T14:32:28.085569,0.0028,0.8629,0.7533,4.1495,279320.0,388510.0,0.7987,0.5742,dry,156.15,0.6654,66.05,0.2823,171.78,440.64,2.1121,1.2942,23465.599609375,1.0,0.0,0.525,40.76546699916473,41.553706055569236,-3009.955381978046,567.5983764666564,1.6316,0.24,0.92,0.26,0.742,strongly_participatory
2024-06-18,23570.80078125,23579.05078125,23499.69921875,23557.900390625,272200,yfinance:^NSEI,2026-08-05T14:32:28.085569,-0.0547,1.0074,1.2842,1.2638,272880.0,389985.0,0.9975,0.698,normal,79.35,0.3368,105.2,0.4483,157.52,438.74,2.1125,1.2759,23557.900390625,1.0,0.0,0.525,38.31187040190035,42.50389149701254,-358.6953357167566,693.310450934487,2.5714,0.44,0.92,0.3,0.786,strongly_participatory
2024-06-19,23629.849609375,23664.0,23412.900390625,23516.0,328800,yfinance:^NSEI,2026-08-05T14:32:28.085569,-0.4818,0.5004,1.0795,7.455,277600.0,389045.0,1.1844,0.8451,elevated,251.1,1.0678,71.95,0.3054,171.18,442.19,0.9812,1.2754,23516.0,1.0,0.0,0.525,42.785311137582724,44.065021625142144,475.39347594117805,544.0498016216477,0.2821,-0.56,0.84,0.16,0.54,mixed
2024-06-20,23586.150390625,23624.0,23442.599609375,23567.0,280300,yfinance:^NSEI,2026-08-05T14:32:28.085569,-0.0812,0.4321,1.0464,4.185,274540.0,388545.0,1.021,0.7214,normal,181.4,0.7697,70.15,0.2983,172.04,434.53,0.7156,1.2676,23567.0,1.0,0.0,0.525,48.379189370531314,44.06392358459019,2600.9183113212807,66.7586835399521,1.0833,0.04,0.8,0.14,0.642,strengthened
2024-06-21,23661.150390625,23667.099609375,23398.19921875,23501.099609375,609900,yfinance:^NSEI,2026-08-05T14:32:28.085569,-0.6764,-0.2411,0.4368,2.9783,342860.0,400550.0,1.7789,1.5227,spike,268.9,1.1442,94.15,0.3995,194.2,440.26,0.7537,1.2703,23501.099609375,1.0,0.0,0.525,41.11669307772838,42.271706197381505,-811.0351209554707,210.24190064863168,0.6129,-0.24,0.8,0.12,0.584,strengthened
2024-06-24,23382.30078125,23558.099609375,23350.0,23537.849609375,239400,yfinance:^NSEI,2026-08-05T14:32:28.085569,0.6652,0.0929,0.3079,1.0635,346120.0,399425.0,0.6917,0.5994,dry,208.1,0.8841,-118.8,-0.5055,204.59,397.41,0.357,1.2599,23537.849609375,1.0,0.0,0.525,43.38486504381481,42.795585806311514,-2385.767588999438,462.46740860899604,1.45,0.1837,0.78,0.06,0.6547,strengthened
2024-06-25,23577.099609375,23754.150390625,23562.05078125,23721.30078125,298100,yfinance:^NSEI,2026-08-05T14:32:28.085569,0.6116,0.6547,0.6936,1.9867,351300.0,401330.0,0.8486,0.7428,dry,192.1,0.8098,39.25,0.1668,225.16,271.25,0.4248,1.2641,23721.30078125,1.0,0.0,0.525,54.685536896521135,46.07031910523567,888.9213621579444,1264.0208623924946,1.0417,0.0204,0.84,0.16,0.6561,strengthened
2024-06-26,23723.099609375,23889.900390625,23670.44921875,23868.80078125,287800,yfinance:^NSEI,2026-08-05T14:32:28.085569,0.6142,1.5646,1.5003,2.596,343100.0,404825.0,0.8388,0.7109,dry,219.45,0.9194,1.8,0.0076,218.83,224.18,0.4739,1.2677,23868.80078125,1.0,0.0,0.525,38.962345162739055,45.305725910266936,241.27457420269985,284.73161116725873,1.0,0.0,0.86,0.16,0.66,strengthened
2024-06-27,23881.55078125,24087.44921875,23805.400390625,24044.5,515200,yfinance:^NSEI,2026-08-05T14:32:28.085569,0.6823,2.1525,2.0261,3.0937,390080.0,417090.0,1.3208,1.2352,elevated,282.05,1.173,12.75,0.0534,238.96,223.63,0.5157,1.271,24044.5,1.0,0.0,0.525,52.23843342332226,46.077574720825126,-297.7266844568492,-164.05502070368,2.3333,0.4,0.88,0.26,0.758,strongly_participatory
2024-06-28,24085.900390625,24174.0,23985.80078125,24010.599609375,354800,yfinance:^NSEI,2026-08-05T14:32:28.085569,-0.3126,1.2196,2.168,2.6142,339060.0,416160.0,1.0464,0.8526,normal,188.2,0.7838,41.4,0.1722,222.82,199.13,0.5123,1.2715,24010.599609375,1.0,0.0,0.525,59.5325489652632,49.7607458983321,190.15271252851858,-91.83945521840275,1.0,0.0,0.88,0.3,0.682,strengthened
2024-07-01,23992.94921875,24164.0,23992.69921875,24141.94921875,0,yfinance:^NSEI,2026-08-05T14:32:28.085569,0.621,1.1444,2.5665,2.8823,291180.0,387555.0,0.0,0.0,dry,171.3,0.7096,-17.65,-0.0735,215.46,198.17,0.5364,1.2748,24141.94921875,1.0,0.0,0.525,52.61657701744432,51.607088293058,973.4409975442094,1996.7339290117734,1.9412,0.32,0.9,0.18,0.742,strongly_participatory
2024-07-02,24228.75,24236.349609375,24056.400390625,24123.849609375,0,yfinance:^NSEI,2026-08-05T14:32:28.085569,-0.433,0.33,1.697,2.4024,231560.0,359085.0,0.0,0.0,dry,179.95,0.7459,86.8,0.3595,208.19,197.97,0.5657,1.2765,24123.849609375,1.0,0.0,0.525,46.37563691165606,49.94510829608498,1188.208848486463,-779.1855601893695,0.7241,-0.16,0.86,0.24,0.636,strengthened
2024-07-03,24291.75,24309.150390625,24207.099609375,24286.5,0,yfinance:^NSEI,2026-08-05T14:32:28.085569,-0.0216,1.1491,1.75,3.2765,174000.0,308780.0,0.0,0.0,dry,102.05,0.4202,167.9,0.696,201.36,198.55,0.5287,1.2718,24286.5,1.0,0.0,0.525,50.96916698697047,52.34647266093126,217.60020692309797,442.1838491522408,3.5455,0.56,0.92,0.12,0.792,strongly_participatory
2024-07-04,24369.94921875,24401.0,24281.0,24302.150390625,251200,yfinance:^NSEI,2026-08-05T14:32:28.085569,-0.2782,0.6636,1.0716,3.1194,121200.0,289415.0,2.0726,0.868,spike,120.0,0.4938,83.45,0.3436,168.95,195.83,0.5425,1.2722,24302.150390625,1.0,0.0,0.525,43.16811850627344,50.5324096775215,1019.806154019779,-160.11721577848616,0.8519,-0.08,0.9,0.3,0.674,strengthened
2024-07-05,24213.349609375,24363.0,24168.849609375,24323.849609375,298400,yfinance:^NSEI,2026-08-05T14:32:28.085569,0.4564,0.8291,1.3046,3.5009,109920.0,280315.0,2.7147,1.0645,spike,194.15,0.7982,-88.8,-0.3654,170.14,198.55,0.464,1.2393,24323.849609375,1.0,0.0,0.525,48.6927182997832,48.3644435444255,887.759695794799,-106.86057220175948,3.1667,0.52,0.9,0.22,0.786,strongly_participatory
2024-07-08,24329.44921875,24344.599609375,24240.55078125,24320.55078125,266300,yfinance:^NSEI,2026-08-05T14:32:28.085569,-0.0366,0.1402,0.7398,3.3253,163180.0,269950.0,1.6319,0.9865,spike,104.05,0.4278,5.6,0.023,156.69,197.88,0.4488,1.2388,24320.55078125,1.0,0.0,0.525,50.03536674640971,47.84820149021857,-2552.0376626779266,2113.255989258076,0.8148,-0.102,0.88,0.36,0.6676,strengthened
2024-07-09,24351.0,24443.599609375,24331.900390625,24433.19921875,250500,yfinance:^NSEI,2026-08-05T14:32:28.085569,0.3376,0.5392,1.2823,3.0011,213280.0,267255.0,1.1745,0.9373,elevated,111.7,0.4572,30.45,0.1252,145.31,188.73,0.4281,1.2392,24433.19921875,1.0,0.0,0.525,50.70082129660162,48.713238367207694,7.930917760780131,1335.3239944559118,2.125,0.36,0.92,0.36,0.776,strongly_participatory
2024-07-10,24459.849609375,24461.05078125,24141.80078125,24324.44921875,292300,yfinance:^NSEI,2026-08-05T14:32:28.085569,-0.5536,0.0025,0.1563,1.909,271740.0,266610.0,1.0757,1.0964,normal,319.25,1.3125,26.65,0.1091,172.1,198.57,0.4501,1.2411,24324.44921875,1.0,0.0,0.525,44.70498427102026,47.46040182401764,-34.06889069910161,1263.0050791911985,0.8519,-0.08,0.9,0.26,0.67,strengthened
2024-07-11,24396.55078125,24402.650390625,24193.75,24315.94921875,306400,yfinance:^NSEI,2026-08-05T14:32:28.085569,-0.3304,-0.0189,0.0568,1.1289,282780.0,267150.0,1.0835,1.1469,normal,208.9,0.8591,72.1,0.2964,189.88,194.29,0.4024,1.2415,24315.94921875,1.0,0.0,0.525,44.09915020742005,47.64660816424696,-1401.4139415281857,635.2538085522665,0.8846,-0.0612,0.9,0.18,0.6658,strengthened
2024-07-12,24387.94921875,24592.19921875,24331.150390625,24502.150390625,325800,yfinance:^NSEI,2026-08-05T14:32:28.085569,0.4683,0.2822,0.733,2.0472,288260.0,270025.0,1.1302,1.2066,elevated,261.05,1.0654,72.0,0.2961,206.3,199.16,0.4222,1.2418,24502.150390625,1.0,0.0,0.525,44.539534497443036,46.81597140377893,991.0261496852212,-911.6387991175369,2.3333,0.4,0.9,0.28,0.768,strongly_participatory
2024-07-15,24587.599609375,24635.05078125,24522.75,24586.69921875,305400,yfinance:^NSEI,2026-08-05T14:32:28.085569,-0.0037,1.0781,1.0943,1.8422,296080.0,274140.0,1.0315,1.114,normal,112.3,0.4568,85.45,0.3487,212.07,193.2,0.3664,1.2416,24586.69921875,1.0,0.0,0.525,50.3181988551713,46.87253782553125,1066.0591728218055,-480.2961527750771,2.125,0.36,0.9,0.28,0.76,strongly_participatory
2024-07-16,24615.900390625,24661.25,24587.650390625,24613.0,283200,yfinance:^NSEI,2026-08-05T14:32:28.085569,-0.0118,1.2216,0.7359,2.0277,302620.0,274690.0,0.9358,1.031,normal,73.6,0.299,29.2,0.1188,202.37,182.85,0.3394,1.2405,24613.0,1.0,0.0,0.525,64.6032063891635,49.65301484404363,991.2949804001552,-683.145611636828,1.3333,0.1429,0.92,0.22,0.7186,strongly_participatory
2024-07-18,24543.80078125,24837.75,24504.44921875,24800.849609375,350900,yfinance:^NSEI,2026-08-05T14:32:28.085569,1.0473,1.2191,1.9585,2.1178,314340.0,275795.0,1.1163,1.2723,elevated,333.3,1.3439,-69.2,-0.2811,205.18,186.51,0.4729,0.6797,24800.849609375,1.0,0.0,0.525,45.39181174265727,49.79038033837104,-965.4317335035704,830.7341523299592,1.9412,0.32,0.94,0.18,0.758,strongly_participatory
2024-07-19,24853.80078125,24854.80078125,24508.150390625,24530.900390625,343800,yfinance:^NSEI,2026-08-05T14:32:28.085569,-1.2992,-0.2269,0.884,0.9413,321820.0,278970.0,1.0683,1.2324,normal,346.65,1.4131,52.95,0.2135,232.73,197.83,0.6449,0.6186,24530.900390625,1.0,0.0,0.525,57.609711377311555,52.49249257234933,738.2460975045577,119.8841347157561,0.0889,-0.8367,0.82,0.06,0.4667,mixed
2024-07-22,24445.75,24595.19921875,24362.30078125,24509.25,324200,yfinance:^NSEI,2026-08-05T14:32:28.085569,0.2598,-0.4215,0.029,0.7622,321500.0,264685.0,1.0084,1.2249,normal,232.9,0.9502,-85.15,-0.3471,224.06,202.23,0.6326,0.6195,24509.25,1.0,0.0,0.525,39.935309512660766,51.57164757539287,-328.5056361126661,335.3714070882514,1.6316,0.24,0.84,-0.16,0.668,strengthened
2024-07-23,24568.900390625,24582.55078125,24074.19921875,24479.05078125,436400,yfinance:^NSEI,2026-08-05T14:32:28.085569,-0.3657,-1.2975,-0.4378,0.6517,347700.0,274535.0,1.2551,1.5896,elevated,508.35,2.0767,59.65,0.2434,299.15,225.69,0.6425,0.5002,24479.05078125,1.0,0.0,0.525,33.03366463179316,48.114740730717244,-121.08899071015246,-1073.112911240047,0.9231,-0.04,0.82,-0.1,0.61,strengthened
2024-07-24,24444.94921875,24504.25,24307.25,24413.5,366600,yfinance:^NSEI,2026-08-05T14:32:28.085569,-0.1287,-0.4786,-0.8105,-0.0806,364380.0,277960.0,1.0061,1.3189,normal,197.0,0.8069,-34.1,-0.1393,323.64,226.52,0.6284,0.4984,24413.5,1.0,0.0,0.525,45.18789212766953,44.23167787841845,2382.2759108345017,1339.1250552288147,0.6129,-0.24,0.76,0.04,0.56,strengthened
2024-07-25,24230.94921875,24426.150390625,24210.80078125,24406.099609375,391800,yfinance:^NSEI,2026-08-05T14:32:28.085569,0.7228,-0.4209,-1.5917,0.3357,372560.0,283160.0,1.0516,1.3837,normal,215.35,0.8824,-182.55,-0.7477,300.05,233.33,0.6533,0.5149,24406.099609375,1.0,0.0,0.525,48.14734703351641,44.78278493659028,528.7024560728353,-1152.5742174476948,0.8519,-0.08,0.74,0.0,0.58,strengthened
2024-07-26,24423.349609375,24861.150390625,24410.900390625,24834.849609375,383800,yfinance:^NSEI,2026-08-05T14:32:28.085569,1.6849,1.4535,1.239,2.134,380560.0,276590.0,1.0085,1.3876,normal,450.25,1.813,17.25,0.0707,321.73,251.97,0.8178,0.5959,24834.849609375,1.0,0.0,0.525,61.41149849820226,45.54314236076842,1648.0014208760495,831.2135539238178,24.0,0.92,0.84,0.28,0.848,strongly_participatory
2024-07-29,24943.30078125,24999.75,24774.599609375,24836.099609375,355000,yfinance:^NSEI,2026-08-05T14:32:28.085569,-0.4298,1.731,1.3336,1.3629,386720.0,276600.0,0.918,1.2834,normal,225.15,0.9065,108.45,0.4367,320.18,260.62,0.8387,0.5982,24836.099609375,1.0,0.0,0.525,54.635244649467914,48.48312938812985,-926.8282836571295,-383.96491205173317,1.0833,0.04,0.82,0.3,0.666,strengthened
2024-07-30,24839.400390625,24971.75,24798.650390625,24857.30078125,385000,yfinance:^NSEI,2026-08-05T14:32:28.085569,0.0721,1.8487,1.5452,1.1006,376440.0,295850.0,1.0227,1.3013,normal,173.1,0.6964,3.3,0.0133,253.13,264.19,0.8375,0.5979,24857.30078125,1.0,0.0,0.525,30.31091752793692,47.938579967358606,1314.7338926315572,648.2528564078752,0.8519,-0.08,0.82,0.12,0.624,strengthened
2024-07-31,24886.69921875,24984.599609375,24856.5,24951.150390625,333600,yfinance:^NSEI,2026-08-05T14:32:28.085569,0.259,0.4683,2.2023,1.3739,369840.0,312530.0,0.902,1.0674,normal,128.1,0.5134,29.4,0.1183,239.35,250.54,0.8359,0.598,24951.150390625,1.0,0.0,0.525,49.884916464868525,48.877984834798404,-1026.5674316518073,-951.3854160907041,2.125,0.36,0.86,0.22,0.738,strongly_participatory
2024-08-01,25030.94921875,25078.30078125,24956.400390625,25010.900390625,431300,yfinance:^NSEI,2026-08-05T14:32:28.085569,-0.0801,0.7038,2.4781,0.8469,377740.0,334095.0,1.1418,1.291,elevated,121.9,0.4874,79.8,0.3198,221.71,244.7,0.7805,0.589,25010.900390625,1.0,0.0,0.525,54.16692155109573,50.08189973831428,1555.2725615328402,1955.6845218600376,1.1739,0.08,0.86,0.34,0.694,strengthened
2024-08-02,24789.0,24851.900390625,24686.849609375,24717.69921875,345000,yfinance:^NSEI,2026-08-05T14:32:28.085569,-0.2876,-0.5616,-0.4717,0.7615,369980.0,338785.0,0.9325,1.0183,normal,165.05,0.6677,-221.9,-0.8872,195.51,248.11,0.6354,0.5925,24717.69921875,1.0,0.0,0.525,36.171310033761266,45.03386204542606,111.14233291611194,441.9407041392439,0.2195,-0.64,0.74,0.02,0.47,mixed
2024-08-05,24302.849609375,24350.05078125,23893.69921875,24055.599609375,487000,yfinance:^NSEI,2026-08-05T14:32:28.085569,-1.0174,-3.5892,-3.1426,-1.8509,396380.0,348215.0,1.2286,1.3986,elevated,456.35,1.8971,-414.85,-1.6784,315.28,297.48,0.7359,0.6111,24055.599609375,1.0,0.0,0.525,44.67769668879359,43.04235245329121,1071.2160137184646,15.157983019235676,0.1111,-0.8,0.58,-0.22,0.35,weakened
2024-08-06,24189.849609375,24382.599609375,23960.400390625,23992.55078125,312300,yfinance:^NSEI,2026-08-05T14:32:28.085569,-0.8156,-4.0716,-3.4789,-1.9874,381840.0,350515.0,0.8179,0.891,dry,422.2,1.7597,134.25,0.5581,365.1,322.31,0.7763,0.6233,23992.55078125,1.0,0.0,0.525,53.06225492885028,47.59261993347387,-719.4792276680201,-692.7262295230172,0.5625,-0.28,0.52,-0.14,0.438,weakened
2024-08-07,24289.400390625,24337.69921875,24184.900390625,24297.5,317600,yfinance:^NSEI,2026-08-05T14:32:28.085569,0.0333,-1.7,-2.6197,-0.4751,378640.0,353870.0,0.8388,0.8975,dry,152.8,0.6289,296.85,1.2373,408.51,323.16,0.7751,0.6141,24297.5,1.0,0.0,0.525,66.16554286243516,50.848745212987204,487.6311214263635,503.6830992953184,6.1429,0.72,0.66,-0.02,0.706,strongly_participatory
2024-08-08,24248.55078125,24340.5,24079.69921875,24117.0,311900,yfinance:^NSEI,2026-08-05T14:32:28.085569,-0.5425,0.2552,-3.574,-1.1845,354760.0,354850.0,0.8792,0.879,dry,260.8,1.0814,-48.95,-0.2015,435.24,317.02,0.7494,0.6124,24117.0,1.0,0.0,0.525,49.454930040467964,49.90634691086165,-332.7923727826095,1685.7940468121044,0.3158,-0.52,0.58,0.0,0.428,weakened
2024-08-09,24386.849609375,24419.75,24311.19921875,24367.5,215100,yfinance:^NSEI,2026-08-05T14:32:28.085569,-0.0793,1.5628,-1.4168,-1.8818,328780.0,350285.0,0.6542,0.6141,dry,108.55,0.4455,269.85,1.1189,430.98,322.01,0.4102,0.5983,24367.5,1.0,0.0,0.525,49.98576469040269,52.66923784218993,365.6417860553989,928.3462794660817,9.0,0.8,0.6,0.02,0.702,strongly_participatory
2024-08-12,24320.05078125,24472.80078125,24212.099609375,24347.0,279900,yfinance:^NSEI,2026-08-05T14:32:28.085569,0.1108,0.2037,1.2114,-1.9693,287360.0,347990.0,0.974,0.8043,normal,260.7,1.0708,-47.45,-0.1947,318.32,304.33,0.4249,0.5966,24347.0,1.0,0.0,0.525,54.64268653235396,54.66223581090202,-804.0158066788205,670.0169515661743,0.75,-0.1429,0.6,0.06,0.5174,mixed
2024-08-13,24342.349609375,24359.94921875,24116.5,24139.0,239700,yfinance:^NSEI,2026-08-05T14:32:28.085569,-0.8354,0.0912,0.6104,-2.8897,272840.0,344705.0,0.8785,0.6954,dry,243.45,1.0085,-4.65,-0.0191,282.57,307.64,0.4483,0.6017,24139.0,1.0,0.0,0.525,41.15132939272906,52.28005070367777,-1112.0985315266446,-683.062974894243,0.3889,-0.44,0.58,-0.02,0.442,weakened
2024-08-14,24184.400390625,24196.5,24099.69921875,24143.75,303300,yfinance:^NSEI,2026-08-05T14:32:28.085569,-0.1681,-0.9182,-0.6328,-3.2359,269980.0,345710.0,1.1234,0.8773,elevated,96.8,0.4009,45.4,0.1881,232.9,299.18,0.4047,0.5981,24143.75,1.0,0.0,0.525,48.57252989775514,48.76144811074176,646.8262467964789,-1369.5477918574197,0.7857,-0.12,0.5,-0.08,0.468,mixed
2024-08-16,24334.849609375,24563.900390625,24204.5,24541.150390625,271600,yfinance:^NSEI,2026-08-05T14:32:28.085569,0.8478,0.7974,1.7587,-1.8782,261920.0,341745.0,1.037,0.7947,normal,359.4,1.4645,191.1,0.7915,264.77,296.68,0.5561,0.6207,24541.150390625,1.0,0.0,0.525,51.831838605971136,49.2368298238424,2036.3081603106132,-257.30017429478096,15.6667,0.88,0.62,0.02,0.726,strongly_participatory
2024-08-19,24636.349609375,24638.80078125,24522.94921875,24572.650390625,243600,yfinance:^NSEI,2026-08-05T14:32:28.085569,-0.2586,1.7965,0.8419,-0.5868,267620.0,336735.0,0.9102,0.7234,normal,115.85,0.4715,95.2,0.3879,227.39,288.88,0.5561,0.6205,24572.650390625,1.0,0.0,0.525,43.919868809162026,48.023650647594266,1647.6040528943543,327.6379591247179,1.5,0.2,0.6,0.12,0.592,strengthened
2024-08-20,24648.900390625,24734.30078125,24607.19921875,24698.849609375,238300,yfinance:^NSEI,2026-08-05T14:32:28.085569,0.2026,2.2991,1.4451,2.674,259300.0,332440.0,0.919,0.7168,normal,127.1,0.5146,76.25,0.3103,207.58,288.06,0.5061,0.6153,24698.849609375,1.0,0.0,0.525,45.84100051765303,46.26331344465408,-941.7786944082575,871.8428260204846,4.0,0.6,0.68,0.14,0.706,strongly_participatory
2024-08-21,24680.55078125,24787.94921875,24654.5,24770.19921875,257100,yfinance:^NSEI,2026-08-05T14:32:28.085569,0.3632,0.9333,2.6149,3.2412,262780.0,323475.0,0.9784,0.7948,normal,133.45,0.5387,-18.3,-0.0741,185.58,288.44,0.47,0.6197,24770.19921875,1.0,0.0,0.525,40.169890273741544,46.067025620856576,946.4021537026985,553.7841571646297,2.8462,0.48,0.7,0.22,0.698,strengthened
2024-08-22,24863.400390625,24867.349609375,24784.44921875,24811.5,220300,yfinance:^NSEI,2026-08-05T14:32:28.085569,-0.2087,0.972,2.7657,2.1154,246180.0,316160.0,0.8949,0.6968,dry,82.9,0.3341,93.2,0.3763,185.65,286.3,0.4725,0.6167,24811.5,1.0,0.0,0.525,44.445653919391106,45.24165042518377,-269.027803747609,1172.165407226576,1.0833,0.04,0.7,0.2,0.608,strengthened
2024-08-23,24845.400390625,24858.400390625,24771.650390625,24823.150390625,206800,yfinance:^NSEI,2026-08-05T14:32:28.085569,-0.0896,0.5033,1.1491,2.928,233220.0,306910.0,0.8867,0.6738,dry,86.75,0.3495,33.9,0.1366,118.97,269.35,0.4414,0.6092,24823.150390625,1.0,0.0,0.525,51.018403944358816,45.078963492861305,986.9814652437135,-1384.936411707984,0.7241,-0.16,0.66,0.16,0.548,mixed
2024-08-26,24906.099609375,25043.80078125,24874.69921875,25010.599609375,210300,yfinance:^NSEI,2026-08-05T14:32:28.085569,0.4196,0.9705,1.7823,2.6392,226560.0,298235.0,0.9282,0.7051,normal,169.1,0.6761,82.95,0.3342,139.93,226.25,0.4607,0.6118,25010.599609375,1.0,0.0,0.525,54.95684736084528,47.286359203197954,-736.9221110721804,-597.3309942906808,1.6316,0.24,0.72,0.26,0.662,strengthened
2024-08-27,25024.80078125,25073.099609375,24973.650390625,25017.75,223300,yfinance:^NSEI,2026-08-05T14:32:28.085569,-0.0282,0.8313,1.2912,2.755,223560.0,291650.0,0.9988,0.7656,normal,99.45,0.3975,14.2,0.0568,127.49,203.2,0.4603,0.6053,25017.75,1.0,0.0,0.525,58.845102870439604,49.88717967375527,-744.2706004373587,-390.289114258774,0.6667,-0.2,0.7,0.32,0.572,strengthened
2024-08-28,25030.80078125,25129.599609375,24964.650390625,25052.349609375,220400,yfinance:^NSEI,2026-08-05T14:32:28.085569,0.0861,0.9233,1.1391,3.7837,216220.0,283420.0,1.0193,0.7776,normal,164.95,0.6584,13.05,0.0522,133.79,190.33,0.3475,0.6056,25052.349609375,1.0,0.0,0.525,51.307479225789606,52.114697464164884,-527.5212508545039,-743.877487339898,0.7241,-0.16,0.7,0.28,0.576,strengthened
2024-08-29,25035.30078125,25192.900390625,24998.5,25151.94921875,354000,yfinance:^NSEI,2026-08-05T14:32:28.085569,0.4659,0.5652,1.3721,4.1758,242960.0,284440.0,1.457,1.2446,elevated,194.4,0.7729,-17.05,-0.0681,153.24,185.58,0.3476,0.612,25151.94921875,1.0,0.0,0.525,63.014366500464526,55.828439980379564,2265.4861372867294,-585.4709468172745,1.2273,0.102,0.7,0.2,0.6204,strengthened
2024-08-30,25249.69921875,25268.349609375,25199.400390625,25235.900390625,638200,yfinance:^NSEI,2026-08-05T14:32:28.085569,-0.0546,0.872,1.6628,2.831,329240.0,294785.0,1.9384,2.165,spike,68.95,0.2732,97.75,0.3886,159.17,172.27,0.2614,0.579,25235.900390625,1.0,0.0,0.525,41.80968640717141,53.986696472942086,336.0612935062583,-1166.0478002992,2.8462,0.48,0.78,0.34,0.742,strongly_participatory
2024-09-02,25333.599609375,25333.650390625,25235.5,25278.69921875,222800,yfinance:^NSEI,2026-08-05T14:32:28.085569,-0.2167,0.9035,1.0719,2.8733,331740.0,288675.0,0.6716,0.7718,dry,98.15,0.3883,97.7,0.3871,134.67,160.66,0.2555,0.5294,25278.69921875,1.0,0.0,0.525,59.968354491913466,54.98899789915572,-803.4745347115274,790.8105620513244,1.1739,0.08,0.74,0.4,0.652,strengthened
2024-09-03,25313.400390625,25321.69921875,25235.80078125,25279.849609375,212100,yfinance:^NSEI,2026-08-05T14:32:28.085569,-0.1325,0.5085,1.0477,2.3523,329500.0,274930.0,0.6437,0.7715,dry,85.9,0.3398,34.7,0.1373,131.96,149.41,0.2616,0.5275,25279.849609375,1.0,0.0,0.525,53.23492525083246,53.86696237523429,-532.3378102483928,-374.93471313510423,0.7857,-0.12,0.78,0.24,0.612,strengthened
2024-09-04,25089.94921875,25216.0,25083.80078125,25198.69921875,253800,yfinance:^NSEI,2026-08-05T14:32:28.085569,0.4334,-0.1474,0.5842,1.7299,336180.0,272005.0,0.755,0.9331,dry,132.2,0.5246,-189.9,-0.7512,138.18,156.5,0.2714,0.5294,25198.69921875,1.0,0.0,0.525,47.55532263271636,53.11653105661965,-447.9921130452116,-434.2745707735901,0.6897,-0.1837,0.72,0.04,0.5553,strengthened
2024-09-05,25250.5,25275.44921875,25127.75,25145.099609375,222200,yfinance:^NSEI,2026-08-05T14:32:28.085569,-0.4174,-0.5285,-0.0272,1.3445,309820.0,267235.0,0.7172,0.8315,dry,147.7,0.5874,51.8,0.2056,128.84,137.04,0.3013,0.5346,25145.099609375,1.0,0.0,0.525,50.23974901055856,50.56160755863845,-585.5214383236936,992.0897710385248,0.5625,-0.28,0.68,0.14,0.53,mixed
2024-09-06,25093.69921875,25168.75,24801.30078125,24852.150390625,311700,yfinance:^NSEI,2026-08-05T14:32:28.085569,-0.9626,-1.6919,-1.5207,0.1168,244520.0,267225.0,1.2747,1.1664,elevated,367.45,1.4785,-51.4,-0.2044,179.05,155.01,0.4398,0.5447,24852.150390625,1.0,0.0,0.525,38.996087621612986,49.99888780152677,1934.7311831934774,314.7056369610412,0.1364,-0.76,0.52,-0.1,0.346,weakened
2024-09-09,24823.400390625,24957.5,24753.150390625,24936.400390625,254400,yfinance:^NSEI,2026-08-05T14:32:28.085569,0.4552,-1.0409,-1.3541,-0.2967,250840.0,269190.0,1.0142,0.9451,normal,204.35,0.8195,-28.75,-0.1157,200.29,158.06,0.4441,0.4467,24936.400390625,1.0,0.0,0.525,48.875158356839144,47.7802485745119,-91.78644639701496,570.2566924904215,1.1739,0.08,0.58,-0.1,0.538,mixed
2024-09-10,24999.400390625,25130.5,24896.80078125,25041.099609375,251300,yfinance:^NSEI,2026-08-05T14:32:28.085569,0.1668,-0.4136,-0.9444,0.0933,258680.0,267760.0,0.9715,0.9385,normal,233.7,0.9333,63.0,0.2526,229.85,165.22,0.4488,0.4446,25041.099609375,1.0,0.0,0.525,53.806132991189536,47.89449012258332,-460.1392708428152,67.89007719356694,2.125,0.36,0.64,0.06,0.634,strengthened
2024-09-11,25034.0,25113.69921875,24885.150390625,24918.44921875,279200,yfinance:^NSEI,2026-08-05T14:32:28.085569,-0.4616,0.2668,-1.1122,-0.5345,263760.0,269735.0,1.0585,1.0351,normal,228.55,0.9172,-7.1,-0.0284,236.35,174.6,0.4677,0.4491,24918.44921875,1.0,0.0,0.525,51.84807385389371,48.75304036681879,-891.7976649357448,-1027.4419217763382,0.3889,-0.44,0.58,0.04,0.448,weakened
2024-09-12,25059.650390625,25433.349609375,24941.44921875,25388.900390625,380100,yfinance:^NSEI,2026-08-05T14:32:28.085569,1.3139,1.8146,0.9696,0.9421,295340.0,273575.0,1.287,1.3894,elevated,491.9,1.9375,141.2,0.5667,309.79,205.19,0.6262,0.5142,25388.900390625,1.0,0.0,0.525,49.79107219423305,48.66330500355368,764.8569127221107,12.398687382358563,50.0,1.0,0.74,0.22,0.818,strongly_participatory
2024-09-13,25430.44921875,25430.5,25292.44921875,25356.5,250800,yfinance:^NSEI,2026-08-05T14:32:28.085569,-0.2908,1.2595,2.0294,0.4779,283160.0,272535.0,0.8857,0.9202,dry,138.05,0.5444,41.55,0.1636,263.91,199.29,0.6334,0.516,25356.5,1.0,0.0,0.525,41.6762043564375,49.19932835051859,-1744.5402822954807,122.11784783958693,0.6129,-0.24,0.74,0.34,0.582,strengthened
2024-09-16,25406.650390625,25445.69921875,25336.19921875,25383.75,168700,yfinance:^NSEI,2026-08-05T14:32:28.085569,-0.0901,1.8673,1.794,0.4156,266020.0,268790.0,0.6342,0.6276,dry,109.5,0.4314,50.15,0.1978,244.94,200.0,0.6301,0.5143,25383.75,1.0,0.0,0.525,58.76336036923982,51.176968752998725,2597.073067233959,-1291.7870497907356,1.0833,0.04,0.78,0.32,0.652,strengthened
2024-09-17,25416.900390625,25441.650390625,25352.25,25418.55078125,216000,yfinance:^NSEI,2026-08-05T14:32:28.085569,0.0065,0.1168,1.5073,0.5487,258960.0,267675.0,0.8341,0.8069,dry,89.4,0.3517,33.15,0.1306,216.08,194.61,0.6284,0.4814,25418.55078125,1.0,0.0,0.525,60.74549301311518,52.564840757383855,1756.208370983244,212.35631871484608,0.96,-0.0204,0.78,0.32,0.6399,strengthened
2024-09-18,25402.400390625,25482.19921875,25285.55078125,25377.55078125,215700,yfinance:^NSEI,2026-08-05T14:32:28.085569,-0.0978,0.083,1.8424,0.7098,246260.0,265605.0,0.8759,0.8121,dry,196.65,0.7749,-16.15,-0.0635,209.7,194.77,0.6113,0.4581,25377.55078125,1.0,0.0,0.525,43.91027458855052,50.977280904315215,-2.682822724430556,-1166.450473935598,0.6667,-0.2,0.76,0.18,0.582,strengthened
2024-09-19,25487.05078125,25611.94921875,25376.05078125,25415.80078125,314500,yfinance:^NSEI,2026-08-05T14:32:28.085569,-0.2796,0.1263,0.106,1.0766,233140.0,270315.0,1.349,1.1635,elevated,235.9,0.9282,109.5,0.4315,153.9,203.3,0.6033,0.4608,25415.80078125,1.0,0.0,0.525,40.08316143793135,49.03569875305488,91.0937383618907,-716.6179684884556,1.0,0.0,0.74,0.08,0.604,strengthened
2024-09-20,25525.94921875,25849.25,25426.599609375,25790.94921875,533100,yfinance:^NSEI,2026-08-05T14:32:28.085569,1.0382,1.4651,1.7134,3.7775,289600.0,286630.0,1.8408,1.8599,spike,422.65,1.6388,110.15,0.4334,212.98,227.25,0.589,0.4876,25790.94921875,1.0,0.0,0.525,46.99370463920282,50.099198809607934,1335.2016674683757,369.1357672601712,8.8,0.7959,0.76,0.3,0.7932,strongly_participatory
2024-09-23,25872.55078125,25956.0,25847.349609375,25939.05078125,209200,yfinance:^NSEI,2026-08-05T14:32:28.085569,0.257,2.2126,2.1876,4.0208,297700.0,286575.0,0.7027,0.73,dry,108.65,0.4189,81.6,0.3164,224.09,232.91,0.5819,0.4886,25939.05078125,1.0,0.0,0.525,34.46028296228145,45.23858332821626,-2029.2589330885985,-189.9097665985871,2.3333,0.4,0.78,0.34,0.726,strongly_participatory
2024-09-24,25921.44921875,26011.55078125,25886.849609375,25940.400390625,384100,yfinance:^NSEI,2026-08-05T14:32:28.085569,0.0731,2.0641,2.053,3.5913,331320.0,294615.0,1.1593,1.3037,elevated,124.7,0.4807,-17.6,-0.0679,231.15,227.81,0.5825,0.4885,25940.400390625,1.0,0.0,0.525,60.23640255568491,45.136765236730206,-262.7303136421743,-35.252809873304344,0.9231,-0.04,0.82,0.3,0.65,strengthened
2024-09-25,25899.44921875,26032.80078125,25871.349609375,26004.150390625,278500,yfinance:^NSEI,2026-08-05T14:32:28.085569,0.4043,0.8267,2.4691,4.357,343880.0,297520.0,0.8099,0.9361,dry,161.45,0.6209,-40.95,-0.1579,224.11,228.79,0.5451,0.4626,26004.150390625,1.0,0.0,0.525,46.735936811368084,45.70189768129372,1828.2076357873104,-51.63207960044307,1.5,0.2,0.82,0.2,0.688,strengthened
2024-09-26,26005.400390625,26250.900390625,25998.400390625,26216.05078125,370900,yfinance:^NSEI,2026-08-05T14:32:28.085569,0.81,1.0679,3.1486,3.2579,355160.0,298365.0,1.0443,1.2431,normal,252.5,0.9632,1.25,0.0048,227.43,220.58,0.449,0.4778,26216.05078125,1.0,0.0,0.525,44.58495144042064,46.602255681791576,124.1002329514551,118.01177814484801,7.3333,0.76,0.86,0.34,0.83,strongly_participatory
2024-09-27,26248.25,26277.349609375,26151.400390625,26178.94921875,490300,yfinance:^NSEI,2026-08-05T14:32:28.085569,-0.264,0.9196,1.5044,3.2435,346600.0,290970.0,1.4146,1.6851,elevated,125.95,0.4811,32.2,0.1228,165.93,214.98,0.4459,0.4627,26178.94921875,1.0,0.0,0.525,39.90316499791866,45.18414775353475,-1194.5327153213618,220.760156539339,1.5,0.2,0.88,0.46,0.738,strongly_participatory
2024-09-30,26061.30078125,26134.69921875,25794.099609375,25810.849609375,343100,yfinance:^NSEI,2026-08-05T14:32:28.085569,-0.961,-0.7433,-0.4942,1.6826,373380.0,296985.0,0.9189,1.1553,normal,340.6,1.3196,-117.65,-0.4494,209.89,225.78,0.5728,0.4974,25810.849609375,1.0,0.0,0.525,48.58654373750723,48.00939990857991,672.9134646484038,-538.6672416697411,0.3158,-0.52,0.82,0.2,0.544,mixed
2024-10-01,25788.44921875,25907.599609375,25739.19921875,25796.900390625,247400,yfinance:^NSEI,2026-08-05T14:32:28.085569,0.0328,-1.5988,-0.5532,1.4885,346040.0,298750.0,0.7149,0.8281,dry,168.4,0.6528,-22.4,-0.0868,218.63,221.48,0.5723,0.4967,25796.900390625,1.0,0.0,0.525,37.68031280207157,43.498181957857234,-72.45180877096342,-137.4275659184925,0.6897,-0.1837,0.78,0.04,0.5793,strengthened
2024-10-03,25452.849609375,25639.44921875,25230.30078125,25250.099609375,423400,yfinance:^NSEI,2026-08-05T14:32:28.085569,-0.7966,-3.5481,-2.8997,-0.5022,375020.0,307230.0,1.129,1.3781,elevated,409.15,1.6204,-344.05,-1.3337,299.66,225.17,0.6382,0.5169,25250.099609375,1.0,0.0,0.525,45.31372240567897,43.21373907671942,-138.9835320929106,210.5437559312831,0.0638,-0.88,0.7,-0.06,0.398,weakened
2024-10-04,25181.900390625,25485.05078125,24966.80078125,25014.599609375,374900,yfinance:^NSEI,2026-08-05T14:32:28.085569,-0.6644,-3.0849,-4.5829,-1.5786,375820.0,314865.0,0.9976,1.1907,normal,518.25,2.0718,-68.2,-0.2701,352.81,252.33,0.6699,0.5304,25014.599609375,1.0,0.0,0.525,61.352172202315145,46.56718322909831,57.68769246449797,403.3740772718313,0.2195,-0.64,0.52,-0.2,0.36,weakened
2024-10-07,25084.099609375,25143.0,24694.349609375,24795.75,374300,yfinance:^NSEI,2026-08-05T14:32:28.085569,-1.1495,-3.8809,-5.2836,-3.8587,352620.0,317995.0,1.0615,1.1771,normal,448.65,1.8094,69.5,0.2778,417.35,276.56,0.6474,0.5707,24795.75,1.0,0.0,0.525,46.03405548731245,47.79336132697707,-510.90242259896706,-6.621170516317831,0.25,-0.6,0.5,-0.32,0.348,weakened
2024-10-08,24832.19921875,25044.0,24756.80078125,25013.150390625,333200,yfinance:^NSEI,2026-08-05T14:32:28.085569,0.7287,-0.9384,-3.0906,-3.5695,350640.0,321935.0,0.9503,1.035,normal,287.2,1.1482,36.45,0.147,397.82,290.69,0.7015,0.5818,25013.150390625,1.0,0.0,0.525,45.81821144201864,47.23969486787936,-406.18411010976104,403.1308794303522,2.8462,0.48,0.52,-0.16,0.588,strengthened
2024-10-09,25065.80078125,25234.05078125,24947.69921875,24981.94921875,290600,yfinance:^NSEI,2026-08-05T14:32:28.085569,-0.3345,-0.1305,-3.1591,-3.6948,359280.0,323900.0,0.8088,0.8972,dry,286.35,1.1462,52.65,0.2105,421.41,297.09,0.697,0.5846,24981.94921875,1.0,0.0,0.525,26.424906856467427,44.988613678758526,-872.2422723792841,-522.3967774085953,1.1739,0.08,0.5,0.0,0.516,mixed
2024-10-10,25067.05078125,25134.05078125,24979.400390625,24998.44921875,261400,yfinance:^NSEI,2026-08-05T14:32:28.085569,-0.2737,0.8175,-0.9966,-3.8675,326880.0,323010.0,0.7997,0.8093,dry,154.65,0.6186,85.1,0.3407,339.02,291.29,0.6617,0.5858,24998.44921875,1.0,0.0,0.525,47.565641067857506,45.43899741119423,745.4540297228882,706.0367322391028,0.8846,-0.0612,0.54,-0.02,0.5018,mixed
2024-10-11,24985.30078125,25028.650390625,24920.05078125,24964.25,210500,yfinance:^NSEI,2026-08-05T14:32:28.085569,-0.0843,-0.1955,-0.2013,-4.7749,294000.0,314530.0,0.716,0.6693,dry,108.6,0.435,-13.15,-0.0526,257.09,268.09,0.5475,0.578,24964.25,1.0,0.0,0.525,46.152523758330574,42.39906772239732,739.1724452767099,2209.501933645811,1.5,0.2,0.48,-0.1,0.522,mixed
2024-10-14,25023.44921875,25159.75,25017.5,25127.94921875,206400,yfinance:^NSEI,2026-08-05T14:32:28.085569,0.4176,0.5844,1.3397,-4.0147,260420.0,312310.0,0.7926,0.6609,dry,142.25,0.5661,59.2,0.2371,206.46,270.26,0.6027,0.5845,25127.94921875,1.0,0.0,0.525,57.01252023638206,44.59476067221124,-493.38785111048475,43.908276946235134,2.5714,0.44,0.52,0.0,0.596,strengthened
2024-10-15,25186.30078125,25212.05078125,25008.150390625,25057.349609375,257200,yfinance:^NSEI,2026-08-05T14:32:28.085569,-0.512,0.2356,0.1767,-2.9193,245220.0,316735.0,1.0489,0.812,normal,203.9,0.8137,58.35,0.2322,189.8,275.92,0.5642,0.59,25057.349609375,1.0,0.0,0.525,45.848890475561355,44.60089647891978,-746.9760525902353,1146.7418617589424,0.6129,-0.24,0.5,0.0,0.452,mixed
2024-10-16,25008.55078125,25093.400390625,24908.44921875,24971.30078125,226800,yfinance:^NSEI,2026-08-05T14:32:28.085569,-0.1489,0.0282,-0.0426,-3.2004,232460.0,317275.0,0.9757,0.7148,normal,184.95,0.7407,-48.8,-0.1947,169.52,277.6,0.5565,0.5901,24971.30078125,1.0,0.0,0.525,39.14779273006664,47.14547365363963,-2068.6199622461013,126.62771950712363,0.5625,-0.28,0.52,-0.12,0.44,weakened
2024-10-17,25027.400390625,25029.5,24728.900390625,24749.849609375,252800,yfinance:^NSEI,2026-08-05T14:32:28.085569,-1.109,-1.5047,-0.9945,-1.9812,230740.0,319130.0,1.0956,0.7922,normal,300.6,1.2146,56.1,0.2247,198.71,281.03,0.596,0.6128,24749.849609375,1.0,0.0,0.525,68.58687842599889,51.34972112526791,413.5901008301998,-845.8044238250018,0.25,-0.6,0.4,-0.24,0.316,weakened
2024-10-18,24664.94921875,24886.19921875,24567.650390625,24854.05078125,290900,yfinance:^NSEI,2026-08-05T14:32:28.085569,0.7667,-0.8113,-0.4414,-0.6418,246820.0,317950.0,1.1786,0.9149,elevated,318.55,1.2817,-84.9,-0.343,240.7,294.79,0.6695,0.63,24854.05078125,1.0,0.0,0.525,48.4737474721159,51.813965868024965,-1065.057694018798,717.205731824588,1.6316,0.24,0.44,-0.32,0.492,mixed
2024-10-21,24956.150390625,24978.30078125,24679.599609375,24781.099609375,242000,yfinance:^NSEI,2026-08-05T14:32:28.085569,-0.7014,-0.7617,-1.3803,-0.0591,253940.0,303395.0,0.953,0.7976,normal,298.7,1.2054,102.1,0.4108,261.34,288.64,0.6089,0.6189,24781.099609375,1.0,0.0,0.525,49.584678086142844,50.32839743797713,790.0261263151266,593.6825710228422,0.4286,-0.4,0.38,-0.2,0.352,weakened
2024-10-22,24798.650390625,24882.0,24445.80078125,24472.099609375,279500,yfinance:^NSEI,2026-08-05T14:32:28.085569,-1.3168,-1.1222,-2.3356,-2.1631,258400.0,306910.0,1.0817,0.9107,normal,436.2,1.7824,17.55,0.0708,307.8,307.76,0.6333,0.6518,24472.099609375,1.0,0.0,0.525,46.84511670460846,50.527642683786546,1331.1811909202247,449.04360056095436,0.0204,-0.96,0.24,-0.36,0.168,deteriorated
2024-10-23,24378.150390625,24604.25,24378.099609375,24435.5,284600,yfinance:^NSEI,2026-08-05T14:32:28.085569,0.2353,-1.684,-2.1457,-2.1874,269960.0,301935.0,1.0542,0.9426,normal,226.15,0.9255,-93.95,-0.3839,316.04,283.45,0.658,0.653,24435.5,1.0,0.0,0.525,43.41070394495811,51.380224926764846,90.92603743237481,-605.8019177491673,0.6667,-0.2,0.2,-0.44,0.296,deteriorated
2024-10-24,24412.69921875,24480.650390625,24341.19921875,24399.400390625,216700,yfinance:^NSEI,2026-08-05T14:32:28.085569,-0.0545,-1.5403,-1.416,-2.3963,262740.0,298845.0,0.8248,0.7251,dry,139.45,0.5715,-22.8,-0.0933,283.81,256.39,0.6616,0.6498,24399.400390625,1.0,0.0,0.525,43.62512847007686,46.387874935580435,141.83388284743947,676.325077324455,0.9231,-0.04,0.18,-0.36,0.328,weakened
2024-10-25,24418.05078125,24440.25,24073.900390625,24180.80078125,372600,yfinance:^NSEI,2026-08-05T14:32:28.085569,-0.9716,-1.1903,-2.7088,-3.1383,279080.0,298930.0,1.3351,1.2464,elevated,366.35,1.515,18.65,0.0764,293.37,250.51,0.6954,0.6109,24180.80078125,1.0,0.0,0.525,47.73797383827201,46.24072020881166,-642.5159924738272,1502.581725903817,0.3158,-0.52,0.16,-0.5,0.21,deteriorated
2024-10-28,24251.099609375,24492.599609375,24134.900390625,24339.150390625,278600,yfinance:^NSEI,2026-08-05T14:32:28.085569,0.3631,-0.3943,-1.7834,-3.1391,286400.0,288345.0,0.9728,0.9662,normal,357.7,1.4696,70.3,0.2907,305.17,255.55,0.689,0.6184,24339.150390625,1.0,0.0,0.525,48.851441821535175,46.09407295589013,724.5478462345327,284.44415259800803,2.5714,0.44,0.16,-0.16,0.436,weakened
2024-10-29,24328.849609375,24484.5,24140.849609375,24466.849609375,332000,yfinance:^NSEI,2026-08-05T14:32:28.085569,0.5672,0.2764,-0.0215,-2.3566,296900.0,287790.0,1.1182,1.1536,elevated,343.65,1.4046,-10.3,-0.0423,286.66,259.64,0.7424,0.6323,24466.849609375,1.0,0.0,0.525,45.96018226063316,45.91708606709506,-64.5836803644654,264.6987849403931,1.7222,0.2653,0.22,-0.18,0.4231,weakened
2024-10-30,24371.44921875,24498.19921875,24307.30078125,24340.849609375,285200,yfinance:^NSEI,2026-08-05T14:32:28.085569,-0.1256,0.6619,-0.3873,-2.5247,297020.0,289680.0,0.9602,0.9845,normal,190.9,0.7843,-95.4,-0.3899,279.61,262.23,0.7427,0.6317,24340.849609375,1.0,0.0,0.525,60.0319439086615,49.241334059835744,553.0051834614322,-1532.0580556522889,0.7241,-0.16,0.22,-0.1,0.346,weakened
2024-10-31,24349.849609375,24372.44921875,24172.599609375,24205.349609375,287000,yfinance:^NSEI,2026-08-05T14:32:28.085569,-0.5934,-0.5497,-0.7953,-2.2,311080.0,282860.0,0.9226,1.0146,normal,199.85,0.8256,9.0,0.037,291.69,268.75,0.6914,0.6371,24205.349609375,1.0,0.0,0.525,26.792241532855904,45.87475667239155,423.8241190906629,-1077.6148703848914,0.4286,-0.4,0.16,-0.08,0.276,deteriorated
2024-11-01,24302.75,24368.25,24280.19921875,24304.349609375,38800,yfinance:^NSEI,2026-08-05T14:32:28.085569,0.0066,-0.6642,0.5109,-2.2117,244320.0,266055.0,0.1588,0.1458,dry,88.05,0.3623,97.4,0.4024,251.0,266.42,0.6127,0.6373,24304.349609375,1.0,0.0,0.525,56.7320548153797,47.673572867813085,-172.19899010144252,583.7607901235806,7.3333,0.76,0.2,0.0,0.532,mixed
2024-11-04,24315.75,24316.75,23816.150390625,23995.349609375,285500,yfinance:^NSEI,2026-08-05T14:32:28.085569,-1.3177,-1.4194,-1.4125,-3.1708,245700.0,261615.0,1.162,1.0913,elevated,500.6,2.0862,11.4,0.0469,279.58,287.61,0.6884,0.6315,23995.349609375,1.0,0.0,0.525,45.25849924735721,46.9549843529775,1010.0978673990902,1090.3376389062164,0.1905,-0.68,0.14,-0.28,0.192,deteriorated
2024-11-05,23916.5,24229.05078125,23842.75,24213.30078125,289500,yfinance:^NSEI,2026-08-05T14:32:28.085569,1.241,0.0328,-1.0363,-1.0575,237200.0,259430.0,1.2205,1.1159,elevated,386.3,1.5954,-78.85,-0.3286,288.11,301.99,0.7497,0.681,24213.30078125,1.0,0.0,0.525,45.02847307203367,46.768642515257596,-1866.453723784956,20.06970931098997,3.5455,0.56,0.18,-0.14,0.47,mixed
2024-11-06,24308.75,24537.599609375,24204.05078125,24484.05078125,351100,yfinance:^NSEI,2026-08-05T14:32:28.085569,0.7211,0.7394,0.5883,0.1987,250380.0,262455.0,1.4023,1.3378,elevated,333.55,1.3623,95.45,0.3942,316.64,304.35,0.7861,0.6997,24484.05078125,1.0,0.0,0.525,36.73990644225743,42.11023502197678,-128.40807939172979,-113.74079206007646,4.5556,0.64,0.28,0.04,0.544,mixed
2024-11-07,24489.599609375,24503.349609375,24179.05078125,24199.349609375,322200,yfinance:^NSEI,2026-08-05T14:32:28.085569,-1.1852,0.8502,-0.0248,-0.8199,257420.0,265495.0,1.2517,1.2136,elevated,324.3,1.3401,5.55,0.0227,341.53,304.76,0.8692,0.7148,24199.349609375,1.0,0.0,0.525,41.777466499273,45.1072800152602,485.4489945462638,-385.9199308404075,0.1364,-0.76,0.24,-0.06,0.238,deteriorated
2024-11-08,24207.69921875,24276.150390625,24066.650390625,24148.19921875,298700,yfinance:^NSEI,2026-08-05T14:32:28.085569,-0.2458,-0.2689,-0.6425,-0.1348,309400.0,269905.0,0.9654,1.1067,normal,209.5,0.8676,8.35,0.0345,350.85,298.39,0.8199,0.6876,24148.19921875,1.0,0.0,0.525,39.11539323627337,41.58394769943894,1112.7282586749043,786.6030893466235,0.8519,-0.08,0.22,-0.08,0.364,weakened
2024-11-11,24087.25,24336.80078125,24004.599609375,24141.30078125,273400,yfinance:^NSEI,2026-08-05T14:32:28.085569,0.2244,-1.3999,0.6082,-0.8129,306980.0,273255.0,0.8906,1.0005,dry,332.2,1.3761,-60.95,-0.2524,317.17,290.96,0.8132,0.6932,24141.30078125,1.0,0.0,0.525,58.17244075995327,44.16673600195815,-1348.0774110414231,783.3254895448559,0.6667,-0.2,0.24,-0.18,0.338,weakened
2024-11-12,24225.80078125,24242.0,23839.150390625,23883.44921875,255800,yfinance:^NSEI,2026-08-05T14:32:28.085569,-1.4132,-1.3054,-1.3623,-2.3845,300240.0,273185.0,0.852,0.9364,dry,402.85,1.6867,84.5,0.35,320.48,303.58,0.879,0.714,23883.44921875,1.0,0.0,0.525,53.77337651234588,45.91571669002059,-355.8744255462802,170.8383597801736,0.1628,-0.72,0.2,-0.14,0.222,deteriorated
2024-11-13,23822.44921875,23873.599609375,23509.599609375,23559.05078125,304600,yfinance:^NSEI,2026-08-05T14:32:28.085569,-1.1057,-2.4397,-3.778,-3.2119,290940.0,277075.0,1.047,1.0993,normal,364.0,1.5451,-61.0,-0.2554,328.54,320.32,0.9152,0.7282,23559.05078125,1.0,0.0,0.525,38.967585830262166,46.361252567621534,-9.398780243558068,245.84323115991367,0.0638,-0.88,0.1,-0.38,0.126,deteriorated
2024-11-14,23542.150390625,23675.900390625,23484.150390625,23532.69921875,257700,yfinance:^NSEI,2026-08-05T14:32:28.085569,-0.0401,-2.521,-2.7548,-2.7789,278040.0,277320.0,0.9268,0.9293,normal,191.75,0.8148,-16.9,-0.0717,302.03,307.85,0.9167,0.7233,23532.69921875,1.0,0.0,0.525,43.80383786976181,46.7665268417193,2039.8709351830921,470.2679561670574,0.6667,-0.2,0.12,-0.36,0.272,deteriorated
2024-11-18,23605.30078125,23606.80078125,23350.400390625,23453.80078125,263300,yfinance:^NSEI,2026-08-05T14:32:28.085569,-0.6418,-1.7989,-2.8756,-3.4996,270960.0,275940.0,0.9717,0.9542,normal,256.4,1.0932,72.6,0.3085,311.41,300.61,0.9146,0.7229,23453.80078125,1.0,0.0,0.525,46.07739681473492,48.15892755741161,-705.2536407792096,818.817295865459,0.7857,-0.12,0.12,-0.32,0.292,deteriorated
2024-11-19,23529.55078125,23780.650390625,23464.80078125,23518.5,297500,yfinance:^NSEI,2026-08-05T14:32:28.085569,-0.047,-0.1721,-2.5798,-1.9873,275780.0,278715.0,1.0788,1.0674,normal,315.85,1.343,75.75,0.323,310.34,299.41,0.8557,0.7044,23518.5,1.0,0.0,0.525,45.00143353960322,45.5247261133416,413.0659190962045,-731.5263702415972,1.2273,0.102,0.14,-0.2,0.3564,weakened
2024-11-21,23488.44921875,23507.30078125,23263.150390625,23349.900390625,420300,yfinance:^NSEI,2026-08-05T14:32:28.085569,-0.5899,-0.7768,-2.234,-3.5658,308680.0,285755.0,1.3616,1.4708,elevated,244.15,1.0456,-30.05,-0.1278,280.84,304.02,0.679,0.6832,23349.900390625,1.0,0.0,0.525,51.55410649188832,45.08087210925009,1209.489771868408,-521.4229757387616,0.4706,-0.36,0.14,-0.42,0.242,deteriorated
2024-11-22,23411.80078125,23956.099609375,23359.0,23907.25,367600,yfinance:^NSEI,2026-08-05T14:32:28.085569,2.1162,1.9334,1.478,-2.3558,321280.0,289905.0,1.1442,1.268,elevated,597.1,2.4976,61.9,0.2651,327.31,333.04,1.0066,0.8106,23907.25,1.0,0.0,0.525,45.11227067344736,46.309809077887124,-812.2112207459872,-572.6090236182522,49.0,0.96,0.28,0.06,0.61,strengthened
2024-11-25,24253.55078125,24351.55078125,24135.44921875,24221.900390625,687200,yfinance:^NSEI,2026-08-05T14:32:28.085569,-0.1305,2.9908,2.9287,0.0932,407180.0,313430.0,1.6877,2.1925,spike,216.1,0.8922,346.3,1.4485,377.82,353.14,0.9568,0.8105,24221.900390625,1.0,0.0,0.525,52.92748485555411,48.13453847504559,-250.36832301510677,1439.0622522347662,4.5556,0.64,0.32,0.28,0.584,strengthened
2024-11-26,24343.30078125,24343.30078125,24125.400390625,24194.5,230700,yfinance:^NSEI,2026-08-05T14:32:28.085569,-0.6113,3.6171,3.1581,0.1917,400660.0,306335.0,0.5758,0.7531,dry,217.9,0.9006,121.4,0.5012,370.12,332.95,0.9662,0.8139,24194.5,1.0,0.0,0.525,52.74481006374707,49.46802112484802,1240.7174952822522,-748.2971270831046,0.7857,-0.12,0.3,0.08,0.404,weakened
2024-11-27,24204.80078125,24354.55078125,24145.650390625,24274.900390625,295000,yfinance:^NSEI,2026-08-05T14:32:28.085569,0.2896,1.5378,3.2162,0.5534,400160.0,307155.0,0.7372,0.9604,dry,208.9,0.8606,10.3,0.0426,346.53,320.28,0.9698,0.8108,24274.900390625,1.0,0.0,0.525,45.523628485488075,49.57246011402499,-555.525089284661,145.410963068282,1.0,0.0,0.28,0.1,0.422,weakened
2024-11-28,24274.150390625,24345.75,23873.349609375,23914.150390625,366700,yfinance:^NSEI,2026-08-05T14:32:28.085569,-1.4831,-1.2705,2.4165,0.1285,389440.0,308890.0,0.9416,1.1872,normal,472.4,1.9754,-0.75,-0.0031,389.94,330.2,0.9795,0.842,23914.150390625,1.0,0.0,0.525,50.60906417793694,49.383451651234715,624.4182482781035,692.8780057156098,0.087,-0.84,0.22,-0.02,0.218,deteriorated
2024-11-29,23927.150390625,24188.44921875,23927.150390625,24131.099609375,282100,yfinance:^NSEI,2026-08-05T14:32:28.085569,0.8524,-0.262,0.9363,2.4281,372340.0,308735.0,0.7576,0.9137,dry,261.3,1.0828,13.0,0.0544,323.56,326.62,0.9795,0.8654,24131.099609375,1.0,0.0,0.525,37.991091388917575,47.959215794328756,266.4443023310696,738.4113095718895,7.3333,0.76,0.26,0.04,0.56,strengthened
2024-12-02,24140.849609375,24301.69921875,24008.650390625,24276.05078125,220400,yfinance:^NSEI,2026-08-05T14:32:28.085569,0.5601,0.0047,0.2236,3.1588,278980.0,305405.0,0.79,0.7217,dry,293.05,1.2072,9.75,0.0404,293.31,332.59,0.9969,0.8592,24276.05078125,1.0,0.0,0.525,43.81821583584768,46.13736199038747,767.9433816499358,-498.9527876122325,1.9412,0.32,0.34,0.04,0.504,mixed
2024-12-03,24367.5,24481.349609375,24280.0,24457.150390625,339500,yfinance:^NSEI,2026-08-05T14:32:28.085569,0.3679,2.2706,1.0856,4.278,300740.0,320440.0,1.1289,1.0595,elevated,201.35,0.8233,91.45,0.3767,290.79,323.53,0.972,0.8475,24457.150390625,1.0,0.0,0.525,56.392073806695116,46.86681473897708,98.36202561815651,560.6812965443728,4.0,0.6,0.36,0.14,0.578,strengthened
2024-12-04,24488.75,24573.19921875,24366.30078125,24467.44921875,348000,yfinance:^NSEI,2026-08-05T14:32:28.085569,-0.087,1.3938,0.7932,4.0349,311340.0,323565.0,1.1177,1.0755,elevated,206.9,0.8456,31.6,0.1292,290.39,309.53,0.9729,0.8416,24467.44921875,1.0,0.0,0.525,42.36525047565792,46.235139137011046,269.25096183452644,597.683996917247,0.8519,-0.08,0.32,0.16,0.428,weakened
2024-12-05,24539.150390625,24857.75,24295.55078125,24708.400390625,361500,yfinance:^NSEI,2026-08-05T14:32:28.085569,0.6897,1.781,3.3213,5.818,310300.0,327165.0,1.165,1.1049,elevated,562.2,2.2753,71.7,0.293,308.35,322.99,0.9518,0.825,24708.400390625,1.0,0.0,0.525,36.732309629091525,43.459788227241965,-961.6019467282767,1139.765862161374,4.0,0.6,0.38,0.24,0.596,strengthened
2024-12-06,24729.44921875,24751.05078125,24620.5,24677.80078125,226700,yfinance:^NSEI,2026-08-05T14:32:28.085569,-0.2089,0.9022,2.2655,3.2231,299220.0,320945.0,0.7576,0.7064,dry,130.55,0.529,21.05,0.0852,279.6,318.61,0.6969,0.8231,24677.80078125,1.0,0.0,0.525,35.54696661180877,42.970963271820196,527.0261565272187,126.18600743328084,0.7241,-0.16,0.4,0.14,0.442,weakened
2024-12-09,24633.900390625,24705.0,24580.05078125,24619.0,248100,yfinance:^NSEI,2026-08-05T14:32:28.085569,-0.0605,0.6194,1.4127,1.6394,304760.0,317240.0,0.8141,0.7821,dry,124.95,0.5075,-43.9,-0.1779,245.98,309.22,0.6955,0.8231,24619.0,1.0,0.0,0.525,62.03835345587492,46.61499079582565,2077.1428706377924,167.14148002322779,0.7241,-0.16,0.38,0.06,0.426,weakened
2024-12-10,24652.650390625,24677.80078125,24510.650390625,24610.05078125,261000,yfinance:^NSEI,2026-08-05T14:32:28.085569,-0.1728,-0.398,0.6252,1.7175,289060.0,315355.0,0.9029,0.8276,normal,167.15,0.6792,33.65,0.1367,238.35,297.82,0.6636,0.8065,24610.05078125,1.0,0.0,0.525,31.344564736930224,41.605488981872675,630.6132751340652,-59.8322711902326,0.6667,-0.2,0.4,0.12,0.432,weakened
2024-12-11,24620.5,24691.75,24583.849609375,24641.80078125,187300,yfinance:^NSEI,2026-08-05T14:32:28.085569,0.0865,-0.1459,0.7126,1.5114,256920.0,311050.0,0.729,0.6022,dry,107.9,0.4379,10.45,0.0425,218.55,287.29,0.6594,0.803,24641.80078125,1.0,0.0,0.525,61.571650946320304,45.44676907600515,-990.784254860191,-563.2726127921707,1.1304,0.0612,0.42,0.12,0.4922,mixed
2024-12-12,24604.44921875,24675.25,24527.94921875,24548.69921875,266100,yfinance:^NSEI,2026-08-05T14:32:28.085569,-0.2266,-0.2856,-0.6463,2.6534,237840.0,311565.0,1.1188,0.8541,elevated,147.3,0.6,-37.35,-0.1516,135.57,254.51,0.4042,0.794,24548.69921875,1.0,0.0,0.525,49.68813973762095,48.037935097711035,426.2121311410065,-687.6683075608642,0.5152,-0.32,0.44,-0.02,0.41,weakened
2024-12-13,24498.349609375,24792.30078125,24180.80078125,24768.30078125,310100,yfinance:^NSEI,2026-08-05T14:32:28.085569,1.1019,0.643,0.3667,2.6406,254520.0,311840.0,1.2184,0.9944,elevated,611.5,2.4689,-50.35,-0.2051,231.76,266.45,0.4549,0.824,24768.30078125,1.0,0.0,0.525,47.22629510503686,50.37380079635665,-369.31657031587457,730.5258336373573,4.5556,0.64,0.44,0.02,0.606,strengthened
2024-12-16,24753.400390625,24781.25,24601.75,24668.25,187600,yfinance:^NSEI,2026-08-05T14:32:28.085569,-0.344,0.1073,0.2,1.6156,242420.0,308335.0,0.7739,0.6084,dry,179.5,0.7277,-14.9,-0.0602,242.67,263.71,0.4662,0.8197,24668.25,1.0,0.0,0.525,47.69892238060121,47.50591458130191,256.8721612262601,-390.63889486267857,0.4286,-0.4,0.44,0.14,0.41,weakened
2024-12-17,24584.80078125,24624.099609375,24303.44921875,24336.0,264900,yfinance:^NSEI,2026-08-05T14:32:28.085569,-1.012,-0.8664,-1.1136,-0.4954,243200.0,308415.0,1.0892,0.8589,normal,320.65,1.3176,-83.45,-0.3383,282.2,274.84,0.5745,0.8379,24336.0,1.0,0.0,0.525,56.82641505613218,52.6022846451423,-623.4988716333305,1168.6369352555591,0.0204,-0.96,0.34,-0.08,0.236,deteriorated
2024-12-18,24297.94921875,24394.44921875,24149.849609375,24198.849609375,235300,yfinance:^NSEI,2026-08-05T14:32:28.085569,-0.4079,-2.2991,-1.7976,-1.0978,252800.0,305305.0,0.9308,0.7707,normal,244.6,1.0108,-38.05,-0.1564,309.54,258.57,0.5873,0.8078,24198.849609375,1.0,0.0,0.525,48.913821189296314,50.070718693737504,506.6358525786898,-1163.7927247404239,0.5625,-0.28,0.36,-0.12,0.376,weakened
2024-12-19,23877.150390625,24004.900390625,23870.30078125,23951.69921875,271100,yfinance:^NSEI,2026-08-05T14:32:28.085569,0.3122,-2.9047,-2.4319,-3.0625,253800.0,297845.0,1.0682,0.9102,normal,134.6,0.562,-321.7,-1.3294,345.79,262.45,0.5446,0.7734,23951.69921875,1.0,0.0,0.525,49.20241409169502,49.97357356455232,-1633.8737352874384,240.74061567406181,0.3889,-0.44,0.32,-0.3,0.31,weakened
2024-12-20,23960.69921875,24065.80078125,23537.349609375,23587.5,442700,yfinance:^NSEI,2026-08-05T14:32:28.085569,-1.5575,-3.0757,-4.7674,-4.4181,280320.0,301600.0,1.5793,1.4678,spike,528.45,2.2404,9.0,0.0376,329.18,279.26,0.7164,0.8024,23587.5,1.0,0.0,0.525,45.09110230228915,49.54653500400278,-2692.24040536514,-465.6127837545741,0.1111,-0.8,0.18,-0.38,0.174,deteriorated
2024-12-23,23738.19921875,23869.55078125,23647.19921875,23753.44921875,189800,yfinance:^NSEI,2026-08-05T14:32:28.085569,0.0642,-1.8406,-3.7084,-3.5158,280760.0,276730.0,0.676,0.6859,dry,222.35,0.9361,150.7,0.6389,349.69,284.74,0.7207,0.7797,23753.44921875,1.0,0.0,0.525,34.318652858747,46.87048109963193,-377.94626699179287,-667.9512113226018,3.1667,0.52,0.26,-0.22,0.486,mixed
2024-12-24,23769.099609375,23867.650390625,23685.150390625,23727.650390625,177700,yfinance:^NSEI,2026-08-05T14:32:28.085569,-0.1744,-0.9354,-2.4998,-3.5855,263320.0,274080.0,0.6748,0.6484,dry,182.5,0.7691,15.65,0.0659,313.23,283.0,0.7207,0.7794,23727.650390625,1.0,0.0,0.525,37.214516623154296,42.948101413036355,-1705.9055368464785,655.9041350424544,0.7241,-0.16,0.2,-0.14,0.334,weakened
2024-12-26,23775.80078125,23854.5,23653.599609375,23750.19921875,177700,yfinance:^NSEI,2026-08-05T14:32:28.085569,-0.1077,0.6898,-1.854,-3.6182,251800.0,268215.0,0.7057,0.6625,dry,200.9,0.8459,48.15,0.2029,304.49,257.19,0.7142,0.7767,23750.19921875,1.0,0.0,0.525,49.366923505023536,43.038721876181796,438.8959830296435,-619.7029329973658,1.5,0.2,0.28,-0.08,0.444,weakened
2024-12-27,23801.400390625,23938.849609375,23800.599609375,23813.400390625,176800,yfinance:^NSEI,2026-08-05T14:32:28.085569,0.0504,0.2524,-0.5774,-2.9953,232940.0,258720.0,0.759,0.6834,dry,138.25,0.5806,51.2,0.2156,276.51,261.34,0.7199,0.7385,23813.400390625,1.0,0.0,0.525,46.528133309178564,42.50386571967851,-308.45288515225485,859.2792482615134,1.2727,0.12,0.3,-0.02,0.442,weakened
2024-12-30,23796.900390625,23915.349609375,23599.30078125,23644.900390625,364900,yfinance:^NSEI,2026-08-05T14:32:28.085569,-0.6387,-0.3487,0.2434,-4.5356,217380.0,262860.0,1.6786,1.3882,spike,316.05,1.3366,-16.5,-0.0693,234.03,274.99,0.5611,0.721,23644.900390625,1.0,0.0,0.525,43.681922557525105,42.2220297707257,-527.3069057149364,-1605.6070424357574,0.3158,-0.52,0.3,-0.24,0.292,deteriorated
2024-12-31,23560.599609375,23689.849609375,23460.44921875,23644.80078125,193600,yfinance:^NSEI,2026-08-05T14:32:28.085569,0.3574,-0.4438,-0.4574,-4.1489,218140.0,261520.0,0.8875,0.7403,dry,229.4,0.9702,-84.3,-0.3565,223.5,279.44,0.6081,0.7251,23644.80078125,1.0,0.0,0.525,41.7735621967815,43.7130116383326,1718.362069926177,104.05322130120757,1.0833,0.04,0.26,-0.22,0.39,weakened
2025-01-01,23637.650390625,23822.80078125,23562.80078125,23742.900390625,154900,yfinance:^NSEI,2026-08-05T14:32:28.085569,0.4453,-0.2961,0.0643,-2.4371,213580.0,252290.0,0.7253,0.614,dry,260.0,1.0951,-7.15,-0.0302,239.0,290.3,0.5961,0.722,23742.900390625,1.0,0.0,0.525,49.566762040781455,46.183460721858026,561.0254163453791,-269.61364889186365,2.3333,0.4,0.36,-0.06,0.518,mixed
2025-01-02,23783.0,24226.69921875,23751.55078125,24188.650390625,283200,yfinance:^NSEI,2026-08-05T14:32:28.085569,1.7056,2.2997,1.8461,-0.0421,234680.0,249050.0,1.2067,1.1371,elevated,475.15,1.9643,40.1,0.1689,295.58,314.34,0.8296,0.7875,24188.650390625,1.0,0.0,0.525,40.17301777907974,44.34467957666927,2776.9776790311553,461.80922141354165,24.0,0.92,0.48,0.16,0.692,strengthened
2025-01-03,24196.400390625,24196.44921875,23976.0,24004.75,312300,yfinance:^NSEI,2026-08-05T14:32:28.085569,-0.7921,1.5223,0.8035,0.2215,261780.0,246590.0,1.193,1.2665,elevated,220.45,0.9184,7.75,0.032,301.94,286.41,0.863,0.794,24004.75,1.0,0.0,0.525,51.26602204571577,45.29225732397671,1787.3212424728583,-1363.218537035904,0.6667,-0.2,0.44,0.18,0.454,mixed
2025-01-06,24045.80078125,24089.94921875,23551.900390625,23616.05078125,278100,yfinance:^NSEI,2026-08-05T14:32:28.085569,-1.7872,-0.5343,-0.122,0.121,244420.0,249160.0,1.1378,1.1162,elevated,538.05,2.2783,41.05,0.171,346.34,312.02,0.909,0.7599,23616.05078125,1.0,0.0,0.525,51.780779859304346,46.91202878433256,-389.5820679190702,992.6773180378026,0.087,-0.84,0.32,-0.14,0.246,deteriorated
2025-01-07,23679.900390625,23795.19921875,23637.80078125,23707.900390625,262300,yfinance:^NSEI,2026-08-05T14:32:28.085569,0.1182,-1.9875,0.2669,-0.1918,258160.0,249870.0,1.016,1.0497,normal,157.4,0.6639,63.85,0.2704,336.29,298.76,0.9101,0.7608,23707.900390625,1.0,0.0,0.525,50.048237874511,48.56696391987846,-530.1662802248374,492.72048184423613,2.125,0.36,0.32,-0.02,0.498,mixed
2025-01-08,23746.650390625,23751.849609375,23496.150390625,23688.94921875,266400,yfinance:^NSEI,2026-08-05T14:32:28.085569,-0.243,-1.3156,-0.2272,-0.1631,280460.0,250140.0,0.9499,1.065,normal,255.7,1.0794,38.75,0.1634,335.43,299.55,0.9112,0.7551,23688.94921875,1.0,0.0,0.525,55.861527871564114,49.825917086035,334.3828114436167,-244.36457349265487,0.7857,-0.12,0.34,-0.22,0.39,weakened
2025-01-09,23674.75,23689.5,23503.05078125,23526.5,269200,yfinance:^NSEI,2026-08-05T14:32:28.085569,-0.6262,-0.3792,-2.7374,-0.9419,277660.0,254235.0,0.9695,1.0589,normal,186.45,0.7925,-14.2,-0.0599,275.96,289.4,0.927,0.7583,23526.5,1.0,0.0,0.525,61.32379555570061,54.05607264135917,1171.553563249305,-554.5047270777394,0.4706,-0.36,0.32,-0.24,0.332,weakened
2025-01-10,23551.900390625,23596.599609375,23344.349609375,23431.5,261000,yfinance:^NSEI,2026-08-05T14:32:28.085569,-0.5112,-1.1659,-2.3881,-1.6037,267400.0,253980.0,0.9761,1.0276,normal,252.25,1.0765,25.4,0.108,282.32,269.67,0.9311,0.7171,23431.5,1.0,0.0,0.525,56.11496052014505,55.025860336245024,-858.3794427218744,623.7671108518186,0.3889,-0.44,0.32,-0.34,0.306,weakened
2025-01-13,23195.400390625,23340.94921875,23047.25,23085.94921875,316500,yfinance:^NSEI,2026-08-05T14:32:28.085569,-0.4719,-2.5455,-2.2447,-2.3639,275080.0,254300.0,1.1506,1.2446,elevated,293.7,1.2722,-236.1,-1.0076,251.56,276.97,0.9238,0.6986,23085.94921875,1.0,0.0,0.525,43.00145137843457,53.26999464007107,306.5976222993099,374.74965180012674,0.087,-0.84,0.3,-0.52,0.2,deteriorated
2025-01-14,23165.900390625,23264.94921875,23134.150390625,23176.05078125,311200,yfinance:^NSEI,2026-08-05T14:32:28.085569,0.0438,-1.4896,-2.2433,-1.9825,284860.0,260480.0,1.0925,1.1947,normal,130.8,0.5644,79.95,0.3463,251.53,276.72,0.9087,0.6875,23176.05078125,1.0,0.0,0.525,48.20872840168667,52.90209274550621,742.2573331869173,1394.7110398271552,2.125,0.36,0.26,-0.24,0.452,mixed
2025-01-15,23250.44921875,23293.650390625,23146.44921875,23213.19921875,228000,yfinance:^NSEI,2026-08-05T14:32:28.085569,-0.1602,-0.9317,-2.0083,-2.231,277180.0,258635.0,0.8226,0.8816,dry,147.2,0.6341,74.4,0.321,229.83,272.89,0.8797,0.6809,23213.19921875,1.0,0.0,0.525,52.14127216375299,52.15804160394398,1191.218850802641,746.6948679809525,1.0833,0.04,0.24,-0.06,0.398,weakened
2025-01-16,23377.25,23391.650390625,23272.05078125,23311.80078125,299400,yfinance:^NSEI,2026-08-05T14:32:28.085569,-0.28,0.9783,-0.9126,-3.625,283220.0,261840.0,1.0571,1.1434,normal,119.6,0.513,164.05,0.7067,228.23,272.16,0.5435,0.6812,23311.80078125,1.0,0.0,0.525,42.19404949477227,48.33209239175831,487.2129861981349,42.8506735663214,1.7778,0.28,0.22,-0.02,0.442,weakened
2025-01-17,23277.099609375,23292.099609375,23100.349609375,23203.19921875,272900,yfinance:^NSEI,2026-08-05T14:32:28.085569,-0.3175,0.1171,-0.9743,-3.3391,285600.0,261930.0,0.9555,1.0419,normal,191.75,0.8264,-34.7,-0.1489,220.07,264.69,0.533,0.6624,23203.19921875,1.0,0.0,0.525,49.49413411581663,47.00792711089262,-435.9698186412605,-27.714166651020065,1.45,0.1837,0.22,-0.08,0.4167,weakened
2025-01-20,23290.400390625,23391.099609375,23170.650390625,23344.75,301500,yfinance:^NSEI,2026-08-05T14:32:28.085569,0.2334,0.5667,1.121,-1.1488,282600.0,254870.0,1.0669,1.183,normal,220.45,0.9443,87.2,0.3758,187.31,264.05,0.2828,0.667,23344.75,1.0,0.0,0.525,36.74671122521422,45.756979080248556,-9.587952456148585,1316.3132358453367,1.5,0.2,0.28,-0.08,0.444,weakened
2025-01-21,23421.650390625,23426.30078125,22976.849609375,23024.650390625,312900,yfinance:^NSEI,2026-08-05T14:32:28.085569,-1.695,-1.2318,-0.6533,-2.882,282940.0,261025.0,1.1059,1.1987,elevated,449.45,1.952,76.9,0.3294,241.4,277.58,0.5214,0.7215,23024.650390625,1.0,0.0,0.525,40.61413403111277,44.238060206133774,521.4442712943701,-851.8787253577734,0.1905,-0.68,0.28,-0.12,0.264,deteriorated
2025-01-22,23099.150390625,23169.55078125,22981.30078125,23155.349609375,276000,yfinance:^NSEI,2026-08-05T14:32:28.085569,0.2433,-0.2062,-0.2492,-2.2525,292540.0,265940.0,0.9435,1.0378,normal,188.25,0.813,74.5,0.3236,249.61,256.47,0.5593,0.7267,23155.349609375,1.0,0.0,0.525,37.18652315506933,41.24711040439704,433.51936921649144,1196.250465371729,1.1739,0.08,0.26,-0.12,0.408,weakened
2025-01-23,23128.30078125,23270.80078125,23090.650390625,23205.349609375,275600,yfinance:^NSEI,2026-08-05T14:32:28.085569,0.3331,-0.5971,-0.4566,-1.3651,287780.0,270835.0,0.9577,1.0176,normal,180.15,0.7763,-27.05,-0.1168,249.95,253.59,0.5889,0.7316,23205.349609375,1.0,0.0,0.525,40.19301397618134,40.846903300678854,1214.952288747201,626.5472418688429,1.8824,0.3061,0.3,-0.02,0.4792,mixed
2025-01-24,23183.900390625,23347.30078125,23050.0,23092.19921875,264300,yfinance:^NSEI,2026-08-05T14:32:28.085569,-0.3955,0.2934,-0.4784,-1.4481,286060.0,275210.0,0.9239,0.9604,normal,297.3,1.2875,-21.45,-0.0924,267.12,236.39,0.5845,0.7324,23092.19921875,1.0,0.0,0.525,56.42913437286272,42.23390335208808,-1165.3432418230161,-1327.8460527913853,0.5806,-0.2653,0.26,-0.08,0.3429,weakened
2025-01-27,22940.150390625,23007.44921875,22786.900390625,22829.150390625,257400,yfinance:^NSEI,2026-08-05T14:32:28.085569,-0.4839,-1.4087,-2.2086,-1.1124,277240.0,269835.0,0.9284,0.9539,normal,220.55,0.9661,-152.05,-0.6584,284.09,245.4,0.5851,0.6899,22829.150390625,1.0,0.0,0.525,51.946543207047114,45.27386974845466,-60.512620797651806,-450.1058944137247,0.1364,-0.76,0.18,-0.22,0.198,deteriorated
2025-01-28,22960.44921875,23137.94921875,22857.650390625,22957.25,361900,yfinance:^NSEI,2026-08-05T14:32:28.085569,-0.0139,-1.0691,-0.2927,-0.9441,287040.0,278250.0,1.2608,1.3006,elevated,280.3,1.221,131.3,0.5751,255.96,249.2,0.5821,0.6913,22957.25,1.0,0.0,0.525,49.47868898955899,47.0467807401439,-1127.4909827312888,-132.71797076304276,1.0,0.0,0.18,-0.14,0.358,weakened
2025-01-29,23026.75,23183.349609375,22976.5,23163.099609375,226300,yfinance:^NSEI,2026-08-05T14:32:28.085569,0.5921,0.307,0.0335,-0.2158,277100.0,281820.0,0.8167,0.803,dry,206.85,0.893,69.5,0.3027,263.53,252.03,0.6412,0.6931,23163.099609375,1.0,0.0,0.525,41.13313775855029,47.836103660840095,237.3076558546499,-285.8152909347121,4.5556,0.64,0.22,0.02,0.518,mixed
2025-01-30,23169.5,23322.05078125,23139.19921875,23249.5,361900,yfinance:^NSEI,2026-08-05T14:32:28.085569,0.3453,1.8413,0.1903,-0.2672,294360.0,285755.0,1.2294,1.2665,elevated,182.85,0.7865,6.4,0.0276,264.07,247.07,0.6604,0.6991,23249.5,1.0,0.0,0.525,53.60247903527193,50.51799667265821,-1252.6406739111428,-402.700596056747,2.5714,0.44,0.32,0.02,0.518,mixed
2025-01-31,23296.75,23546.80078125,23277.400390625,23508.400390625,304900,yfinance:^NSEI,2026-08-05T14:32:28.085569,0.9085,2.4008,1.8023,1.3153,302480.0,285385.0,1.008,1.0684,normal,269.4,1.146,47.25,0.2032,264.07,240.86,0.729,0.7217,23508.400390625,1.0,0.0,0.525,43.39489739009781,47.91114927610523,-627.6017374999237,3106.239822680106,5.25,0.68,0.46,0.16,0.636,strengthened
2025-02-01,23528.599609375,23632.44921875,23318.30078125,23482.150390625,281000,yfinance:^NSEI,2026-08-05T14:32:28.085569,-0.1974,1.3774,2.8604,0.5886,307200.0,285530.0,0.9147,0.9841,normal,314.15,1.3378,20.2,0.0859,265.84,250.51,0.7269,0.6719,23482.150390625,1.0,0.0,0.525,48.97607851716289,47.31705633812838,2492.19364581099,353.2546706201377,0.7241,-0.16,0.42,0.24,0.46,mixed
2025-02-03,23319.349609375,23381.599609375,23222.0,23361.05078125,329700,yfinance:^NSEI,2026-08-05T14:32:28.085569,0.1788,0.4798,1.7589,1.461,300760.0,288900.0,1.0962,1.1412,normal,159.6,0.6832,-162.8,-0.6933,256.11,258.58,0.4345,0.6733,23361.05078125,1.0,0.0,0.525,47.2315208022028,46.86762270065715,1152.7052435093046,618.4588856874144,0.4706,-0.36,0.34,-0.02,0.362,weakened
2025-02-04,23509.900390625,23762.75,23423.150390625,23739.25,376700,yfinance:^NSEI,2026-08-05T14:32:28.085569,0.9755,0.982,2.4874,2.5217,330840.0,294415.0,1.1386,1.2795,elevated,339.6,1.4305,148.85,0.6372,291.23,274.53,0.5073,0.7017,23739.25,1.0,0.0,0.525,57.194186610285406,50.07983247100417,-629.62773861004,-62.77722115588307,4.0,0.6,0.46,0.18,0.622,strengthened
2025-02-05,23801.75,23807.30078125,23680.44921875,23696.30078125,267000,yfinance:^NSEI,2026-08-05T14:32:28.085569,-0.443,0.912,1.9218,2.1157,311860.0,294305.0,0.8562,0.9072,dry,126.85,0.5353,62.5,0.2633,280.03,268.49,0.5467,0.705,23696.30078125,1.0,0.0,0.525,42.3745885989929,47.83425438374836,1360.4663708722946,86.93664165409855,0.8519,-0.08,0.42,0.14,0.466,mixed
2025-02-06,23761.94921875,23773.55078125,23556.25,23603.349609375,307000,yfinance:^NSEI,2026-08-05T14:32:28.085569,-0.6675,1.0372,0.4039,2.2135,312280.0,296605.0,0.9831,1.035,normal,217.3,0.9206,65.65,0.277,264.03,268.26,0.5823,0.7124,23603.349609375,1.0,0.0,0.525,47.72009207602431,48.69929332093366,-111.5251054922687,732.3512287004601,0.5625,-0.28,0.46,0.04,0.432,weakened
2025-02-07,23649.5,23694.5,23443.19921875,23559.94921875,368100,yfinance:^NSEI,2026-08-05T14:32:28.085569,-0.3787,-0.7553,0.3313,3.2012,329700.0,299185.0,1.1165,1.2303,elevated,251.3,1.0666,46.15,0.1955,251.46,254.11,0.571,0.7073,23559.94921875,1.0,0.0,0.525,62.16640508508408,51.3373586345179,-339.39102282004734,1243.5597943647128,1.381,0.16,0.42,0.1,0.51,mixed
2025-02-10,23543.80078125,23568.599609375,23316.30078125,23381.599609375,234200,yfinance:^NSEI,2026-08-05T14:32:28.085569,-0.6889,-1.3281,0.088,1.8484,310600.0,295335.0,0.754,0.793,dry,252.3,1.079,-16.15,-0.0685,249.89,258.68,0.627,0.7098,23381.599609375,1.0,0.0,0.525,53.662015483643806,52.6234575708061,1438.2624131362388,316.33226771899035,0.2564,-0.5918,0.36,-0.02,0.3236,weakened
2025-02-11,23383.55078125,23390.05078125,22986.650390625,23071.80078125,268000,yfinance:^NSEI,2026-08-05T14:32:28.085569,-1.3332,-2.252,-2.8116,-0.3942,288860.0,297335.0,0.9278,0.9013,normal,403.4,1.7485,1.95,0.0083,250.23,274.63,0.733,0.7336,23071.80078125,1.0,0.0,0.525,43.50026579284586,49.884673407318196,-1085.5738604138573,-1049.0840432819932,0.1111,-0.8,0.24,-0.16,0.22,deteriorated
2025-02-12,23050.80078125,23144.69921875,22798.349609375,23045.25,279700,yfinance:^NSEI,2026-08-05T14:32:28.085569,-0.0241,-2.1846,-2.7475,-0.8785,291400.0,296350.0,0.9598,0.9438,normal,346.35,1.5029,-21.0,-0.091,294.13,278.13,0.7155,0.6413,23045.25,1.0,0.0,0.525,53.059261912444164,52.02160807000844,-580.434179513625,889.2740528080317,1.1739,0.08,0.28,-0.26,0.402,weakened
2025-02-13,23055.75,23235.5,22992.19921875,23031.400390625,265700,yfinance:^NSEI,2026-08-05T14:32:28.085569,-0.1056,-1.4978,-2.4232,-2.0291,283140.0,295990.0,0.9384,0.8977,normal,243.3,1.0564,10.5,0.0456,299.33,273.7,0.6102,0.6336,23031.400390625,1.0,0.0,0.525,55.780435597013835,53.63367677420634,-266.172126385244,1037.359813768168,1.0833,0.04,0.32,0.02,0.438,weakened
2025-02-14,23096.44921875,23133.69921875,22774.849609375,22929.25,254500,yfinance:^NSEI,2026-08-05T14:32:28.085569,-0.7239,-0.6179,-2.677,-2.3546,260420.0,293640.0,0.9773,0.8667,normal,358.85,1.565,65.05,0.2824,320.84,277.28,0.6259,0.5699,22929.25,1.0,0.0,0.525,52.97447969773757,51.795291696737046,296.940343318409,-511.89807420221564,0.2821,-0.56,0.24,-0.2,0.264,deteriorated
2025-02-17,22809.900390625,22974.19921875,22725.44921875,22959.5,207400,yfinance:^NSEI,2026-08-05T14:32:28.085569,0.6559,-0.3721,-1.8053,-1.7189,255060.0,288365.0,0.8131,0.7192,dry,248.75,1.0834,-119.35,-0.5205,320.13,278.9,0.6837,0.5882,22959.5,1.0,0.0,0.525,46.01985091558796,50.26685878312587,-118.28531361553452,1793.6261482249924,2.3333,0.4,0.32,-0.28,0.48,mixed
2025-02-18,22963.650390625,22992.5,22801.5,22945.30078125,210600,yfinance:^NSEI,2026-08-05T14:32:28.085569,-0.0799,-0.3738,-0.5483,-3.3445,243580.0,285095.0,0.8646,0.7387,dry,191.0,0.8324,4.15,0.0181,277.65,279.48,0.5348,0.5883,22945.30078125,1.0,0.0,0.525,47.40453256719963,51.04771213799663,1119.5436457578191,1262.8691870839173,0.9231,-0.04,0.28,-0.06,0.398,weakened
2025-02-19,22847.25,23049.94921875,22814.849609375,22932.900390625,207000,yfinance:^NSEI,2026-08-05T14:32:28.085569,0.3749,0.0159,-0.4875,-3.2216,229040.0,281665.0,0.9038,0.7349,normal,235.1,1.0252,-98.05,-0.4273,255.4,275.04,0.5842,0.5899,22932.900390625,1.0,0.0,0.525,52.96537678040542,51.028935111588886,-361.17734271976695,-74.73856489613154,1.1304,0.0612,0.32,-0.1,0.4302,weakened
2025-02-20,22821.099609375,22923.849609375,22812.75,22913.150390625,240800,yfinance:^NSEI,2026-08-05T14:32:28.085569,0.4034,-0.2019,-0.5134,-2.9242,224060.0,280490.0,1.0747,0.8585,normal,111.1,0.4849,-111.8,-0.4875,230.77,261.18,0.6064,0.5934,22913.150390625,1.0,0.0,0.525,49.421608007466034,49.75716959367933,-210.11200920817208,-234.4607700252603,1.1739,0.08,0.34,-0.1,0.442,weakened
2025-02-21,22857.19921875,22921.0,22720.30078125,22795.900390625,242800,yfinance:^NSEI,2026-08-05T14:32:28.085569,-0.2682,-0.6511,-0.5816,-3.243,221720.0,279760.0,1.0951,0.8679,normal,200.7,0.8804,-55.95,-0.2442,199.14,256.93,0.6036,0.5903,22795.900390625,1.0,0.0,0.525,37.31724513031919,46.62572268019564,268.125708235849,-45.15222638693523,0.4286,-0.4,0.34,-0.02,0.354,weakened
2025-02-24,22609.349609375,22668.05078125,22518.80078125,22553.349609375,214300,yfinance:^NSEI,2026-08-05T14:32:28.085569,-0.2477,-1.655,-1.769,-3.5423,223100.0,272380.0,0.9606,0.7868,normal,149.25,0.6618,-186.55,-0.8184,204.81,248.03,0.5778,0.5902,22553.349609375,1.0,0.0,0.525,52.478323583448315,47.91741721376772,-1067.4959941594357,-1827.1084338261232,0.3158,-0.52,0.26,-0.34,0.266,deteriorated
2025-02-25,22516.44921875,22625.30078125,22513.900390625,22547.55078125,250300,yfinance:^NSEI,2026-08-05T14:32:28.085569,0.1381,-1.5956,-1.7335,-2.2723,231040.0,273580.0,1.0834,0.9149,normal,111.4,0.4941,-36.9,-0.1636,188.89,246.93,0.3981,0.5918,22547.55078125,1.0,0.0,0.525,56.64624580443697,49.76575986121519,291.5712442891479,293.898509723626,0.6667,-0.2,0.28,-0.18,0.354,weakened
2025-02-27,22568.94921875,22613.30078125,22508.400390625,22545.05078125,289200,yfinance:^NSEI,2026-08-05T14:32:28.085569,-0.1059,-1.1004,-1.6912,-2.1705,247480.0,269945.0,1.1686,1.0713,elevated,104.9,0.4653,21.4,0.0949,162.85,238.9,0.3998,0.5909,22545.05078125,1.0,0.0,0.525,51.6734406338275,49.5073726318996,-685.6978941958283,-548.8156223648175,0.5625,-0.28,0.26,-0.2,0.328,weakened
2025-02-28,22433.400390625,22450.349609375,22104.849609375,22124.69921875,551300,yfinance:^NSEI,2026-08-05T14:32:28.085569,-1.3761,-1.9006,-3.441,-3.9368,309580.0,282265.0,1.7808,1.9531,spike,345.5,1.5616,-111.65,-0.4952,226.86,252.39,0.5935,0.6347,22124.69921875,1.0,0.0,0.525,47.438674308330825,49.110785892072556,-1445.607964622266,282.7780245763554,0.1111,-0.8,0.16,-0.62,0.142,deteriorated
2025-03-03,22194.55078125,22261.55078125,22004.69921875,22119.30078125,282400,yfinance:^NSEI,2026-08-05T14:32:28.085569,-0.339,-1.8993,-2.9681,-3.5324,317500.0,282335.0,0.8894,1.0002,dry,256.85,1.1612,69.85,0.3157,238.09,252.72,0.5618,0.6321,22119.30078125,1.0,0.0,0.525,49.66150149730489,51.579637165469705,128.50588225470267,34.36403452953978,1.7778,0.28,0.14,-0.42,0.37,weakened
2025-03-04,21974.44921875,22105.05078125,21964.599609375,22082.650390625,253300,yfinance:^NSEI,2026-08-05T14:32:28.085569,0.4924,-2.051,-2.087,-3.8191,325300.0,278515.0,0.7787,0.9095,dry,140.45,0.636,-144.85,-0.6549,213.61,234.95,0.5398,0.5705,22082.650390625,1.0,0.0,0.525,50.17263069756299,51.11849858829264,-186.21990548929043,-614.2308516761374,0.8519,-0.08,0.16,-0.36,0.312,weakened
2025-03-05,22073.05078125,22394.900390625,22067.80078125,22337.30078125,305900,yfinance:^NSEI,2026-08-05T14:32:28.085569,1.1972,0.9609,-0.9325,-2.6498,336420.0,274975.0,0.9093,1.1125,normal,327.1,1.4644,-9.6,-0.0435,256.75,233.58,0.6786,0.6138,22337.30078125,1.0,0.0,0.525,37.78601139343752,47.34645170609274,1544.9502719441991,1328.9724179782324,7.3333,0.76,0.18,-0.04,0.52,mixed
2025-03-06,22476.349609375,22556.44921875,22245.849609375,22544.69921875,372100,yfinance:^NSEI,2026-08-05T14:32:28.085569,0.3041,1.9232,-0.0016,-1.6928,353000.0,280230.0,1.0541,1.3278,normal,310.6,1.3777,139.05,0.6225,297.89,238.39,0.6749,0.6132,22544.69921875,1.0,0.0,0.525,39.3515476767339,44.88207311467402,-881.258571215189,-1196.3426374430671,6.1429,0.72,0.32,0.08,0.58,strengthened
2025-03-07,22508.650390625,22633.80078125,22464.75,22552.5,289800,yfinance:^NSEI,2026-08-05T14:32:28.085569,0.1948,2.1277,1.9336,-1.574,300700.0,279370.0,0.9638,1.0373,normal,169.05,0.7496,-36.05,-0.1599,243.66,224.83,0.6649,0.611,22552.5,1.0,0.0,0.525,56.42522282666323,46.6793828183405,136.92120329493085,726.4133923604169,0.8519,-0.08,0.36,0.08,0.436,weakened
2025-03-10,22521.849609375,22676.75,22429.05078125,22460.30078125,293900,yfinance:^NSEI,2026-08-05T14:32:28.085569,-0.2733,0.5506,1.5416,-1.4722,303000.0,275660.0,0.97,1.0662,normal,247.7,1.1028,-30.65,-0.1359,241.83,224.75,0.6651,0.6067,22460.30078125,1.0,0.0,0.525,48.22654700904368,46.39239192068827,287.257980752205,-242.290574812681,0.3514,-0.48,0.32,0.14,0.346,weakened
2025-03-11,22345.94921875,22522.099609375,22314.69921875,22497.900390625,347900,yfinance:^NSEI,2026-08-05T14:32:28.085569,0.68,-0.2076,1.8804,-0.2459,321920.0,281345.0,1.0807,1.2366,normal,207.4,0.9219,-114.35,-0.5091,252.37,225.93,0.6911,0.6199,22497.900390625,1.0,0.0,0.525,48.23804911596594,46.005475604368854,-1129.4456177962388,274.5724463186824,1.5,0.2,0.38,-0.12,0.48,mixed
2025-03-12,22536.349609375,22577.400390625,22329.55078125,22470.5,369700,yfinance:^NSEI,2026-08-05T14:32:28.085569,-0.2922,-0.3636,0.5963,-0.3417,334680.0,286430.0,1.1046,1.2907,elevated,247.85,1.103,38.45,0.1709,236.52,226.84,0.7012,0.6121,22470.5,1.0,0.0,0.525,55.50627044780798,49.54952741524295,956.3768879274201,265.7998517688075,0.6129,-0.24,0.34,-0.06,0.382,weakened
2025-03-13,22541.5,22558.05078125,22377.349609375,22397.19921875,287500,yfinance:^NSEI,2026-08-05T14:32:28.085569,-0.6402,-0.2809,-0.6543,-0.6558,317760.0,286820.0,0.9048,1.0024,normal,180.7,0.8068,71.0,0.316,210.54,231.16,0.7338,0.618,22397.19921875,1.0,0.0,0.525,43.87164217426101,50.45354631474837,1024.2892015046334,-294.8093063095638,0.4286,-0.4,0.34,0.04,0.36,weakened
2025-03-17,22353.150390625,22577.0,22353.150390625,22508.75,251100,yfinance:^NSEI,2026-08-05T14:32:28.085569,0.6961,0.0482,-0.194,1.7358,310020.0,286090.0,0.8099,0.8777,dry,223.85,0.9945,-44.05,-0.1967,221.5,232.81,0.5802,0.6077,22508.75,1.0,0.0,0.525,45.52662301225089,48.2738263518659,887.592786751324,-31.797661894458074,1.7778,0.28,0.36,-0.04,0.496,mixed
2025-03-18,22662.25,22857.80078125,22599.19921875,22834.30078125,272600,yfinance:^NSEI,2026-08-05T14:32:28.085569,0.7592,1.619,1.6652,3.2325,305760.0,286995.0,0.8915,0.9498,dry,258.6,1.1325,153.5,0.682,241.77,237.95,0.5703,0.6253,22834.30078125,1.0,0.0,0.525,49.7770701730697,48.583930984671106,1116.7469515279245,-766.4484062124434,1.0,1.0,0.36,0.0,0.644,strengthened
2025-03-19,22874.94921875,22940.69921875,22807.94921875,22907.599609375,324000,yfinance:^NSEI,2026-08-05T14:32:28.085569,0.1427,2.2789,1.8211,3.7357,300980.0,292825.0,1.0765,1.1065,normal,132.75,0.5795,40.65,0.178,226.84,239.48,0.5687,0.6249,22907.599609375,1.0,0.0,0.525,44.17001102669218,47.770323366816356,1319.7161016785874,74.94126703492728,6.1429,0.72,0.56,0.36,0.704,strongly_participatory
2025-03-20,23036.599609375,23216.69921875,22973.94921875,23190.650390625,313700,yfinance:^NSEI,2026-08-05T14:32:28.085569,0.6687,3.0295,3.2049,3.8203,289780.0,297980.0,1.0825,1.0528,normal,242.75,1.0468,129.0,0.5631,239.09,254.06,0.4932,0.6102,23190.650390625,1.0,0.0,0.525,58.04604900458817,48.27827907817239,1463.5448363305384,-159.7114875554106,11.5,0.84,0.6,0.52,0.76,strongly_participatory
2025-03-21,23168.25,23402.69921875,23132.80078125,23350.400390625,541000,yfinance:^NSEI,2026-08-05T14:32:28.085569,0.7862,2.2602,4.2559,3.5738,340480.0,314680.0,1.5889,1.7192,spike,269.9,1.1559,-22.4,-0.0966,256.93,241.9,0.5245,0.6235,23350.400390625,1.0,0.0,0.525,40.843141582243966,47.67257895976898,-1256.1055975293318,-483.3777815696375,2.8462,0.48,0.66,0.56,0.716,strongly_participatory
2025-03-24,23515.400390625,23708.75,23433.5,23658.349609375,311900,yfinance:^NSEI,2026-08-05T14:32:28.085569,0.6079,3.2773,5.1073,4.9034,352640.0,318235.0,0.8845,0.9801,dry,275.25,1.1634,165.0,0.7066,283.83,249.15,0.5339,0.62,23658.349609375,1.0,0.0,0.525,59.57582307482986,50.482418972284776,1173.3737109300644,245.55559873784202,5.25,0.68,0.68,0.52,0.76,strongly_participatory
2025-03-25,23751.5,23869.599609375,23601.400390625,23668.650390625,338200,yfinance:^NSEI,2026-08-05T14:32:28.085569,-0.3488,2.0612,3.6539,5.3799,365760.0,323005.0,0.9247,1.047,normal,268.2,1.1331,93.15,0.3937,267.66,257.26,0.5436,0.6193,23668.650390625,1.0,0.0,0.525,49.5724382120926,50.44149258008936,-442.481126749871,-325.7705205112605,0.6333,-0.2245,0.66,0.38,0.5571,strengthened
2025-03-26,23700.94921875,23736.5,23451.69921875,23486.849609375,278600,yfinance:^NSEI,2026-08-05T14:32:28.085569,-0.9033,0.5844,2.5286,4.3957,356680.0,326220.0,0.7811,0.854,dry,284.8,1.2126,32.3,0.1365,298.07,254.24,0.6439,0.6292,23486.849609375,1.0,0.0,0.525,56.25475631574908,52.858441637900725,492.83256357177913,-578.8715655990333,0.2195,-0.64,0.64,0.16,0.444,weakened
2025-03-27,23433.94921875,23646.44921875,23412.19921875,23591.94921875,510300,yfinance:^NSEI,2026-08-05T14:32:28.085569,0.6742,-0.2807,1.7304,4.9908,396000.0,339220.0,1.2886,1.5043,elevated,234.25,0.9929,-52.9,-0.2252,283.1,248.78,0.643,0.5838,23591.94921875,1.0,0.0,0.525,36.11551701570423,48.47233524012395,-263.98126201591685,-21.251443863457098,2.5714,0.44,0.66,0.18,0.67,strengthened
2025-03-28,23600.400390625,23649.19921875,23450.19921875,23519.349609375,295400,yfinance:^NSEI,2026-08-05T14:32:28.085569,-0.3434,-0.6308,0.7235,5.0102,346880.0,339530.0,0.8516,0.87,dry,199.0,0.8461,8.45,0.0358,268.92,250.92,0.6033,0.5891,23519.349609375,1.0,0.0,0.525,50.13640212695407,50.33098734906597,586.7336402032545,975.6140657207302,0.7857,-0.12,0.68,0.22,0.57,strengthened
2025-04-01,23341.099609375,23565.150390625,23136.400390625,23165.69921875,314300,yfinance:^NSEI,2026-08-05T14:32:28.085569,-0.7515,-1.3674,-2.0824,2.9186,347360.0,327680.0,0.9048,0.9592,normal,428.75,1.8508,-178.25,-0.7579,283.0,263.85,0.6616,0.608,23165.69921875,1.0,0.0,0.525,43.861692399197025,47.188161213939395,-104.40284592936968,-447.6682436850397,0.3889,-0.44,0.66,0.04,0.48,mixed
2025-04-02,23192.599609375,23350.0,23158.44921875,23332.349609375,341000,yfinance:^NSEI,2026-08-05T14:32:28.085569,0.6026,-1.1004,-1.4209,2.1811,347920.0,330610.0,0.9801,1.0314,normal,191.55,0.821,26.9,0.1161,267.67,262.72,0.6467,0.5965,23332.349609375,1.0,0.0,0.525,59.27477952148464,49.1286294758178,970.818433376395,1581.031985057026,1.6316,0.24,0.66,0.08,0.62,strengthened
2025-04-03,23150.30078125,23306.5,23145.80078125,23250.099609375,283200,yfinance:^NSEI,2026-08-05T14:32:28.085569,0.4311,-1.1448,-1.008,1.4951,348840.0,332105.0,0.8118,0.8527,dry,160.7,0.6912,-182.05,-0.7802,248.02,258.34,0.6546,0.5908,23250.099609375,1.0,0.0,0.525,66.391184988954,51.15591521045879,-35.75096986827987,-409.9184009297149,0.96,-0.0204,0.72,0.08,0.5919,strengthened
2025-04-04,23190.400390625,23214.69921875,22857.44921875,22904.44921875,466800,yfinance:^NSEI,2026-08-05T14:32:28.085569,-1.2331,-1.1277,-2.9141,-1.2341,340140.0,340150.0,1.3724,1.3723,elevated,357.25,1.5597,-59.7,-0.2568,279.7,273.48,0.7534,0.6389,22904.44921875,1.0,0.0,0.525,45.09729151648273,52.95227011061449,22.217074826158218,971.0613737893235,0.225,-0.6327,0.58,-0.12,0.3935,weakened
2025-04-07,21758.400390625,22254.0,21743.650390625,22161.599609375,647100,yfinance:^NSEI,2026-08-05T14:32:28.085569,1.8531,-5.0177,-5.7729,-5.0911,410480.0,353900.0,1.5764,1.8285,spike,510.35,2.3029,-1146.05,-5.0036,472.06,340.41,0.9377,0.7158,22161.599609375,1.0,0.0,0.525,60.6365771658457,55.052305118392816,767.7535540962639,704.435180614701,0.0417,-0.92,0.4,-0.54,0.222,deteriorated
2025-04-08,22446.75,22697.19921875,22270.849609375,22535.849609375,468300,yfinance:^NSEI,2026-08-05T14:32:28.085569,0.3969,-3.072,-2.7189,-4.7446,441280.0,362825.0,1.0612,1.2907,normal,426.35,1.8919,285.15,1.2867,493.43,353.73,0.9263,0.7157,22535.849609375,1.0,0.0,0.525,43.81711978277385,55.04339059510819,273.55255089438106,-438.318778679252,49.0,0.96,0.54,0.1,0.718,strongly_participatory
2025-04-09,22460.30078125,22468.69921875,22353.25,22399.150390625,383800,yfinance:^NSEI,2026-08-05T14:32:28.085569,-0.2723,-2.2061,-3.9996,-5.3636,449840.0,367320.0,0.8532,1.0449,dry,115.45,0.5154,-75.55,-0.3352,491.64,357.29,0.923,0.7158,22399.150390625,1.0,0.0,0.525,44.63850546323314,52.11613578345788,948.3241867237762,1295.9561383048178,0.5152,-0.32,0.5,0.1,0.446,weakened
2025-04-11,22695.400390625,22923.900390625,22695.400390625,22828.55078125,402200,yfinance:^NSEI,2026-08-05T14:32:28.085569,0.5867,3.0095,-1.8131,-2.8028,473640.0,370035.0,0.8492,1.0869,dry,228.5,1.0009,296.25,1.3226,559.28,372.7,0.8717,0.7173,22828.55078125,1.0,0.0,0.525,37.24439591172578,46.28677796801224,1452.231562627302,108.06154074598749,15.6667,0.88,0.6,0.22,0.738,strongly_participatory
2025-04-15,23368.349609375,23368.349609375,23207.0,23328.55078125,388300,yfinance:^NSEI,2026-08-05T14:32:28.085569,-0.1703,3.5175,1.8516,-1.1165,457940.0,370965.0,0.8479,1.0467,dry,161.35,0.6916,539.8,2.3646,588.71,391.97,0.8609,0.7196,23328.55078125,1.0,0.0,0.525,47.72252090090575,46.81182384489684,-389.96743406612364,600.9119520302386,24.0,0.92,0.68,0.34,0.79,strongly_participatory
2025-04-16,23344.099609375,23452.19921875,23273.05078125,23437.19921875,348400,yfinance:^NSEI,2026-08-05T14:32:28.085569,0.3988,4.6343,5.7559,-0.3493,398200.0,374010.0,0.8749,0.9315,dry,179.15,0.7644,15.55,0.0667,392.38,379.17,0.8494,0.7197,23437.19921875,1.0,0.0,0.525,49.87371786029216,44.659251983786135,1062.1689184981026,256.2770465015827,2.3333,0.4,0.68,0.28,0.68,strengthened
2025-04-17,23401.849609375,23872.349609375,23298.55078125,23851.650390625,505300,yfinance:^NSEI,2026-08-05T14:32:28.085569,1.9221,4.4817,5.8387,2.9611,405600.0,386720.0,1.2458,1.3066,elevated,573.8,2.4057,-35.35,-0.1508,400.02,401.0,0.9383,0.7302,23851.650390625,1.0,0.0,0.525,60.40400394251262,47.97662881573389,-1272.6571262457678,662.0522216967989,5.25,0.68,0.7,0.44,0.76,strongly_participatory
2025-04-21,23949.150390625,24189.55078125,23903.650390625,24125.55078125,406100,yfinance:^NSEI,2026-08-05T14:32:28.085569,0.7366,3.4164,7.7074,3.3996,410060.0,393395.0,0.9903,1.0323,normal,285.9,1.1851,97.5,0.4088,431.08,404.8,0.9416,0.7262,24125.55078125,1.0,0.0,0.525,47.604290322780535,48.56978578764337,-459.4840624629351,956.1772663661748,3.5455,0.56,0.8,0.46,0.778,strongly_participatory
2025-04-22,24185.400390625,24242.599609375,24072.0,24167.25,440900,yfinance:^NSEI,2026-08-05T14:32:28.085569,-0.075,3.1149,5.8641,3.9447,417800.0,399240.0,1.0553,1.1043,normal,170.6,0.7059,59.85,0.2481,360.25,400.25,0.9571,0.7283,24167.25,1.0,0.0,0.525,53.39855593733283,51.800617792764776,-209.0657931046078,-1273.2041758468706,0.7857,-0.12,0.8,0.28,0.624,strengthened
2025-04-23,24357.599609375,24359.30078125,24119.94921875,24328.94921875,415000,yfinance:^NSEI,2026-08-05T14:32:28.085569,-0.1176,2.0011,4.2883,6.2193,423140.0,404305.0,0.9808,1.0265,normal,239.35,0.9838,190.35,0.7876,300.16,403.13,0.795,0.7104,24328.94921875,1.0,0.0,0.525,39.018223827501615,50.05975837808395,-138.58048238968698,138.30041700480828,3.1667,0.52,0.84,0.24,0.764,strongly_participatory
2025-04-24,24277.900390625,24347.849609375,24216.150390625,24246.69921875,358800,yfinance:^NSEI,2026-08-05T14:32:28.085569,-0.1285,0.5022,3.4539,9.4086,425220.0,395195.0,0.8438,0.9079,dry,131.7,0.5432,-51.05,-0.2098,290.67,381.91,0.6636,0.7133,24246.69921875,1.0,0.0,0.525,51.059277969472404,50.296870399919996,-196.6186853856485,690.9998394980753,0.6667,-0.2,0.84,0.28,0.624,strengthened
2025-04-25,24289.0,24365.44921875,23847.849609375,24039.349609375,387700,yfinance:^NSEI,2026-08-05T14:32:28.085569,-1.0278,-0.5292,0.7869,6.6716,401700.0,398985.0,0.9651,0.9717,normal,517.6,2.1531,42.3,0.1745,279.43,405.2,0.7883,0.7488,24039.349609375,1.0,0.0,0.525,49.33161766570445,48.08239314455837,-1258.241846286667,318.6110512522402,0.2195,-0.64,0.82,0.2,0.52,mixed
2025-04-28,24070.25,24355.099609375,24054.05078125,24328.5,320500,yfinance:^NSEI,2026-08-05T14:32:28.085569,1.0729,-0.0018,0.8412,8.6135,384580.0,398100.0,0.8334,0.8051,dry,301.05,1.2374,30.9,0.1285,275.0,414.43,0.8158,0.761,24328.5,1.0,0.0,0.525,67.64240111928716,52.090015303859694,1042.1724903224965,245.65789359506712,4.0,0.6,0.8,0.12,0.752,strongly_participatory
2025-04-29,24370.69921875,24457.650390625,24290.75,24335.94921875,357600,yfinance:^NSEI,2026-08-05T14:32:28.085569,-0.1426,0.3681,0.698,6.6031,367920.0,402050.0,0.972,0.8894,normal,166.9,0.6858,42.2,0.1735,274.26,398.31,0.8219,0.7588,24335.94921875,1.0,0.0,0.525,42.89808012598947,49.989920141591014,991.8792014178205,223.84246969140864,0.6897,-0.1837,0.86,0.18,0.6253,strengthened
2025-04-30,24342.05078125,24396.150390625,24198.75,24334.19921875,424500,yfinance:^NSEI,2026-08-05T14:32:28.085569,-0.0323,1.2265,0.0216,4.3108,369820.0,397760.0,1.1479,1.0672,elevated,197.4,0.8112,6.1,0.0251,265.87,329.49,0.8152,0.7545,24334.19921875,1.0,0.0,0.525,43.752024359985455,50.93668024808779,-1117.6277253386459,966.7391841817908,0.7857,-0.12,0.86,0.18,0.638,strengthened
2025-05-02,24311.900390625,24589.150390625,24238.5,24346.69921875,421100,yfinance:^NSEI,2026-08-05T14:32:28.085569,0.1431,0.0748,0.4124,3.8806,382280.0,404045.0,1.1015,1.0422,elevated,350.65,1.4402,-22.3,-0.0916,309.66,316.28,0.8144,0.7376,24346.69921875,1.0,0.0,0.525,43.55618304671796,49.4360612635369,353.230027713339,117.1940353107549,0.4286,-0.4,0.84,0.18,0.574,strengthened
2025-05-05,24419.5,24526.400390625,24400.650390625,24461.150390625,291500,yfinance:^NSEI,2026-08-05T14:32:28.085569,0.1706,0.5145,1.7546,2.5554,363040.0,402905.0,0.8029,0.7235,dry,125.75,0.5141,72.8,0.299,242.08,316.07,0.5599,0.7324,24461.150390625,1.0,0.0,0.525,59.36403398391884,51.44254452717978,204.00879553356702,2280.261753464722,2.8462,0.48,0.84,0.16,0.748,strongly_participatory
2025-05-06,24500.75,24509.650390625,24331.80078125,24379.599609375,302400,yfinance:^NSEI,2026-08-05T14:32:28.085569,-0.4945,0.1866,0.21,1.053,359420.0,400975.0,0.8414,0.7542,dry,177.85,0.7295,39.6,0.1619,214.5,291.3,0.529,0.736,24379.599609375,1.0,0.0,0.525,43.43402965000419,46.60087023332318,653.1942043599727,-944.6415651140619,0.7241,-0.16,0.84,0.08,0.612,strengthened
2025-05-07,24233.30078125,24449.599609375,24220.0,24414.400390625,330100,yfinance:^NSEI,2026-08-05T14:32:28.085569,0.7473,0.2781,0.3224,1.0227,353920.0,403320.0,0.9327,0.8185,normal,229.6,0.9404,-146.3,-0.6001,227.04,269.14,0.5877,0.7434,24414.400390625,1.0,0.0,0.525,41.34115541516617,46.28948529115853,-206.3786899313203,-324.1952499981044,0.8519,-0.08,0.82,0.02,0.614,strengthened
2025-05-08,24431.5,24447.25,24150.19921875,24273.80078125,411400,yfinance:^NSEI,2026-08-05T14:32:28.085569,-0.6455,-0.7659,-0.2482,-0.2267,351300.0,400550.0,1.1711,1.0271,elevated,297.05,1.2238,17.1,0.07,246.97,277.56,0.6239,0.753,24273.80078125,1.0,0.0,0.525,51.77132445109123,47.89334530937968,884.1194893268114,-248.80239054428856,0.3514,-0.48,0.74,0.02,0.502,mixed
2025-05-09,23935.75,24164.25,23935.75,24008.0,335600,yfinance:^NSEI,2026-08-05T14:32:28.085569,0.3018,-1.5242,-1.3912,-0.9845,334200.0,384975.0,1.0042,0.8717,normal,228.5,0.9518,-338.05,-1.3927,244.45,260.72,0.6314,0.744,24008.0,1.0,0.0,0.525,43.58221564575223,47.89855182918653,3083.969251775838,-1009.3062706713031,0.3158,-0.52,0.68,0.02,0.47,mixed
2025-05-12,24420.099609375,24944.80078125,24378.849609375,24924.69921875,368700,yfinance:^NSEI,2026-08-05T14:32:28.085569,2.0663,2.0902,1.895,3.6829,349640.0,379995.0,1.0545,0.9703,normal,565.95,2.2706,412.1,1.7165,395.87,303.5,0.8018,0.8199,24924.69921875,1.0,0.0,0.525,35.874047080022144,43.200554448407196,523.1095013887879,1038.1492421347004,15.6667,0.88,0.92,0.22,0.866,strongly_participatory
2025-05-13,24864.05078125,24973.80078125,24547.5,24578.349609375,423000,yfinance:^NSEI,2026-08-05T14:32:28.085569,-1.1491,1.2546,0.8152,1.027,373760.0,381955.0,1.1317,1.1075,elevated,426.3,1.7345,-60.65,-0.2433,445.56,321.76,0.8742,0.8502,24578.349609375,1.0,0.0,0.525,60.38004161064049,46.58975684053445,782.404264673597,1526.9849581214446,0.3514,-0.48,0.84,0.22,0.562,strengthened
2025-05-14,24613.80078125,24767.55078125,24535.55078125,24666.900390625,345500,yfinance:^NSEI,2026-08-05T14:32:28.085569,0.2157,2.7445,1.0342,1.3599,376840.0,379120.0,0.9168,0.9113,normal,232.0,0.9405,35.45,0.1442,446.04,321.24,0.8707,0.8264,24666.900390625,1.0,0.0,0.525,62.36702138476417,50.794930034454055,191.5425137999799,1464.1814327951568,3.1667,0.52,0.88,0.12,0.768,strongly_participatory
2025-05-15,24694.44921875,25116.25,24494.44921875,25062.099609375,500800,yfinance:^NSEI,2026-08-05T14:32:28.085569,1.4888,0.5513,3.2475,2.9913,394720.0,384745.0,1.2687,1.3016,elevated,621.8,2.481,27.55,0.1117,510.99,356.25,0.9663,0.8557,25062.099609375,1.0,0.0,0.525,43.09769047612491,49.06020323946079,-1523.6514338073596,490.8328562309569,15.6667,0.88,0.94,0.36,0.888,strongly_participatory
2025-05-16,25064.650390625,25070.0,24953.05078125,25019.80078125,432700,yfinance:^NSEI,2026-08-05T14:32:28.085569,-0.1789,1.7961,4.2144,2.7647,414140.0,388960.0,1.0448,1.1125,normal,116.95,0.4674,2.55,0.0102,466.77,327.63,0.9769,0.8525,25019.80078125,1.0,0.0,0.525,44.89838752051213,49.32343761441277,-825.5372547670172,1663.7923120034714,1.0833,0.04,0.96,0.22,0.714,strongly_participatory
2025-05-19,25005.349609375,25062.94921875,24916.650390625,24945.44921875,255300,yfinance:^NSEI,2026-08-05T14:32:28.085569,-0.2396,1.1292,0.0833,1.9799,391460.0,376460.0,0.6522,0.6782,dry,146.3,0.5865,-14.45,-0.0578,308.67,315.53,0.9892,0.8373,24945.44921875,1.0,0.0,0.525,53.26835418138264,52.80229903468487,868.9473090641462,972.8863944916794,0.6667,-0.2,0.94,0.16,0.652,strengthened
2025-05-20,24996.19921875,25010.349609375,24669.69921875,24683.900390625,414800,yfinance:^NSEI,2026-08-05T14:32:28.085569,-1.2494,-1.509,0.4294,1.2482,389820.0,376895.0,1.0641,1.1006,normal,340.65,1.3801,50.75,0.2034,291.54,327.94,1.0742,0.877,24683.900390625,1.0,0.0,0.525,64.08163631013079,53.54261797458294,480.3223035037342,619.8075744783074,0.1628,-0.72,0.86,0.06,0.506,mixed
2025-05-21,24744.25,24946.19921875,24685.349609375,24813.44921875,332700,yfinance:^NSEI,2026-08-05T14:32:28.085569,0.2797,-0.8248,0.5941,1.6345,387260.0,371485.0,0.8591,0.8956,dry,260.85,1.0512,60.35,0.2445,297.6,332.57,1.0546,0.876,24813.44921875,1.0,0.0,0.525,46.5844221800476,50.386098133639614,602.7175126644433,-211.49151580135123,2.5,0.4286,0.88,0.06,0.7437,strongly_participatory
2025-05-22,24733.94921875,24737.5,24462.400390625,24609.69921875,403300,yfinance:^NSEI,2026-08-05T14:32:28.085569,-0.5023,-1.3459,-1.8051,1.3838,367760.0,370900.0,1.0966,1.0874,normal,275.1,1.1179,-79.5,-0.3204,243.45,332.6,1.0445,0.8451,24609.69921875,1.0,0.0,0.525,41.613622043692374,50.089284447153105,795.19151467352,529.3792242766652,0.1628,-0.72,0.82,0.0,0.484,mixed
2025-05-23,24639.5,24909.05078125,24614.05078125,24853.150390625,270500,yfinance:^NSEI,2026-08-05T14:32:28.085569,0.8671,0.6857,-0.6661,3.5203,335320.0,366485.0,0.8067,0.7381,dry,295.0,1.187,29.8,0.1211,279.93,341.15,1.0714,0.7963,24853.150390625,1.0,0.0,0.525,36.965446175883784,48.50269617822744,155.10507785477526,73.4191311686678,15.6667,0.88,0.86,0.06,0.826,strongly_participatory
2025-05-26,24919.349609375,25079.19921875,24900.5,25001.150390625,302800,yfinance:^NSEI,2026-08-05T14:32:28.085569,0.3283,0.7564,0.2233,0.3067,344820.0,362240.0,0.8781,0.8359,dry,178.7,0.7148,66.2,0.2664,295.88,344.59,0.8447,0.7957,25001.150390625,1.0,0.0,0.525,62.356462908142305,50.32031792357937,424.51442073276934,730.6200868924159,4.4444,0.6327,0.88,0.24,0.8025,strongly_participatory
2025-05-27,24956.650390625,25062.900390625,24704.099609375,24826.19921875,525700,yfinance:^NSEI,2026-08-05T14:32:28.085569,-0.5227,0.8797,0.5765,1.0084,367000.0,372500.0,1.4324,1.4113,elevated,358.8,1.4453,-44.5,-0.178,299.51,353.82,0.7712,0.8017,24826.19921875,1.0,0.0,0.525,43.85910960771063,46.275812583095345,305.7109502093873,1232.070685795905,0.25,-0.6,0.78,0.08,0.5,mixed
2025-05-28,24832.5,24864.25,24737.05078125,24752.44921875,684400,yfinance:^NSEI,2026-08-05T14:32:28.085569,-0.3224,-0.4052,-0.2458,0.3468,437340.0,388840.0,1.5649,1.7601,spike,127.2,0.5139,6.3,0.0254,272.49,341.69,0.777,0.802,24752.44921875,1.0,0.0,0.525,49.790303613111185,46.91698886970806,-801.3467840435817,-1222.4323816770534,0.3889,-0.44,0.78,0.04,0.528,mixed
2025-05-29,24825.099609375,24892.599609375,24677.30078125,24833.599609375,345400,yfinance:^NSEI,2026-08-05T14:32:28.085569,0.0342,-0.6702,0.9098,-0.9117,425760.0,384885.0,0.8113,0.8974,dry,215.3,0.867,72.65,0.2935,245.34,332.92,0.5766,0.8003,24833.599609375,1.0,0.0,0.525,47.86861683141798,48.16798782725318,13.81835545713191,701.5412085228903,2.5,0.4286,0.76,0.04,0.6937,strengthened
2025-05-30,24812.599609375,24863.94921875,24717.400390625,24750.69921875,853900,yfinance:^NSEI,2026-08-05T14:32:28.085569,-0.2495,-0.3041,-0.4122,-1.0756,542440.0,406525.0,1.5742,2.1005,spike,146.55,0.5921,-21.0,-0.0846,214.78,276.47,0.5774,0.8016,24750.69921875,1.0,0.0,0.525,57.507146187584674,52.276327829593356,2197.9515177687335,-423.7680898098279,0.1905,-0.68,0.7,0.1,0.454,mixed
2025-06-02,24669.69921875,24754.400390625,24526.150390625,24716.599609375,311100,yfinance:^NSEI,2026-08-05T14:32:28.085569,0.1901,-0.1448,-1.1382,-0.9174,544100.0,407505.0,0.5718,0.7634,dry,228.25,0.9235,-81.0,-0.3273,215.22,262.32,0.5865,0.7253,24716.599609375,1.0,0.0,0.525,44.084484459854224,48.62193213993574,-957.7200461261594,-76.81752516128783,0.6667,-0.2,0.7,0.02,0.542,mixed
2025-06-03,24786.30078125,24845.099609375,24502.150390625,24542.5,349300,yfinance:^NSEI,2026-08-05T14:32:28.085569,-0.9836,-1.1722,-1.1427,-0.5728,508820.0,409850.0,0.6865,0.8523,dry,342.95,1.3974,69.7,0.282,212.05,270.25,0.533,0.7372,24542.5,1.0,0.0,0.525,56.35328701655258,51.12076762170413,1265.8262297925542,166.60329434398048,0.1628,-0.72,0.66,-0.06,0.414,weakened
2025-06-04,24560.44921875,24644.25,24530.44921875,24620.19921875,280900,yfinance:^NSEI,2026-08-05T14:32:28.085569,0.2433,-0.5273,-0.5343,-0.7788,428120.0,407390.0,0.6561,0.6895,dry,113.8,0.4622,17.95,0.0731,209.37,233.96,0.5303,0.7385,24620.19921875,1.0,0.0,0.525,53.45513191701049,51.85373328248399,-1454.9967992364702,-330.4954248710602,1.7778,0.28,0.64,-0.06,0.606,strengthened
2025-06-05,24691.19921875,24899.849609375,24613.099609375,24750.900390625,388400,yfinance:^NSEI,2026-08-05T14:32:28.085569,0.2418,0.1388,-0.333,0.5738,436720.0,406240.0,0.8894,0.9561,dry,286.75,1.1585,71.0,0.2884,223.66,246.09,0.5184,0.7393,24750.900390625,1.0,0.0,0.525,62.77365860588827,54.834741637378045,1677.1353822876397,-796.6910409023367,1.6316,0.24,0.62,-0.02,0.594,strengthened
2025-06-06,24748.69921875,25029.5,24671.44921875,25003.05078125,335600,yfinance:^NSEI,2026-08-05T14:32:28.085569,1.0277,1.8765,1.0196,0.6031,333060.0,406240.0,1.0076,0.8261,normal,358.05,1.432,-2.2,-0.0089,265.96,261.22,0.5503,0.7613,25003.05078125,1.0,0.0,0.525,52.67142548260771,53.86759749638266,-732.8609421342366,934.9767285237523,9.0,0.8,0.74,0.04,0.76,strongly_participatory
2025-06-09,25160.099609375,25160.099609375,25077.150390625,25103.19921875,279200,yfinance:^NSEI,2026-08-05T14:32:28.085569,-0.2262,1.9618,1.5641,0.4082,326680.0,401765.0,0.8547,0.6949,dry,82.95,0.3304,157.05,0.6281,251.72,248.1,0.5413,0.7356,25103.19921875,1.0,0.0,0.525,56.869628644663266,56.42462633334446,112.31626017426562,-804.1665698787918,4.0,0.6,0.88,0.18,0.79,strongly_participatory
2025-06-10,25196.05078125,25199.30078125,25055.44921875,25104.25,307300,yfinance:^NSEI,2026-08-05T14:32:28.085569,-0.3643,1.4276,2.2889,1.12,318280.0,395980.0,0.9655,0.776,normal,143.85,0.573,92.85,0.3699,211.9,239.64,0.5283,0.7154,25104.25,1.0,0.0,0.525,54.56385744957891,56.06674041994974,817.7594707762793,874.7251645518209,1.1739,0.08,0.86,0.24,0.684,strengthened
2025-06-11,25134.150390625,25222.400390625,25081.30078125,25141.400390625,301200,yfinance:^NSEI,2026-08-05T14:32:28.085569,0.0288,0.5533,2.117,1.5714,322340.0,393765.0,0.9344,0.7649,normal,141.1,0.5612,29.9,0.1191,217.36,224.65,0.5191,0.7146,25141.400390625,1.0,0.0,0.525,52.05819224885838,55.78735248631931,3085.7517953922766,61.72998993498787,1.2727,0.12,0.86,0.18,0.686,strengthened
2025-06-12,25164.44921875,25196.19921875,24825.900390625,24888.19921875,328300,yfinance:^NSEI,2026-08-05T14:32:28.085569,-1.0978,-0.8565,0.5547,0.2199,310320.0,385140.0,1.0579,0.8524,normal,370.3,1.4878,23.05,0.0917,234.07,229.71,0.6225,0.7442,24888.19921875,1.0,0.0,0.525,56.53339751671323,54.5393002684843,1959.8211003608997,-623.5096284935315,0.1905,-0.68,0.8,0.08,0.492,mixed
2025-06-13,24473.0,24754.349609375,24473.0,24718.599609375,318700,yfinance:^NSEI,2026-08-05T14:32:28.085569,1.0036,-1.5362,-1.1377,-0.1297,306940.0,379440.0,1.0383,0.8399,normal,281.35,1.1382,-415.2,-1.6683,245.5,243.22,0.7129,0.766,24718.599609375,1.0,0.0,0.525,57.35436472356538,55.47588811667583,1291.3309075290665,1405.7867058058334,0.25,-0.6,0.74,-0.26,0.45,mixed
2025-06-16,24732.349609375,24967.099609375,24703.599609375,24946.5,305800,yfinance:^NSEI,2026-08-05T14:32:28.085569,0.8659,-0.7752,-0.6242,0.9301,312260.0,381965.0,0.9793,0.8006,normal,263.5,1.0563,13.75,0.0556,266.79,236.42,0.7626,0.7806,24946.5,1.0,0.0,0.525,46.66305535746517,53.43457345923622,1437.2535126873845,875.3606496776848,11.5,0.84,0.8,0.16,0.804,strongly_participatory
2025-06-17,24977.849609375,24982.05078125,24813.69921875,24853.400390625,242400,yfinance:^NSEI,2026-08-05T14:32:28.085569,-0.4982,-0.1398,-0.9992,1.2668,299280.0,373345.0,0.8099,0.6493,dry,168.35,0.6774,31.35,0.1257,271.69,239.36,0.7007,0.7807,24853.400390625,1.0,0.0,0.525,49.17370949146658,52.35654386761375,-256.19206614093343,1558.2181746255026,0.3514,-0.48,0.7,0.1,0.494,mixed
2025-06-18,24788.349609375,24947.55078125,24750.44921875,24812.05078125,237600,yfinance:^NSEI,2026-08-05T14:32:28.085569,0.0956,0.3781,-1.31,0.7792,286560.0,368590.0,0.8291,0.6446,dry,197.1,0.7944,-65.05,-0.2617,282.89,238.06,0.6994,0.7698,24812.05078125,1.0,0.0,0.525,57.65207173206686,53.47531976425544,2324.7453995131173,964.1027967306068,0.4706,-0.36,0.7,0.04,0.512,mixed
2025-06-19,24803.25,24863.099609375,24733.400390625,24793.25,274600,yfinance:^NSEI,2026-08-05T14:32:28.085569,-0.0403,-0.6143,-0.3815,0.1711,275820.0,362155.0,0.9956,0.7582,normal,129.7,0.5231,-8.8,-0.0355,234.77,236.85,0.6991,0.7593,24793.25,1.0,0.0,0.525,41.46451463210211,50.46154318733322,440.7422845881994,1463.4827493799057,0.6667,-0.2,0.64,-0.08,0.508,mixed
2025-06-20,24787.650390625,25136.19921875,24783.650390625,25112.400390625,574700,yfinance:^NSEI,2026-08-05T14:32:28.085569,1.3101,1.0421,1.5931,0.4373,327020.0,377365.0,1.7574,1.5229,spike,352.55,1.4039,-5.6,-0.0226,222.24,245.73,0.7458,0.7922,25112.400390625,1.0,0.0,0.525,50.94938647098321,49.18054753681679,141.35608735983106,933.0252774074795,15.6667,0.88,0.74,0.14,0.786,strongly_participatory
2025-06-23,24939.75,25057.0,24824.849609375,24971.900390625,248500,yfinance:^NSEI,2026-08-05T14:32:28.085569,0.1289,0.6442,0.1018,-0.523,315560.0,374650.0,0.7875,0.6633,dry,232.15,0.9296,-172.65,-0.6875,227.05,241.78,0.7365,0.6989,24971.900390625,1.0,0.0,0.525,58.22761490085839,51.49345944549543,1111.7965623133084,517.6966732820574,0.4286,-0.4,0.7,0.06,0.506,mixed
2025-06-24,25179.900390625,25317.69921875,24999.69921875,25044.349609375,450200,yfinance:^NSEI,2026-08-05T14:32:28.085569,-0.5383,1.0128,0.7683,-0.2386,357120.0,370875.0,1.2606,1.2139,elevated,318.0,1.2697,208.0,0.8329,262.54,258.35,0.7518,0.6719,25044.349609375,1.0,0.0,0.525,49.528792544159224,51.56447605603396,92.53588525721433,1124.017274157474,1.7778,0.28,0.72,0.2,0.664,strengthened
2025-06-25,25150.349609375,25266.80078125,25125.05078125,25244.75,260600,yfinance:^NSEI,2026-08-05T14:32:28.085569,0.3753,0.527,1.7439,0.4111,361720.0,349685.0,0.7204,0.7452,dry,141.75,0.5615,106.0,0.4232,267.61,253.75,0.7548,0.6739,25244.75,1.0,0.0,0.525,48.37149238524919,49.70836018667042,-527.4708346047787,485.11944544875934,4.5556,0.64,0.8,0.22,0.77,strongly_participatory
2025-06-26,25268.94921875,25565.30078125,25259.900390625,25549.0,428900,yfinance:^NSEI,2026-08-05T14:32:28.085569,1.1083,2.311,3.0482,2.6551,392580.0,353860.0,1.0925,1.2121,normal,305.4,1.1954,24.2,0.0959,305.78,251.08,0.663,0.649,25549.0,1.0,0.0,0.525,37.12115087216065,48.83968743468213,1795.7629012804186,-677.2572152015973,5.25,0.68,0.84,0.3,0.802,strongly_participatory
2025-06-27,25576.650390625,25654.19921875,25523.55078125,25637.80078125,564000,yfinance:^NSEI,2026-08-05T14:32:28.085569,0.2391,2.3696,2.0922,3.7187,390440.0,339365.0,1.4445,1.6619,elevated,130.65,0.5096,27.65,0.1082,261.4,249.19,0.6263,0.6487,25637.80078125,1.0,0.0,0.525,53.97002852821777,49.44381584612904,1187.7470273404158,1466.9205230505806,1.3333,0.1429,0.88,0.44,0.7246,strongly_participatory
2025-06-30,25661.650390625,25669.349609375,25473.30078125,25517.05078125,271000,yfinance:^NSEI,2026-08-05T14:32:28.085569,-0.5635,1.0786,2.1831,2.2871,394940.0,337360.0,0.6862,0.8033,dry,196.05,0.7683,23.85,0.093,243.1,252.92,0.6467,0.6563,25517.05078125,1.0,0.0,0.525,45.53777412037599,46.90584769003256,-253.39969843109918,862.4636239641254,0.6129,-0.24,0.82,0.18,0.598,strengthened
2025-07-01,25551.349609375,25593.400390625,25501.80078125,25541.80078125,260700,yfinance:^NSEI,2026-08-05T14:32:28.085569,-0.0374,-0.0282,1.9863,2.7698,357040.0,332930.0,0.7302,0.783,dry,91.6,0.3586,34.3,0.1344,192.26,249.38,0.6098,0.6099,25541.80078125,1.0,0.0,0.525,49.75320262131151,46.95072970546302,809.0995914299342,-319.3164172366978,1.0,0.0,0.78,0.22,0.634,strengthened
2025-07-02,25588.30078125,25608.099609375,25378.75,25453.400390625,309800,yfinance:^NSEI,2026-08-05T14:32:28.085569,-0.5272,-0.7193,0.8265,2.5848,366880.0,334375.0,0.8444,0.9265,dry,229.35,0.9011,46.5,0.1821,193.64,239.31,0.6528,0.6185,25453.400390625,1.0,0.0,0.525,49.995069469686044,47.27544512235039,-652.2489506584864,174.42555388152334,0.9231,-0.04,0.74,0.18,0.606,strengthened
2025-07-03,25505.099609375,25587.5,25384.349609375,25405.30078125,293400,yfinance:^NSEI,2026-08-05T14:32:28.085569,-0.3913,-0.4379,-0.5624,2.4686,339780.0,329625.0,0.8635,0.8901,dry,203.15,0.7996,51.7,0.2031,170.16,224.17,0.6731,0.6154,25405.30078125,1.0,0.0,0.525,60.6196262381078,51.97514019553982,145.45037068485982,1361.2835800854684,0.7241,-0.16,0.7,0.18,0.566,strengthened
2025-07-04,25428.849609375,25470.25,25331.650390625,25461.0,193500,yfinance:^NSEI,2026-08-05T14:32:28.085569,0.1264,-0.3163,-0.6896,1.3882,265680.0,322520.0,0.7283,0.6,dry,138.6,0.5444,23.55,0.0927,171.75,215.25,0.5268,0.5964,25461.0,1.0,0.0,0.525,47.23763574090438,50.62866163807714,1290.7946273414782,893.5037743965273,1.7778,0.28,0.8,0.0,0.676,strengthened
2025-07-07,25450.44921875,25489.80078125,25407.25,25461.30078125,196100,yfinance:^NSEI,2026-08-05T14:32:28.085569,0.0426,0.031,-0.2185,1.9598,250700.0,318365.0,0.7822,0.616,dry,82.55,0.3242,-10.55,-0.0414,149.05,209.12,0.5251,0.5938,25461.30078125,1.0,0.0,0.525,49.49287298525086,51.419681411052125,-215.46602951164513,-1067.1621446164804,0.8519,-0.08,0.78,0.12,0.608,strengthened
2025-07-08,25427.849609375,25548.05078125,25424.150390625,25522.5,210400,yfinance:^NSEI,2026-08-05T14:32:28.085569,0.3722,0.4613,-0.0756,1.9092,240640.0,313520.0,0.8743,0.6711,dry,123.9,0.4855,-33.45,-0.1314,155.51,203.89,0.503,0.5878,25522.5,1.0,0.0,0.525,44.42853108359577,50.35474710350897,-1101.756589219743,967.4741341585255,1.0,0.0,0.8,0.14,0.634,strengthened
2025-07-09,25514.599609375,25548.69921875,25424.349609375,25476.099609375,239100,yfinance:^NSEI,2026-08-05T14:32:28.085569,-0.1509,0.0593,0.0892,0.9164,226500.0,310415.0,1.0556,0.7703,normal,124.35,0.4881,-7.9,-0.031,134.51,203.51,0.4955,0.5849,25476.099609375,1.0,0.0,0.525,49.55271994318646,50.26627719820905,-936.0989745400003,-1115.821428801866,0.7857,-0.12,0.78,0.06,0.594,strengthened
2025-07-10,25511.650390625,25524.05078125,25340.44921875,25355.25,219600,yfinance:^NSEI,2026-08-05T14:32:28.085569,-0.6131,-0.4165,-0.197,-0.7583,211740.0,304980.0,1.0371,0.72,normal,183.6,0.7241,35.55,0.1395,130.6,191.44,0.3553,0.5976,25355.25,1.0,0.0,0.525,56.58905399887818,49.46016275036313,-1597.6375781681988,557.6116762495701,0.2821,-0.56,0.76,0.0,0.492,mixed
2025-07-11,25255.5,25322.44921875,25129.0,25149.849609375,250000,yfinance:^NSEI,2026-08-05T14:32:28.085569,-0.4183,-1.4601,-1.2221,-1.9032,223040.0,301545.0,1.1209,0.8291,elevated,193.45,0.7692,-99.75,-0.3934,148.13,187.06,0.3355,0.6012,25149.849609375,1.0,0.0,0.525,39.78787760471152,47.97021112312456,-461.55694349019114,-135.5016092925203,0.2821,-0.56,0.68,-0.22,0.438,weakened
2025-07-14,25149.5,25151.099609375,25001.94921875,25082.30078125,259500,yfinance:^NSEI,2026-08-05T14:32:28.085569,-0.2672,-1.5458,-1.4885,-1.7038,235720.0,299230.0,1.1009,0.8672,elevated,149.15,0.5946,-0.35,-0.0014,161.45,173.01,0.3138,0.6029,25082.30078125,1.0,0.0,0.525,57.56037303139874,49.58371113235414,206.31766181730075,-855.2051330376053,0.7857,-0.12,0.6,-0.18,0.498,mixed
2025-07-15,25089.5,25245.19921875,25088.44921875,25195.80078125,241300,yfinance:^NSEI,2026-08-05T14:32:28.085569,0.4237,-0.6289,-1.28,-1.3546,241900.0,299175.0,0.9975,0.8066,normal,156.75,0.6221,7.2,0.0287,169.25,168.76,0.3674,0.5765,25195.80078125,1.0,0.0,0.525,35.8145047617298,47.86090586798095,741.7126512741955,686.4571048474232,2.5714,0.44,0.72,-0.02,0.674,strengthened
2025-07-16,25196.599609375,25255.30078125,25121.05078125,25212.05078125,228800,yfinance:^NSEI,2026-08-05T14:32:28.085569,0.0613,0.2473,-1.0365,-0.9482,239840.0,298735.0,0.954,0.7659,normal,134.25,0.5325,0.8,0.0032,171.23,155.45,0.345,0.5755,25212.05078125,1.0,0.0,0.525,43.52862522182729,46.656086923709104,67.89996160968094,229.39442306439773,0.8148,-0.102,0.72,0.12,0.5796,strengthened
2025-07-17,25230.75,25238.349609375,25101.0,25111.44921875,243400,yfinance:^NSEI,2026-08-05T14:32:28.085569,-0.4728,0.1162,-0.9615,-1.1567,244600.0,297175.0,0.9951,0.819,normal,137.35,0.547,18.7,0.0742,161.98,155.93,0.354,0.5824,25111.44921875,1.0,0.0,0.525,51.01769500051617,45.5418151240367,-178.7362984567138,1425.8215909240314,0.6129,-0.24,0.66,-0.04,0.512,mixed
2025-07-18,25108.55078125,25144.599609375,24918.650390625,24968.400390625,317000,yfinance:^NSEI,2026-08-05T14:32:28.085569,-0.5582,-0.9025,-0.7215,-1.9347,258000.0,284290.0,1.2287,1.1151,elevated,225.95,0.9049,-2.9,-0.0115,161.92,158.07,0.3733,0.5606,24968.400390625,1.0,0.0,0.525,60.52419223387472,49.68907804986934,2140.6228046678643,-603.0187018363239,0.4286,-0.4,0.6,-0.14,0.446,weakened
2025-07-21,24999.0,25111.400390625,24882.30078125,25090.69921875,305200,yfinance:^NSEI,2026-08-05T14:32:28.085569,0.3668,-0.4813,0.0335,-1.4555,267140.0,287125.0,1.1425,1.063,elevated,229.1,0.9131,30.6,0.1226,177.91,167.89,0.4053,0.5635,25090.69921875,1.0,0.0,0.525,63.04925655552472,50.78685475469454,-398.9226257921202,1234.5894379584022,1.2727,0.12,0.68,-0.14,0.582,strengthened
2025-07-22,25166.650390625,25182.0,25035.55078125,25060.900390625,483700,yfinance:^NSEI,2026-08-05T14:32:28.085569,-0.4202,-0.2013,-0.5354,-1.8086,315620.0,288800.0,1.5325,1.6749,spike,146.45,0.5844,75.95,0.3027,174.62,161.97,0.3734,0.5648,25060.900390625,1.0,0.0,0.525,36.415888796670046,50.90713156168259,-182.3403780460225,580.645264842815,0.5625,-0.28,0.58,-0.08,0.468,mixed
2025-07-23,25139.349609375,25233.5,25085.5,25219.900390625,271500,yfinance:^NSEI,2026-08-05T14:32:28.085569,0.3204,1.0073,0.0311,-1.0056,324160.0,289345.0,0.8375,0.9383,dry,148.0,0.5868,78.45,0.313,182.29,159.79,0.409,0.5679,25219.900390625,1.0,0.0,0.525,30.409552347039345,48.283316986725005,-785.9808115749349,178.41317807561234,3.1667,0.52,0.62,-0.04,0.648,strengthened
2025-07-24,25243.30078125,25246.25,25018.69921875,25062.099609375,338700,yfinance:^NSEI,2026-08-05T14:32:28.085569,-0.7178,-0.114,-0.1965,-1.1562,343220.0,284835.0,0.9868,1.1891,normal,227.55,0.9079,23.4,0.0928,200.33,166.14,0.4231,0.5462,25062.099609375,1.0,0.0,0.525,51.52011560042666,48.3838011067071,-1164.4765720109106,-543.6029958392976,0.3243,-0.5102,0.56,-0.2,0.402,weakened
2025-07-25,25010.349609375,25010.349609375,24806.349609375,24837.0,278100,yfinance:^NSEI,2026-08-05T14:32:28.085569,-0.6931,-0.8934,-0.5263,-1.2439,335440.0,270540.0,0.8291,1.0279,dry,204.0,0.8214,-51.75,-0.2065,206.29,178.51,0.4492,0.5285,24837.0,1.0,0.0,0.525,43.98356620517911,45.07567590096798,-623.5334240018029,1892.4714713595147,0.2195,-0.64,0.36,-0.38,0.278,deteriorated
2025-07-28,24782.44921875,24889.19921875,24646.599609375,24680.900390625,262100,yfinance:^NSEI,2026-08-05T14:32:28.085569,-0.4098,-2.1372,-1.6333,-1.6003,326820.0,270095.0,0.802,0.9704,dry,242.6,0.9829,-54.55,-0.2196,208.99,186.99,0.454,0.5042,24680.900390625,1.0,0.0,0.525,49.95040571016959,42.45590573189695,743.6279322698346,370.288191682219,0.5625,-0.28,0.34,-0.44,0.336,weakened
2025-07-29,24609.650390625,24847.150390625,24598.599609375,24821.099609375,284700,yfinance:^NSEI,2026-08-05T14:32:28.085569,0.8592,-0.9616,-0.9569,-1.4872,287020.0,271295.0,0.9919,1.0494,normal,248.55,1.0014,-71.25,-0.2887,229.41,195.86,0.5352,0.5256,24821.099609375,1.0,0.0,0.525,43.487370954106176,43.87020216338418,1724.8626005482613,-465.1048505069589,2.8462,0.48,0.38,-0.38,0.51,mixed
2025-07-30,24890.400390625,24902.30078125,24771.94921875,24855.05078125,243900,yfinance:^NSEI,2026-08-05T14:32:28.085569,-0.142,0.0727,-1.4467,-1.416,281500.0,268000.0,0.8664,0.9101,dry,130.35,0.5244,69.3,0.2792,220.96,192.06,0.5294,0.5254,24855.05078125,1.0,0.0,0.525,37.75756481063284,45.33980465610288,1397.4173477959241,-633.4352617717012,1.0,0.0,0.42,-0.02,0.466,mixed
2025-07-31,24642.25,24956.5,24635.0,24768.349609375,346300,yfinance:^NSEI,2026-08-05T14:32:28.085569,0.5117,0.3543,-1.1721,-1.3663,283020.0,270645.0,1.2236,1.2795,elevated,321.5,1.298,-212.8,-0.8562,239.75,198.86,0.5609,0.535,24768.349609375,1.0,0.0,0.525,54.97965862624116,46.03171326126577,-1022.5052973966219,1059.8817913133314,0.3158,-0.52,0.38,-0.26,0.322,weakened
2025-08-01,24734.900390625,24784.150390625,24535.05078125,24565.349609375,263400,yfinance:^NSEI,2026-08-05T14:32:28.085569,-0.6855,-1.0304,-1.0937,-1.6142,280080.0,274140.0,0.9404,0.9608,normal,249.1,1.014,-33.45,-0.135,238.42,206.0,0.574,0.4854,24565.349609375,1.0,0.0,0.525,53.20160942366929,47.87532190496381,-1823.763530020729,710.6991344526244,0.3158,-0.52,0.28,-0.36,0.272,deteriorated
2025-08-04,24596.05078125,24736.25,24554.0,24722.75,259300,yfinance:^NSEI,2026-08-05T14:32:28.085569,0.5151,-0.5323,0.1696,-1.4665,279520.0,277300.0,0.9277,0.9351,normal,182.25,0.7372,30.7,0.125,226.35,207.38,0.5892,0.4964,24722.75,1.0,0.0,0.525,39.43932186939078,45.77310513680805,307.14253527293147,255.82775842059783,6.0,0.7143,0.36,-0.18,0.5689,strengthened
2025-08-05,24720.25,24733.099609375,24590.30078125,24649.55078125,251800,yfinance:^NSEI,2026-08-05T14:32:28.085569,-0.286,-0.4796,-0.6911,-1.6414,272940.0,279370.0,0.9225,0.9013,normal,142.8,0.5793,-2.5,-0.0101,205.2,207.99,0.5822,0.4904,24649.55078125,1.0,0.0,0.525,35.795798632602086,44.23479067250723,815.1521853927577,-863.0819766575775,0.9231,-0.04,0.38,-0.02,0.442,weakened
2025-08-06,24641.349609375,24671.400390625,24539.19921875,24574.19921875,225100,yfinance:^NSEI,2026-08-05T14:32:28.085569,-0.2725,0.036,-1.13,-2.5603,269180.0,278670.0,0.8362,0.8078,dry,132.2,0.538,-8.2,-0.0333,205.57,207.62,0.5677,0.4844,24574.19921875,1.0,0.0,0.525,42.464735440950044,45.17622479857067,1105.0654404010443,325.26961456990983,0.3889,-0.44,0.32,-0.14,0.326,weakened
2025-08-07,24464.19921875,24634.19921875,24344.150390625,24596.150390625,616700,yfinance:^NSEI,2026-08-05T14:32:28.085569,0.5394,-0.5121,-0.6952,-1.8592,323260.0,298525.0,1.9078,2.0658,spike,290.05,1.1792,-110.0,-0.4476,199.28,212.2,0.5628,0.4455,24596.150390625,1.0,0.0,0.525,47.63531186915602,43.707355447153645,1852.5856413988106,140.5598846348313,1.6667,0.25,0.3,-0.28,0.442,weakened
2025-08-08,24544.25,24585.5,24337.5,24363.30078125,312600,yfinance:^NSEI,2026-08-05T14:32:28.085569,-0.7372,-1.1613,-0.8225,-1.9072,333100.0,301655.0,0.9385,1.0363,normal,248.0,1.0179,-51.9,-0.211,201.19,214.31,0.5689,0.4548,24363.30078125,1.0,0.0,0.525,49.94671559458153,43.05637668133609,-642.8196875999223,-590.2751850761575,0.25,-0.6,0.24,-0.12,0.264,deteriorated
2025-08-11,24371.5,24600.849609375,24347.44921875,24585.05078125,241100,yfinance:^NSEI,2026-08-05T14:32:28.085569,0.8762,0.0442,-0.557,-0.3884,329460.0,300735.0,0.7318,0.8017,dry,253.4,1.0307,8.2,0.0337,215.42,221.95,0.6124,0.4837,24585.05078125,1.0,0.0,0.525,37.98768460647645,42.76604922875323,904.5354278052993,778.3811622839894,11.25,0.8367,0.4,-0.22,0.6053,strengthened
2025-08-12,24563.349609375,24702.599609375,24465.650390625,24487.400390625,237000,yfinance:^NSEI,2026-08-05T14:32:28.085569,-0.3092,-0.4421,-0.6578,-1.3444,326500.0,300520.0,0.7259,0.7886,dry,236.95,0.9676,-21.7,-0.0883,234.25,226.55,0.5648,0.4852,24487.400390625,1.0,0.0,0.525,59.55011683258608,47.516912868750026,-871.7355675879099,-572.1731630665679,0.6129,-0.24,0.36,0.02,0.398,weakened
2025-08-13,24586.19921875,24664.55078125,24535.25,24619.349609375,236000,yfinance:^NSEI,2026-08-05T14:32:28.085569,0.1348,1.051,0.1837,-0.9483,328680.0,300880.0,0.718,0.7844,dry,129.3,0.5252,98.8,0.4035,243.24,222.95,0.5638,0.4802,24619.349609375,1.0,0.0,0.525,47.34279057285945,48.4925238951319,613.7586484133794,-596.6537609955379,2.8462,0.48,0.4,0.04,0.56,strengthened
2025-08-14,24607.25,24673.650390625,24596.900390625,24631.30078125,270200,yfinance:^NSEI,2026-08-05T14:32:28.085569,0.0977,0.1881,0.1429,-0.5533,259380.0,302220.0,1.0417,0.8941,normal,76.75,0.3116,-12.1,-0.0491,200.58,210.16,0.539,0.4775,24631.30078125,1.0,0.0,0.525,56.93836665270502,50.35313485184171,-145.02527403732302,553.6638123763809,0.8519,-0.08,0.4,0.02,0.446,weakened
2025-08-18,24938.19921875,25022.0,24852.849609375,24876.94921875,363100,yfinance:^NSEI,2026-08-05T14:32:28.085569,-0.2456,1.5908,2.1083,1.2685,269480.0,304525.0,1.3474,1.1923,elevated,169.15,0.6799,306.9,1.246,226.99,220.74,0.4941,0.4773,24876.94921875,1.0,0.0,0.525,51.58166848013852,50.680125428953104,-483.6501416815086,-113.63442610682407,3.5455,0.56,0.42,0.32,0.612,strengthened
2025-08-19,24891.349609375,25012.650390625,24873.94921875,24980.650390625,252300,yfinance:^NSEI,2026-08-05T14:32:28.085569,0.3588,1.4675,1.6091,1.0432,271720.0,301880.0,0.9285,0.8358,normal,138.7,0.5552,14.4,0.0579,204.05,212.9,0.4794,0.4834,24980.650390625,1.0,0.0,0.525,53.14178207894035,53.71094492344588,-980.7980275906318,513.8633371974976,1.1739,0.08,0.46,0.08,0.508,mixed
2025-08-20,24965.80078125,25088.69921875,24929.69921875,25050.55078125,287100,yfinance:^NSEI,2026-08-05T14:32:28.085569,0.3395,1.7021,2.2998,1.6268,281740.0,292050.0,1.019,0.9831,normal,159.0,0.6347,-14.85,-0.0594,188.46,214.94,0.4764,0.4824,25050.55078125,1.0,0.0,0.525,58.63322024105945,53.52756560514056,1381.0021618172989,22.423738844919463,1.0833,0.04,0.52,0.18,0.534,mixed
2025-08-21,25142.0,25153.650390625,25054.900390625,25083.75,226500,yfinance:^NSEI,2026-08-05T14:32:28.085569,-0.2317,0.8313,1.8863,2.0735,279840.0,289800.0,0.8094,0.7816,dry,98.75,0.3937,91.45,0.3651,173.65,199.34,0.4733,0.4831,25083.75,1.0,0.0,0.525,49.57216935761176,53.97344136209102,-866.055258162113,-389.46494838904266,0.96,-0.0204,0.54,0.12,0.5239,mixed
2025-08-22,25064.150390625,25084.849609375,24859.150390625,24870.099609375,210200,yfinance:^NSEI,2026-08-05T14:32:28.085569,-0.7742,-0.4425,0.9695,1.1138,267840.0,283375.0,0.7848,0.7418,dry,225.7,0.9075,-19.6,-0.0781,203.44,197.67,0.5129,0.4902,24870.099609375,1.0,0.0,0.525,53.672030060708096,53.32017404369164,-543.0459223148425,598.0985288242516,0.1951,-0.6735,0.46,-0.02,0.3473,weakened
2025-08-25,24949.150390625,25021.55078125,24894.349609375,24967.75,213000,yfinance:^NSEI,2026-08-05T14:32:28.085569,0.0746,-0.3305,0.365,2.481,237820.0,280120.0,0.8956,0.7604,dry,127.2,0.5095,79.05,0.3179,155.59,195.47,0.4526,0.4866,24967.75,1.0,0.0,0.525,42.58886158352584,51.5216126643691,727.387687628702,-192.30586610850412,1.7778,0.28,0.5,0.12,0.568,strengthened
2025-08-26,24899.5,24919.650390625,24689.599609375,24712.05078125,750500,yfinance:^NSEI,2026-08-05T14:32:28.085569,-0.7528,-1.4818,-1.0752,0.5166,337460.0,304540.0,2.224,2.4644,spike,230.05,0.9309,-68.25,-0.2734,183.48,205.14,0.4058,0.5016,24712.05078125,1.0,0.0,0.525,62.40752346328652,53.374760941238335,-101.75139488690218,-370.8631714336196,0.2195,-0.64,0.32,-0.04,0.296,deteriorated
2025-08-28,24695.80078125,24702.650390625,24481.599609375,24500.900390625,326600,yfinance:^NSEI,2026-08-05T14:32:28.085569,-0.7892,-1.4845,-2.1942,0.0551,345360.0,306635.0,0.9457,1.0651,normal,221.05,0.9022,-16.25,-0.0658,197.77,212.16,0.4547,0.5089,24500.900390625,1.0,0.0,0.525,36.55379918305562,48.958876729637566,1528.1321131436516,454.938343154745,0.3611,-0.4694,0.3,-0.08,0.3181,weakened
2025-08-29,24466.69921875,24572.44921875,24404.69921875,24426.849609375,325500,yfinance:^NSEI,2026-08-05T14:32:28.085569,-0.1629,-2.1664,-2.6188,-0.7819,365160.0,310715.0,0.8914,1.0476,dry,167.75,0.6867,-34.2,-0.1396,210.7,203.42,0.4414,0.5079,24426.849609375,1.0,0.0,0.525,49.02483531928631,48.84940992197248,438.0742569517034,899.1711568156211,0.9231,-0.04,0.28,-0.18,0.386,weakened
2025-09-01,24432.69921875,24635.599609375,24432.69921875,24625.05078125,229300,yfinance:^NSEI,2026-08-05T14:32:28.085569,0.7873,-0.3521,-0.9853,-0.0254,368980.0,304865.0,0.6214,0.7521,dry,202.9,0.824,5.85,0.0239,207.31,199.86,0.5379,0.5295,24625.05078125,1.0,0.0,0.525,42.77900816558087,46.670805542947036,186.31114479185305,-1276.026827513494,4.5556,0.64,0.38,0.02,0.582,strengthened
2025-09-02,24653.0,24756.099609375,24522.349609375,24579.599609375,271600,yfinance:^NSEI,2026-08-05T14:32:28.085569,-0.2977,0.3212,-1.5546,-1.1953,380700.0,305275.0,0.7134,0.8897,dry,233.75,0.951,27.95,0.1135,223.77,198.45,0.5393,0.5235,24579.599609375,1.0,0.0,0.525,44.43053253428176,47.03913973309822,1482.9097566144694,1305.955892366354,1.381,0.16,0.38,0.1,0.494,mixed
2025-09-03,24616.5,24737.05078125,24533.19921875,24715.05078125,340300,yfinance:^NSEI,2026-08-05T14:32:28.085569,0.4003,1.1799,0.0121,-1.0632,298660.0,309325.0,1.1394,1.1001,elevated,203.85,0.8248,36.9,0.1501,208.91,196.09,0.5437,0.5245,24715.05078125,1.0,0.0,0.525,32.88367415243575,41.13436987092806,-929.9710458171193,442.5955930068305,2.3333,0.4,0.46,0.12,0.576,strengthened
2025-09-04,24980.75,24980.75,24708.19921875,24734.30078125,314100,yfinance:^NSEI,2026-08-05T14:32:28.085569,-0.9866,0.4437,0.9526,-1.2624,296160.0,312440.0,1.0606,1.0053,normal,272.55,1.1019,265.7,1.0751,217.33,202.9,0.5744,0.5473,24734.30078125,1.0,0.0,0.525,44.381549446007384,42.699919923518415,958.7214440890531,825.7322127236478,0.6129,-0.24,0.46,0.32,0.468,mixed
2025-09-05,24818.849609375,24832.349609375,24621.599609375,24741.0,210100,yfinance:^NSEI,2026-08-05T14:32:28.085569,-0.3137,0.6566,1.2861,-1.3664,273080.0,311690.0,0.7694,0.6741,dry,210.75,0.8518,84.55,0.3418,225.93,212.48,0.5744,0.5431,24741.0,1.0,0.0,0.525,28.608965386968347,38.61674593705482,-898.6042355701348,-322.71864357284477,1.0,0.0,0.44,0.04,0.48,mixed
2025-09-08,24802.599609375,24885.5,24751.55078125,24773.150390625,213200,yfinance:^NSEI,2026-08-05T14:32:28.085569,-0.1187,0.2351,0.6014,-0.3898,269860.0,291515.0,0.79,0.7314,dry,133.95,0.5407,61.6,0.249,213.08,194.89,0.5487,0.5309,24773.150390625,1.0,0.0,0.525,54.28640126920666,40.91822455777998,346.1425421330751,-186.96602538432302,0.8148,-0.102,0.4,0.08,0.4476,weakened
2025-09-09,24864.099609375,24891.80078125,24814.0,24868.599609375,226900,yfinance:^NSEI,2026-08-05T14:32:28.085569,0.0181,0.543,1.1758,-0.3971,260920.0,287230.0,0.8696,0.79,dry,77.8,0.3128,90.95,0.3671,190.06,193.46,0.5457,0.5188,24868.599609375,1.0,0.0,0.525,51.40366049427972,42.31285014977957,2103.416416192054,-1590.208684999719,2.125,0.36,0.44,0.08,0.556,strengthened
2025-09-10,24991.0,25035.69921875,24915.05078125,24973.099609375,244100,yfinance:^NSEI,2026-08-05T14:32:28.085569,-0.0716,0.9381,1.0441,1.0564,241680.0,287380.0,1.01,0.8494,normal,120.65,0.4831,122.4,0.4922,182.71,194.04,0.5136,0.5147,24973.099609375,1.0,0.0,0.525,40.264190854966294,43.78895349028568,-106.20639436987612,853.2149795067467,3.1667,0.52,0.6,0.08,0.652,strengthened
2025-09-11,24945.5,25037.30078125,24940.150390625,25005.5,224600,yfinance:^NSEI,2026-08-05T14:32:28.085569,0.2405,0.9379,1.0964,2.0595,223780.0,286760.0,1.0037,0.7832,normal,97.15,0.3885,-27.6,-0.1105,147.63,193.61,0.4736,0.4886,25005.5,1.0,0.0,0.525,47.618309150864164,44.43630543125703,-257.06533906364626,-347.9406766841463,0.8519,-0.08,0.52,0.1,0.502,mixed
2025-09-12,25074.44921875,25139.44921875,25038.05078125,25114.0,225700,yfinance:^NSEI,2026-08-05T14:32:28.085569,0.1577,0.9868,1.5076,2.8131,226900.0,286245.0,0.9947,0.7885,normal,101.4,0.4038,68.95,0.2757,132.27,187.06,0.476,0.4902,25114.0,1.0,0.0,0.525,47.97117968727545,48.30874829131846,-2188.61407368411,369.93199678515543,1.1364,0.0638,0.66,0.16,0.5928,strengthened
2025-09-15,25118.900390625,25138.44921875,25048.75,25069.19921875,185400,yfinance:^NSEI,2026-08-05T14:32:28.085569,-0.1979,0.3848,1.195,1.8036,221340.0,282005.0,0.8376,0.6574,dry,89.7,0.3578,4.9,0.0195,121.31,182.65,0.3837,0.4784,25069.19921875,1.0,0.0,0.525,55.018898324605374,48.455247702398204,-1062.6042854762184,641.4281184961063,0.4286,-0.4,0.6,0.08,0.468,mixed
2025-09-16,25073.599609375,25261.400390625,25070.44921875,25239.099609375,240100,yfinance:^NSEI,2026-08-05T14:32:28.085569,0.6601,0.9342,1.4898,2.6831,223980.0,275855.0,1.072,0.8704,normal,190.95,0.7566,4.4,0.0176,136.02,176.51,0.4478,0.4836,25239.099609375,1.0,0.0,0.525,46.23228660936269,47.4209729254148,-823.1988412194269,858.0820119594699,4.0,0.6,0.68,0.1,0.702,strongly_participatory
2025-09-17,25276.599609375,25346.5,25275.349609375,25330.25,268900,yfinance:^NSEI,2026-08-05T14:32:28.085569,0.2123,0.8611,1.4301,2.4892,228940.0,276685.0,1.1745,0.9719,elevated,71.15,0.2809,37.5,0.1486,124.08,167.72,0.4318,0.4746,25330.25,1.0,0.0,0.525,48.215086711956246,49.011152096812786,738.4660112416041,540.7457666325736,1.7778,0.28,0.72,0.22,0.666,strengthened
2025-09-18,25441.05078125,25448.94921875,25329.75,25423.599609375,272200,yfinance:^NSEI,2026-08-05T14:32:28.085569,-0.0686,1.4137,1.672,2.7868,238460.0,275940.0,1.1415,0.9864,elevated,119.2,0.4689,110.8,0.4374,128.49,164.25,0.2786,0.4726,25423.599609375,1.0,0.0,0.525,49.66706246358042,49.42090275935603,1916.5027742351253,-232.05460752714515,2.5,0.4286,0.8,0.24,0.7297,strongly_participatory
2025-09-19,25410.19921875,25428.75,25286.30078125,25327.05078125,380400,yfinance:^NSEI,2026-08-05T14:32:28.085569,-0.3272,0.3485,0.8483,2.3687,269400.0,283635.0,1.412,1.3412,elevated,142.45,0.5624,-13.4,-0.0527,130.19,159.51,0.2806,0.4736,25327.05078125,1.0,0.0,0.525,31.666121052605675,46.15989103242208,379.12390469970796,451.1861775691037,0.6667,-0.2,0.8,0.26,0.606,strengthened
2025-09-22,25238.099609375,25331.69921875,25151.05078125,25202.349609375,254500,yfinance:^NSEI,2026-08-05T14:32:28.085569,-0.1417,-0.5049,0.5311,1.7325,283220.0,285850.0,0.8986,0.8903,dry,180.65,0.7168,-88.95,-0.3512,148.38,155.72,0.2822,0.4606,25202.349609375,1.0,0.0,0.525,39.98703992084067,43.15351935166914,881.9648840132921,251.87355160294544,0.5625,-0.28,0.72,0.1,0.542,mixed
2025-09-23,25209.0,25261.900390625,25084.650390625,25169.5,299200,yfinance:^NSEI,2026-08-05T14:32:28.085569,-0.1567,-0.9995,-0.2758,1.21,295040.0,290160.0,1.0141,1.0312,normal,177.25,0.7042,6.65,0.0264,145.39,153.82,0.2896,0.4435,25169.5,1.0,0.0,0.525,45.75119765691236,43.057301561179074,-537.9887070817856,699.2066159866188,0.6129,-0.24,0.58,0.08,0.492,mixed
2025-09-24,25108.75,25149.849609375,25027.44921875,25056.900390625,244400,yfinance:^NSEI,2026-08-05T14:32:28.085569,-0.2065,-1.0666,-1.0791,0.3356,290140.0,264855.0,0.8424,0.9228,dry,122.4,0.4885,-60.75,-0.2414,152.32,144.5,0.2979,0.408,25056.900390625,1.0,0.0,0.525,62.38149221479618,45.89058266174706,1526.3448403293355,-92.19098989838463,0.4706,-0.36,0.62,0.1,0.486,mixed
2025-09-25,25034.5,25092.69921875,24878.30078125,24890.849609375,342500,yfinance:^NSEI,2026-08-05T14:32:28.085569,-0.5738,-1.236,-2.0955,-0.4585,304200.0,265650.0,1.1259,1.2893,elevated,214.4,0.8614,-22.4,-0.0894,171.36,144.76,0.3386,0.4157,24890.849609375,1.0,0.0,0.525,53.12674289013608,46.582518747058195,1127.0035239969677,1014.0341073955449,0.225,-0.6327,0.52,-0.12,0.3695,weakened
2025-09-26,24818.55078125,24868.599609375,24629.44921875,24654.69921875,291500,yfinance:^NSEI,2026-08-05T14:32:28.085569,-0.6602,-2.0453,-2.6547,-1.8289,286420.0,263950.0,1.0177,1.1044,normal,239.15,0.97,-72.3,-0.2905,195.15,153.11,0.3758,0.4255,24654.69921875,1.0,0.0,0.525,43.430568081737626,48.935408152884584,413.0922482503935,1375.8121992055871,0.1111,-0.8,0.46,-0.28,0.296,deteriorated
2025-09-29,24728.55078125,24791.30078125,24606.19921875,24634.900390625,394400,yfinance:^NSEI,2026-08-05T14:32:28.085569,-0.3787,-1.6842,-2.2516,-1.7324,314400.0,272205.0,1.2545,1.4489,elevated,185.1,0.7514,73.85,0.2995,196.04,157.86,0.3828,0.4259,24634.900390625,1.0,0.0,0.525,55.39706946330215,52.01741406137688,-476.91516582881485,-349.28550119548663,0.9231,-0.04,0.44,-0.22,0.446,weakened
2025-09-30,24691.94921875,24731.80078125,24587.69921875,24611.099609375,303000,yfinance:^NSEI,2026-08-05T14:32:28.085569,-0.3274,-1.1239,-2.2186,-2.4882,315160.0,273775.0,0.9614,1.1067,normal,144.1,0.5855,57.05,0.2316,189.41,156.21,0.2514,0.4268,24611.099609375,1.0,0.0,0.525,48.47704295936139,52.56258312186668,335.1177762474505,-192.2269839898008,1.1304,0.0612,0.44,-0.12,0.4762,mixed
2025-10-01,24620.55078125,24867.94921875,24605.94921875,24836.30078125,308900,yfinance:^NSEI,2026-08-05T14:32:28.085569,0.8763,0.7366,-0.8804,-1.95,328060.0,272205.0,0.9416,1.1348,normal,262.0,1.0549,9.45,0.0384,213.4,167.99,0.4212,0.4572,24836.30078125,1.0,0.0,0.525,42.82450577835541,48.65118583457853,35.74696586281716,-327.54351433268135,3.1667,0.52,0.52,-0.06,0.606,strengthened
2025-10-03,24759.55078125,24904.80078125,24747.55078125,24894.25,365900,yfinance:^NSEI,2026-08-05T14:32:28.085569,0.544,1.0528,0.0137,-2.0821,332740.0,274795.0,1.0997,1.3315,normal,157.25,0.6317,-76.75,-0.309,201.97,169.65,0.482,0.4658,24894.25,1.0,0.0,0.525,51.147883083374,48.25541387322612,-385.73665545517537,-4.224630810806018,1.381,0.16,0.56,0.02,0.558,strengthened
2025-10-06,24916.55078125,25095.94921875,24881.650390625,25077.650390625,268800,yfinance:^NSEI,2026-08-05T14:32:28.085569,0.6466,1.8957,1.7155,-0.9847,328200.0,277730.0,0.819,0.9678,dry,214.3,0.8545,22.3,0.0896,192.55,178.55,0.5344,0.4856,25077.650390625,1.0,0.0,0.525,56.39642172255468,50.848584601389526,1817.741961423047,314.9444885686305,1.6316,0.24,0.56,0.08,0.58,strengthened
2025-10-07,25085.30078125,25220.900390625,25076.30078125,25108.30078125,288000,yfinance:^NSEI,2026-08-05T14:32:28.085569,0.0917,1.0952,1.9217,-0.3732,306920.0,281470.0,0.9384,1.0232,normal,144.6,0.5759,7.65,0.0305,184.45,175.15,0.5345,0.469,25108.30078125,1.0,0.0,0.525,43.718118307515454,48.512794370232186,1966.8617516726024,1299.0320990050598,0.7857,-0.12,0.62,0.04,0.528,mixed
2025-10-08,25079.75,25192.5,25008.5,25046.150390625,227400,yfinance:^NSEI,2026-08-05T14:32:28.085569,-0.134,0.6102,1.7677,-0.4901,291800.0,281495.0,0.7793,0.8078,dry,184.0,0.7346,-28.55,-0.1137,192.43,180.62,0.5339,0.4685,25046.150390625,1.0,0.0,0.525,58.539152525074606,50.525216283374824,226.714277801613,928.3861561425374,0.4706,-0.36,0.62,-0.08,0.468,mixed
2025-10-09,25074.30078125,25199.25,25024.30078125,25181.80078125,286300,yfinance:^NSEI,2026-08-05T14:32:28.085569,0.4287,0.4153,1.3911,0.4985,287280.0,283605.0,0.9966,1.0095,normal,174.95,0.6947,28.15,0.1124,175.02,184.61,0.5458,0.4584,25181.80078125,1.0,0.0,0.525,49.5807968375392,51.87647449521158,-493.8752020747251,1249.3744761069297,4.5556,0.64,0.72,0.04,0.72,strongly_participatory
2025-10-10,25167.650390625,25330.75,25156.849609375,25285.349609375,232900,yfinance:^NSEI,2026-08-05T14:32:28.085569,0.4677,0.7051,1.571,1.5849,260680.0,284020.0,0.8934,0.82,dry,173.9,0.6878,-14.15,-0.0562,178.35,186.85,0.5116,0.4437,25285.349609375,1.0,0.0,0.525,64.60208698100212,54.56731527473721,2175.3281712575463,-856.1885754757318,2.3333,0.4,0.78,0.12,0.704,strongly_participatory
2025-10-13,25177.30078125,25267.30078125,25152.30078125,25227.349609375,234300,yfinance:^NSEI,2026-08-05T14:32:28.085569,0.1988,0.7235,0.5969,2.3227,253780.0,284450.0,0.9232,0.8237,normal,115.0,0.4559,-108.05,-0.4273,162.1,183.45,0.424,0.4437,25227.349609375,1.0,0.0,0.525,49.58328626770118,53.20468818376651,2727.070920782692,751.2113612814544,0.5625,-0.28,0.74,0.08,0.548,mixed
2025-10-14,25277.55078125,25310.349609375,25060.55078125,25145.5,292100,yfinance:^NSEI,2026-08-05T14:32:28.085569,-0.5224,-0.1442,0.1482,2.0727,254600.0,289785.0,1.1473,1.008,elevated,249.8,0.9934,50.2,0.199,183.14,188.64,0.4491,0.4304,25145.5,1.0,0.0,0.525,42.78865597108441,53.018795716480305,-536.814841652521,996.0245058992475,0.5625,-0.28,0.68,0.0,0.516,mixed
2025-10-15,25181.94921875,25365.150390625,25159.349609375,25323.55078125,289900,yfinance:^NSEI,2026-08-05T14:32:28.085569,0.5623,0.1511,1.1076,2.8948,267100.0,292275.0,1.0854,0.9919,normal,205.8,0.8127,36.45,0.145,190.27,194.18,0.4138,0.4396,25323.55078125,1.0,0.0,0.525,44.12891332756543,50.136747876978475,449.91368104672756,-250.6266523640612,3.5455,0.56,0.74,0.08,0.716,strongly_participatory
2025-10-16,25394.900390625,25625.400390625,25376.849609375,25585.30078125,372800,yfinance:^NSEI,2026-08-05T14:32:28.085569,0.7498,1.4189,1.6023,3.0157,284400.0,297470.0,1.3108,1.2532,elevated,248.55,0.9715,71.35,0.2818,215.65,200.42,0.3963,0.4547,25585.30078125,1.0,0.0,0.525,45.43722153444544,49.30803281635972,-207.20157196165292,517.9497209475861,6.1429,0.72,0.78,0.26,0.782,strongly_participatory
2025-10-17,25546.849609375,25781.5,25508.599609375,25709.849609375,422100,yfinance:^NSEI,2026-08-05T14:32:28.085569,0.638,2.2443,1.6788,3.2763,322240.0,304965.0,1.3099,1.3841,elevated,272.9,1.0615,-38.45,-0.1503,235.45,201.25,0.4037,0.4262,25709.849609375,1.0,0.0,0.525,51.39332757121533,46.666280934402366,-328.33335165890725,674.8084071150225,1.7778,0.28,0.82,0.36,0.72,strongly_participatory
2025-10-20,25824.599609375,25926.19921875,25788.5,25843.150390625,301100,yfinance:^NSEI,2026-08-05T14:32:28.085569,0.0718,2.0518,2.441,3.0525,335600.0,301000.0,0.8972,1.0003,dry,137.7,0.5328,114.75,0.4463,252.11,203.48,0.3916,0.4198,25843.150390625,1.0,0.0,0.525,47.805163261912135,46.31065633324455,108.19194855100534,1045.1122057693415,1.9412,0.32,0.84,0.44,0.744,strongly_participatory
2025-10-21,25901.19921875,25934.349609375,25825.80078125,25868.599609375,42500,yfinance:^NSEI,2026-08-05T14:32:28.085569,-0.1259,1.1073,2.8757,3.0281,285680.0,290400.0,0.1488,0.1463,dry,108.55,0.4196,58.05,0.2246,223.86,200.94,0.4075,0.42,25868.599609375,1.0,0.0,0.525,65.13816286889491,50.78055771280665,-610.5601159173704,-720.693593620023,1.6316,0.24,0.84,0.16,0.7,strongly_participatory
2025-10-23,26057.19921875,26104.19921875,25862.44921875,25891.400390625,448400,yfinance:^NSEI,2026-08-05T14:32:28.085569,-0.6363,0.7062,2.2424,3.3748,317380.0,297860.0,1.4128,1.5054,elevated,241.75,0.9337,188.6,0.7291,228.28,199.49,0.4819,0.4403,25891.400390625,1.0,0.0,0.525,51.49058935739226,52.25289291877201,-590.4727108896619,449.82555514667456,1.0833,0.04,0.88,0.56,0.716,strongly_participatory
2025-10-24,25935.099609375,25944.150390625,25718.19921875,25795.150390625,284900,yfinance:^NSEI,2026-08-05T14:32:28.085569,-0.5396,-0.1857,0.8202,2.4357,299800.0,299885.0,0.9503,0.95,normal,225.95,0.8759,43.7,0.1688,213.1,204.4,0.5227,0.4535,25795.150390625,1.0,0.0,0.525,48.3040278253456,52.82625417695205,1472.0349278692756,-667.5962628210435,0.5625,-0.28,0.86,0.08,0.596,strengthened
2025-10-27,25843.19921875,26005.94921875,25827.0,25966.05078125,266300,yfinance:^NSEI,2026-08-05T14:32:28.085569,0.4754,0.3767,0.9965,2.6921,268640.0,296075.0,0.9913,0.8994,normal,178.95,0.6892,48.05,0.1863,200.68,204.15,0.5233,0.4588,25966.05078125,1.0,0.0,0.525,39.81765947841276,50.51112055839153,263.3999271233485,82.36497458431197,2.8462,0.48,0.84,0.26,0.758,strongly_participatory
2025-10-28,25939.94921875,26041.69921875,25810.05078125,25936.19921875,395200,yfinance:^NSEI,2026-08-05T14:32:28.085569,-0.0145,0.173,0.3601,2.8098,287460.0,301260.0,1.3748,1.3118,elevated,231.65,0.8931,-26.1,-0.1005,203.74,210.37,0.5226,0.4586,25936.19921875,1.0,0.0,0.525,45.94098770061324,50.13828544613175,231.04795204671046,202.65272728633107,0.5625,-0.28,0.84,0.18,0.598,strengthened
2025-10-29,25982.0,26097.849609375,25960.30078125,26053.900390625,321900,yfinance:^NSEI,2026-08-05T14:32:28.085569,0.2767,1.0031,0.7163,3.6126,343340.0,297635.0,0.9376,1.0815,normal,137.55,0.5279,45.8,0.1766,214.36,208.77,0.4822,0.4578,26053.900390625,1.0,0.0,0.525,34.651327408979284,44.04091835414863,-1539.0992728519504,158.14584096420222,1.9412,0.32,0.8,0.32,0.716,strongly_participatory
2025-10-30,25984.400390625,26032.05078125,25845.25,25877.849609375,257400,yfinance:^NSEI,2026-08-05T14:32:28.085569,-0.4101,-0.3397,-0.0523,2.1889,305140.0,295355.0,0.8435,0.8715,dry,186.8,0.7219,-69.5,-0.2668,207.74,211.18,0.4869,0.4519,25877.849609375,1.0,0.0,0.525,51.19378498084223,43.981557478838624,286.49405653783685,1573.8595013226761,0.3514,-0.48,0.76,0.08,0.516,mixed
2025-10-31,25863.80078125,25953.75,25711.19921875,25722.099609375,334400,yfinance:^NSEI,2026-08-05T14:32:28.085569,-0.5479,-0.8255,-0.2832,0.5347,315040.0,296630.0,1.0615,1.1273,normal,242.55,0.943,-14.05,-0.0543,211.06,216.08,0.4508,0.4627,25722.099609375,1.0,0.0,0.525,53.17756751762193,44.95626541729389,-291.04596911569837,227.76915515795847,0.2821,-0.56,0.74,0.1,0.494,mixed
2025-11-03,25696.849609375,25803.099609375,25645.5,25763.349609375,23300,yfinance:^NSEI,2026-08-05T14:32:28.085569,0.2588,-1.1152,-0.7806,0.2081,266440.0,279500.0,0.0874,0.0834,dry,157.6,0.6117,-25.25,-0.0982,200.42,217.84,0.3963,0.4647,25763.349609375,1.0,0.0,0.525,38.19387469598127,44.631508460807595,54.94643902610257,425.6426630413245,1.1739,0.08,0.72,0.02,0.606,strengthened
2025-11-04,25744.75,25787.400390625,25578.400390625,25597.650390625,305100,yfinance:^NSEI,2026-08-05T14:32:28.085569,-0.5714,-1.0828,-1.3053,-0.95,248420.0,281315.0,1.2282,1.0845,elevated,209.0,0.8165,-18.6,-0.0722,195.89,214.92,0.4136,0.473,25597.650390625,1.0,0.0,0.525,36.28500095832144,42.70031111234923,1011.6910518786607,1943.1963029273948,0.3158,-0.52,0.64,-0.04,0.448,weakened
2025-11-06,25593.349609375,25679.150390625,25491.55078125,25509.69921875,371900,yfinance:^NSEI,2026-08-05T14:32:28.085569,-0.3268,-0.8258,-2.0888,-1.3874,258420.0,285510.0,1.4391,1.3026,elevated,187.6,0.7354,-4.3,-0.0168,201.08,212.63,0.4154,0.4763,25509.69921875,1.0,0.0,0.525,56.37678642089723,47.04540291473282,-496.35074191038706,384.2243028605593,0.5152,-0.32,0.58,-0.02,0.466,mixed
2025-11-07,25433.80078125,25551.25,25318.44921875,25492.30078125,305600,yfinance:^NSEI,2026-08-05T14:32:28.085569,0.23,-1.0521,-1.4899,-1.5414,268060.0,289420.0,1.14,1.0559,elevated,232.8,0.9132,-75.9,-0.2975,205.91,207.7,0.4053,0.477,25492.30078125,1.0,0.0,0.525,61.47142153166295,49.10093022489697,649.0988342444696,-111.74453579689883,1.6316,0.24,0.6,-0.16,0.572,strengthened
2025-11-10,25503.5,25653.44921875,25503.5,25574.349609375,243600,yfinance:^NSEI,2026-08-05T14:32:28.085569,0.2778,-0.091,-0.5744,-0.856,249900.0,287285.0,0.9748,0.8479,normal,149.95,0.5863,11.2,0.0439,189.63,199.72,0.3929,0.4773,25574.349609375,1.0,0.0,0.525,47.691932243994344,48.00380317017145,1585.783766454507,1493.6066866269027,1.7778,0.28,0.62,0.0,0.604,strengthened
2025-11-11,25617.0,25715.80078125,25449.25,25694.94921875,297700,yfinance:^NSEI,2026-08-05T14:32:28.085569,0.3043,0.7262,-0.2655,-1.0441,304780.0,290525.0,0.9768,1.0247,normal,266.55,1.0374,42.65,0.1668,211.42,203.3,0.3713,0.4656,25694.94921875,1.0,0.0,0.525,46.61898160047344,49.68882455106988,784.5207431072055,2239.337652025387,4.0,0.6,0.6,0.04,0.664,strengthened
2025-11-12,25834.30078125,25934.55078125,25781.150390625,25875.80078125,312600,yfinance:^NSEI,2026-08-05T14:32:28.085569,0.1606,1.5044,1.0866,-0.2329,306280.0,294440.0,1.0206,1.0617,normal,153.4,0.5928,139.35,0.5423,217.54,212.66,0.3774,0.4452,25875.80078125,1.0,0.0,0.525,55.069279499893376,53.44568025938427,-48.149815663688045,-157.26954345679925,2.125,0.36,0.64,0.26,0.654,strengthened
2025-11-13,25906.099609375,26010.69921875,25808.400390625,25879.150390625,385200,yfinance:^NSEI,2026-08-05T14:32:28.085569,-0.104,1.1918,1.4483,-0.6707,308940.0,299095.0,1.2468,1.2879,elevated,202.3,0.7817,30.3,0.1171,220.48,209.85,0.3613,0.438,25879.150390625,1.0,0.0,0.525,53.21858302730736,52.81403958066629,528.4778378142761,473.5613346916894,0.6129,-0.24,0.62,0.1,0.51,mixed
2025-11-14,25767.900390625,25940.19921875,25740.80078125,25910.05078125,518900,yfinance:^NSEI,2026-08-05T14:32:28.085569,0.5517,0.8371,1.6387,0.1244,351600.0,310545.0,1.4758,1.6709,elevated,199.4,0.7696,-111.25,-0.4299,213.8,207.95,0.3885,0.4378,25910.05078125,1.0,0.0,0.525,35.388862744126,47.597527823158906,1343.0734254415747,-847.4171765628878,1.2727,0.12,0.62,0.02,0.574,strengthened
2025-11-17,25948.19921875,26024.19921875,25906.349609375,26013.44921875,281800,yfinance:^NSEI,2026-08-05T14:32:28.085569,0.2515,0.532,1.717,1.1327,359240.0,305995.0,0.7844,0.9209,dry,117.85,0.453,38.15,0.1472,205.14,201.31,0.3367,0.4154,26013.44921875,1.0,0.0,0.525,42.99549838792377,46.658241051944785,26.543906378395558,-939.6375660279734,2.5714,0.44,0.66,0.14,0.666,strengthened
2025-11-18,26021.80078125,26029.849609375,25876.5,25910.05078125,280000,yfinance:^NSEI,2026-08-05T14:32:28.085569,-0.4294,0.1194,0.8371,0.5694,355700.0,298890.0,0.7872,0.9368,dry,153.35,0.5919,8.35,0.0321,182.5,195.72,0.3701,0.4182,25910.05078125,1.0,0.0,0.525,51.16642826749927,47.567730385349954,231.92366589002643,557.2247165266476,0.2821,-0.56,0.6,0.04,0.432,weakened
2025-11-19,25918.099609375,26074.650390625,25856.19921875,26052.650390625,250100,yfinance:^NSEI,2026-08-05T14:32:28.085569,0.5191,0.5504,0.6835,1.7775,343200.0,296340.0,0.7287,0.844,dry,218.45,0.8385,8.05,0.0311,178.27,199.77,0.3303,0.4128,26052.650390625,1.0,0.0,0.525,51.95224149026191,46.94432278342366,-660.3704762851204,442.69325918412284,1.5789,0.2245,0.6,0.1,0.5949,strengthened
2025-11-20,26132.099609375,26246.650390625,26063.19921875,26192.150390625,240400,yfinance:^NSEI,2026-08-05T14:32:28.085569,0.2298,0.687,1.2095,2.6753,314240.0,306235.0,0.765,0.785,dry,183.45,0.7004,79.45,0.305,176.61,198.73,0.2862,0.4138,26192.150390625,1.0,0.0,0.525,50.08539012659126,46.31768420328044,1617.8789398571482,-658.1454741665541,1.45,0.1837,0.7,0.2,0.6367,strengthened
2025-11-21,26109.55078125,26179.19921875,26052.19921875,26068.150390625,235600,yfinance:^NSEI,2026-08-05T14:32:28.085569,-0.1586,0.6102,0.6102,2.2589,257580.0,295595.0,0.9147,0.797,normal,127.0,0.4872,-82.6,-0.3154,164.72,191.4,0.3071,0.4142,26068.150390625,1.0,0.0,0.525,43.59755876923664,47.95942340830257,-16.361591515075837,1214.6824709390717,0.6129,-0.24,0.56,0.04,0.48,mixed
2025-11-24,26122.80078125,26142.80078125,25912.150390625,25959.5,464700,yfinance:^NSEI,2026-08-05T14:32:28.085569,-0.6251,-0.3575,-0.2074,1.506,294160.0,304585.0,1.5798,1.5257,spike,230.65,0.8885,54.65,0.2096,187.28,196.62,0.3902,0.4277,25959.5,1.0,0.0,0.525,57.381832154074914,50.8366901615328,1427.7054932407084,-1323.6612742368686,0.3514,-0.48,0.58,0.06,0.442,weakened
2025-11-25,25998.5,26032.599609375,25857.5,25884.80078125,260500,yfinance:^NSEI,2026-08-05T14:32:28.085569,-0.4373,-1.1734,-0.0975,0.7389,290260.0,304295.0,0.8975,0.8561,dry,175.1,0.6765,39.0,0.1502,191.63,194.2,0.4107,0.4285,25884.80078125,1.0,0.0,0.525,52.348801236755456,51.07316475538404,-926.4854630318841,546.4560385639726,0.5806,-0.2653,0.58,0.02,0.4809,mixed
2025-11-26,25842.94921875,26215.150390625,25842.94921875,26205.30078125,275300,yfinance:^NSEI,2026-08-05T14:32:28.085569,1.4021,0.5261,0.5859,1.2734,295300.0,298300.0,0.9323,0.9229,normal,372.2,1.4203,-41.85,-0.1617,222.38,207.38,0.6068,0.4975,26205.30078125,1.0,0.0,0.525,45.03508534331115,49.68973352599389,-401.702497867707,652.1765132974132,9.0,0.8,0.66,0.18,0.742,strongly_participatory
2025-11-27,26261.25,26310.44921875,26141.900390625,26215.55078125,240300,yfinance:^NSEI,2026-08-05T14:32:28.085569,-0.174,0.9863,0.0893,1.2999,295280.0,294220.0,0.8138,0.8167,dry,168.55,0.6429,55.95,0.2135,217.29,202.79,0.6101,0.4876,26215.55078125,1.0,0.0,0.525,54.173589685186755,50.507373437712985,466.86482080895314,-80.078332371371,0.8519,-0.08,0.7,0.22,0.586,strengthened
2025-11-28,26237.44921875,26280.75,26172.400390625,26202.94921875,202500,yfinance:^NSEI,2026-08-05T14:32:28.085569,-0.1315,1.2291,0.5171,1.1304,288660.0,291475.0,0.7015,0.6947,dry,108.35,0.4135,21.9,0.0835,210.97,199.02,0.5935,0.4795,26202.94921875,1.0,0.0,0.525,25.211659034959396,46.83019349085753,-828.0706824933712,-696.8493648653916,0.7241,-0.16,0.7,0.14,0.562,strengthened
2025-12-01,26325.80078125,26325.80078125,26124.19921875,26175.75,213800,yfinance:^NSEI,2026-08-05T14:32:28.085569,-0.57,-0.1128,0.833,0.6239,238480.0,285445.0,0.8965,0.749,dry,201.6,0.7702,122.85,0.4688,205.16,194.38,0.6181,0.4725,26175.75,1.0,0.0,0.525,45.100472468774946,44.37392155379754,-369.57364717961786,681.1957669982193,0.8846,-0.0612,0.74,0.14,0.5978,strengthened
2025-12-02,26087.94921875,26154.599609375,25997.849609375,26032.19921875,254800,yfinance:^NSEI,2026-08-05T14:32:28.085569,-0.2137,-0.6994,0.5694,0.4714,237340.0,297020.0,1.0736,0.8579,normal,156.75,0.6021,-87.8,-0.3354,205.72,189.98,0.6065,0.4579,26032.19921875,1.0,0.0,0.525,39.04264084299085,41.71268947504462,51.70704260522223,702.2814556150732,0.4706,-0.36,0.72,0.06,0.522,mixed
2025-12-03,26004.900390625,26066.44921875,25891.0,25986.0,265700,yfinance:^NSEI,2026-08-05T14:32:28.085569,-0.0727,-0.828,-0.8369,-0.2558,235420.0,295050.0,1.1286,0.9005,elevated,175.45,0.6752,-27.3,-0.1049,166.37,188.06,0.5767,0.4575,25986.0,1.0,0.0,0.525,37.64254819423276,40.23418204522894,49.51193953233811,17.798744600803396,0.3889,-0.44,0.6,-0.02,0.45,weakened
2025-12-04,25981.849609375,26098.25,25938.94921875,26033.75,248100,yfinance:^NSEI,2026-08-05T14:32:28.085569,0.1998,-0.5425,-0.6935,-0.6048,236980.0,288860.0,1.0469,0.8589,normal,159.3,0.6119,-4.15,-0.016,164.52,185.19,0.575,0.4592,26033.75,1.0,0.0,0.525,57.28661429902815,40.85678696799722,-687.961134764646,-989.0991226038265,3.0833,0.5102,0.62,0.14,0.664,strengthened
2025-12-05,25999.80078125,26202.599609375,25985.349609375,26186.44921875,249300,yfinance:^NSEI,2026-08-05T14:32:28.085569,0.7179,0.5925,-0.063,0.4538,246340.0,286045.0,1.012,0.8715,normal,217.25,0.8296,-33.95,-0.1304,186.3,192.29,0.6259,0.4638,26186.44921875,1.0,0.0,0.525,44.25839038950487,44.66613323890631,486.75094725200034,1550.6417422598706,4.5556,0.64,0.74,0.1,0.734,strongly_participatory
2025-12-08,26159.80078125,26178.69921875,25892.25,25960.55078125,320700,yfinance:^NSEI,2026-08-05T14:32:28.085569,-0.7617,-0.0979,-0.8221,0.004,267720.0,289900.0,1.1979,1.1062,elevated,286.45,1.1034,-26.65,-0.1018,204.82,202.35,0.6426,0.4747,25960.55078125,1.0,0.0,0.525,51.81632661778497,46.00930406870832,-457.51914045095737,190.4179755206769,0.087,-0.84,0.58,-0.1,0.354,weakened
2025-12-09,25867.099609375,25923.650390625,25728.0,25839.650390625,276000,yfinance:^NSEI,2026-08-05T14:32:28.085569,-0.1061,-0.7456,-0.7397,-0.1744,271960.0,288815.0,1.0149,0.9556,normal,195.65,0.7572,-93.45,-0.36,215.75,203.36,0.6261,0.4668,25839.650390625,1.0,0.0,0.525,48.614575128482045,47.923690925806554,74.81516291729864,1005.0474866390449,0.5625,-0.28,0.6,-0.32,0.452,mixed
2025-12-10,25864.05078125,25947.650390625,25734.55078125,25758.0,207900,yfinance:^NSEI,2026-08-05T14:32:28.085569,-0.41,-1.6361,-0.8774,-1.7069,260400.0,283580.0,0.7984,0.7331,dry,213.1,0.8273,24.4,0.0944,223.28,204.73,0.4091,0.4725,25758.0,1.0,0.0,0.525,37.73606220649144,47.942393728258295,-704.1652092433548,-274.5025853963602,0.9231,-0.04,0.56,-0.1,0.506,mixed
2025-12-11,25771.400390625,25922.80078125,25693.25,25898.55078125,206100,yfinance:^NSEI,2026-08-05T14:32:28.085569,0.4934,-0.2388,-0.5193,-1.2092,252000.0,274625.0,0.8179,0.7505,dry,229.55,0.8863,13.4,0.052,237.33,211.13,0.4568,0.4789,25898.55078125,1.0,0.0,0.525,55.97013455557712,47.67909777956809,279.71000908831377,-1112.206329638189,3.0833,0.5102,0.6,-0.12,0.63,strengthened
2025-12-12,25971.19921875,26057.599609375,25938.44921875,26046.94921875,216300,yfinance:^NSEI,2026-08-05T14:32:28.085569,0.2917,0.8023,-0.5327,-0.5954,245400.0,259495.0,0.8814,0.8335,dry,119.15,0.4574,72.65,0.2805,225.69,206.01,0.4715,0.476,26046.94921875,1.0,0.0,0.525,44.0499473347095,47.63740916860902,689.2337648335795,-826.2819104974872,2.8462,0.48,0.64,0.02,0.654,strengthened
2025-12-15,25930.05078125,26047.150390625,25904.75,26027.30078125,181600,yfinance:^NSEI,2026-08-05T14:32:28.085569,0.375,1.0455,0.2571,-0.5671,217580.0,254485.0,0.8346,0.7136,dry,142.4,0.5471,-116.9,-0.4488,195.33,203.68,0.4483,0.4686,26027.30078125,1.0,0.0,0.525,60.00607832507448,49.27535951006692,792.3394212109696,-855.3892079450865,0.9231,-0.04,0.58,0.0,0.524,mixed
2025-12-16,25951.5,25980.75,25834.349609375,25860.099609375,264400,yfinance:^NSEI,2026-08-05T14:32:28.085569,-0.3522,-0.1485,0.0791,-0.6611,215260.0,253705.0,1.2283,1.0422,elevated,146.4,0.5661,-75.8,-0.2912,187.41,190.87,0.4594,0.472,25860.099609375,1.0,0.0,0.525,54.80177393690794,50.512799271752094,74.81756105125402,691.62389479492,0.3158,-0.52,0.6,-0.06,0.43,weakened
2025-12-17,25902.400390625,25929.150390625,25770.349609375,25818.55078125,206500,yfinance:^NSEI,2026-08-05T14:32:28.085569,-0.3237,-0.8769,0.2351,-0.6444,214980.0,251525.0,0.9606,0.821,normal,158.8,0.6151,42.3,0.1636,176.55,190.18,0.4727,0.4634,25818.55078125,1.0,0.0,0.525,45.210782924737124,52.00774341540123,-337.2191508425196,99.36460898759832,1.0,0.0,0.54,-0.12,0.504,mixed
2025-12-18,25764.69921875,25902.349609375,25726.30078125,25815.55078125,197600,yfinance:^NSEI,2026-08-05T14:32:28.085569,0.1974,-0.8136,-0.3205,-0.8381,213280.0,249385.0,0.9265,0.7923,normal,176.05,0.6819,-53.85,-0.2086,165.85,195.01,0.4726,0.4595,25815.55078125,1.0,0.0,0.525,45.20593836545257,49.854904177376326,-669.9566545276875,-478.35636002153944,0.96,-0.0204,0.52,-0.08,0.4959,mixed
2025-12-19,25911.5,25993.349609375,25880.44921875,25966.400390625,382900,yfinance:^NSEI,2026-08-05T14:32:28.085569,0.2119,0.4111,-0.3092,-0.8403,246600.0,256750.0,1.5527,1.4913,spike,112.9,0.4348,95.95,0.3717,169.6,193.31,0.4119,0.4592,25966.400390625,1.0,0.0,0.525,45.42691959026094,50.13029862848661,409.8594845826784,-377.7331735881998,6.1429,0.72,0.58,0.18,0.694,strengthened
2025-12-22,26055.849609375,26180.69921875,26047.80078125,26172.400390625,253000,yfinance:^NSEI,2026-08-05T14:32:28.085569,0.4473,1.3705,0.5575,0.816,260880.0,246165.0,0.9698,1.0278,normal,132.9,0.5078,89.45,0.3445,183.98,195.91,0.3485,0.4632,26172.400390625,1.0,0.0,0.525,51.44033317752856,48.417149598977424,-859.4997311547119,-267.4813541492977,3.5455,0.56,0.6,0.16,0.668,strengthened
2025-12-23,26205.19921875,26233.55078125,26119.05078125,26177.150390625,216600,yfinance:^NSEI,2026-08-05T14:32:28.085569,-0.107,1.4007,1.226,1.3061,251320.0,243970.0,0.8618,0.8878,dry,114.5,0.4374,32.8,0.1253,168.29,191.56,0.3486,0.4615,26177.150390625,1.0,0.0,0.525,56.24226763225474,48.705248338046786,-30.035806551626226,2107.8771372213596,1.0833,0.04,0.6,0.14,0.562,strengthened
2025-12-24,26170.650390625,26236.400390625,26123.0,26142.099609375,188800,yfinance:^NSEI,2026-08-05T14:32:28.085569,-0.1091,0.6766,1.2532,1.4912,247780.0,239645.0,0.762,0.7878,dry,113.4,0.4338,-6.5,-0.0248,159.21,188.28,0.3125,0.4616,26142.099609375,1.0,0.0,0.525,49.91031327221211,49.64515440754178,2084.7060544535634,250.74437853992026,0.7857,-0.12,0.58,0.12,0.52,mixed
2025-12-26,26121.25,26144.19921875,26008.599609375,26042.30078125,142200,yfinance:^NSEI,2026-08-05T14:32:28.085569,-0.3022,-0.4971,0.8783,0.5551,236700.0,234740.0,0.6008,0.6058,dry,135.6,0.5207,-20.85,-0.0798,151.12,182.45,0.3059,0.465,26042.30078125,1.0,0.0,0.525,46.429201207320176,49.889806975915306,450.69797962239824,-1150.4237577422884,0.5625,-0.28,0.56,0.02,0.47,mixed
2025-12-29,26063.349609375,26106.80078125,25920.30078125,25942.099609375,234300,yfinance:^NSEI,2026-08-05T14:32:28.085569,-0.4652,-0.8979,-0.0936,-0.4025,206980.0,236330.0,1.132,0.9914,elevated,186.5,0.7189,21.05,0.0808,152.86,174.75,0.3276,0.462,25942.099609375,1.0,0.0,0.525,53.82103634909584,51.568630327682285,-1402.4845301638288,431.7099211546789,0.3889,-0.44,0.52,0.0,0.42,weakened
2025-12-30,25940.900390625,25976.75,25878.0,25938.849609375,396900,yfinance:^NSEI,2026-08-05T14:32:28.085569,-0.0079,-0.7775,-0.8924,-0.3398,235760.0,245485.0,1.6835,1.6168,spike,98.75,0.3807,-1.2,-0.0046,129.75,165.2,0.2941,0.4592,25938.849609375,1.0,0.0,0.525,48.415567086458395,50.96367710946825,139.51698498414018,1672.0111364256,0.5625,-0.28,0.56,0.0,0.468,mixed
2025-12-31,25971.05078125,26187.94921875,25969.0,26129.599609375,246300,yfinance:^NSEI,2026-08-05T14:32:28.085569,0.6105,0.3352,-0.1816,1.0421,241700.0,245060.0,1.019,1.0051,normal,218.95,0.8379,32.2,0.1241,156.67,167.77,0.3481,0.4666,26129.599609375,1.0,0.0,0.525,53.86112061772464,50.487447706562236,-497.530591149039,-155.62601963105357,6.1429,0.72,0.64,0.2,0.72,strongly_participatory
2026-01-01,26173.30078125,26197.55078125,26113.400390625,26146.55078125,425600,yfinance:^NSEI,2026-08-05T14:32:28.085569,-0.1022,0.7881,0.017,1.2704,289060.0,253055.0,1.4724,1.6818,elevated,84.15,0.3218,43.7,0.1672,150.82,157.38,0.3307,0.4571,26146.55078125,1.0,0.0,0.525,47.35426735913134,49.97623852394608,350.37810499509163,-239.4808005382306,2.125,0.36,0.62,0.24,0.644,strengthened
2026-01-02,26155.099609375,26340.0,26118.400390625,26328.55078125,357500,yfinance:^NSEI,2026-08-05T14:32:28.085569,0.6632,1.5024,1.0992,1.9872,332120.0,258525.0,1.0764,1.3828,normal,221.6,0.8417,8.55,0.0327,168.02,161.85,0.3842,0.4715,26328.55078125,1.0,0.0,0.525,48.62908152252872,50.416214586987785,122.19312174413888,171.62175934283147,3.1667,0.52,0.72,0.32,0.724,strongly_participatory
2026-01-05,26333.69921875,26373.19921875,26210.05078125,26250.30078125,338800,yfinance:^NSEI,2026-08-05T14:32:28.085569,-0.3167,0.4619,1.188,1.0933,353020.0,263000.0,0.9597,1.2882,normal,163.15,0.6215,5.15,0.0196,163.35,163.33,0.4007,0.4743,26250.30078125,1.0,0.0,0.525,50.77190780718394,49.80638887860541,-55.97521409263702,582.3218206559991,1.0,0.0,0.76,0.46,0.65,strengthened
2026-01-06,26189.69921875,26273.94921875,26124.75,26178.69921875,383000,yfinance:^NSEI,2026-08-05T14:32:28.085569,-0.042,0.123,0.9247,0.0241,350240.0,266115.0,1.0935,1.4392,normal,149.2,0.5699,-60.6,-0.2309,173.44,160.21,0.3731,0.4594,26178.69921875,1.0,0.0,0.525,55.984080878877215,51.32009163708917,1679.116981117545,-28.878581672880866,2.125,0.36,0.78,0.32,0.716,strongly_participatory
2026-01-07,26143.099609375,26187.150390625,26067.900390625,26140.75,338200,yfinance:^NSEI,2026-08-05T14:32:28.085569,-0.009,-0.7133,0.0427,-0.1391,368620.0,269225.0,0.9175,1.2562,normal,119.25,0.4562,-35.6,-0.136,147.47,157.38,0.3718,0.4513,26140.75,1.0,0.0,0.525,24.829956974450486,45.51385890843434,675.9463602670577,359.36082921685295,0.6897,-0.1837,0.74,0.2,0.5793,strengthened
2026-01-08,26106.5,26133.19921875,25858.44921875,25876.849609375,328500,yfinance:^NSEI,2026-08-05T14:32:28.085569,-0.8797,-1.4227,-1.0315,-1.0146,349200.0,275255.0,0.9407,1.1934,normal,274.75,1.0618,-34.25,-0.131,187.1,164.97,0.4636,0.4025,25876.849609375,1.0,0.0,0.525,64.70699763824582,48.98440496425724,14.194397877565784,-553.0605592978158,0.0652,-0.8776,0.62,0.0,0.3725,weakened
2026-01-09,25840.400390625,25940.599609375,25623.0,25683.30078125,348800,yfinance:^NSEI,2026-08-05T14:32:28.085569,-0.608,-1.8924,-2.4508,-1.3785,347460.0,282390.0,1.0039,1.2352,normal,317.6,1.2366,-36.45,-0.1409,206.3,174.96,0.4889,0.415,25683.30078125,1.0,0.0,0.525,46.88328297475861,48.635245254703214,1254.0424748134014,328.70521959679155,0.3514,-0.48,0.56,-0.12,0.416,weakened
2026-01-12,25669.05078125,25813.150390625,25473.400390625,25790.25,275800,yfinance:^NSEI,2026-08-05T14:32:28.085569,0.4722,-1.3408,-1.7526,-0.5853,334860.0,285365.0,0.8236,0.9665,dry,339.75,1.3174,-14.25,-0.0555,241.62,183.92,0.5041,0.4257,25790.25,1.0,0.0,0.525,52.90219124050056,49.061301941366544,27.711135228139273,351.03694030252785,3.1667,0.52,0.6,-0.32,0.612,strengthened
2026-01-13,25897.349609375,25899.80078125,25603.30078125,25732.30078125,339500,yfinance:^NSEI,2026-08-05T14:32:28.085569,-0.6373,-0.5586,-1.7052,-0.7963,326160.0,293260.0,1.0409,1.1577,normal,296.5,1.1522,107.1,0.4153,271.08,196.92,0.5401,0.4288,25732.30078125,1.0,0.0,0.525,39.57267549461075,45.77902086451324,-1646.0295965152045,-41.1419648939225,0.6129,-0.24,0.56,-0.1,0.466,mixed
2026-01-14,25648.55078125,25791.75,25603.94921875,25665.599609375,393100,yfinance:^NSEI,2026-08-05T14:32:28.085569,0.0665,-0.0689,-1.8177,-1.7758,337140.0,299695.0,1.166,1.3117,elevated,187.8,0.7317,-83.75,-0.3255,284.79,202.23,0.4871,0.4279,25665.599609375,1.0,0.0,0.525,43.00984831443356,49.41499913250986,-524.7573669263252,-857.1152107089233,0.6667,-0.2,0.52,-0.02,0.466,mixed
2026-01-16,25696.05078125,25873.5,25662.400390625,25694.349609375,434000,yfinance:^NSEI,2026-08-05T14:32:28.085569,-0.0066,-0.3718,-0.7053,-1.7295,358240.0,311070.0,1.2115,1.3952,elevated,211.1,0.8216,30.45,0.1186,270.55,207.62,0.4889,0.4279,25694.349609375,1.0,0.0,0.525,46.474540793893226,45.76850776363934,784.4426958957524,-121.33663721992045,0.7241,-0.16,0.5,-0.08,0.46,mixed
2026-01-19,25653.099609375,25653.30078125,25494.349609375,25585.5,443100,yfinance:^NSEI,2026-08-05T14:32:28.085569,-0.2635,-0.5705,-0.3808,-2.8222,377100.0,323345.0,1.175,1.3704,elevated,158.95,0.6213,-41.25,-0.1605,247.03,208.59,0.4019,0.4278,25585.5,1.0,0.0,0.525,51.96545510378083,46.78494218944378,423.57751470350604,785.3999643824562,0.7241,-0.16,0.48,-0.12,0.448,weakened
2026-01-20,25580.30078125,25585.0,25171.349609375,25232.5,409800,yfinance:^NSEI,2026-08-05T14:32:28.085569,-1.3596,-1.6875,-2.1626,-3.8773,403900.0,324690.0,1.0146,1.2621,normal,413.65,1.6394,-5.2,-0.0203,261.91,231.12,0.5405,0.4669,25232.5,1.0,0.0,0.525,49.20335124114861,46.045174189573395,-706.0867789442381,200.665776806404,0.0417,-0.92,0.4,-0.34,0.242,deteriorated
2026-01-21,25141.0,25300.94921875,24919.80078125,25157.5,395600,yfinance:^NSEI,2026-08-05T14:32:28.085569,0.0656,-2.0894,-2.2338,-3.9009,415120.0,331820.0,0.953,1.1922,normal,381.15,1.515,-91.5,-0.3626,278.84,240.55,0.5479,0.4513,25157.5,1.0,0.0,0.525,50.919688019729804,48.31457669459721,414.5340370711343,593.6020123368241,0.5152,-0.32,0.38,-0.5,0.338,weakened
2026-01-22,25344.150390625,25435.75,25168.5,25289.900390625,486400,yfinance:^NSEI,2026-08-05T14:32:28.085569,-0.2141,-1.1553,-1.4638,-3.2549,433780.0,345310.0,1.1213,1.4086,elevated,267.25,1.0567,186.65,0.7419,296.93,254.41,0.5388,0.4519,25289.900390625,1.0,0.0,0.525,67.2273246819062,53.15807196809173,-1231.3384494982322,-459.5220590599782,4.0,0.6,0.44,-0.06,0.59,strengthened
2026-01-23,25344.599609375,25347.94921875,25025.30078125,25048.650390625,393900,yfinance:^NSEI,2026-08-05T14:32:28.085569,-1.1677,-0.7286,-2.513,-3.2005,425760.0,355565.0,0.9252,1.1078,normal,322.65,1.2881,54.7,0.2163,319.24,261.63,0.5774,0.4901,25048.650390625,1.0,0.0,0.525,47.539049623731316,53.37097373405935,-2070.4132021611113,-709.3776240585148,0.3158,-0.52,0.38,-0.18,0.33,weakened
2026-01-27,25063.349609375,25246.650390625,24932.55078125,25175.400390625,618700,yfinance:^NSEI,2026-08-05T14:32:28.085569,0.4471,0.0712,-1.6029,-1.9776,460880.0,379390.0,1.3424,1.6308,elevated,314.1,1.2476,14.7,0.0587,342.06,272.41,0.6228,0.4882,25175.400390625,1.0,0.0,0.525,57.496242444483045,54.47713120219979,-247.03433158366067,-117.00581955707699,2.125,0.36,0.46,-0.2,0.536,mixed
2026-01-28,25258.849609375,25372.099609375,25187.650390625,25342.75,574900,yfinance:^NSEI,2026-08-05T14:32:28.085569,0.3322,0.209,0.4369,-1.7352,493900.0,396420.0,1.164,1.4502,elevated,184.45,0.7278,83.45,0.3315,298.57,275.81,0.6058,0.4894,25342.75,1.0,0.0,0.525,53.10984177623348,55.258429309216766,1169.2133398427438,-718.8755775107527,2.3333,0.4,0.42,0.06,0.554,strengthened
2026-01-29,25345.0,25458.150390625,25159.80078125,25418.900390625,582400,yfinance:^NSEI,2026-08-05T14:32:28.085569,0.2916,1.4781,1.0391,-1.2179,531260.0,405695.0,1.0963,1.4356,normal,298.35,1.1737,2.25,0.0089,282.01,288.6,0.615,0.4868,25418.900390625,1.0,0.0,0.525,38.85596069815613,52.845683844902034,1046.6872377493828,1013.5234186197888,0.8462,-0.0833,0.4,0.02,0.4453,weakened
2026-01-30,25247.55078125,25370.69921875,25213.650390625,25320.650390625,508400,yfinance:^NSEI,2026-08-05T14:32:28.085569,0.2895,0.577,0.1216,-1.344,535660.0,418800.0,0.9491,1.2139,normal,157.05,0.6202,-171.35,-0.6741,267.41,283.1,0.6289,0.4901,25320.650390625,1.0,0.0,0.525,61.067452258408764,51.61370936020255,810.8180939736211,-517.1434837916689,1.0833,0.04,0.4,-0.04,0.464,mixed
2026-02-02,24796.5,25108.099609375,24679.400390625,25088.400390625,449200,yfinance:^NSEI,2026-08-05T14:32:28.085569,1.1772,-1.0036,0.1587,-2.3583,546720.0,419980.0,0.8216,1.0696,dry,428.7,1.7088,-524.15,-2.0701,331.13,306.21,0.7587,0.54,25088.400390625,1.0,0.0,0.525,41.96579319984514,50.49905807542531,-369.95179625459014,489.55481265634677,0.2821,-0.56,0.4,-0.28,0.32,weakened
2026-02-03,26308.05078125,26341.19921875,25641.30078125,25727.55078125,637300,yfinance:^NSEI,2026-08-05T14:32:28.085569,-2.2065,1.2143,2.1932,0.5552,550440.0,433970.0,1.1578,1.4685,elevated,699.9,2.7204,1219.65,4.8614,518.87,371.43,1.0245,0.6664,25727.55078125,1.0,0.0,0.525,47.48689322725606,48.49718823197992,-1289.3434370374596,947.346824474623,11.5,0.84,0.54,0.34,0.718,strongly_participatory
2026-02-04,25675.05078125,25818.55078125,25563.94921875,25776.0,429800,yfinance:^NSEI,2026-08-05T14:32:28.085569,0.3932,1.7983,1.7096,2.154,521420.0,438520.0,0.8243,0.9801,dry,254.6,0.9877,-52.5,-0.2041,530.45,368.44,0.9584,0.6704,25776.0,1.0,0.0,0.525,50.63009928242785,48.00123973321878,151.15481295860008,-216.84989741624213,2.3333,0.4,0.56,0.0,0.604,strengthened
2026-02-05,25755.900390625,25757.650390625,25579.5,25642.80078125,343800,yfinance:^NSEI,2026-08-05T14:32:28.085569,-0.4391,2.2098,0.8808,1.9291,473700.0,436560.0,0.7258,0.7875,dry,178.15,0.6947,-20.1,-0.078,510.08,369.06,0.9644,0.6641,25642.80078125,1.0,0.0,0.525,50.57085772360219,50.344219138308,749.9305970570394,217.80821159125276,0.6129,-0.24,0.5,0.06,0.458,mixed
2026-02-06,25605.80078125,25703.94921875,25491.900390625,25693.69921875,375500,yfinance:^NSEI,2026-08-05T14:32:28.085569,0.3433,-0.1316,1.4733,1.5967,447120.0,438425.0,0.8398,0.8565,dry,212.05,0.8253,-37.0,-0.1443,511.44,369.13,0.9737,0.6701,25693.69921875,1.0,0.0,0.525,51.37536603388228,48.4058018934027,1504.8378295965285,-451.4310162445626,0.7857,-0.12,0.52,-0.02,0.482,mixed
2026-02-09,25888.69921875,25922.25,25780.900390625,25867.30078125,359400,yfinance:^NSEI,2026-08-05T14:32:28.085569,-0.0827,0.3542,3.1046,3.2682,429160.0,439970.0,0.8374,0.8169,dry,141.35,0.5464,195.0,0.7589,428.9,371.17,0.8929,0.6702,25867.30078125,1.0,0.0,0.525,46.04674691767481,49.221992636968636,255.686488142052,475.01682746982425,2.8462,0.48,0.56,0.34,0.654,strengthened
2026-02-10,25922.650390625,25989.44921875,25870.44921875,25935.150390625,460900,yfinance:^NSEI,2026-08-05T14:32:28.085569,0.0482,1.1401,0.8069,3.0178,393880.0,445575.0,1.1702,1.0344,elevated,119.0,0.4588,55.35,0.214,202.77,350.31,0.8823,0.6702,25935.150390625,1.0,0.0,0.525,55.71269734630686,50.867153460778795,1763.792608618236,205.56388847188262,1.2273,0.102,0.6,0.2,0.5804,strengthened
2026-02-11,25997.44921875,26009.400390625,25899.80078125,25953.849609375,331400,yfinance:^NSEI,2026-08-05T14:32:28.085569,-0.1677,1.0125,0.69,2.4113,374200.0,448355.0,0.8856,0.7391,dry,109.6,0.4223,62.3,0.2402,173.77,330.91,0.8764,0.6671,25953.849609375,1.0,0.0,0.525,57.51576391139712,52.244286386572654,-438.04073501090505,1689.7836176303533,1.2727,0.12,0.64,0.2,0.6,strengthened
2026-02-12,25906.69921875,25906.69921875,25752.400390625,25807.19921875,419400,yfinance:^NSEI,2026-08-05T14:32:28.085569,-0.3841,-0.2323,0.6411,1.5276,389320.0,452350.0,1.0773,0.9272,normal,154.3,0.5979,-47.15,-0.1817,174.76,325.43,0.8745,0.6686,25807.19921875,1.0,0.0,0.525,38.17913747890406,49.76594233763303,-504.73922024254585,1313.1397609019996,0.7857,-0.12,0.62,0.1,0.534,mixed
2026-02-13,25571.150390625,25630.349609375,25444.30078125,25471.099609375,453500,yfinance:^NSEI,2026-08-05T14:32:28.085569,-0.3913,-1.7893,-0.8664,0.5942,404920.0,455370.0,1.12,0.9959,elevated,186.05,0.7304,-236.05,-0.9147,204.93,328.3,0.867,0.6556,25471.099609375,1.0,0.0,0.525,52.77920055879886,50.046709242616345,-846.6273798176675,1818.9905470701483,0.1628,-0.72,0.52,-0.08,0.356,weakened
2026-02-16,25423.599609375,25697.0,25372.69921875,25682.75,275800,yfinance:^NSEI,2026-08-05T14:32:28.085569,1.0193,-1.0445,-0.7135,2.369,388200.0,447460.0,0.7105,0.6164,dry,324.3,1.2627,-47.5,-0.1865,224.08,329.03,0.8408,0.6899,25682.75,1.0,0.0,0.525,59.00565450649296,52.63849076037998,-27.959405837674627,68.50274211191994,2.8462,0.48,0.56,0.04,0.624,strengthened
2026-02-17,25637.94921875,25764.400390625,25570.30078125,25725.400390625,344100,yfinance:^NSEI,2026-08-05T14:32:28.085569,0.3411,-0.317,-0.8087,-0.0084,364840.0,442510.0,0.9432,0.7776,normal,194.1,0.7545,-44.8,-0.1744,238.47,328.85,0.4609,0.6797,25725.400390625,1.0,0.0,0.525,46.79955530373978,50.855862351866556,1465.2993760910151,-301.9759401381001,1.381,0.16,0.58,0.06,0.57,strengthened
2026-02-18,25752.650390625,25828.05078125,25645.150390625,25819.349609375,310200,yfinance:^NSEI,2026-08-05T14:32:28.085569,0.259,1.3672,-0.5182,0.1682,360600.0,437530.0,0.8602,0.709,dry,182.9,0.7084,27.25,0.1059,253.13,320.6,0.4523,0.6824,25819.349609375,1.0,0.0,0.525,49.00461162777234,49.1536318951416,1885.0310129308616,-74.42834522268127,2.5,0.4286,0.62,0.2,0.6537,strengthened
2026-02-19,25873.349609375,25885.30078125,25388.75,25454.349609375,298200,yfinance:^NSEI,2026-08-05T14:32:28.085569,-1.6194,-0.8893,-1.3673,-0.7349,336360.0,432660.0,0.8866,0.6892,dry,496.55,1.9508,54.0,0.2091,312.15,341.41,0.688,0.7356,25454.349609375,1.0,0.0,0.525,46.61542540572904,50.8408894805066,-230.75414491187047,-119.32497499836461,0.1111,-0.8,0.56,0.16,0.38,weakened
2026-02-20,25406.55078125,25663.55078125,25379.75,25571.25,296600,yfinance:^NSEI,2026-08-05T14:32:28.085569,0.6483,-0.5992,0.3932,-0.4766,304980.0,423170.0,0.9725,0.7009,normal,283.8,1.1098,-47.8,-0.1878,296.33,315.87,0.7143,0.75,25571.25,1.0,0.0,0.525,48.12463238065174,49.909975844877174,2694.4056179800696,-725.2899214806234,2.125,0.36,0.6,0.06,0.618,strengthened
2026-02-23,25678.400390625,25771.44921875,25609.349609375,25713.0,313700,yfinance:^NSEI,2026-08-05T14:32:28.085569,0.1347,-0.4119,0.1178,-0.5965,312560.0,419160.0,1.0036,0.7484,normal,162.1,0.6304,107.15,0.419,271.51,240.69,0.7159,0.7383,25713.0,1.0,0.0,0.525,60.756040505799774,50.26005304473854,-165.23398198146438,-218.12316641325828,2.5714,0.44,0.66,0.18,0.67,strengthened
2026-02-24,25641.80078125,25641.80078125,25327.599609375,25424.650390625,439100,yfinance:^NSEI,2026-08-05T14:32:28.085569,-0.8469,-0.1167,-1.1691,-1.9684,331560.0,410180.0,1.3243,1.0705,elevated,314.2,1.2358,-71.2,-0.2769,309.77,250.03,0.7622,0.7452,25424.650390625,1.0,0.0,0.525,41.22430921345338,49.145003826681254,-150.12000796409032,-2265.582631302051,0.6667,-0.2,0.66,0.02,0.526,mixed
2026-02-25,25512.599609375,25652.599609375,25428.19921875,25482.5,414200,yfinance:^NSEI,2026-08-05T14:32:28.085569,-0.118,-0.3471,-1.3046,-1.8161,352360.0,402145.0,1.1755,1.03,elevated,224.4,0.8806,87.95,0.3459,318.78,252.28,0.7618,0.7369,25482.5,1.0,0.0,0.525,40.068861204349545,47.35785374199669,1096.8935558620044,-492.7831267377546,2.8462,0.48,0.68,0.28,0.696,strengthened
2026-02-26,25556.30078125,25572.94921875,25400.94921875,25496.55078125,405200,yfinance:^NSEI,2026-08-05T14:32:28.085569,-0.2338,-0.8418,0.1658,-1.2037,373760.0,393285.0,1.0841,1.0303,normal,172.0,0.6746,73.8,0.2896,253.87,249.42,0.757,0.7311,25496.55078125,1.0,0.0,0.525,30.77287909117028,44.189344479084944,-1096.1422703619864,962.4249953231972,1.0417,0.0204,0.66,0.12,0.5801,strengthened
2026-02-27,25459.849609375,25476.400390625,25141.30078125,25178.650390625,438900,yfinance:^NSEI,2026-08-05T14:32:28.085569,-1.1045,-0.9676,-1.5353,-1.1482,402220.0,389810.0,1.0912,1.1259,normal,335.1,1.3309,-36.7,-0.1439,268.16,258.47,0.8204,0.7517,25178.650390625,1.0,0.0,0.525,42.88830601848398,43.14207920665139,-566.1022207718266,-523.9039050182121,0.0889,-0.8367,0.52,0.02,0.3427,weakened
2026-03-02,24659.25,24989.349609375,24603.5,24865.69921875,519200,yfinance:^NSEI,2026-08-05T14:32:28.085569,0.8372,-2.4205,-3.2952,-3.1813,443320.0,393310.0,1.1712,1.3201,elevated,385.85,1.5517,-519.4,-2.0629,343.15,290.82,0.7931,0.7731,24865.69921875,1.0,0.0,0.525,56.07853671474108,42.20657844843966,144.64893274386625,997.6957215184973,0.1905,-0.68,0.46,-0.34,0.314,weakened
2026-03-04,24388.80078125,24602.44921875,24305.400390625,24480.5,599000,yfinance:^NSEI,2026-08-05T14:32:28.085569,0.376,-3.9851,-3.7135,-4.8392,475300.0,391395.0,1.2603,1.5304,elevated,297.05,1.2134,-476.9,-1.9179,378.13,323.02,0.7957,0.7782,24480.5,1.0,0.0,0.525,66.01948644275447,47.165613894299874,822.8215147539629,839.7293341436789,0.087,-0.84,0.34,-0.48,0.22,deteriorated
2026-03-05,24615.94921875,24854.19921875,24529.400390625,24765.900390625,504300,yfinance:^NSEI,2026-08-05T14:32:28.085569,0.6092,-1.6393,-2.8121,-4.0801,493320.0,395120.0,1.0223,1.2763,normal,324.8,1.3115,135.45,0.5533,407.28,335.32,0.8237,0.7518,24765.900390625,1.0,0.0,0.525,55.85412389593275,50.322666432616515,-4.589778468429934,391.2012481243771,3.5455,0.56,0.4,-0.12,0.56,strengthened
2026-03-06,24656.400390625,24700.900390625,24415.75,24450.44921875,433400,yfinance:^NSEI,2026-08-05T14:32:28.085569,-0.8353,-1.67,-4.1029,-3.9439,498960.0,399600.0,0.8686,1.0846,dry,285.15,1.1662,-109.5,-0.4421,442.91,334.41,0.6934,0.7651,24450.44921875,1.0,0.0,0.525,45.40134893193102,53.24836040076866,-703.520725806407,-235.21606327232098,0.2821,-0.56,0.36,-0.08,0.324,weakened
2026-03-09,23868.05078125,24078.150390625,23697.80078125,24028.05078125,526900,yfinance:^NSEI,2026-08-05T14:32:28.085569,0.6704,-1.8482,-4.5697,-6.0349,516560.0,407170.0,1.02,1.2941,normal,380.35,1.5829,-582.4,-2.382,522.39,365.01,0.6959,0.7765,24028.05078125,1.0,0.0,0.525,36.88342026589123,52.04738325025011,575.2751708285272,383.65937715689876,0.2195,-0.64,0.24,-0.66,0.202,deteriorated
2026-03-10,24280.80078125,24303.80078125,24079.94921875,24261.599609375,444300,yfinance:^NSEI,2026-08-05T14:32:28.085569,-0.0791,-2.0363,-2.4294,-5.6446,501580.0,411415.0,0.8858,1.0799,dry,223.85,0.9227,252.75,1.0519,462.51,370.84,0.6928,0.7472,24261.599609375,1.0,0.0,0.525,34.836810024344864,47.799037912170874,242.09531864771716,1102.4026196162858,4.5556,0.64,0.34,0.0,0.564,strengthened
2026-03-11,24231.849609375,24299.0,23834.30078125,23866.849609375,407400,yfinance:^NSEI,2026-08-05T14:32:28.085569,-1.5063,-2.3869,-2.5067,-6.1271,463260.0,408740.0,0.8794,0.9967,dry,464.7,1.947,-29.75,-0.1226,443.39,390.97,0.7981,0.7899,23866.849609375,1.0,0.0,0.525,56.180563456077124,45.8312533148354,110.0431597265854,-781.5968038281854,0.1905,-0.68,0.22,-0.18,0.234,deteriorated
2026-03-12,23674.849609375,23833.150390625,23556.30078125,23639.150390625,501000,yfinance:^NSEI,2026-08-05T14:32:28.085569,-0.1508,-1.6185,-4.5496,-7.2338,462600.0,417220.0,1.083,1.2008,normal,276.85,1.1711,-192.0,-0.8045,430.76,377.68,0.7981,0.7862,23639.150390625,1.0,0.0,0.525,67.51801925071419,48.164032385791685,1514.4282945889443,-1379.4707811951155,0.2895,-0.551,0.22,-0.46,0.2318,deteriorated
2026-03-13,23462.5,23492.400390625,23112.0,23151.099609375,519800,yfinance:^NSEI,2026-08-05T14:32:28.085569,-1.3272,-4.5772,-5.3142,-9.1991,479880.0,422240.0,1.0832,1.2311,normal,380.4,1.6431,-176.65,-0.7473,466.16,395.06,0.8825,0.8141,23151.099609375,1.0,0.0,0.525,59.074182548084146,50.898599109022314,-5.521906065365412,611.4127480705542,0.087,-0.84,0.16,-0.52,0.144,deteriorated
2026-03-16,23116.099609375,23502.0,22955.25,23408.80078125,540300,yfinance:^NSEI,2026-08-05T14:32:28.085569,1.2662,-1.9192,-2.5772,-7.0292,482560.0,426580.0,1.1197,1.2666,elevated,546.75,2.3357,-35.0,-0.1512,424.98,419.82,0.9441,0.8508,23408.80078125,1.0,0.0,0.525,54.82732447024246,54.487379949892556,-149.38053901100452,-106.75694376793436,2.5,0.4286,0.14,-0.54,0.3877,weakened
2026-03-17,23493.19921875,23656.80078125,23346.599609375,23581.150390625,458800,yfinance:^NSEI,2026-08-05T14:32:28.085569,0.3744,-0.2454,-2.8046,-5.1659,485460.0,435730.0,0.9451,1.0529,normal,310.2,1.3155,84.4,0.3605,431.87,414.45,0.9084,0.8209,23581.150390625,1.0,0.0,0.525,54.07142871829412,58.334303688682404,859.5634650916563,124.25005640968612,2.125,0.36,0.16,-0.12,0.424,weakened
2026-03-18,23632.900390625,23862.25,23618.44921875,23777.80078125,382900,yfinance:^NSEI,2026-08-05T14:32:28.085569,0.6131,2.707,-0.3731,-2.8704,480560.0,437670.0,0.7968,0.8749,dry,243.8,1.0253,51.75,0.2195,395.15,418.24,0.924,0.7327,23777.80078125,1.0,0.0,0.525,50.249531391755006,57.14809727581799,879.0203045104228,889.4057507324646,3.1667,0.52,0.16,-0.02,0.466,mixed
2026-03-19,23197.75,23378.69921875,22930.349609375,23002.150390625,550100,yfinance:^NSEI,2026-08-05T14:32:28.085569,-0.8432,-1.7372,-2.6947,-7.1217,490380.0,449665.0,1.1218,1.2234,elevated,448.35,1.9492,-580.05,-2.4395,502.53,466.49,0.9253,0.742,23002.150390625,1.0,0.0,0.525,48.83360883161501,53.411215191998146,-209.37398914927604,65.75848931677267,0.0204,-0.96,0.12,-0.32,0.124,deteriorated
2026-03-20,23110.150390625,23345.150390625,23067.599609375,23114.5,663300,yfinance:^NSEI,2026-08-05T14:32:28.085569,0.0188,-1.9789,-0.1581,-5.4639,519080.0,467920.0,1.2778,1.4176,elevated,277.55,1.2008,108.0,0.4695,465.7,465.61,0.8973,0.7392,23114.5,1.0,0.0,0.525,47.49925497680382,51.09622967774209,-153.31772809174328,32.29089647261396,2.5714,0.44,0.14,-0.16,0.428,weakened
2026-03-23,22824.349609375,22851.69921875,22471.25,22512.650390625,550300,yfinance:^NSEI,2026-08-05T14:32:28.085569,-1.3656,-5.3207,-3.8283,-6.3068,521080.0,480605.0,1.0561,1.145,normal,380.45,1.6899,-290.15,-1.2553,485.0,470.48,0.9342,0.7713,22512.650390625,1.0,0.0,0.525,34.456345486436916,47.02203388098097,-72.89135617129351,585.184058657303,0.087,-0.84,0.1,-0.68,0.104,deteriorated
2026-03-24,22878.44921875,23057.30078125,22624.19921875,22912.400390625,538100,yfinance:^NSEI,2026-08-05T14:32:28.085569,0.1484,-0.3902,-2.836,-5.561,536940.0,491825.0,1.0022,1.0941,normal,433.1,1.8902,365.8,1.6249,531.89,469.36,0.9429,0.7729,22912.400390625,1.0,0.0,0.525,47.213282985642,45.650404734450554,383.93634027606544,285.36575115691755,7.3333,0.76,0.14,-0.12,0.496,mixed
2026-03-25,23064.400390625,23465.349609375,23063.19921875,23306.44921875,505400,yfinance:^NSEI,2026-08-05T14:32:28.085569,1.0494,0.8304,-1.9823,-2.348,561440.0,495140.0,0.9002,1.0207,normal,402.15,1.7255,152.0,0.6634,586.26,482.16,0.9188,0.8015,23306.44921875,1.0,0.0,0.525,40.09127114279266,43.61875268465808,758.8657879489666,-590.8131265617795,9.0,0.8,0.14,0.02,0.518,mixed
2026-03-27,23173.55078125,23186.099609375,22804.55078125,22819.599609375,612600,yfinance:^NSEI,2026-08-05T14:32:28.085569,-1.5274,1.3635,-0.7936,-3.4669,573940.0,505060.0,1.0674,1.2129,normal,381.55,1.672,-132.9,-0.5702,517.15,493.0,1.036,0.8436,22819.599609375,1.0,0.0,0.525,49.439153209227825,43.73986156018064,-130.64387147695084,1178.1320658301784,0.1364,-0.76,0.14,-0.04,0.2,deteriorated
2026-03-30,22549.650390625,22714.099609375,22283.849609375,22331.400390625,698600,yfinance:^NSEI,2026-08-05T14:32:28.085569,-0.9679,-2.5357,-3.3879,-3.5406,581000.0,519730.0,1.2024,1.3442,elevated,430.25,1.9267,-269.95,-1.183,555.7,477.51,0.9965,0.8562,22331.400390625,1.0,0.0,0.525,35.43599517101458,41.327209599022794,-81.45821900384405,-1069.6965335441905,0.087,-0.84,0.12,-0.46,0.134,deteriorated
2026-04-01,22899.0,22941.30078125,22618.599609375,22679.400390625,518000,yfinance:^NSEI,2026-08-05T14:32:28.085569,-0.959,-2.6905,0.7407,-3.1159,574540.0,523685.0,0.9016,0.9891,normal,322.7,1.4229,567.6,2.5417,549.03,501.38,0.895,0.8679,22679.400390625,1.0,0.0,0.525,55.52616950390573,45.54117440251656,-930.0262257452833,-492.19952258657986,3.5455,0.56,0.08,-0.1,0.434,weakened
2026-04-02,22383.400390625,22782.30078125,22182.55078125,22713.099609375,495100,yfinance:^NSEI,2026-08-05T14:32:28.085569,1.473,-0.4667,-0.8698,-3.6811,565940.0,522480.0,0.8748,0.9476,dry,599.75,2.6405,-296.0,-1.3051,560.05,511.02,1.0476,0.8929,22713.099609375,1.0,0.0,0.525,40.140100851693525,44.12653797572686,-961.7665339422667,-262.3375782395369,1.0,0.0,0.06,-0.38,0.286,deteriorated
2026-04-06,22780.30078125,22998.349609375,22542.94921875,22968.25,426400,yfinance:^NSEI,2026-08-05T14:32:28.085569,0.8251,2.8518,-1.4511,-3.4046,550140.0,513850.0,0.7751,0.8298,dry,455.4,1.9827,67.2,0.2959,540.54,521.37,1.0686,0.9065,22968.25,1.0,0.0,0.525,48.84300404916768,45.87688455700187,-461.89127587285424,-769.1970556197886,9.0,0.8,0.1,0.04,0.504,mixed
2026-04-07,22838.69921875,23153.849609375,22719.30078125,23123.650390625,477000,yfinance:^NSEI,2026-08-05T14:32:28.085569,1.2477,1.9588,1.3324,0.5282,523020.0,512485.0,0.912,0.9308,normal,434.55,1.8792,-129.55,-0.564,527.07,514.76,1.1346,0.9389,23123.650390625,1.0,0.0,0.525,37.32779604065436,43.45461312328718,-158.50443734187277,-505.34304777548186,2.5714,0.44,0.14,0.06,0.45,weakened
2026-04-08,23855.150390625,24025.150390625,23828.5,23997.349609375,639300,yfinance:^NSEI,2026-08-05T14:32:28.085569,0.5961,5.6542,7.4601,3.8195,511160.0,522780.0,1.2507,1.2229,elevated,196.65,0.8195,731.5,3.1634,600.22,540.1,1.1505,0.9022,23997.349609375,1.0,0.0,0.525,43.18905884839029,45.00522585876232,128.82964987627147,296.7230791712549,4.5556,0.64,0.24,0.32,0.556,strengthened
2026-04-09,23909.05078125,23990.75,23682.80078125,23775.099609375,466600,yfinance:^NSEI,2026-08-05T14:32:28.085569,-0.5603,3.5129,4.8313,5.6077,500880.0,519765.0,0.9316,0.8977,normal,307.95,1.2953,-88.3,-0.368,541.15,540.41,1.0653,0.8977,23775.099609375,1.0,0.0,0.525,50.5582554731403,44.01164305260923,297.86380091576945,1696.5195241181082,0.7241,-0.16,0.28,0.1,0.39,weakened
2026-04-10,23880.55078125,24074.05078125,23856.349609375,24050.599609375,481300,yfinance:^NSEI,2026-08-05T14:32:28.085569,0.7121,4.0087,5.8887,4.9676,498120.0,521615.0,0.9662,0.9227,normal,217.7,0.9052,105.45,0.4435,480.99,541.68,1.081,0.9084,24050.599609375,1.0,0.0,0.525,35.25605013174665,43.034832908619855,1970.6682608346168,200.7177532920768,6.1429,0.72,0.38,0.16,0.612,strengthened
2026-04-13,23589.599609375,23907.400390625,23555.599609375,23842.650390625,488800,yfinance:^NSEI,2026-08-05T14:32:28.085569,1.0727,-0.6447,3.807,2.3007,510600.0,525685.0,0.9573,0.9298,normal,351.8,1.4755,-461.0,-1.9168,488.91,516.51,1.0831,0.9182,23842.650390625,1.0,0.0,0.525,52.41991963533718,43.75021602585375,1868.179441254334,-1102.2149080932459,0.3158,-0.52,0.32,0.1,0.334,weakened
2026-04-15,24163.80078125,24280.900390625,24145.80078125,24231.30078125,460300,yfinance:^NSEI,2026-08-05T14:32:28.085569,0.2793,1.9188,4.7901,6.1864,507260.0,523650.0,0.9074,0.879,normal,135.1,0.5575,321.15,1.347,489.65,523.31,0.8997,0.9191,24231.30078125,1.0,0.0,0.525,58.91312343979075,48.06728150568104,1365.1817812465558,11.82835041173207,15.6667,0.88,0.48,0.46,0.714,strongly_participatory
2026-04-16,24385.19921875,24400.94921875,24102.80078125,24196.75,508000,yfinance:^NSEI,2026-08-05T14:32:28.085569,-0.7728,0.6077,0.8309,8.353,481000.0,523060.0,1.0561,0.9712,normal,298.15,1.2322,153.9,0.6351,368.98,498.66,0.8691,0.9295,24196.75,1.0,0.0,0.525,49.00179602118326,49.22982894023963,368.2413857293398,415.4494023008495,1.0,0.0,0.48,0.46,0.538,mixed
2026-04-17,24165.900390625,24371.900390625,24096.05078125,24353.55078125,498600,yfinance:^NSEI,2026-08-05T14:32:28.085569,0.7765,2.1428,2.433,7.3818,487400.0,520975.0,1.023,0.9571,normal,275.85,1.1327,-30.85,-0.1275,361.24,479.46,0.7319,0.9154,24353.55078125,1.0,0.0,0.525,44.564755670997975,48.03112897981116,102.9802395785658,724.1074294660775,3.5455,0.56,0.52,0.28,0.648,strengthened
2026-04-20,24391.5,24480.650390625,24241.25,24364.849609375,415900,yfinance:^NSEI,2026-08-05T14:32:28.085569,-0.1093,0.5511,1.3066,7.2722,474320.0,518830.0,0.8768,0.8016,dry,239.4,0.9826,37.95,0.1558,349.33,457.06,0.6832,0.9042,24364.849609375,1.0,0.0,0.525,48.39088056260564,50.65809506598296,-2004.2269200775468,656.1289242478489,0.8519,-0.08,0.54,0.38,0.538,mixed
2026-04-21,24374.55078125,24601.69921875,24354.900390625,24576.599609375,425800,yfinance:^NSEI,2026-08-05T14:32:28.085569,0.8289,1.5698,3.0783,7.0025,461720.0,520975.0,0.9222,0.8173,normal,246.8,1.0042,9.7,0.0398,299.69,438.84,0.6834,0.9138,24576.599609375,1.0,0.0,0.525,48.32473352963106,49.83905784484173,76.63712279644568,-1178.8621161833407,2.5714,0.44,0.66,0.4,0.692,strengthened
2026-04-22,24470.849609375,24515.94921875,24352.900390625,24378.099609375,440500,yfinance:^NSEI,2026-08-05T14:32:28.085569,-0.379,0.1008,0.6058,5.425,457760.0,515495.0,0.9623,0.8545,normal,163.05,0.6688,-105.75,-0.4303,256.78,416.55,0.6541,0.9108,24378.099609375,1.0,0.0,0.525,42.38406649754596,46.53324645639278,-239.10471923622728,175.22310840192023,0.5625,-0.28,0.58,0.24,0.5,mixed
2026-04-23,24202.349609375,24310.19921875,24134.80078125,24173.05078125,467500,yfinance:^NSEI,2026-08-05T14:32:28.085569,-0.1211,-0.7872,-0.0979,0.7322,449660.0,505705.0,1.0397,0.9245,normal,175.4,0.7256,-175.75,-0.7209,245.81,390.37,0.6506,0.897,24173.05078125,1.0,0.0,0.525,42.69679265959241,45.272245784074606,829.9876168291397,1437.2278168974697,0.4706,-0.36,0.5,0.08,0.436,weakened
2026-04-24,24100.55078125,24206.0,23813.650390625,23897.94921875,438400,yfinance:^NSEI,2026-08-05T14:32:28.085569,-0.8407,-2.7614,-1.8708,0.5167,437620.0,500110.0,1.0018,0.8766,normal,392.35,1.6418,-72.5,-0.2999,269.11,375.55,0.6905,0.9029,23897.94921875,1.0,0.0,0.525,36.779157825602454,43.71512621499551,-669.5507065224324,527.4220918422681,0.3514,-0.48,0.48,0.04,0.4,weakened
2026-04-27,23945.44921875,24130.69921875,23936.19921875,24092.69921875,430300,yfinance:^NSEI,2026-08-05T14:32:28.085569,0.6149,-1.1707,-1.117,0.175,440500.0,494720.0,0.9768,0.8698,normal,194.5,0.8073,47.5,0.1988,267.78,359.65,0.6822,0.9099,24092.69921875,1.0,0.0,0.525,42.45675841763274,42.52830178600093,2925.020807349765,653.516879874773,4.5556,0.64,0.54,0.26,0.67,strengthened
2026-04-28,24049.900390625,24181.80078125,23957.05078125,23995.69921875,554100,yfinance:^NSEI,2026-08-05T14:32:28.085569,-0.2254,-0.7337,-2.3636,0.6419,466160.0,497155.0,1.1886,1.1145,elevated,224.75,0.9366,-42.8,-0.1776,263.37,344.66,0.6029,0.865,23995.69921875,1.0,0.0,0.525,42.25274187544642,41.313903455163995,650.7629855557993,-642.2189813031608,0.6129,-0.24,0.54,0.2,0.488,mixed
2026-04-29,24096.900390625,24334.69921875,24059.94921875,24177.650390625,531100,yfinance:^NSEI,2026-08-05T14:32:28.085569,0.3351,1.1704,-0.8223,-0.2214,484280.0,493080.0,1.0967,1.0771,normal,274.75,1.1364,101.2,0.4217,286.43,304.49,0.6059,0.8655,24177.650390625,1.0,0.0,0.525,55.15939501555553,43.868969158765914,-639.4777244112415,778.4168337384839,2.8462,0.48,0.6,0.22,0.658,strengthened
2026-04-30,23996.94921875,24087.44921875,23796.849609375,23997.55078125,505500,yfinance:^NSEI,2026-08-05T14:32:28.085569,0.0025,-0.3949,-0.726,-0.8232,491880.0,483425.0,1.0277,1.0457,normal,290.6,1.211,-180.7,-0.7474,313.93,309.22,0.5406,0.8243,23997.55078125,1.0,0.0,0.525,45.64040257366378,44.457691141580185,159.8045247242409,745.8007233927736,0.3158,-0.52,0.6,0.16,0.452,mixed
2026-05-04,24063.55078125,24290.19921875,24004.75,24119.30078125,419100,yfinance:^NSEI,2026-08-05T14:32:28.085569,0.2317,0.5151,0.9262,-0.9619,488020.0,478480.0,0.8588,0.8759,dry,285.45,1.1835,66.0,0.275,293.99,308.77,0.4885,0.7958,24119.30078125,1.0,0.0,0.525,41.31722357392194,45.36530429124408,1730.3010308595233,27.364000470241766,2.5714,0.44,0.66,0.24,0.676,strengthened
2026-05-05,24052.599609375,24081.69921875,23882.05078125,24032.80078125,363300,yfinance:^NSEI,2026-08-05T14:32:28.085569,-0.0823,-0.5991,-0.2486,-1.3628,474620.0,471890.0,0.7655,0.7699,dry,199.65,0.8307,-66.7,-0.2765,294.89,290.36,0.4877,0.7944,24032.80078125,1.0,0.0,0.525,65.1611930221871,49.90619121215496,2032.7334301292565,-496.60262244552393,0.6667,-0.2,0.64,0.12,0.528,mixed
2026-05-06,24171.0,24356.5,23997.900390625,24330.94921875,429200,yfinance:^NSEI,2026-08-05T14:32:28.085569,0.6617,1.3893,1.3971,-0.9995,449640.0,472030.0,0.9545,0.9093,normal,358.6,1.4738,138.2,0.575,321.66,284.67,0.4596,0.7956,24330.94921875,1.0,0.0,0.525,38.4992126477639,49.15548536661845,1168.9045577333327,721.8766520423754,2.125,0.36,0.72,0.18,0.678,strengthened
2026-05-07,24398.5,24482.099609375,24284.0,24326.650390625,440600,yfinance:^NSEI,2026-08-05T14:32:28.085569,-0.2945,0.8597,0.6163,-0.211,431540.0,470210.0,1.021,0.937,normal,198.1,0.8143,67.55,0.2776,293.48,277.52,0.4521,0.78,24326.650390625,1.0,0.0,0.525,50.47856568181622,48.21931949987059,370.770931967963,180.69601904906878,0.9231,-0.04,0.74,0.14,0.602,strengthened
2026-05-08,24233.650390625,24253.80078125,24126.650390625,24176.150390625,335900,yfinance:^NSEI,2026-08-05T14:32:28.085569,-0.2373,0.5965,0.7442,0.0128,397620.0,455040.0,0.8448,0.7382,dry,127.15,0.5259,-93.0,-0.3823,257.32,272.1,0.4578,0.7822,24176.150390625,1.0,0.0,0.525,53.070215047456784,49.705281994629196,907.9943796338915,1020.9021806734881,0.7857,-0.12,0.7,0.04,0.56,strengthened
2026-05-11,23970.099609375,23997.44921875,23799.099609375,23815.849609375,390100,yfinance:^NSEI,2026-08-05T14:32:28.085569,-0.6435,-2.1171,-1.2581,-0.3435,391820.0,451215.0,0.9956,0.8646,normal,198.35,0.8328,-206.05,-0.8523,274.2,281.94,0.4195,0.7465,23815.849609375,1.0,0.0,0.525,46.96143440213259,50.83412416027132,-587.901129200937,64.95360627346837,0.3514,-0.48,0.64,-0.04,0.456,mixed
2026-05-12,23722.599609375,23757.55078125,23348.400390625,23379.55078125,447500,yfinance:^NSEI,2026-08-05T14:32:28.085569,-1.4461,-3.8933,-2.7182,-2.96,408660.0,449525.0,1.095,0.9955,normal,409.15,1.75,-93.25,-0.3915,320.24,297.7,0.5794,0.7982,23379.55078125,1.0,0.0,0.525,48.35049177583288,47.47198391100047,1128.2123550423084,164.2165025782384,0.0638,-0.88,0.44,-0.26,0.274,deteriorated
2026-05-13,23362.44921875,23582.94921875,23262.55078125,23412.599609375,415400,yfinance:^NSEI,2026-08-05T14:32:28.085569,0.2147,-3.1583,-3.7744,-2.43,405900.0,445855.0,1.0234,0.9317,normal,320.4,1.3685,-17.1,-0.0731,312.6,304.6,0.5913,0.7765,23412.599609375,1.0,0.0,0.525,46.82398398697209,49.136938178842115,2233.3233170635044,435.1528896988287,0.9231,-0.04,0.42,-0.26,0.434,weakened
2026-05-14,23530.25,23777.19921875,23426.55078125,23689.599609375,428700,yfinance:^NSEI,2026-08-05T14:32:28.085569,0.6772,-0.5301,-2.6187,-2.0186,403520.0,444275.0,1.0624,0.9649,normal,350.65,1.4802,117.65,0.5025,345.9,313.27,0.6296,0.7274,23689.599609375,1.0,0.0,0.525,55.71103293435928,50.18343162935072,781.2629099886915,34.20595536400259,3.1667,0.52,0.56,-0.1,0.618,strengthened
2026-05-15,23731.400390625,23839.30078125,23610.30078125,23643.5,408900,yfinance:^NSEI,2026-08-05T14:32:28.085569,-0.3704,1.129,-2.2032,-1.4754,418120.0,439320.0,0.9779,0.9308,normal,229.0,0.9686,41.8,0.1765,351.7,301.6,0.6344,0.7051,23643.5,1.0,0.0,0.525,65.68418401273081,52.70622542240553,1760.723423781778,-852.0240575770483,0.7241,-0.16,0.54,0.16,0.5,mixed
2026-05-18,23482.19921875,23695.650390625,23317.099609375,23649.94921875,392000,yfinance:^NSEI,2026-08-05T14:32:28.085569,0.7144,1.0138,-0.6966,-1.946,418500.0,433990.0,0.9367,0.9032,normal,378.55,1.6006,-161.3,-0.6822,352.0,312.01,0.6815,0.6828,23649.94921875,1.0,0.0,0.525,47.29374361318996,52.772687264617005,885.5820937261275,-826.0626991238285,0.8519,-0.08,0.56,-0.18,0.49,mixed
2026-05-19,23675.30078125,23782.30078125,23587.19921875,23618.0,442000,yfinance:^NSEI,2026-08-05T14:32:28.085569,-0.242,-0.3022,1.0199,-1.726,417400.0,435295.0,1.0589,1.0154,normal,195.1,0.8261,25.35,0.1072,297.53,309.9,0.6834,0.6407,23618.0,1.0,0.0,0.525,68.63767470123454,56.83012384969734,-20.073095997743383,-123.22459465988453,1.0,0.0,0.56,0.04,0.528,mixed
2026-05-20,23457.25,23690.900390625,23397.30078125,23659.0,344100,yfinance:^NSEI,2026-08-05T14:32:28.085569,0.8601,0.0656,1.0524,-2.7617,403140.0,431210.0,0.8535,0.798,dry,293.6,1.241,-160.75,-0.6806,292.17,306.65,0.7102,0.6421,23659.0,1.0,0.0,0.525,41.570603456242154,55.77944774355135,-1868.890495355913,513.8122901806057,0.8519,-0.08,0.56,-0.16,0.492,mixed
2026-05-21,23830.05078125,23859.900390625,23596.599609375,23654.69921875,348200,yfinance:^NSEI,2026-08-05T14:32:28.085569,-0.7358,0.0201,-0.1473,-2.7622,387040.0,426595.0,0.8996,0.8162,dry,263.3,1.1131,171.05,0.723,271.91,298.26,0.7384,0.6235,23654.69921875,1.0,0.0,0.525,61.11293444355254,56.85982804539001,833.6131127287114,340.7405696516465,0.96,-0.0204,0.58,0.04,0.5319,mixed
2026-05-22,23671.19921875,23835.650390625,23671.0,23719.30078125,336100,yfinance:^NSEI,2026-08-05T14:32:28.085569,0.2032,0.4289,0.3206,-1.8897,372480.0,420025.0,0.9023,0.8002,normal,164.65,0.6942,16.5,0.0698,262.3,290.28,0.7438,0.6157,23719.30078125,1.0,0.0,0.525,61.421606512611525,56.00731254536614,-2140.9255164018223,56.7139733559342,1.1739,0.08,0.62,0.04,0.568,strengthened
2026-05-25,23940.25,24054.44921875,23922.849609375,24031.69921875,351200,yfinance:^NSEI,2026-08-05T14:32:28.085569,0.382,1.5753,1.6142,0.9063,364320.0,415665.0,0.964,0.8449,normal,131.6,0.5476,220.95,0.9315,253.62,297.27,0.7275,0.6081,24031.69921875,1.0,0.0,0.525,61.0271729850283,58.753998419733804,-189.10754054643127,746.8914858873534,4.5556,0.64,0.76,0.18,0.75,strongly_participatory
2026-05-26,24004.099609375,24089.80078125,23885.44921875,23913.69921875,387900,yfinance:^NSEI,2026-08-05T14:32:28.085569,-0.3766,1.0949,1.252,2.2847,353500.0,413545.0,1.0973,0.938,normal,204.35,0.8545,-27.6,-0.1148,255.47,286.26,0.5421,0.6009,23913.69921875,1.0,0.0,0.525,44.966978072100105,54.01985909390693,-537.2621615773305,-35.95936282413837,0.6129,-0.24,0.72,0.1,0.55,strengthened
2026-05-27,23880.349609375,23983.19921875,23858.25,23907.150390625,531600,yfinance:^NSEI,2026-08-05T14:32:28.085569,0.1122,0.792,1.0489,2.1123,391000.0,412420.0,1.3596,1.289,elevated,124.95,0.5226,-33.35,-0.1395,221.74,281.03,0.5414,0.5682,23907.150390625,1.0,0.0,0.525,46.371357119181106,54.98000982649471,193.4017965123835,834.0246766701582,2.0625,0.3469,0.64,0.1,0.6354,strengthened
2026-05-29,23902.150390625,24002.80078125,23484.75,23547.75,1198000,yfinance:^NSEI,2026-08-05T14:32:28.085569,-1.4827,-2.0138,-0.4521,-0.5988,560960.0,445765.0,2.1356,2.6875,spike,518.05,2.2,-5.0,-0.0209,272.69,303.75,0.7024,0.6265,23547.75,1.0,0.0,0.525,39.88194615445707,50.73381216867562,-385.2677365383244,1132.3337559110105,0.1111,-0.8,0.56,-0.06,0.358,weakened
2026-06-01,23654.5,23733.69921875,23357.94921875,23382.599609375,421700,yfinance:^NSEI,2026-08-05T14:32:28.085569,-1.1495,-2.2209,-1.4195,-1.1035,578080.0,441575.0,0.7295,0.955,dry,375.75,1.607,106.75,0.4533,311.65,303.66,0.7758,0.6448,23382.599609375,1.0,0.0,0.525,48.27266774607381,48.10402441536807,1497.2505366193468,-298.4392087137383,0.2195,-0.64,0.46,-0.22,0.334,weakened
2026-06-02,23229.150390625,23556.94921875,23229.150390625,23483.55078125,511900,yfinance:^NSEI,2026-08-05T14:32:28.085569,1.0952,-1.7719,-2.2809,-0.7036,610220.0,446215.0,0.8389,1.1472,dry,327.8,1.3959,-153.45,-0.6563,310.18,293.68,0.8315,0.6617,23483.55078125,1.0,0.0,0.525,41.840214151530866,44.26663264866859,-22.906524066059625,1365.0967302170732,1.2727,0.12,0.48,-0.36,0.48,mixed
2026-06-03,23415.94921875,23459.650390625,23151.5,23405.599609375,450100,yfinance:^NSEI,2026-08-05T14:32:28.085569,-0.0442,-0.6037,-2.1247,-0.8993,622660.0,450555.0,0.7229,0.999,dry,308.15,1.3166,-67.6,-0.2879,335.72,294.51,0.831,0.6616,23405.599609375,1.0,0.0,0.525,49.87028729432598,45.24729449311376,544.2134630385839,533.7876313725776,0.6667,-0.2,0.46,-0.14,0.43,weakened
2026-06-04,23282.44921875,23465.30078125,23247.30078125,23416.55078125,412500,yfinance:^NSEI,2026-08-05T14:32:28.085569,0.576,0.1452,-2.0521,-1.0248,598840.0,449720.0,0.6888,0.9172,dry,218.0,0.931,-123.15,-0.5262,354.33,284.04,0.7982,0.6515,23416.55078125,1.0,0.0,0.525,35.55283483037098,43.08359003535175,-1798.282087632246,-237.89602078104113,0.9231,-0.04,0.44,-0.06,0.462,mixed
2026-06-05,23478.94921875,23516.349609375,23282.650390625,23366.69921875,366200,yfinance:^NSEI,2026-08-05T14:32:28.085569,-0.4781,-0.4976,-0.7689,-1.2175,432480.0,446000.0,0.8467,0.8211,dry,233.7,1.0001,62.4,0.2665,297.46,284.38,0.7809,0.6533,23366.69921875,1.0,0.0,0.525,50.64704185771566,45.236609176003455,751.5401814060695,298.418578662806,0.8519,-0.08,0.38,0.0,0.436,weakened
2026-06-08,23080.69921875,23267.30078125,23070.150390625,23123.0,375700,yfinance:^NSEI,2026-08-05T14:32:28.085569,0.1833,-1.2074,-1.1102,-2.514,423280.0,447990.0,0.8876,0.8386,dry,197.15,0.8526,-286.0,-1.224,281.62,278.52,0.78,0.6549,23123.0,1.0,0.0,0.525,50.99245255878058,45.78056613854481,303.82736210532113,-459.8761417648955,0.2195,-0.64,0.32,-0.2,0.28,deteriorated
2026-06-09,23259.05078125,23279.400390625,23104.44921875,23242.099609375,402600,yfinance:^NSEI,2026-08-05T14:32:28.085569,-0.0729,-0.745,-1.0282,-3.2857,401420.0,448615.0,1.0029,0.8974,normal,174.95,0.7527,136.05,0.5884,251.05,277.08,0.7606,0.6381,23242.099609375,1.0,0.0,0.525,57.82135193978634,48.97679369619591,-88.54033016482377,276.6804731573559,1.7778,0.28,0.38,-0.16,0.492,mixed
2026-06-10,23233.94921875,23425.349609375,23184.599609375,23214.94921875,380000,yfinance:^NSEI,2026-08-05T14:32:28.085569,-0.0818,-0.6494,-0.8146,-2.922,387400.0,445240.0,0.9809,0.8535,normal,240.75,1.037,-8.15,-0.0351,232.79,273.31,0.7571,0.6262,23214.94921875,1.0,0.0,0.525,38.32287185047036,46.66731060742478,-729.4976841312648,901.1230218355093,0.6667,-0.2,0.36,-0.1,0.394,weakened
2026-06-11,23104.400390625,23327.44921875,23072.05078125,23161.599609375,363000,yfinance:^NSEI,2026-08-05T14:32:28.085569,0.2476,0.1669,-1.0888,-3.1185,377500.0,442620.0,0.9616,0.8201,normal,255.4,1.1027,-110.55,-0.4762,240.27,272.74,0.7632,0.6278,23161.599609375,1.0,0.0,0.525,61.38057909470163,51.83285946029091,648.7887875734142,653.278805677273,0.5625,-0.28,0.34,-0.26,0.354,weakened
2026-06-12,23412.55078125,23645.349609375,23313.900390625,23622.900390625,351900,yfinance:^NSEI,2026-08-05T14:32:28.085569,0.8984,1.6384,1.0964,0.3191,374640.0,438780.0,0.9393,0.802,normal,331.45,1.4031,250.95,1.0835,290.28,294.37,0.6548,0.6476,23622.900390625,1.0,0.0,0.525,51.35215207492836,51.97388150373346,-356.06815946510915,-109.06601198910492,3.1667,0.52,0.42,0.0,0.572,strengthened
2026-06-15,23984.849609375,24011.400390625,23817.80078125,23853.900390625,398900,yfinance:^NSEI,2026-08-05T14:32:28.085569,-0.546,2.7523,3.1609,2.0156,379280.0,438280.0,1.0517,0.9101,normal,193.6,0.8116,361.95,1.5322,308.67,298.18,0.5434,0.6545,23853.900390625,1.0,0.0,0.525,52.46661530017378,52.26871405201209,-933.2472710708153,-793.2919242261283,1.9412,0.32,0.5,0.24,0.588,strengthened
2026-06-16,23923.900390625,24002.599609375,23888.19921875,23989.150390625,327300,yfinance:^NSEI,2026-08-05T14:32:28.085569,0.2727,3.5729,3.2142,2.153,364220.0,435045.0,0.8986,0.7523,dry,114.4,0.4769,70.0,0.2935,303.42,294.21,0.4419,0.6552,23989.150390625,1.0,0.0,0.525,48.60804313129929,50.426052290314686,35.66826771662844,-738.2287967981167,1.6316,0.24,0.52,0.06,0.562,strengthened
2026-06-17,24044.5,24108.19921875,23969.69921875,24085.69921875,352700,yfinance:^NSEI,2026-08-05T14:32:28.085569,0.1713,1.9591,3.7508,2.9057,358760.0,430580.0,0.9831,0.8191,normal,138.5,0.575,55.35,0.2307,282.97,295.17,0.4396,0.6562,24085.69921875,1.0,0.0,0.525,52.31004793957095,53.2234875081348,1260.4911834109118,1066.3691469235087,1.8824,0.3061,0.56,0.1,0.5952,strengthened
2026-06-18,24073.80078125,24189.25,24036.94921875,24168.0,340000,yfinance:^NSEI,2026-08-05T14:32:28.085569,0.3913,1.3168,4.3451,3.2091,354160.0,430375.0,0.96,0.79,normal,152.3,0.6302,-11.9,-0.0494,262.35,269.05,0.4217,0.6482,24168.0,1.0,0.0,0.525,40.63461125536507,49.07429394026749,-329.64950255039054,-1151.6137570087842,1.7778,0.28,0.58,0.18,0.606,strengthened
2026-06-19,23991.19921875,24047.19921875,23901.900390625,24013.099609375,447900,yfinance:^NSEI,2026-08-05T14:32:28.085569,0.0913,0.0998,1.6518,2.7663,373360.0,435360.0,1.1996,1.0288,elevated,145.3,0.6051,-176.8,-0.7315,218.82,261.22,0.3705,0.6468,24013.099609375,1.0,0.0,0.525,49.35488659228862,48.674840843739545,-220.8166097429164,-662.9886937014527,0.7241,-0.16,0.54,0.02,0.486,mixed
2026-06-22,24106.599609375,24168.05078125,24073.150390625,24102.900390625,252800,yfinance:^NSEI,2026-08-05T14:32:28.085569,-0.0153,0.0714,1.0439,4.2378,344140.0,431195.0,0.7346,0.5863,dry,94.9,0.3937,93.5,0.3894,172.11,248.87,0.3742,0.6456,24102.900390625,1.0,0.0,0.525,40.76873886828168,46.335265557361126,1010.1916422542774,655.9864769146934,1.7778,0.28,0.58,0.16,0.604,strengthened
2026-06-23,24071.30078125,24135.5,23784.94921875,23824.099609375,340100,yfinance:^NSEI,2026-08-05T14:32:28.085569,-1.027,-1.423,-0.688,2.5041,346700.0,430640.0,0.981,0.7898,normal,350.55,1.4714,-31.6,-0.1311,212.48,250.19,0.5246,0.6619,23824.099609375,1.0,0.0,0.525,42.115760459281866,45.036809022957634,301.93764725371153,-113.50982964608617,0.2821,-0.56,0.5,0.1,0.398,weakened
2026-06-24,23795.80078125,24090.05078125,23789.25,24021.650390625,395600,yfinance:^NSEI,2026-08-05T14:32:28.085569,0.9491,0.0356,-0.2659,3.4749,355280.0,431025.0,1.1135,0.9178,elevated,300.8,1.2522,-28.3,-0.1188,244.94,256.11,0.5946,0.6292,24021.650390625,1.0,0.0,0.525,57.8887454016835,46.15254851538015,-80.50963185138922,1558.7586327600804,1.5,0.2,0.5,0.02,0.542,mixed
2026-06-25,24125.849609375,24261.599609375,24039.0,24056.0,448800,yfinance:^NSEI,2026-08-05T14:32:28.085569,-0.2895,-0.1946,-0.4634,3.8616,377040.0,426885.0,1.1903,1.0513,elevated,222.6,0.9253,104.2,0.4338,262.47,256.55,0.6082,0.6313,24056.0,1.0,0.0,0.525,56.73048096475415,49.37172245725797,-377.7727170864493,-68.48226678024383,0.6129,-0.24,0.5,0.18,0.47,mixed
2026-06-29,24061.75,24120.0,23924.55078125,23946.25,588500,yfinance:^NSEI,2026-08-05T14:32:28.085569,-0.48,0.5127,-0.2784,1.3688,405160.0,396410.0,1.4525,1.4846,elevated,195.45,0.8162,5.75,0.0239,248.34,249.33,0.5588,0.6258,23946.25,1.0,0.0,0.525,57.70478159983347,51.04170145876693,-377.7727170864493,-68.48226678024383,0.8519,-0.08,0.42,0.06,0.458,mixed
2026-06-30,24032.05078125,24035.55078125,23829.19921875,23865.75,449000,yfinance:^NSEI,2026-08-05T14:32:28.085569,-0.692,-0.649,-0.9839,0.0497,444400.0,397775.0,1.0104,1.1288,normal,206.35,0.8646,85.8,0.3583,258.62,251.58,0.5749,0.6349,23865.75,1.0,0.0,0.525,49.13373530911924,52.71470074693444,-377.7727170864493,-68.48226678024383,0.8519,-0.08,0.46,-0.16,0.452,mixed
2026-07-01,23897.650390625,24049.900390625,23895.099609375,24005.849609375,352100,yfinance:^NSEI,2026-08-05T14:32:28.085569,0.4528,-0.2085,0.7629,0.0696,446800.0,389785.0,0.788,0.9033,dry,154.8,0.6448,31.9,0.1337,225.34,247.53,0.5892,0.6262,24005.849609375,1.0,0.0,0.525,66.55463631985356,57.602475919048786,-377.7727170864493,-68.48226678024383,1.9412,0.32,0.5,0.02,0.566,strengthened
2026-07-02,24062.19921875,24194.55078125,24058.80078125,24175.69921875,372900,yfinance:^NSEI,2026-08-05T14:32:28.085569,0.4717,0.9582,0.6413,0.3737,442260.0,385925.0,0.8432,0.9662,dry,135.75,0.5615,56.35,0.2347,202.92,242.77,0.6088,0.6313,24175.69921875,1.0,0.0,0.525,51.14654271515497,56.25403538174307,-377.7727170864493,-68.48226678024383,3.5455,0.56,0.6,0.2,0.672,strengthened
2026-07-03,24375.650390625,24378.150390625,24252.349609375,24270.849609375,326600,yfinance:^NSEI,2026-08-05T14:32:28.085569,-0.4299,1.6974,0.8931,0.4256,417820.0,381630.0,0.7817,0.8558,dry,125.8,0.5183,199.95,0.8271,195.42,222.68,0.6033,0.6141,24270.849609375,1.0,0.0,0.525,49.536392931920254,54.8152177751763,-377.7727170864493,-68.48226678024383,2.125,0.36,0.62,0.34,0.654,strengthened
2026-07-06,24306.849609375,24458.650390625,24287.099609375,24430.349609375,329400,yfinance:^NSEI,2026-08-05T14:32:28.085569,0.5081,1.7683,2.0216,1.7376,366000.0,379790.0,0.9,0.8673,normal,171.55,0.7022,36.0,0.1483,193.89,208.34,0.6315,0.608,24430.349609375,1.0,0.0,0.525,46.78024130895565,52.63030971700073,-377.7727170864493,-68.48226678024383,1.2273,0.102,0.6,0.22,0.5824,strengthened
2026-07-07,24464.44921875,24530.900390625,24348.94921875,24398.69921875,412600,yfinance:^NSEI,2026-08-05T14:32:28.085569,-0.2688,0.9224,2.2331,1.2272,358720.0,381635.0,1.1502,1.0811,elevated,181.95,0.7457,34.1,0.1396,189.01,210.71,0.6348,0.6085,24398.69921875,1.0,0.0,0.525,53.664869413508725,53.53653653787863,-377.7727170864493,-68.48226678024383,1.0,0.0,0.64,0.32,0.588,strengthened
2026-07-08,24259.55078125,24300.0,23805.19921875,23882.05078125,420500,yfinance:^NSEI,2026-08-05T14:32:28.085569,-1.5561,-1.6019,-0.5157,0.2432,372400.0,382530.0,1.1292,1.0993,elevated,494.8,2.0719,-139.15,-0.5703,270.88,243.21,0.7364,0.6645,23882.05078125,1.0,0.0,0.525,55.653618534356674,51.35633298077926,-377.7727170864493,-68.48226678024383,0.087,-0.84,0.54,-0.02,0.346,weakened
2026-07-09,23928.94921875,24134.69921875,23925.69921875,23962.80078125,384800,yfinance:^NSEI,2026-08-05T14:32:28.085569,0.1415,-1.9138,-0.8806,-0.245,374780.0,382770.0,1.0267,1.0053,normal,209.0,0.8722,46.9,0.1964,283.67,250.38,0.6428,0.6634,23962.80078125,1.0,0.0,0.525,41.7120843159364,49.46944130093554,-377.7727170864493,-68.48226678024383,1.6316,0.24,0.56,0.0,0.572,strengthened
2026-07-10,24124.69921875,24228.44921875,24120.349609375,24206.900390625,313100,yfinance:^NSEI,2026-08-05T14:32:28.085569,0.3407,-0.7861,-0.2635,0.6273,372080.0,380275.0,0.8415,0.8234,dry,108.1,0.4466,161.9,0.6756,296.31,250.35,0.6651,0.6669,24206.900390625,1.0,0.0,0.525,37.35013637153777,47.032189988859045,-377.7727170864493,-68.48226678024383,4.0,0.6,0.56,0.12,0.656,strengthened
2026-07-13,24039.400390625,24259.80078125,24000.19921875,24211.0,322700,yfinance:^NSEI,2026-08-05T14:32:28.085569,0.7138,1.3774,-0.8979,1.1056,370740.0,378815.0,0.8704,0.8519,dry,259.6,1.0722,-167.5,-0.692,310.67,257.83,0.7054,0.6246,24211.0,1.0,0.0,0.525,39.173067150609015,45.51075515718971,-377.7727170864493,-68.48226678024383,0.7241,-0.16,0.58,0.02,0.502,mixed
2026-07-14,24068.0,24157.099609375,24023.69921875,24052.05078125,355800,yfinance:^NSEI,2026-08-05T14:32:28.085569,-0.0663,0.3725,-1.4208,0.7806,359380.0,376660.0,0.99,0.9446,normal,133.4,0.5546,-143.0,-0.5906,311.74,246.16,0.6671,0.5852,24052.05078125,1.0,0.0,0.525,30.776875256380137,40.933156325764,-377.7727170864493,-68.48226678024383,0.4706,-0.36,0.52,-0.06,0.43,weakened
2026-07-15,24085.849609375,24220.349609375,24010.55078125,24078.5,306900,yfinance:^NSEI,2026-08-05T14:32:28.085569,-0.0305,-0.5304,0.8226,0.3026,336660.0,375640.0,0.9116,0.817,normal,209.8,0.8713,33.8,0.1405,235.0,239.66,0.6504,0.5509,24078.5,1.0,0.0,0.525,51.10862883624771,40.024158386142204,-377.7727170864493,-68.48226678024383,1.0833,0.04,0.58,0.02,0.542,mixed
2026-07-16,24142.099609375,24186.5,24050.0,24072.75,264300,yfinance:^NSEI,2026-08-05T14:32:28.085569,-0.2873,-0.571,0.4588,-0.4258,312560.0,371220.0,0.8456,0.712,dry,136.5,0.567,63.6,0.2641,211.77,232.28,0.6309,0.5535,24072.75,1.0,0.0,0.525,67.94399613946233,45.270540750847395,-377.7727170864493,-68.48226678024383,1.0833,0.04,0.56,-0.02,0.53,mixed
2026-07-17,24127.599609375,24367.30078125,24099.05078125,24334.30078125,387800,yfinance:^NSEI,2026-08-05T14:32:28.085569,0.8567,1.1735,0.5263,0.2614,327500.0,373610.0,1.1841,1.038,elevated,268.25,1.1024,54.85,0.2278,217.55,239.35,0.6837,0.5657,24334.30078125,1.0,0.0,0.525,47.95143270768085,47.39080001807601,-377.7727170864493,-68.48226678024383,3.1667,0.52,0.64,0.04,0.664,strengthened
2026-07-20,24190.05078125,24266.099609375,24135.849609375,24238.5,353100,yfinance:^NSEI,2026-08-05T14:32:28.085569,0.2003,0.6645,0.1136,-0.7853,333580.0,368870.0,1.0585,0.9572,normal,130.25,0.5374,-144.25,-0.5928,205.32,238.79,0.6668,0.559,24238.5,1.0,0.0,0.525,47.20888277447086,48.99796314284838,-377.7727170864493,-68.48226678024383,3.4545,0.551,0.62,0.2,0.6782,strengthened
2026-07-21,24216.05078125,24262.19921875,24135.650390625,24187.69921875,315600,yfinance:^NSEI,2026-08-05T14:32:28.085569,-0.1171,0.4775,0.564,-0.8648,325540.0,372010.0,0.9695,0.8484,normal,126.55,0.5232,-22.45,-0.0926,193.17,234.68,0.6616,0.5589,24187.69921875,1.0,0.0,0.525,55.35261186390215,53.91311046435278,-377.7727170864493,-68.48226678024383,2.125,0.36,0.6,0.22,0.634,strengthened
2026-07-22,24150.44921875,24166.30078125,23961.400390625,23996.25,304700,yfinance:^NSEI,2026-08-05T14:32:28.085569,-0.6385,-1.3892,-0.3416,0.4782,325100.0,370240.0,0.9373,0.823,normal,204.9,0.8539,-37.25,-0.154,196.47,237.36,0.4478,0.5717,23996.25,1.0,0.0,0.525,45.67780364649079,52.8269454264014,-377.7727170864493,-68.48226678024383,0.3889,-0.44,0.62,0.12,0.472,mixed
2026-07-23,23904.80078125,23990.75,23807.19921875,23869.599609375,344000,yfinance:^NSEI,2026-08-05T14:32:28.085569,-0.1473,-1.522,-0.8439,-0.3889,341040.0,367660.0,1.0087,0.9356,normal,183.55,0.769,-91.45,-0.3811,206.98,236.4,0.4549,0.5722,23869.599609375,1.0,0.0,0.525,50.13913851257522,49.26597390102397,-377.7727170864493,-68.48226678024383,0.5625,-0.28,0.54,-0.06,0.454,mixed
2026-07-24,23666.349609375,23823.599609375,23606.30078125,23767.44921875,333900,yfinance:^NSEI,2026-08-05T14:32:28.085569,0.4272,-1.7375,-2.3294,-1.8154,330260.0,361915.0,1.011,0.9226,normal,217.3,0.9143,-203.25,-0.8515,200.73,241.8,0.4612,0.5758,23767.44921875,1.0,0.0,0.525,50.57358244956811,49.79040384940142,-377.7727170864493,-68.48226678024383,0.5152,-0.32,0.48,-0.18,0.41,weakened
2026-07-27,23928.400390625,24011.599609375,23891.55078125,23995.94921875,319400,yfinance:^NSEI,2026-08-05T14:32:28.085569,0.2823,-0.0013,-1.0007,-0.8882,323520.0,348460.0,0.9873,0.9166,normal,120.05,0.5003,160.95,0.6772,209.87,246.24,0.4142,0.5535,23995.94921875,1.0,0.0,0.525,46.60032194643673,49.6686916837946,-377.7727170864493,-68.48226678024383,7.3333,0.76,0.56,0.14,0.69,strengthened
2026-07-28,23971.25,24041.150390625,23954.599609375,23985.349609375,437800,yfinance:^NSEI,2026-08-05T14:32:28.085569,0.0588,0.4849,-0.8366,-0.2773,347960.0,347900.0,1.2582,1.2584,elevated,86.55,0.3608,-24.7,-0.1029,201.87,210.03,0.4123,0.5443,23985.349609375,1.0,0.0,0.525,41.95403872405724,46.988977055825615,-377.7727170864493,-68.48226678024383,1.6316,0.24,0.54,0.2,0.584,strengthened
2026-07-29,24176.650390625,24283.55078125,24136.75,24250.19921875,424200,yfinance:^NSEI,2026-08-05T14:32:28.085569,0.3042,2.0311,1.0583,0.7131,371860.0,351505.0,1.1408,1.2068,elevated,146.8,0.6054,191.3,0.7976,216.25,213.28,0.4176,0.5449,24250.19921875,1.0,0.0,0.525,52.29207874856323,48.3118320762401,-377.7727170864493,-68.48226678024383,2.5714,0.44,0.64,0.28,0.672,strengthened
2026-07-30,24249.55078125,24342.94921875,24187.099609375,24317.150390625,400600,yfinance:^NSEI,2026-08-05T14:32:28.085569,0.2788,1.3386,1.875,1.0153,383180.0,352890.0,1.0455,1.1352,normal,155.85,0.6409,-0.65,-0.0027,209.61,205.44,0.3981,0.5463,24317.150390625,1.0,0.0,0.525,40.812256145671704,46.4464556028594,-377.7727170864493,-68.48226678024383,1.0833,0.04,0.64,0.28,0.592,strengthened
2026-07-31,24361.44921875,24429.400390625,24299.69921875,24383.599609375,411700,yfinance:^NSEI,2026-08-05T14:32:28.085569,0.0909,1.6604,2.5924,0.2026,398740.0,357145.0,1.0325,1.1528,normal,129.7,0.5319,44.3,0.1822,182.89,196.16,0.3114,0.5419,24383.599609375,1.0,0.0,0.525,48.22544925895303,45.976828964736384,-377.7727170864493,-68.48226678024383,1.9412,0.32,0.64,0.2,0.64,strengthened
2026-08-03,24572.69921875,24774.30078125,24515.150390625,24774.30078125,342300,yfinance:^NSEI,2026-08-05T14:32:28.085569,0.8204,2.1612,3.2437,2.2105,403320.0,357790.0,0.8487,0.9567,dry,259.15,1.046,189.1,0.7755,212.2,210.69,0.3909,0.5619,24774.30078125,1.0,0.0,0.525,48.22544925895303,46.30185442723965,-377.7727170864493,-68.48226678024383,,,,,,strengthened
2026-08-04,24703.900390625,24703.900390625,24427.94921875,24614.900390625,296500,yfinance:^NSEI,2026-08-05T14:32:28.085569,-0.3603,1.2244,2.6247,1.7662,375060.0,351985.0,0.7905,0.8424,dry,275.95,1.1211,-70.4,-0.2842,264.16,220.44,0.4152,0.5664,24774.30078125,0.9935658974986838,-4.248529157249604,0.05,48.22544925895303,47.556136534218794,-377.7727170864493,-68.48226678024383,,,,,,strengthened
