date,open,high,low,close,volume,source,downloaded_at,daily_return_pct,return_3d,return_5d,return_10d,avg_5d_volume,avg_20d_volume,volume_ratio_5d,volume_ratio_20d,volume_state,range_points,range_pct,gap_points,gap_pct,atr_5,atr_14,rolling_volatility_10d,rolling_volatility_30d,advance_decline_ratio,net_advances_pct,pct_above_50dma,highs_minus_lows_pct,composite_breadth_score,market_breadth_state
2023-01-02,1158.7090222381169,1171.8865462707408,1157.8911210447166,1170.4779052734375,5316175,yfinance:RELIANCE.NS,2026-08-05T14:32:12.887897,1.0157,,,,5316175.0,5316175.0,1.0,1.0,normal,14.0,1.1957,,,,,,,1.5,0.2,0.3,-0.06,0.454,mixed
2023-01-03,1165.5476587645308,1169.160125804233,1157.7093889350726,1161.9124755859375,7658932,yfinance:RELIANCE.NS,2026-08-05T14:32:12.887897,-0.3119,,,,6487554.0,6487554.0,1.1806,1.1806,elevated,11.45,0.9855,-4.93,-0.4212,,,0.9388,0.9388,1.2727,0.12,0.38,-0.02,0.474,mixed
2023-01-04,1161.8896870062515,1163.7300547153022,1142.3506838068283,1144.418212890625,9264891,yfinance:RELIANCE.NS,2026-08-05T14:32:12.887897,-1.5037,,,,7413333.0,7413333.0,1.2498,1.2498,elevated,21.38,1.8681,-0.02,-0.002,,,1.2603,1.2603,0.1628,-0.72,0.32,-0.04,0.28,deteriorated
2023-01-05,1146.6674842652508,1152.5292093307503,1137.806748253793,1142.3734130859375,13637099,yfinance:RELIANCE.NS,2026-08-05T14:32:12.887897,-0.3745,-2.4011,,,8969274.0,8969274.0,1.5204,1.5204,spike,14.72,1.2888,2.25,0.1965,,,1.0305,1.0305,1.5,0.2,0.4,-0.16,0.484,mixed
2023-01-06,1148.0988183662998,1157.7774553339088,1144.3046224842542,1152.75634765625,6349597,yfinance:RELIANCE.NS,2026-08-05T14:32:12.887897,0.4057,-0.788,,,8445339.0,8445339.0,0.7518,0.7518,dry,13.47,1.1687,5.73,0.5012,15.65,,0.9456,0.9456,0.25,-0.6,0.24,-0.2,0.256,deteriorated
2023-01-09,1156.5732620005954,1182.3375684218504,1155.687212453628,1179.974609375,10722753,yfinance:RELIANCE.NS,2026-08-05T14:32:12.887897,2.0233,3.1069,0.8114,,9526654.0,8824908.0,1.1256,1.2151,elevated,26.65,2.2586,3.82,0.3311,18.77,,1.2269,1.2269,6.1429,0.72,0.44,-0.02,0.618,strengthened
2023-01-10,1184.155127696438,1184.155127696438,1156.891435377878,1162.52587890625,8047142,yfinance:RELIANCE.NS,2026-08-05T14:32:12.887897,-1.8266,1.7641,0.0528,,9604296.0,8713798.0,0.8379,0.9235,dry,27.26,2.3452,4.18,0.3543,21.67,,1.3588,1.3588,0.4706,-0.36,0.32,-0.12,0.344,weakened
2023-01-11,1159.8450319996036,1162.344167776754,1145.5768933771294,1147.8717041015625,11509553,yfinance:RELIANCE.NS,2026-08-05T14:32:12.887897,-1.0323,-0.4237,0.3018,,10053229.0,9063268.0,1.1449,1.2699,elevated,16.77,1.4607,-2.68,-0.2306,20.78,,1.3021,1.3021,0.5806,-0.2653,0.36,-0.14,0.3769,weakened
2023-01-12,1147.280880250268,1150.7569299071174,1120.0852177263123,1123.084228515625,17688773,yfinance:RELIANCE.NS,2026-08-05T14:32:12.887897,-2.109,-4.8213,-1.6885,,10863564.0,10021657.0,1.6283,1.7651,spike,30.67,2.731,-0.59,-0.0515,23.97,,1.3742,1.3742,0.8519,-0.08,0.34,-0.02,0.418,weakened
2023-01-13,1117.0863548772086,1123.675117069892,1106.2717897707075,1121.266845703125,20618583,yfinance:RELIANCE.NS,2026-08-05T14:32:12.887897,0.3742,-3.5491,-2.7317,,13717361.0,11081350.0,1.5031,1.8607,spike,17.4,1.5521,-6.0,-0.5341,24.37,,1.3192,1.3192,2.5714,0.44,0.34,-0.06,0.518,mixed
2023-01-16,1123.584175159578,1126.7421991055548,1102.8182596793808,1110.5885009765625,13623855,yfinance:RELIANCE.NS,2026-08-05T14:32:12.887897,-1.1566,-3.248,-5.8803,-5.1167,14297581.0,11312487.0,0.9529,1.2043,normal,23.92,2.1542,2.32,0.2067,23.24,,1.2493,1.2759,0.5625,-0.28,0.38,0.08,0.404,weakened
2023-01-17,1116.9046027544262,1128.2644751675343,1113.5421334042796,1126.3560791015625,10751000,yfinance:RELIANCE.NS,2026-08-05T14:32:12.887897,0.8462,0.2913,-3.1113,-3.0602,14838353.0,11265696.0,0.7245,0.9543,dry,14.72,1.3071,6.32,0.5687,21.32,,1.3253,1.2693,2.3333,0.4,0.44,0.04,0.56,strengthened
2023-01-18,1123.947854631307,1131.9451378363888,1117.9725482719243,1124.4930419921875,13448286,yfinance:RELIANCE.NS,2026-08-05T14:32:12.887897,0.0485,0.2877,-2.0367,-1.7411,15226099.0,11433588.0,0.8832,1.1762,dry,13.97,1.2426,-2.41,-0.2138,20.73,,1.2763,1.2192,3.1667,0.52,0.48,0.22,0.618,strengthened
2023-01-19,1123.674992689111,1127.4237562572607,1116.2910462380278,1123.288818359375,11940054,yfinance:RELIANCE.NS,2026-08-05T14:32:12.887897,-0.0344,1.1436,0.0182,-1.6706,14076356.0,11469764.0,0.8482,1.041,dry,11.13,0.9911,-0.82,-0.0727,16.82,19.06,1.278,1.1732,0.6667,-0.2,0.46,0.06,0.45,mixed
2023-01-20,1124.6291897175156,1124.6291897175156,1107.4758620574123,1109.9295654296875,14930286,yfinance:RELIANCE.NS,2026-08-05T14:32:12.887897,-1.3071,-1.4584,-1.0111,-3.7152,12938696.0,11700465.0,1.1539,1.276,elevated,17.15,1.5454,1.34,0.1193,16.77,19.29,1.2956,1.1624,0.225,-0.6327,0.4,0.0,0.3335,weakened
2023-01-23,1112.8151498129876,1120.630703944606,1101.9095996617807,1104.31787109375,10954118,yfinance:RELIANCE.NS,2026-08-05T14:32:12.887897,-0.7636,-1.7942,-0.5646,-6.4117,12404749.0,11653819.0,0.8831,0.94,dry,18.72,1.6953,2.89,0.26,15.73,19.71,0.9715,1.1282,1.7778,0.28,0.46,0.06,0.546,mixed
2023-01-24,1108.7253859560433,1110.3839043654414,1084.8014472016189,1097.7972412109375,16488755,yfinance:RELIANCE.NS,2026-08-05T14:32:12.887897,-0.9856,-2.2694,-2.5355,-5.5679,13552300.0,11938227.0,1.2167,1.3812,elevated,25.58,2.3303,4.41,0.3991,17.31,20.01,0.8962,1.103,0.6129,-0.24,0.46,0.04,0.44,weakened
2023-01-25,1096.2067717974144,1097.2291180769223,1081.4615961665293,1082.6202392578125,12385018,yfinance:RELIANCE.NS,2026-08-05T14:32:12.887897,-1.2394,-2.4605,-3.7237,-5.6846,13339646.0,11963048.0,0.9284,1.0353,normal,15.77,1.4564,-1.59,-0.1449,17.79,20.13,0.9093,1.0885,0.2821,-0.56,0.42,-0.32,0.324,weakened
2023-01-27,1083.461159577074,1084.8015319770325,1050.403768536496,1062.081787109375,25830975,yfinance:RELIANCE.NS,2026-08-05T14:32:12.887897,-1.9732,-3.8246,-5.4489,-5.4317,16117830.0,12692939.0,1.6026,2.0351,spike,34.4,3.2387,0.84,0.0777,22.44,21.48,0.8855,1.1147,0.2821,-0.56,0.32,-0.34,0.282,deteriorated
2023-01-30,1059.5144571522903,1077.781116815708,1045.564464693845,1072.26025390625,21772103,yfinance:RELIANCE.NS,2026-08-05T14:32:12.887897,1.203,-2.3262,-3.3938,-4.3706,17486194.0,13146897.0,1.2451,1.6561,elevated,32.22,3.0046,-2.57,-0.2417,25.45,21.67,1.0177,1.1514,1.2727,0.12,0.3,-0.22,0.422,weakened
2023-01-31,1082.370452122445,1084.9378563899695,1063.7402148448057,1069.5792236328125,22691594,yfinance:RELIANCE.NS,2026-08-05T14:32:12.887897,-1.1818,-1.2046,-3.1457,-3.6926,19833689.0,14015668.0,1.1441,1.619,elevated,21.2,1.9819,10.11,0.9429,25.95,21.24,1.0195,1.134,0.96,-0.0204,0.3,0.0,0.4159,weakened
2023-02-01,1081.439113474972,1081.439113474972,1047.382090519888,1063.2406005859375,19347800,yfinance:RELIANCE.NS,2026-08-05T14:32:12.887897,-1.6828,0.1091,-3.1478,-5.6035,20405498.0,14600112.0,0.9482,1.3252,normal,34.06,3.2031,11.86,1.1088,27.64,22.46,0.949,1.1365,0.9231,-0.04,0.34,-0.08,0.42,weakened
2023-02-02,1053.2891691648742,1066.9210156997124,1050.1084290116537,1057.3560791015625,13662663,yfinance:RELIANCE.NS,2026-08-05T14:32:12.887897,0.3861,-1.39,-2.3336,-5.9704,20661027.0,14820000.0,0.6613,0.9219,dry,16.81,1.5901,-9.95,-0.936,27.74,21.47,0.9874,1.1265,0.6667,-0.2,0.28,-0.12,0.36,weakened
2023-02-03,1067.3753725425988,1067.3753725425988,1041.929212987467,1058.2874755859375,24699575,yfinance:RELIANCE.NS,2026-08-05T14:32:12.887897,-0.8514,-1.0557,-0.3573,-5.7867,20434747.0,15373124.0,1.2087,1.6067,elevated,25.45,2.4045,10.02,0.9476,25.95,22.04,0.9541,1.1043,3.5455,0.56,0.36,-0.08,0.548,mixed
2023-02-06,1051.9258301558875,1054.652247201578,1047.745460235849,1050.312744140625,14837879,yfinance:RELIANCE.NS,2026-08-05T14:32:12.887897,-0.1533,-1.2159,-2.0468,-5.3712,19047902.0,15797538.0,0.779,0.9393,dry,6.91,0.6576,-6.36,-0.6011,21.61,21.09,0.9611,1.0833,0.6667,-0.2,0.38,-0.04,0.408,weakened
2023-02-07,1050.5627428744976,1057.5603943899198,1041.9291690153093,1047.7908935546875,15135435,yfinance:RELIANCE.NS,2026-08-05T14:32:12.887897,-0.2638,-0.9046,-2.0371,-5.1187,17536670.0,16018172.0,0.8631,0.9449,dry,15.63,1.4918,0.25,0.0238,20.5,20.94,0.9717,1.0623,0.6129,-0.24,0.3,-0.04,0.368,weakened
2023-02-08,1051.017186057536,1072.3284093286718,1048.290888887822,1068.7159423828125,21160332,yfinance:RELIANCE.NS,2026-08-05T14:32:12.887897,1.684,0.9854,0.515,-2.6491,17899177.0,16673832.0,1.1822,1.2691,elevated,24.04,2.2492,3.23,0.3079,18.59,21.7,1.2133,1.1217,3.4545,0.551,0.32,0.02,0.5402,mixed
2023-02-09,1069.3974980927496,1077.3039157739506,1060.559478401166,1070.578857421875,13172763,yfinance:RELIANCE.NS,2026-08-05T14:32:12.887897,0.1105,1.9295,1.2506,-1.1122,17801197.0,16756992.0,0.74,0.7861,dry,16.74,1.5641,0.68,0.0638,18.58,22.1,1.1852,1.105,1.2727,0.12,0.38,0.08,0.484,mixed
2023-02-10,1070.0563840638993,1070.0563840638993,1054.7886158361223,1061.763671875,10790445,yfinance:RELIANCE.NS,2026-08-05T14:32:12.887897,-0.775,1.3335,0.3285,-0.03,15019371.0,16412076.0,0.7184,0.6575,dry,15.27,1.438,-0.52,-0.0488,16.65,22.0,1.0466,1.0875,0.8519,-0.08,0.36,0.06,0.434,weakened
2023-02-13,1063.3768779331142,1067.82996247789,1051.2672523692866,1055.7203369140625,10352493,yfinance:RELIANCE.NS,2026-08-05T14:32:12.887897,-0.72,-1.216,0.5149,-1.5425,14122294.0,15898771.0,0.7331,0.6512,dry,16.56,1.5689,1.61,0.1519,17.85,21.85,0.9413,1.0703,0.4706,-0.36,0.42,0.06,0.402,weakened
2023-02-14,1058.7192622894795,1082.3250555378218,1055.8565481440585,1080.598388671875,14321920,yfinance:RELIANCE.NS,2026-08-05T14:32:12.887897,2.0666,0.9359,3.1311,1.0302,13959591.0,15933675.0,1.026,0.8988,normal,26.47,2.4494,3.0,0.2841,20.05,21.92,1.1563,1.1337,1.381,0.16,0.38,-0.04,0.48,mixed
2023-02-15,1079.6440602664363,1107.4531801088635,1078.2809718116707,1105.0675048828125,33503591,yfinance:RELIANCE.NS,2026-08-05T14:32:12.887897,2.3548,4.0785,3.4014,3.9339,16428242.0,17071304.0,2.0394,1.9626,spike,29.17,2.6399,-0.95,-0.0883,20.97,22.84,1.2146,1.2381,3.0833,0.5102,0.44,0.06,0.584,strengthened
2023-02-16,1113.019527781497,1119.5401413378129,1101.9322491792432,1104.2042236328125,17264487,yfinance:RELIANCE.NS,2026-08-05T14:32:12.887897,-0.792,4.5925,3.1409,4.4307,17246587.0,17262114.0,1.001,1.0001,normal,17.61,1.5946,7.95,0.7196,21.15,21.64,1.2702,1.2206,1.2727,0.12,0.46,0.2,0.528,mixed
2023-02-17,1099.6375221146495,1112.1334412904273,1095.3661670147735,1108.8162841796875,11809520,yfinance:RELIANCE.NS,2026-08-05T14:32:12.887897,0.8347,2.6113,4.4316,4.7746,17450402.0,17255588.0,0.6767,0.6844,dry,16.77,1.5122,-4.57,-0.4136,21.34,20.53,1.2161,1.2364,0.4286,-0.4,0.46,0.08,0.412,weakened
2023-02-20,1110.9974583087271,1113.155852121636,1095.1390690194628,1097.093017578125,8836937,yfinance:RELIANCE.NS,2026-08-05T14:32:12.887897,-1.2515,-0.7216,3.9189,4.4539,17147291.0,16950920.0,0.5154,0.5213,dry,18.02,1.6422,2.18,0.1967,21.63,20.31,1.3203,1.2447,0.6129,-0.24,0.46,0.06,0.442,weakened
2023-02-21,1101.4552961916092,1111.8154187780797,1096.1614739086865,1106.044677734375,13311592,yfinance:RELIANCE.NS,2026-08-05T14:32:12.887897,0.4167,0.1667,2.3548,5.5597,16945225.0,17068794.0,0.7856,0.7799,dry,15.65,1.4153,4.36,0.3976,19.44,18.99,1.304,1.1751,0.6129,-0.24,0.42,-0.02,0.418,weakened
2023-02-22,1102.34116225432,1104.181409716533,1079.2124090771258,1080.9617919921875,11024335,yfinance:RELIANCE.NS,2026-08-05T14:32:12.887897,-1.9395,-2.5121,-2.1814,1.1458,12449374.0,16795573.0,0.8855,0.6564,dry,24.97,2.3099,-3.7,-0.3348,18.98,19.71,1.4049,1.1802,0.087,-0.84,0.36,-0.16,0.26,deteriorated
2023-02-23,1080.5529686414245,1088.1640768500556,1072.9872927091903,1075.78173828125,9851910,yfinance:RELIANCE.NS,2026-08-05T14:32:12.887897,-0.4416,-1.9425,-2.574,0.486,10966859.0,16668917.0,0.8983,0.591,dry,15.18,1.4108,-0.41,-0.0378,18.49,18.97,1.4122,1.173,0.7241,-0.16,0.36,-0.08,0.404,weakened
2023-02-24,1077.8264053087537,1088.8001014405163,1076.0088741166164,1083.142822265625,9434053,yfinance:RELIANCE.NS,2026-08-05T14:32:12.887897,0.4933,-2.0706,-2.3154,2.0136,10491765.0,15849071.0,0.8992,0.5952,dry,12.79,1.1809,2.04,0.1901,17.74,19.15,1.3942,1.1309,0.8519,-0.08,0.34,-0.18,0.402,weakened
2023-02-27,1082.3705449963545,1085.8467152410444,1068.6024012348664,1075.9407958984375,11199715,yfinance:RELIANCE.NS,2026-08-05T14:32:12.887897,-0.594,-0.4645,-1.928,1.9153,10964321.0,15320452.0,1.0215,0.731,normal,17.24,1.6027,-0.77,-0.0713,17.59,19.27,1.3865,1.127,0.4706,-0.36,0.22,-0.4,0.276,deteriorated
2023-02-28,1070.6016220746749,1075.55458156191,1051.3126158801915,1055.356689453125,21994038,yfinance:RELIANCE.NS,2026-08-05T14:32:12.887897,-1.424,-1.8986,-4.5828,-2.3359,12700810.0,15285574.0,1.7317,1.4389,spike,24.24,2.297,-5.34,-0.4962,19.38,19.27,1.2754,1.1354,0.4286,-0.4,0.2,-0.28,0.272,deteriorated
2023-03-01,1065.103537748009,1065.7851421281152,1055.6747773158893,1065.05810546875,11551145,yfinance:RELIANCE.NS,2026-08-05T14:32:12.887897,-0.0043,-1.6697,-1.4713,-3.6205,12806172.0,14895741.0,0.902,0.7755,normal,10.11,0.9493,9.75,0.9236,16.1,18.82,0.9088,1.1172,6.1429,0.72,0.24,-0.04,0.536,mixed
2023-03-02,1061.9226969308686,1068.5796069332716,1054.9249246750653,1056.947021484375,9333535,yfinance:RELIANCE.NS,2026-08-05T14:32:12.887897,-0.4686,-1.7653,-1.7508,-4.2798,12702497.0,14679285.0,0.7348,0.6358,dry,13.65,1.2919,-3.14,-0.2944,15.79,18.67,0.9018,1.1158,0.4286,-0.4,0.22,-0.1,0.298,deteriorated
2023-03-03,1067.44368158329,1087.573426851757,1063.9903475271667,1083.91552734375,14643807,yfinance:RELIANCE.NS,2026-08-05T14:32:12.887897,1.5431,2.7061,0.0713,-2.2457,13744448.0,14176497.0,1.0654,1.033,normal,23.58,2.1757,10.5,0.9931,19.32,19.67,1.0314,1.1653,4.5556,0.64,0.32,0.06,0.562,strengthened
2023-03-06,1090.5495987349282,1101.727741256493,1090.5495987349282,1094.5028076171875,10171916,yfinance:RELIANCE.NS,2026-08-05T14:32:12.887897,0.3625,2.7646,1.7252,-0.2361,13538888.0,13943198.0,0.7513,0.7295,dry,11.18,1.0213,6.63,0.612,19.43,19.05,1.0035,1.1532,3.0833,0.5102,0.32,0.08,0.538,mixed
2023-03-08,1094.5028585607813,1099.1832244435238,1083.7337262043,1098.4334716796875,15782657,yfinance:RELIANCE.NS,2026-08-05T14:32:12.887897,0.3591,3.9251,4.0817,-0.6881,12296612.0,13975560.0,1.2835,1.1293,elevated,15.45,1.4065,0.0,0.0,17.59,18.07,0.9997,1.1526,1.7222,0.2653,0.36,-0.06,0.4911,mixed
2023-03-09,1097.8201071650074,1098.2289976932168,1070.1474010143947,1072.0330810546875,16235128,yfinance:RELIANCE.NS,2026-08-05T14:32:12.887897,-2.3489,-1.0963,0.6549,-0.826,13233409.0,13729299.0,1.2268,1.1825,elevated,28.08,2.6195,-0.61,-0.0558,21.17,18.83,1.0832,1.2114,0.3889,-0.44,0.34,0.02,0.35,weakened
2023-03-10,1063.967514713159,1065.1034417835135,1051.9486346812796,1055.4248046875,13334091,yfinance:RELIANCE.NS,2026-08-05T14:32:12.887897,-0.8029,-3.5704,-0.144,-1.8923,14033520.0,13737366.0,0.9502,0.9706,normal,13.15,1.2464,-8.07,-0.7524,22.45,19.07,1.0962,1.2012,0.4286,-0.4,0.26,-0.24,0.3,weakened
2023-03-13,1058.2876262665352,1065.1035499544928,1033.7502288751575,1038.0670166015625,12771592,yfinance:RELIANCE.NS,2026-08-05T14:32:12.887897,-1.9107,-5.4957,-4.2299,-4.1616,13659077.0,13836423.0,0.935,0.923,normal,31.35,3.0204,2.86,0.2712,22.6,20.02,1.167,1.1981,0.0426,-0.9184,0.18,-0.38,0.1503,deteriorated
2023-03-14,1036.0220100653578,1047.359164622662,1031.0464552108242,1034.1817626953125,16027522,yfinance:RELIANCE.NS,2026-08-05T14:32:12.887897,-0.1776,-3.5308,-5.5113,-3.8812,14830198.0,14120175.0,1.0807,1.1351,normal,16.31,1.5774,-2.05,-0.197,22.3,20.06,1.1719,1.1688,0.3514,-0.48,0.16,-0.48,0.22,deteriorated
2023-03-15,1037.885231401589,1044.3375763114452,1012.1209234658596,1016.505859375,21728555,yfinance:RELIANCE.NS,2026-08-05T14:32:12.887897,-2.0599,-3.6875,-7.4586,-3.6813,16019378.0,14490506.0,1.3564,1.4995,elevated,32.22,3.1694,3.7,0.3581,25.65,20.45,1.2434,1.2037,0.6129,-0.24,0.2,-0.28,0.304,weakened
2023-03-16,1019.2095111682804,1024.2077825786946,1000.670138139256,1011.4392700195312,18363159,yfinance:RELIANCE.NS,2026-08-05T14:32:12.887897,-0.7624,-2.5651,-5.6522,-5.0344,16444984.0,13733485.0,1.1166,1.3371,elevated,23.54,2.3271,2.7,0.266,24.7,21.05,1.2294,1.1778,1.2727,0.12,0.26,-0.32,0.396,weakened
2023-03-17,1020.0047033408912,1023.2763079373278,1005.4413153341552,1010.1670532226562,34014213,yfinance:RELIANCE.NS,2026-08-05T14:32:12.887897,-0.9645,-2.3221,-4.2881,-4.426,20581008.0,14570971.0,1.6527,2.3344,spike,17.83,1.7655,8.57,0.8469,24.25,21.39,1.2323,1.179,2.5714,0.44,0.32,-0.04,0.512,mixed
2023-03-20,1006.4864237654998,1008.758398079038,990.5825434751304,1000.2384643554688,19524589,yfinance:RELIANCE.NS,2026-08-05T14:32:12.887897,-0.6208,-1.6003,-3.6441,-7.7199,21931608.0,14956724.0,0.8902,1.3054,dry,18.18,1.8172,-3.68,-0.3644,21.9,21.56,0.959,1.1759,0.3514,-0.48,0.3,-0.24,0.3,weakened
2023-03-21,1008.2811925498517,1033.2957451749278,1007.3951430408976,1031.341796875,21400360,yfinance:RELIANCE.NS,2026-08-05T14:32:12.887897,2.2871,1.9677,-0.2746,-5.7707,23006175.0,15584896.0,0.9302,1.3731,normal,25.9,2.5113,8.04,0.8041,25.25,22.16,1.3516,1.2656,1.0417,0.0204,0.3,0.06,0.4301,weakened
2023-03-22,1038.294084967167,1041.2249475152355,1031.47816188993,1034.4771728515625,10920094,yfinance:RELIANCE.NS,2026-08-05T14:32:12.887897,-0.3676,2.4065,1.7679,-5.8225,20844483.0,15465321.0,0.5239,0.7061,dry,9.75,0.9422,6.95,0.6741,20.78,22.12,1.3072,1.2659,1.6667,0.25,0.32,0.02,0.48,mixed
2023-03-23,1030.569386905087,1031.4327203269945,1019.2322313496288,1021.390625,16249370,yfinance:RELIANCE.NS,2026-08-05T14:32:12.887897,-0.8906,2.1147,0.9839,-4.724,20421725.0,15726572.0,0.7957,1.0332,dry,12.2,1.1945,-3.91,-0.3778,19.12,22.23,1.1877,1.2204,0.7241,-0.16,0.32,0.0,0.396,weakened
2023-03-24,1020.23194996041,1022.3903437977212,998.7617725722084,1001.1700439453124,12375945,yfinance:RELIANCE.NS,2026-08-05T14:32:12.887897,-1.8684,-2.9255,-0.8906,-5.1406,16094072.0,15852774.0,0.769,0.7807,dry,23.63,2.3601,-1.16,-0.1134,20.28,21.73,1.2513,1.2515,0.2821,-0.56,0.22,-0.12,0.264,deteriorated
2023-03-27,1007.6224178329716,1024.207782359069,999.7613722312702,1016.7329711914062,14054323,yfinance:RELIANCE.NS,2026-08-05T14:32:12.887897,0.9042,-1.7153,1.6491,-2.0552,15000018.0,16083788.0,0.937,0.8738,normal,24.45,2.4044,6.45,0.6445,21.25,22.21,1.2735,1.2692,1.2727,0.12,0.24,-0.08,0.412,weakened
2023-03-28,1020.118297683826,1025.3438507677042,1016.483114644014,1021.4815063476562,12576424,yfinance:RELIANCE.NS,2026-08-05T14:32:12.887897,0.1336,0.0089,-0.9561,-1.228,13235231.0,16152623.0,0.9502,0.7786,normal,8.86,0.8674,3.39,0.333,16.41,21.74,1.2847,1.2689,0.5152,-0.32,0.24,-0.12,0.32,weakened
2023-03-29,1017.391938716083,1020.0274916428302,1004.71434981678,1015.4381103515624,18804065,yfinance:RELIANCE.NS,2026-08-05T14:32:12.887897,-0.192,1.4251,-1.8405,-0.105,14812025.0,15993124.0,1.2695,1.1758,elevated,15.31,1.508,-4.09,-0.4004,17.79,20.92,1.1485,1.1904,8.8,0.7959,0.32,0.02,0.5892,strengthened
2023-03-31,1024.6623383806666,1064.8536804760474,1024.5260415402947,1059.2191162109375,28171201,yfinance:RELIANCE.NS,2026-08-05T14:32:12.887897,3.3725,4.1787,3.7036,4.7239,17196392.0,16824127.0,1.6382,1.6745,spike,40.33,3.8073,9.22,0.9084,24.62,23.01,1.5948,1.2809,6.1429,0.72,0.38,0.2,0.616,strengthened
2023-04-03,1065.5579119993613,1067.3754434349298,1051.9259454677697,1059.4007568359375,10293043,yfinance:RELIANCE.NS,2026-08-05T14:32:12.887897,-0.5778,3.7122,5.8163,4.8738,16779811.0,16872103.0,0.6134,0.6101,dry,15.45,1.4583,6.34,0.5984,22.99,21.87,1.5684,1.2787,1.9412,0.32,0.4,0.2,0.544,mixed
2023-04-05,1066.9210129823457,1066.9210129823457,1048.995215362799,1056.856201171875,16262928,yfinance:RELIANCE.NS,2026-08-05T14:32:12.887897,-0.9434,4.0788,3.9463,5.6604,17221532.0,16953059.0,0.9443,0.9593,normal,17.93,1.6961,7.52,0.7099,21.68,21.99,1.5908,1.2655,2.8462,0.48,0.54,0.24,0.636,strengthened
2023-04-06,1053.3572991214214,1069.6474143387793,1053.3572991214214,1063.9447021484375,18435046,yfinance:RELIANCE.NS,2026-08-05T14:32:12.887897,1.0051,0.4461,4.157,3.1612,18393257.0,17366215.0,1.0023,1.0615,normal,16.29,1.5311,-3.5,-0.3311,23.17,20.85,1.4478,1.2775,1.6316,0.24,0.54,0.24,0.588,strengthened
2023-04-10,1067.829873819937,1068.0116029231133,1054.902227914822,1056.4017333984375,12961408,yfinance:RELIANCE.NS,2026-08-05T14:32:12.887897,-1.0702,-0.2831,4.0341,2.1194,17224725.0,17225153.0,0.7525,0.7525,dry,13.11,1.2409,3.89,0.3652,22.44,20.11,1.4873,1.2783,1.7778,0.28,0.54,0.26,0.598,strengthened
2023-04-11,1060.559540630498,1063.7402807994256,1056.0383079017138,1061.6273193359375,10542367,yfinance:RELIANCE.NS,2026-08-05T14:32:12.887897,0.1007,0.4514,0.2274,3.9394,13698958.0,16940515.0,0.7696,0.6223,dry,7.7,0.7255,4.16,0.3936,14.1,19.38,1.4549,1.2437,3.1667,0.52,0.62,0.34,0.686,strengthened
2023-04-12,1061.6271300614385,1075.9178623263667,1058.764536534493,1066.3074951171875,18179087,yfinance:RELIANCE.NS,2026-08-05T14:32:12.887897,0.4409,0.2221,0.6519,6.5061,15276167.0,17182765.0,1.19,1.058,elevated,17.15,1.6087,-0.0,-0.0,14.44,19.21,1.2833,1.2498,2.125,0.36,0.68,0.34,0.678,strengthened
2023-04-13,1069.1930541875877,1075.0093475188144,1064.1947822733791,1070.3291015625,12378208,yfinance:RELIANCE.NS,2026-08-05T14:32:12.887897,0.1063,1.3184,1.2748,5.2714,14499223.0,17163095.0,0.8537,0.7212,dry,10.81,1.0104,2.89,0.2706,13.01,17.62,1.2675,1.244,1.2727,0.12,0.78,0.36,0.672,strengthened
2023-04-17,1101.8867990924884,1101.8867990924884,1067.3981721567704,1075.759033203125,17929479,yfinance:RELIANCE.NS,2026-08-05T14:32:12.887897,-2.3712,1.3311,1.1104,5.3136,14398110.0,17258193.0,1.2453,1.0389,elevated,34.49,3.206,31.56,2.9484,16.65,19.38,1.5139,1.302,1.7778,0.28,0.76,0.4,0.7,strongly_participatory
2023-04-18,1080.0985197030036,1080.0985197030036,1056.9243329412964,1063.4449462890625,10405576,yfinance:RELIANCE.NS,2026-08-05T14:32:12.887897,-1.5419,-0.2685,0.6667,4.7277,13886943.0,16692044.0,0.7493,0.6234,dry,23.17,2.1792,4.34,0.4034,18.67,19.94,1.5899,1.3056,0.7857,-0.12,0.7,0.26,0.582,strengthened
2023-04-19,1062.8542061722762,1071.4195123263064,1059.741614492453,1068.7386474609375,12273475,yfinance:RELIANCE.NS,2026-08-05T14:32:12.887897,0.5536,-0.1486,0.6699,0.8987,14233165.0,16387560.0,0.8623,0.749,dry,11.68,1.0927,-0.59,-0.0555,19.46,19.09,1.057,1.3141,0.5806,-0.2653,0.72,0.16,0.5509,strengthened
2023-04-20,1069.692811176778,1071.9193532094926,1059.6961482625013,1066.034912109375,7007330,yfinance:RELIANCE.NS,2026-08-05T14:32:12.887897,-0.342,-0.9039,-0.0256,0.6262,11998814.0,15037216.0,0.584,0.466,dry,12.22,1.1466,0.95,0.0893,18.48,18.22,1.0559,1.3137,1.1739,0.08,0.74,0.16,0.628,strengthened
2023-04-21,1068.1252410633845,1072.8282030082607,1061.6500596936005,1067.37548828125,7647317,yfinance:RELIANCE.NS,2026-08-05T14:32:12.887897,-0.0702,0.3696,-0.276,0.9953,11052635.0,14443352.0,0.6919,0.5295,dry,11.18,1.0473,2.09,0.1961,18.55,18.38,1.0426,1.2684,0.96,-0.0204,0.68,0.04,0.5719,strengthened
2023-04-24,1079.1896539611616,1081.8705185788936,1066.920897288477,1071.4649658203125,12936186,yfinance:RELIANCE.NS,2026-08-05T14:32:12.887897,-0.7158,0.2551,-0.3992,0.7068,10053977.0,14020144.0,1.2867,0.9227,elevated,14.95,1.3953,11.81,1.1068,14.64,18.25,0.9364,1.263,2.3333,0.4,0.68,0.22,0.674,strengthened
2023-04-25,1075.1002048906516,1081.7343994033272,1068.0571198634168,1079.6668701171875,9236126,yfinance:RELIANCE.NS,2026-08-05T14:32:12.887897,0.4248,1.2788,1.5254,2.2023,9820087.0,13935945.0,0.9405,0.6628,normal,13.68,1.2668,3.64,0.3393,12.74,15.7,0.9528,1.2644,1.9412,0.32,0.74,0.32,0.692,strengthened
2023-04-26,1081.0073822687018,1084.2336751201349,1069.6702254865136,1073.328125,8617834,yfinance:RELIANCE.NS,2026-08-05T14:32:12.887897,-0.7104,0.5577,0.4294,1.1022,9088959.0,13554368.0,0.9482,0.6358,normal,14.56,1.3568,1.34,0.1242,13.32,15.64,0.9455,1.2105,1.7778,0.28,0.76,0.12,0.672,strengthened
2023-04-27,1079.189733985385,1083.2792397187284,1074.191342363561,1080.1212158203125,9167125,yfinance:RELIANCE.NS,2026-08-05T14:32:12.887897,0.0863,0.8079,1.3214,1.2955,9520918.0,13393927.0,0.9628,0.6844,normal,9.09,0.8414,5.86,0.5461,12.86,15.07,0.9157,1.2092,3.1667,0.52,0.78,0.26,0.742,strongly_participatory
2023-04-28,1082.3704342762564,1101.409681900637,1082.2568535921685,1099.8646240234375,15565210,yfinance:RELIANCE.NS,2026-08-05T14:32:12.887897,1.6163,1.8707,3.0438,2.7595,11104496.0,13469472.0,1.4017,1.1556,elevated,19.15,1.7414,2.25,0.2082,14.89,15.43,1.1207,1.2177,4.0,0.6,0.84,0.4,0.796,strongly_participatory
2023-05-02,1106.9986888116582,1111.3609082117491,1103.3180737047812,1109.2025146484375,12981805,yfinance:RELIANCE.NS,2026-08-05T14:32:12.887897,0.1991,3.3424,3.5221,3.1088,11113620.0,13489741.0,1.1681,0.9623,elevated,8.04,0.7251,7.13,0.6486,14.2,15.31,0.8588,1.2196,1.6316,0.24,0.88,0.6,0.76,strongly_participatory
2023-05-03,1110.9974233118685,1110.9974233118685,1096.4795270846323,1099.6829833984375,7061872,yfinance:RELIANCE.NS,2026-08-05T14:32:12.887897,-1.0184,1.8111,1.8539,3.4076,10678769.0,12902631.0,0.6613,0.5473,dry,14.52,1.3202,1.79,0.1618,14.36,15.8,0.769,1.1778,0.6129,-0.24,0.88,0.22,0.626,strengthened
2023-05-04,1100.1601065895743,1114.564421653396,1097.1838117593734,1112.360595703125,8635233,yfinance:RELIANCE.NS,2026-08-05T14:32:12.887897,1.109,1.1361,3.6366,4.0816,10682249.0,11925833.0,0.8084,0.7241,dry,17.38,1.5625,0.48,0.0434,14.93,15.81,0.8308,1.1924,3.4545,0.551,0.92,0.28,0.8062,strongly_participatory
2023-05-05,1109.1798878043744,1118.4267984938415,1106.9079133744922,1109.5206298828125,8746585,yfinance:RELIANCE.NS,2026-08-05T14:32:12.887897,0.0307,0.0287,2.7219,4.0792,10598141.0,11848510.0,0.8253,0.7382,dry,11.52,1.0382,-3.18,-0.2859,15.24,15.86,0.8192,1.1803,0.7241,-0.16,0.84,0.38,0.642,strengthened
2023-05-08,1113.269352129285,1128.5598368262858,1110.6112034431017,1123.220703125,9153782,yfinance:RELIANCE.NS,2026-08-05T14:32:12.887897,0.8939,2.1404,2.1235,5.232,9315855.0,11493053.0,0.9826,0.7965,normal,17.95,1.598,3.75,0.3379,14.79,14.76,0.8536,1.1866,4.5556,0.64,0.94,0.36,0.84,strongly_participatory
2023-05-09,1124.6292481933926,1129.9912183396398,1119.290114376559,1126.69677734375,6464721,yfinance:RELIANCE.NS,2026-08-05T14:32:12.887897,0.1838,1.2888,1.5772,5.1548,8012439.0,10894536.0,0.8068,0.5934,dry,10.7,0.9498,1.41,0.1254,14.63,13.87,0.7925,1.1075,1.3333,0.1429,0.94,0.44,0.7486,strongly_participatory
2023-05-10,1131.445324841298,1135.9211253467272,1127.446563252221,1134.4443359375,10872255,yfinance:RELIANCE.NS,2026-08-05T14:32:12.887897,0.2651,2.2463,3.161,5.0736,8774515.0,10790079.0,1.2391,1.0076,elevated,8.47,0.747,4.75,0.4215,13.57,13.69,0.7909,1.1073,2.8462,0.48,0.94,0.32,0.804,strongly_participatory
2023-05-11,1135.51203899488,1140.3058651251242,1125.3335267806174,1127.03759765625,10557860,yfinance:RELIANCE.NS,2026-08-05T14:32:12.887897,-0.7463,0.3398,1.3194,5.004,9159041.0,10790853.0,1.1527,0.9784,elevated,14.97,1.3285,1.07,0.0941,13.09,13.89,0.7959,1.1037,1.1739,0.08,0.92,0.48,0.732,strongly_participatory
2023-05-12,1122.2663301444138,1130.2637323324757,1116.2228762779578,1128.8778076171875,6955341,yfinance:RELIANCE.NS,2026-08-05T14:32:12.887897,0.5891,0.1936,1.7446,4.514,8800792.0,10229666.0,0.7903,0.6799,dry,14.04,1.2438,-4.77,-0.4233,13.6,14.09,0.7995,1.0522,0.7857,-0.12,0.88,0.28,0.656,strengthened
2023-05-15,1131.3998000896129,1138.056589765274,1123.7885720856236,1131.1043701171875,6833343,yfinance:RELIANCE.NS,2026-08-05T14:32:12.887897,-0.0261,-0.2944,0.7019,2.8403,8336704.0,9952423.0,0.8197,0.6866,dry,14.27,1.2614,2.52,0.2234,12.64,14.05,0.658,1.04,2.3333,0.4,0.9,0.26,0.766,strongly_participatory
2023-05-16,1133.2627523170945,1135.8073202110538,1113.337455190809,1114.99609375,8717229,yfinance:RELIANCE.NS,2026-08-05T14:32:12.887897,-1.6119,-1.0684,-1.0385,0.5223,8787206.0,9491810.0,0.992,0.9184,normal,22.47,2.0152,2.16,0.1908,15.0,14.67,0.8604,1.0817,0.6667,-0.2,0.88,0.22,0.634,strengthened
2023-05-17,1119.1764803056624,1120.0852459817609,1103.7271032383842,1108.4073486328125,8798967,yfinance:RELIANCE.NS,2026-08-05T14:32:12.887897,-0.9622,-1.8133,-2.2951,0.7934,8372548.0,9411480.0,1.0509,0.9349,normal,16.36,1.4758,4.18,0.3749,16.42,14.8,0.8534,1.0947,0.4412,-0.3878,0.82,0.08,0.5584,strengthened
2023-05-18,1113.0649351771951,1116.4502407386783,1102.8864225456616,1106.0218505859375,10525531,yfinance:RELIANCE.NS,2026-08-05T14:32:12.887897,-0.6328,-2.2175,-1.8647,-0.5698,8366082.0,9324083.0,1.2581,1.1289,elevated,13.56,1.2264,4.66,0.4202,16.14,15.06,0.7693,0.8864,0.3514,-0.48,0.8,-0.06,0.518,mixed
2023-05-19,1106.0218196807168,1111.4291017814717,1099.1149119209986,1109.6114501953125,8050447,yfinance:RELIANCE.NS,2026-08-05T14:32:12.887897,0.3246,-0.4829,-1.7067,0.0082,8585103.0,9376238.0,0.9377,0.8586,normal,12.31,1.1098,-0.0,-0.0,15.79,14.42,0.7846,0.8881,1.5,0.2,0.84,-0.04,0.672,strengthened
2023-05-22,1106.4534840047638,1120.5397737195674,1105.2494084549478,1115.5413818359375,7434906,yfinance:RELIANCE.NS,2026-08-05T14:32:12.887897,0.8214,0.6436,-1.3759,-0.6837,8705416.0,9365618.0,0.8541,0.7939,dry,15.29,1.3707,-3.16,-0.2846,16.0,14.69,0.7739,0.8929,2.3333,0.4,0.86,0.1,0.734,strongly_participatory
2023-05-23,1118.1087637100431,1121.4485168171575,1113.9282731003457,1115.3369140625,6092034,yfinance:RELIANCE.NS,2026-08-05T14:32:12.887897,-0.2479,0.8422,0.0306,-1.0082,8180377.0,9023410.0,0.7447,0.6751,dry,7.52,0.6743,2.57,0.2301,13.01,14.19,0.7634,0.8683,1.1739,0.08,0.86,0.26,0.686,strengthened
2023-05-24,1111.4063935962215,1119.630957590089,1105.749113749558,1108.8389892578125,8112254,yfinance:RELIANCE.NS,2026-08-05T14:32:12.887897,-0.231,-0.0696,0.0389,-2.2571,8043034.0,8967217.0,1.0086,0.9047,normal,13.88,1.2519,-3.93,-0.3524,12.51,13.94,0.7441,0.8508,1.381,0.16,0.84,0.04,0.672,strengthened
2023-05-25,1105.9537453747698,1112.8151011277312,1097.84276158454,1108.7027587890625,11487863,yfinance:RELIANCE.NS,2026-08-05T14:32:12.887897,0.2486,-0.613,0.2424,-1.6268,8235501.0,9110718.0,1.3949,1.2609,elevated,14.97,1.3504,-2.89,-0.2602,12.8,14.19,0.7401,0.8525,1.7222,0.2653,0.82,0.06,0.6871,strengthened
2023-05-26,1116.9044905832286,1140.078676055061,1113.6101699812016,1138.9427490234375,12626260,yfinance:RELIANCE.NS,2026-08-05T14:32:12.887897,1.9732,2.1165,2.6434,0.8916,9150663.0,9283675.0,1.3798,1.36,elevated,26.47,2.324,8.2,0.7398,16.61,15.07,0.9868,0.9292,8.8,0.7959,0.84,0.3,0.8252,strongly_participatory
2023-05-29,1145.5314605509366,1149.6210865747194,1139.2608448772517,1145.3497314453125,10010304,yfinance:RELIANCE.NS,2026-08-05T14:32:12.887897,-0.0159,3.2927,2.6721,1.2594,9665743.0,9005930.0,1.0356,1.1115,normal,10.36,0.9045,6.59,0.5785,15.69,15.07,0.9868,0.9287,2.3333,0.4,0.9,0.54,0.794,strongly_participatory
2023-05-30,1145.349753161613,1153.1199946776444,1142.509755067562,1145.054443359375,11342504,yfinance:RELIANCE.NS,2026-08-05T14:32:12.887897,-0.0258,3.2788,2.6644,2.6958,10715837.0,8923965.0,1.0585,1.271,normal,10.61,0.9266,0.0,0.0,16.3,15.17,0.8179,0.8202,0.9231,-0.04,0.9,0.3,0.682,strengthened
2023-05-31,1135.9892890678166,1140.4650896335454,1118.2678159183406,1122.3118896484375,27107927,yfinance:RELIANCE.NS,2026-08-05T14:32:12.887897,-1.204,-1.4602,1.215,1.2545,14514972.0,9926267.0,1.8676,2.7309,spike,22.2,1.9778,-9.07,-0.7917,18.88,16.01,0.8563,0.8002,0.6129,-0.24,0.84,0.28,0.616,strengthened
2023-06-01,1126.9694153626442,1129.1278089205923,1116.904484137778,1119.2900390625,14592692,yfinance:RELIANCE.NS,2026-08-05T14:32:12.887897,-0.6814,-2.2753,0.9549,1.1996,15135937.0,10224140.0,0.9641,1.4273,normal,12.22,1.0921,4.66,0.415,18.33,15.88,0.861,0.8038,1.2727,0.12,0.84,0.32,0.692,strengthened
2023-06-02,1122.8117036497752,1128.1962696801756,1113.7238061790024,1115.6322021484375,15800644,yfinance:RELIANCE.NS,2026-08-05T14:32:12.887897,-0.6394,-2.5695,-2.0467,0.5426,15770814.0,10576843.0,1.0019,1.4939,normal,14.47,1.2972,3.52,0.3146,14.95,15.89,0.8862,0.8098,2.8462,0.48,0.92,0.36,0.8,strongly_participatory
2023-06-05,1121.085068396339,1128.6053121788443,1117.1090229973545,1125.6517333984375,10908682,yfinance:RELIANCE.NS,2026-08-05T14:32:12.887897,0.4073,0.2976,-1.7198,0.9063,15950490.0,10664588.0,0.6839,1.0229,dry,11.5,1.0213,5.45,0.4888,15.41,15.22,0.8526,0.8136,1.0417,0.0204,0.9,0.28,0.6921,strengthened
2023-06-06,1128.4689187387337,1130.40003073524,1118.7221336360576,1126.6058349609375,7493309,yfinance:RELIANCE.NS,2026-08-05T14:32:12.887897,-0.1651,0.6536,-1.6112,1.0104,15180651.0,10716018.0,0.4936,0.6993,dry,11.68,1.0366,2.82,0.2503,15.63,14.88,0.8508,0.8032,1.381,0.16,0.88,0.12,0.696,strengthened
2023-06-07,1130.0821412207565,1135.9892989888378,1123.5388113588674,1135.148681640625,10312545,yfinance:RELIANCE.NS,2026-08-05T14:32:12.887897,0.4483,1.7494,1.1438,2.3727,11821574.0,10688032.0,0.8723,0.9649,dry,12.45,1.0968,3.48,0.3086,12.76,14.8,0.8603,0.8037,5.125,0.6735,0.9,0.44,0.8387,strongly_participatory
2023-06-08,1138.7156307485393,1143.6458744813403,1131.8997070078417,1135.8302001953125,12071109,yfinance:RELIANCE.NS,2026-08-05T14:32:12.887897,-0.2534,0.9042,1.4777,2.4468,11317258.0,10763695.0,1.0666,1.1215,normal,11.75,1.0341,3.57,0.3142,12.66,14.76,0.8611,0.7938,0.2821,-0.56,0.88,0.36,0.576,strengthened
2023-06-09,1139.1699412328312,1139.874261684162,1125.9924180855612,1127.787353515625,5877018,yfinance:RELIANCE.NS,2026-08-05T14:32:12.887897,-0.9992,0.1049,1.0895,-0.9795,9332533.0,10709778.0,0.6297,0.5488,dry,13.88,1.2309,3.34,0.294,12.55,14.66,0.5579,0.8153,0.5625,-0.28,0.82,0.16,0.588,strengthened
2023-06-12,1124.8564945620458,1131.0816777652867,1120.0852643496842,1128.7869873046875,6391969,yfinance:RELIANCE.NS,2026-08-05T14:32:12.887897,0.3494,-0.5604,0.2785,-1.4461,8429190.0,10687710.0,0.7583,0.5981,dry,11.0,0.9742,-2.93,-0.2599,12.15,14.91,0.5905,0.759,1.9412,0.32,0.88,0.14,0.73,strongly_participatory
2023-06-13,1133.7173319025069,1146.6448585440896,1129.741286337972,1145.46337890625,11248016,yfinance:RELIANCE.NS,2026-08-05T14:32:12.887897,1.0361,0.8481,1.6738,0.0357,9180131.0,10814249.0,1.2253,1.0401,elevated,16.9,1.4757,4.93,0.4368,13.39,15.19,0.7215,0.7836,2.5714,0.44,0.92,0.2,0.776,strongly_participatory
2023-06-14,1145.5314201372407,1160.9809175855808,1143.7138887627082,1159.549560546875,13277380,yfinance:RELIANCE.NS,2026-08-05T14:32:12.887897,1.2237,2.8163,2.1496,3.3179,9773098.0,11038170.0,1.3586,1.2029,elevated,17.27,1.4891,0.07,0.0059,14.35,15.36,0.7431,0.7925,1.1304,0.0612,0.9,0.28,0.7002,strongly_participatory
2023-06-15,1159.5268135380984,1164.4116242878065,1152.120151030348,1159.86767578125,11813494,yfinance:RELIANCE.NS,2026-08-05T14:32:12.887897,0.0294,2.7535,2.1163,3.6253,9721575.0,11102568.0,1.2152,1.064,elevated,12.29,1.0597,-0.02,-0.002,14.46,13.99,0.6955,0.7668,0.9231,-0.04,0.92,0.2,0.68,strengthened
2023-06-16,1163.3437504987226,1173.431398130272,1163.3437504987226,1171.159423828125,24171579,yfinance:RELIANCE.NS,2026-08-05T14:32:12.887897,0.6718,2.2433,3.8458,4.9772,13380488.0,11908624.0,1.8065,2.0298,spike,10.09,0.8613,3.48,0.2997,14.4,14.2,0.6538,0.7762,3.4545,0.551,0.88,0.38,0.8002,strongly_participatory
2023-06-19,1174.1585755296503,1174.1585755296503,1155.369322961202,1159.5269775390625,6798554,yfinance:RELIANCE.NS,2026-08-05T14:32:12.887897,-1.2461,-0.0019,2.7233,3.0094,13461805.0,11876807.0,0.505,0.5724,dry,18.79,1.6204,3.0,0.2561,15.95,14.78,0.8075,0.7926,0.3889,-0.44,0.86,0.22,0.578,strengthened
2023-06-20,1157.5957972211602,1165.070488566,1151.893084884151,1161.9351806640625,6921096,yfinance:RELIANCE.NS,2026-08-05T14:32:12.887897,0.3749,0.1783,1.438,3.1359,12596421.0,11918260.0,0.5494,0.5807,dry,13.18,1.1341,-1.93,-0.1665,15.02,13.81,0.8052,0.7952,2.5714,0.44,0.88,0.06,0.746,strongly_participatory
2023-06-21,1161.889630244124,1167.7286388194625,1157.8001247424693,1165.206787109375,6961603,yfinance:RELIANCE.NS,2026-08-05T14:32:12.887897,0.2855,-0.5083,0.4879,2.6479,11333265.0,11860727.0,0.6143,0.5869,dry,9.93,0.8521,-0.05,-0.0039,13.55,13.65,0.8004,0.7955,0.8148,-0.102,0.88,0.14,0.6456,strengthened
2023-06-22,1161.4354185434336,1169.296404389101,1150.52986917785,1152.1202392578125,7619166,yfinance:RELIANCE.NS,2026-08-05T14:32:12.887897,-0.802,-0.6388,-0.668,1.4342,10494400.0,11667293.0,0.726,0.653,dry,18.77,1.6289,-3.77,-0.3237,14.85,13.95,0.8483,0.7973,0.3514,-0.48,0.86,0.08,0.556,strengthened
2023-06-23,1149.1212794125972,1151.1660925456156,1141.4420223330224,1142.691650390625,6628570,yfinance:RELIANCE.NS,2026-08-05T14:32:12.887897,-0.5595,-1.6562,-2.4307,1.3216,6985798.0,11367408.0,0.9489,0.5831,normal,9.72,0.851,-3.0,-0.2603,14.27,13.79,0.7952,0.794,0.25,-0.6,0.8,-0.04,0.496,mixed
2023-06-26,1139.1700001634836,1142.9869124040958,1130.8545713330911,1133.9671630859375,12641159,yfinance:RELIANCE.NS,2026-08-05T14:32:12.887897,-0.4567,-2.681,-2.2043,0.4589,8154319.0,11498951.0,1.5502,1.0993,spike,12.13,1.0699,-3.52,-0.3082,12.94,13.82,0.8118,0.7971,2.7692,0.4694,0.8,0.02,0.7159,strongly_participatory
2023-06-27,1134.4216529822015,1140.305974461151,1129.92313620631,1134.376220703125,9689466,yfinance:RELIANCE.NS,2026-08-05T14:32:12.887897,-0.004,-1.5401,-2.3718,-0.9679,8707993.0,11416299.0,1.1127,0.8487,elevated,10.38,0.9153,0.45,0.0401,12.38,13.68,0.7353,0.7431,2.5714,0.44,0.84,0.1,0.734,strongly_participatory
2023-06-28,1141.896393407388,1153.1881169201986,1135.0122016455275,1149.3939208984375,11354006,yfinance:RELIANCE.NS,2026-08-05T14:32:12.887897,0.6566,0.5865,-1.3571,-0.8758,9586473.0,10628603.0,1.1844,1.0683,elevated,18.18,1.5813,7.52,0.6629,14.15,14.18,0.6423,0.7318,5.25,0.68,0.88,0.26,0.814,strongly_participatory
2023-06-30,1157.0732487107562,1161.7307784588777,1151.1888070463274,1158.8226318359375,11151555,yfinance:RELIANCE.NS,2026-08-05T14:32:12.887897,0.1512,2.1919,0.5817,-0.0901,10292951.0,10456546.0,1.0834,1.0665,normal,10.54,0.9097,7.68,0.6681,12.87,14.07,0.6463,0.7215,4.5556,0.64,0.92,0.44,0.84,strongly_participatory
2023-07-03,1162.3669506539804,1191.425580555085,1161.1400387375704,1188.5628662109375,12154387,yfinance:RELIANCE.NS,2026-08-05T14:32:12.887897,2.2537,4.7768,4.0143,1.486,11398115.0,10274233.0,1.0664,1.183,normal,30.29,2.5481,3.54,0.3059,17.25,15.61,0.9678,0.8254,0.9231,-0.04,0.96,0.42,0.718,strongly_participatory
2023-07-04,1192.7887391966194,1192.7887391966194,1169.2736896643748,1176.31689453125,8061643,yfinance:RELIANCE.NS,2026-08-05T14:32:12.887897,-1.381,2.3424,3.7347,1.448,10482211.0,10131881.0,0.7691,0.7957,dry,23.52,1.999,4.23,0.3555,19.53,16.02,0.9888,0.8576,1.381,0.16,0.94,0.3,0.738,strongly_participatory
2023-07-05,1185.5183304828597,1185.5183304828597,1170.432411192628,1174.3856201171875,10248062,yfinance:RELIANCE.NS,2026-08-05T14:32:12.887897,-0.9391,1.343,3.527,1.0715,10593931.0,10269619.0,0.9674,0.9979,normal,15.09,1.2846,9.2,0.7822,20.47,15.86,1.0277,0.8747,1.6316,0.24,0.94,0.4,0.764,strongly_participatory
2023-07-06,1170.546016490242,1201.6266214253385,1170.546016490242,1199.03662109375,19117987,yfinance:RELIANCE.NS,2026-08-05T14:32:12.887897,2.434,0.8812,4.319,2.9033,12146727.0,10709891.0,1.5739,1.7851,spike,31.08,2.5921,-3.84,-0.3269,22.92,17.2,1.3008,0.9779,2.3333,0.4,0.96,0.3,0.794,strongly_participatory
2023-07-07,1197.332583148068,1210.9417123971473,1194.15172307179,1196.6964111328125,13375267,yfinance:RELIANCE.NS,2026-08-05T14:32:12.887897,-0.0531,1.7325,3.2683,3.8691,12591469.0,10775099.0,1.0622,1.2413,normal,16.79,1.403,-1.7,-0.1421,23.81,17.43,1.2618,0.9779,0.1364,-0.76,0.94,0.22,0.546,mixed
2023-07-10,1221.8244401255106,1252.3144236363512,1215.508392547687,1242.7947998046875,33240016,yfinance:RELIANCE.NS,2026-08-05T14:32:12.887897,1.7163,5.8251,4.5628,8.7603,16808595.0,12143249.0,1.9776,2.7373,spike,36.81,2.9616,25.13,2.0998,28.42,20.06,1.3118,0.9619,0.4706,-0.36,0.9,0.12,0.6,strengthened
2023-07-11,1250.905728718348,1258.6758491021378,1243.9535094175255,1256.267578125,20069348,yfinance:RELIANCE.NS,2026-08-05T14:32:12.887897,0.4286,4.7731,6.7967,10.7852,19210136.0,12827118.0,1.0447,1.5646,normal,14.72,1.1719,8.11,0.6526,26.89,20.26,1.274,0.9637,2.8462,0.48,0.94,0.16,0.788,strongly_participatory
2023-07-12,1256.9946762890331,1273.2166423107678,1254.8817149747802,1257.653564453125,18733835,yfinance:RELIANCE.NS,2026-08-05T14:32:12.887897,0.0524,5.0938,7.0903,10.8674,20907291.0,13201409.0,0.896,1.4191,dry,18.33,1.4579,0.73,0.0579,27.54,20.86,1.2716,0.9634,0.6667,-0.2,0.92,0.04,0.632,strengthened
2023-07-13,1264.9922784824523,1271.853634660212,1243.7947539621482,1246.407470703125,14682934,yfinance:RELIANCE.NS,2026-08-05T14:32:12.887897,-1.4692,0.2907,3.9507,8.4404,20020280.0,13271686.0,0.7334,1.1063,dry,28.06,2.2512,7.34,0.5835,26.94,21.52,1.4177,0.977,0.5152,-0.32,0.88,0.24,0.612,strengthened
2023-07-14,1249.5879849572364,1254.5409440468316,1238.2735461254954,1245.3621826171875,15124144,yfinance:RELIANCE.NS,2026-08-05T14:32:12.887897,-0.3382,-0.8681,4.0667,7.4679,20370055.0,13437219.0,0.7425,1.1255,dry,16.27,1.3062,3.18,0.2552,26.83,21.92,1.4325,0.9695,1.7222,0.2653,0.92,0.12,0.7331,strongly_participatory
2023-07-17,1248.225023984058,1279.1466167196916,1239.5914489485467,1270.8084716796875,22220040,yfinance:RELIANCE.NS,2026-08-05T14:32:12.887897,1.8092,1.046,2.2541,6.9198,18166060.0,13339642.0,1.2232,1.6657,elevated,39.56,3.1126,2.86,0.2299,23.62,23.88,1.3697,1.0069,1.5789,0.2245,0.92,0.3,0.7429,strongly_participatory
2023-07-18,1280.0325658904894,1289.3249082218797,1269.1270172578058,1281.6002197265625,25867313,yfinance:RELIANCE.NS,2026-08-05T14:32:12.887897,0.1225,2.8235,2.0165,8.9503,19325653.0,14293080.0,1.3385,1.8098,elevated,20.2,1.576,9.22,0.7258,24.48,24.58,1.251,1.0061,0.7241,-0.16,0.92,0.18,0.654,strengthened
2023-07-19,1285.9397747939042,1297.7540895736324,1270.944719940005,1291.3243408203125,39122156,yfinance:RELIANCE.NS,2026-08-05T14:32:12.887897,0.4187,3.6907,2.6773,9.9574,23403317.0,15903133.0,1.6717,2.46,spike,26.81,2.0761,4.34,0.3386,26.18,25.15,1.163,1.0049,2.125,0.36,0.94,0.18,0.766,strongly_participatory
2023-07-20,1270.1422890108254,1295.2251136644825,1270.1422890108254,1289.7606201171875,38717624,yfinance:RELIANCE.NS,2026-08-05T14:32:12.887897,1.5446,1.4913,3.4782,7.5664,28210255.0,17490934.0,1.3725,2.2136,elevated,25.08,1.9448,-21.18,-1.6403,25.58,26.06,1.0256,1.0338,2.3333,0.4,0.96,0.22,0.786,strongly_participatory
2023-07-21,1284.4190157057792,1287.3235564344566,1242.3763715855305,1249.834716796875,30249238,yfinance:RELIANCE.NS,2026-08-05T14:32:12.887897,-2.6926,-2.4786,0.3591,4.4404,31235274.0,18622438.0,0.9684,1.6243,normal,44.95,3.5963,-5.34,-0.4142,31.81,27.12,1.424,1.1615,0.3514,-0.48,0.92,0.22,0.594,strengthened
2023-07-24,1221.4042392370138,1238.1179088392782,1215.6443158350814,1224.554931640625,23727866,yfinance:RELIANCE.NS,2026-08-05T14:32:12.887897,0.258,-5.1706,-3.6397,-1.4676,31536839.0,19477402.0,0.7524,1.2182,dry,22.47,1.8352,-28.43,-2.2747,30.73,27.88,1.3176,1.141,1.3333,0.1429,0.92,0.16,0.7126,strongly_participatory
2023-07-25,1227.8041962368873,1233.3179681079685,1220.9119513502328,1223.767333984375,12026020,yfinance:RELIANCE.NS,2026-08-05T14:32:12.887897,-0.3288,-5.1167,-4.5126,-2.587,28768581.0,19446645.0,0.418,0.6184,dry,12.41,1.0138,3.25,0.2653,29.17,27.69,1.3128,1.1446,1.1739,0.08,0.9,0.12,0.688,strengthened
2023-07-26,1223.3732632571832,1253.896056948107,1223.3732632571832,1243.6561279296875,12911012,yfinance:RELIANCE.NS,2026-08-05T14:32:12.887897,1.6579,-0.4944,-3.6914,-1.113,23526352.0,19607723.0,0.5488,0.6585,dry,30.52,2.4543,-0.39,-0.0322,29.92,27.65,1.422,1.1662,1.6316,0.24,0.92,0.18,0.734,strongly_participatory
2023-07-27,1247.5209111436616,1249.2931304965796,1226.0072859774648,1232.087158203125,17226898,yfinance:RELIANCE.NS,2026-08-05T14:32:12.887897,-1.2372,0.6151,-4.4716,-1.1489,19228207.0,19901367.0,0.8959,0.8656,dry,23.29,1.89,3.86,0.3108,29.56,28.11,1.3952,1.1777,0.5625,-0.28,0.84,0.16,0.596,strengthened
2023-07-28,1236.690213733138,1251.853175548335,1231.0287272255082,1244.4686279296875,20827852,yfinance:RELIANCE.NS,2026-08-05T14:32:12.887897,0.629,1.6916,-0.4293,-0.0718,17343930.0,20385182.0,1.2009,1.0217,elevated,20.82,1.6734,4.6,0.3736,24.25,25.63,1.3934,1.1814,1.6316,0.24,0.86,0.1,0.702,strongly_participatory
2023-07-31,1244.468666067682,1257.2930680054526,1239.594792375287,1255.00390625,8551174,yfinance:RELIANCE.NS,2026-08-05T14:32:12.887897,0.8466,0.9125,2.4865,-1.2437,14308591.0,20205021.0,0.5976,0.4232,dry,17.7,1.4102,0.0,0.0,20.95,25.76,1.3015,1.1845,2.8462,0.48,0.86,0.2,0.76,strongly_participatory
2023-08-01,1257.8347690470637,1259.8039819927342,1233.3673222353511,1237.2564697265625,9536632,yfinance:RELIANCE.NS,2026-08-05T14:32:12.887897,-1.636,0.4196,1.1023,-3.46,13810714.0,20278771.0,0.6905,0.4703,dry,26.44,2.1367,2.83,0.2256,23.75,26.34,1.4152,1.2023,0.6897,-0.1837,0.9,0.16,0.6393,strengthened
2023-08-02,1235.2871417271826,1236.665614699006,1212.8381883521488,1224.0380859375,12748214,yfinance:RELIANCE.NS,2026-08-05T14:32:12.887897,-0.9106,-1.6417,-1.5774,-5.2106,13778154.0,20403778.0,0.9252,0.6248,normal,23.83,1.9466,-1.97,-0.1592,22.53,26.08,1.4282,1.2159,0.1628,-0.72,0.76,-0.14,0.446,weakened
2023-08-03,1218.5981228148664,1231.201012494138,1210.1058926997707,1218.8934326171875,10168350,yfinance:RELIANCE.NS,2026-08-05T14:32:12.887897,0.0242,-2.8773,-1.0708,-5.4946,12366444.0,19956297.0,0.8223,0.5095,dry,21.1,1.7307,-5.44,-0.4444,22.09,26.42,1.2985,1.2153,0.25,-0.6,0.64,-0.16,0.42,weakened
2023-08-04,1230.1673350047402,1238.6349265214124,1216.7767111886983,1235.4595947265625,22885610,yfinance:RELIANCE.NS,2026-08-05T14:32:12.887897,0.4302,-0.1452,-0.7239,-1.1502,12777996.0,20431814.0,1.791,1.1201,spike,21.86,1.7692,11.27,0.9249,22.3,25.16,1.0138,1.2055,1.6316,0.24,0.66,-0.12,0.6,strengthened
2023-08-07,1241.0963994857652,1244.7393951840495,1233.2195480808575,1242.49951171875,5982870,yfinance:RELIANCE.NS,2026-08-05T14:32:12.887897,0.1131,1.5082,-0.9964,1.4654,12264335.0,19068956.0,0.4878,0.3137,dry,11.52,0.9272,5.64,0.4563,21.07,24.54,1.0103,1.1987,2.5,0.4286,0.66,-0.08,0.6417,strengthened
2023-08-08,1244.5423492739476,1247.7176805176769,1230.5363488514104,1235.0162353515625,9844072,yfinance:RELIANCE.NS,2026-08-05T14:32:12.887897,-0.7654,1.3227,-0.1811,0.9192,12325823.0,18557693.0,0.7987,0.5305,dry,17.18,1.3912,2.04,0.1644,19.21,23.85,1.0333,1.2053,0.7241,-0.16,0.64,0.06,0.53,mixed
2023-08-09,1233.145764124846,1245.034838767312,1221.453562693164,1243.1640625,11486586,yfinance:RELIANCE.NS,2026-08-05T14:32:12.887897,0.8124,0.6236,1.5625,-0.0396,12073498.0,18195330.0,0.9514,0.6313,normal,23.58,1.8969,-1.87,-0.1515,19.05,23.74,0.901,1.2115,2.0625,0.3469,0.66,0.02,0.6354,strengthened
2023-08-10,1243.0407844200602,1255.373002066838,1234.9177826419805,1248.7022705078125,15470598,yfinance:RELIANCE.NS,2026-08-05T14:32:12.887897,0.4555,0.4992,2.4456,1.3485,13133947.0,18234713.0,1.1779,0.8484,elevated,20.46,1.6381,-0.12,-0.0099,18.92,21.82,0.8347,1.2091,0.6333,-0.2245,0.62,0.04,0.5071,mixed
2023-08-11,1246.733138146324,1259.7300139419374,1236.837916549459,1253.969970703125,22179330,yfinance:RELIANCE.NS,2026-08-05T14:32:12.887897,0.5805,1.5347,1.4983,0.7635,12992691.0,18587473.0,1.7071,1.1932,spike,22.89,1.8256,-1.97,-0.1577,19.13,21.01,0.8307,1.2117,0.2895,-0.551,0.62,-0.14,0.4238,weakened
2023-08-14,1249.9577340453427,1271.274485095857,1243.065489745762,1268.788330078125,9575812,yfinance:RELIANCE.NS,2026-08-05T14:32:12.887897,1.5065,2.0612,2.1158,1.0984,13711280.0,17955261.0,0.6984,0.5333,dry,28.21,2.2233,-4.01,-0.32,22.46,22.14,0.9266,1.1743,0.8846,-0.0612,0.62,-0.26,0.5098,mixed
2023-08-16,1255.8654425931288,1271.5207081344915,1255.8654425931288,1267.7545166015625,10203112,yfinance:RELIANCE.NS,2026-08-05T14:32:12.887897,0.9467,1.5258,2.6508,2.465,13783088.0,17172051.0,0.7403,0.5942,dry,15.66,1.2349,-12.92,-1.0185,22.16,21.08,0.7427,1.1472,1.0,0.0,0.62,-0.18,0.53,mixed
2023-08-17,1263.791524524126,1269.2068594315797,1246.930140835009,1249.4654541015625,13673744,yfinance:RELIANCE.NS,2026-08-05T14:32:12.887897,-1.1336,-0.3592,0.5069,2.0773,14220519.0,15899631.0,0.9616,0.86,normal,22.28,1.7829,-3.96,-0.3126,21.9,21.01,0.7858,1.1545,0.6129,-0.24,0.56,-0.04,0.472,mixed
2023-08-18,1246.142454602955,1268.960755625946,1234.9671961841154,1258.7208251953125,18639978,yfinance:RELIANCE.NS,2026-08-05T14:32:12.887897,1.0094,-0.7935,0.8023,3.2675,14854395.0,14895748.0,1.2548,1.2514,elevated,33.99,2.7006,-3.32,-0.266,24.61,21.95,0.8092,1.0871,0.3514,-0.48,0.5,-0.04,0.4,weakened
2023-08-21,1254.8424457661688,1262.5000997685252,1242.8371963360953,1244.986328125,9221746,yfinance:RELIANCE.NS,2026-08-05T14:32:12.887897,-0.7854,-1.7959,-0.7164,0.7711,12262878.0,13844374.0,0.752,0.6661,dry,19.66,1.5794,-3.88,-0.3081,23.96,22.09,0.8906,1.1002,3.5455,0.56,0.58,-0.04,0.64,strengthened
2023-08-22,1243.4548358358238,1253.8544488619668,1234.6115281978846,1244.68994140625,7713044,yfinance:RELIANCE.NS,2026-08-05T14:32:12.887897,0.0993,-0.3822,-1.8993,0.1763,11890325.0,13043633.0,0.6487,0.5913,dry,19.24,1.546,-1.53,-0.123,22.17,21.57,0.8909,1.0589,1.6316,0.24,0.58,0.06,0.586,strengthened
2023-08-23,1247.061326610869,1256.2752862282496,1243.4795205761563,1246.0732421875,9517952,yfinance:RELIANCE.NS,2026-08-05T14:32:12.887897,-0.0792,-1.0048,-1.7102,0.8953,11753293.0,12918229.0,0.8098,0.7368,dry,12.8,1.0269,2.37,0.1905,21.59,20.74,0.8262,1.0572,1.7222,0.2653,0.64,0.06,0.6151,strengthened
2023-08-24,1254.8178429548684,1254.8178429548684,1220.778380707161,1225.1259765625,14140020,yfinance:RELIANCE.NS,2026-08-05T14:32:12.887897,-2.3662,-1.5952,-1.948,-1.451,11846548.0,12979680.0,1.1936,1.0894,elevated,34.04,2.7784,8.74,0.7018,23.95,21.67,1.1662,1.1466,0.6129,-0.24,0.6,0.16,0.508,mixed
2023-08-25,1213.3677682361918,1237.5758385308063,1206.7476503203045,1219.46923828125,22222400,yfinance:RELIANCE.NS,2026-08-05T14:32:12.887897,0.5029,-2.0263,-3.1184,-2.3411,12563032.0,13229455.0,1.7689,1.6798,spike,30.83,2.528,-11.76,-0.9598,23.31,22.31,1.1683,1.1166,0.2195,-0.64,0.54,-0.1,0.378,weakened
2023-08-28,1221.2722430466752,1227.2007490808824,1201.0659665597248,1207.3155517578125,12580826,yfinance:RELIANCE.NS,2026-08-05T14:32:12.887897,-1.1428,-3.1104,-3.0258,-3.7205,13234848.0,12817104.0,0.9506,0.9816,normal,26.13,2.1647,1.8,0.1479,24.61,23.35,1.2043,1.1357,1.2727,0.12,0.54,-0.04,0.536,mixed
2023-08-29,1211.4162410930337,1212.107851949824,1189.7277154191993,1195.755126953125,16876644,yfinance:RELIANCE.NS,2026-08-05T14:32:12.887897,-1.2928,-2.3974,-3.9315,-5.7561,15067568.0,13233377.0,1.1201,1.2753,elevated,22.38,1.8716,4.1,0.3397,25.24,23.72,1.0986,1.1084,2.8462,0.48,0.62,-0.04,0.64,strengthened
2023-08-30,1201.5107618049594,1206.9452265993075,1193.1120434864215,1194.618896484375,12168946,yfinance:RELIANCE.NS,2026-08-05T14:32:12.887897,-0.5736,-2.0378,-4.1293,-5.7689,15597767.0,13364993.0,0.7802,0.9105,dry,13.83,1.158,5.76,0.4813,25.44,23.03,0.9874,1.1112,1.45,0.1837,0.6,0.12,0.5887,strengthened
2023-08-31,1197.0643437840804,1198.0524282609963,1185.651919829385,1189.15966796875,21638600,yfinance:RELIANCE.NS,2026-08-05T14:32:12.887897,-0.6603,-1.5038,-2.9357,-4.8265,17097483.0,13809512.0,1.2656,1.5669,elevated,12.4,1.0428,2.45,0.2047,21.12,22.45,0.9689,1.1112,0.3514,-0.48,0.48,-0.02,0.394,weakened
2023-09-01,1188.937220765019,1198.3733539411996,1186.5163417372542,1191.9508056640625,18112842,yfinance:RELIANCE.NS,2026-08-05T14:32:12.887897,0.2535,-0.3182,-2.2566,-5.3046,16275572.0,14206737.0,1.1129,1.2749,elevated,11.86,0.9948,-0.22,-0.0187,17.32,21.66,0.8588,1.0679,4.0,0.6,0.62,0.16,0.684,strengthened
2023-09-04,1191.950907028467,1197.3853714174263,1188.3197691016735,1190.987548828125,9347626,yfinance:RELIANCE.NS,2026-08-05T14:32:12.887897,-0.0808,-0.304,-1.3524,-4.3373,15628932.0,13529837.0,0.5981,0.6909,dry,9.07,0.7612,0.0,0.0,13.91,20.3,0.8711,0.9569,1.5,0.2,0.62,0.34,0.622,strengthened
2023-09-05,1195.5822395056102,1202.4741047382813,1191.852196412095,1197.36083984375,8675876,yfinance:RELIANCE.NS,2026-08-05T14:32:12.887897,0.1488,0.6897,0.1343,-3.8025,13988778.0,13664488.0,0.6202,0.6349,dry,10.62,0.8871,4.59,0.3858,11.73,20.0,0.8752,0.9557,1.7778,0.28,0.64,0.24,0.636,strengthened
2023-09-06,1196.125722417537,1203.560961679848,1194.2236115362405,1199.88037109375,8200370,yfinance:RELIANCE.NS,2026-08-05T14:32:12.887897,0.3139,0.6653,0.4404,-3.7071,13195063.0,13582303.0,0.6215,0.6038,dry,9.34,0.7782,-1.24,-0.1032,10.83,19.08,0.906,0.9576,1.5,0.2,0.68,0.18,0.63,strengthened
2023-09-07,1196.421961377583,1204.5983838407617,1191.1357340059783,1201.5106201171875,13652572,yfinance:RELIANCE.NS,2026-08-05T14:32:12.887897,0.4253,0.8836,1.0386,-1.9276,11597857.0,13690602.0,1.1772,0.9972,elevated,13.46,1.1205,-3.46,-0.2882,11.04,17.61,0.6603,0.9056,1.9412,0.32,0.72,0.22,0.674,strengthened
2023-09-08,1205.463038004146,1213.3677136631895,1197.039593881822,1209.51416015625,23109288,yfinance:RELIANCE.NS,2026-08-05T14:32:12.887897,0.3361,1.015,1.4735,-0.8163,12597146.0,14072536.0,1.8345,1.6422,spike,16.33,1.35,3.95,0.329,11.94,17.37,0.6421,0.8839,1.9412,0.32,0.74,0.4,0.7,strongly_participatory
2023-09-11,1211.391482722607,1223.668479723262,1211.391482722607,1222.556884765625,13271074,yfinance:RELIANCE.NS,2026-08-05T14:32:12.887897,0.9217,1.8899,2.6507,1.2624,13381836.0,13627124.0,0.9917,0.9739,normal,12.28,1.0042,1.88,0.1552,12.95,17.01,0.6469,0.8934,9.0,0.8,0.82,0.44,0.832,strongly_participatory
2023-09-12,1226.7068128830886,1226.7068128830886,1203.462102676104,1204.8948974609375,16255666,yfinance:RELIANCE.NS,2026-08-05T14:32:12.887897,-1.7781,0.2817,0.6292,0.7644,14897794.0,13961116.0,1.0911,1.1644,normal,23.24,1.9292,4.15,0.3394,15.31,17.75,0.7611,0.9297,0.6129,-0.24,0.78,0.54,0.618,strengthened
2023-09-13,1205.4630504045967,1216.653058753229,1198.6699696902265,1210.9222412109375,12803338,yfinance:RELIANCE.NS,2026-08-05T14:32:12.887897,0.4529,0.1164,0.9202,1.3647,15818388.0,14091128.0,0.8094,0.9086,dry,17.98,1.4851,0.57,0.0472,17.03,16.61,0.7547,0.8915,1.5,0.2,0.76,0.32,0.676,strengthened
2023-09-14,1215.3437498538372,1218.209218590467,1207.933117232777,1212.03369140625,9209636,yfinance:RELIANCE.NS,2026-08-05T14:32:12.887897,-0.2724,-0.8608,0.8758,1.9235,14929800.0,13867922.0,0.6169,0.6641,dry,10.28,0.8478,4.42,0.3651,16.4,15.14,0.7245,0.8784,1.7778,0.28,0.82,0.4,0.724,strongly_participatory
2023-09-15,1219.2960960745,1219.2960960745,1210.156315775724,1214.2816162109375,25468592,yfinance:RELIANCE.NS,2026-08-05T14:32:12.887897,-0.4113,0.779,0.3942,1.8735,15401661.0,14209353.0,1.6536,1.7924,spike,9.14,0.7527,7.26,0.5992,14.96,13.92,0.7364,0.8807,1.5,0.2,0.82,0.38,0.706,strongly_participatory
2023-09-18,1205.487828880595,1210.8975674516837,1201.535490839137,1203.709228515625,7516300,yfinance:RELIANCE.NS,2026-08-05T14:32:12.887897,-0.1475,-0.5957,-1.5417,1.0682,14250706.0,14124081.0,0.5274,0.5322,dry,9.36,0.7778,-8.79,-0.7242,14.68,13.24,0.7376,0.8757,1.1739,0.08,0.84,0.26,0.678,strengthened
2023-09-20,1197.089090701199,1199.3370070481767,1163.4694916701224,1176.8826904296875,57081884,yfinance:RELIANCE.NS,2026-08-05T14:32:12.887897,-1.688,-2.9002,-2.3249,-1.7103,22415950.0,16592523.0,2.5465,3.4402,spike,35.87,3.0477,-6.62,-0.55,18.08,15.12,0.9057,0.922,0.3158,-0.52,0.78,0.14,0.522,mixed
2023-09-21,1173.3255153106452,1180.8103271156433,1165.9396084396587,1168.31103515625,12226182,yfinance:RELIANCE.NS,2026-08-05T14:32:12.887897,-0.4274,-3.7858,-3.5189,-2.631,22300519.0,16727934.0,0.5482,0.7309,dry,14.87,1.2728,-3.56,-0.3023,17.45,15.3,0.8905,0.9163,0.3889,-0.44,0.7,-0.08,0.484,mixed
2023-09-22,1173.8443150051187,1177.0308632017377,1160.9992172819989,1163.4447021484375,19176786,yfinance:RELIANCE.NS,2026-08-05T14:32:12.887897,-0.8859,-3.345,-4.0089,-3.1682,24293949.0,16979772.0,0.7894,1.1294,dry,16.03,1.3779,5.53,0.4736,18.61,15.6,0.875,0.9081,0.6667,-0.2,0.7,-0.06,0.534,mixed
2023-09-25,1161.1968240581607,1166.2854832156668,1153.638074334712,1156.2811279296875,14254884,yfinance:RELIANCE.NS,2026-08-05T14:32:12.887897,-0.4233,-1.7505,-4.7765,-4.4012,22051207.0,16581397.0,0.6464,0.8597,dry,12.65,1.0938,-2.25,-0.1932,19.31,15.85,0.8371,0.9006,1.0833,0.04,0.64,0.08,0.572,strengthened
2023-09-26,1155.342502590839,1161.0980464311394,1153.8851021083722,1157.2939453125,10087782,yfinance:RELIANCE.NS,2026-08-05T14:32:12.887897,0.1689,-0.943,-3.856,-5.3382,22565504.0,16456744.0,0.447,0.613,dry,7.21,0.6233,-0.94,-0.0812,18.2,15.55,0.7247,0.8911,1.0,0.0,0.64,0.08,0.564,strengthened
2023-09-27,1157.7880446735417,1171.769464855697,1155.3178333556975,1170.336669921875,11722778,yfinance:RELIANCE.NS,2026-08-05T14:32:12.887897,1.0838,0.5924,-0.5562,-2.8682,13493682.0,16199051.0,0.8688,0.7237,dry,16.45,1.4057,0.49,0.0427,13.44,16.06,0.7468,0.8655,1.5,0.2,0.68,-0.02,0.61,strengthened
2023-09-28,1177.3026603074284,1177.3026603074284,1148.6482103293206,1153.14404296875,14518346,yfinance:RELIANCE.NS,2026-08-05T14:32:12.887897,-2.052,-0.2713,-1.2982,-4.7714,13952115.0,16316521.0,1.0406,0.8898,normal,28.65,2.4849,6.97,0.5952,16.2,17.14,0.8894,0.8953,0.1364,-0.76,0.6,-0.12,0.376,weakened
2023-09-29,1156.9481416896208,1170.435518964013,1153.1440405649926,1158.529052734375,12342014,yfinance:RELIANCE.NS,2026-08-05T14:32:12.887897,0.1366,0.1067,-0.4225,-4.4145,12585161.0,15851692.0,0.9807,0.7786,normal,17.29,1.4925,3.8,0.3299,16.45,17.21,0.9105,0.8869,4.0,0.6,0.66,0.02,0.686,strengthened
2023-10-03,1151.0936382939,1153.885049186791,1144.2017734963838,1145.263916015625,8859056,yfinance:RELIANCE.NS,2026-08-05T14:32:12.887897,-0.5065,-2.1424,-0.9528,-5.6838,11505995.0,15389002.0,0.77,0.5757,dry,9.68,0.8455,-7.44,-0.6418,16.79,17.22,0.9104,0.8518,0.3889,-0.44,0.62,-0.1,0.45,mixed
2023-10-04,1140.7434506187417,1145.683872665596,1133.8763122199225,1143.2877197265625,10286386,yfinance:RELIANCE.NS,2026-08-05T14:32:12.887897,0.223,-0.8547,-1.2103,-5.0196,11545716.0,15435940.0,0.8909,0.6664,dry,11.81,1.0328,-4.52,-0.3947,17.71,16.41,0.9324,0.8542,0.2564,-0.5918,0.52,-0.36,0.3536,weakened
2023-10-05,1145.8074528562056,1150.8219332922222,1140.743519950406,1143.26318359375,10953682,yfinance:RELIANCE.NS,2026-08-05T14:32:12.887897,-0.2221,-1.3177,-2.3133,-2.8567,11391897.0,15549831.0,0.9615,0.7044,normal,10.08,0.8815,2.52,0.2204,16.43,15.84,0.8227,0.8507,1.5,0.2,0.54,-0.1,0.546,mixed
2023-10-06,1144.7205033692,1148.5493304183171,1142.2502923697696,1145.1898193359375,5431026,yfinance:RELIANCE.NS,2026-08-05T14:32:12.887897,0.041,-0.0065,-0.6898,-1.979,9574433.0,15411364.0,0.5672,0.3524,dry,6.3,0.55,1.46,0.1275,11.96,15.56,0.8273,0.8523,4.5556,0.64,0.58,0.08,0.668,strengthened
2023-10-09,1140.2988590719287,1142.200849187487,1133.826857954507,1135.4324951171875,7576878,yfinance:RELIANCE.NS,2026-08-05T14:32:12.887897,-0.4268,-0.6871,-1.9936,-2.4077,8621406.0,15107579.0,0.8788,0.5015,dry,8.37,0.7375,-4.89,-0.4271,10.78,15.72,0.8,0.7613,0.1667,-0.7143,0.52,-0.22,0.3431,weakened
2023-10-10,1139.5331157395624,1145.1404226117538,1138.1497733893898,1140.447021484375,10236032,yfinance:RELIANCE.NS,2026-08-05T14:32:12.887897,0.0802,-0.2463,-0.4206,-1.3694,8896801.0,14463916.0,1.1505,0.7077,elevated,6.99,0.613,4.1,0.3612,9.85,15.5,0.8001,0.7504,7.3333,0.76,0.6,0.04,0.696,strengthened
2023-10-11,1143.4359710357803,1160.8509589721596,1142.7196339530417,1158.5537109375,9814118,yfinance:RELIANCE.NS,2026-08-05T14:32:12.887897,1.3221,1.167,1.3353,0.1089,8802347.0,14291068.0,1.1149,0.6867,elevated,18.13,1.565,2.99,0.2621,11.57,14.08,0.9242,0.7867,3.5455,0.56,0.72,0.06,0.706,strongly_participatory
2023-10-12,1157.9609209243824,1165.6185754357678,1155.144783740477,1160.7027587890625,12554450,yfinance:RELIANCE.NS,2026-08-05T14:32:12.887897,0.2368,2.2256,1.5254,-0.8232,9122501.0,14106008.0,1.3762,0.89,elevated,10.47,0.9024,-0.59,-0.0512,11.65,13.77,0.8461,0.7625,1.5,0.2,0.7,0.04,0.624,strengthened
2023-10-13,1156.058825491677,1164.7045645712087,1150.6984190160554,1160.6534423828125,10150316,yfinance:RELIANCE.NS,2026-08-05T14:32:12.887897,0.3974,1.7718,1.3503,0.6512,10066359.0,13973356.0,1.0083,0.7264,normal,14.01,1.2067,-4.64,-0.4001,13.19,13.62,0.5123,0.7644,1.0,0.0,0.68,0.0,0.572,strengthened
2023-10-16,1158.5290083696575,1163.2471357038708,1154.0826283801794,1158.0596923828125,5929036,yfinance:RELIANCE.NS,2026-08-05T14:32:12.887897,-0.0405,-0.0426,1.9928,-0.0405,9736790.0,13809326.0,0.6089,0.4294,dry,9.16,0.7914,-2.12,-0.183,12.75,13.37,0.515,0.7575,0.9231,-0.04,0.64,0.04,0.552,strengthened
2023-10-17,1163.9634271590728,1165.791359182136,1156.701030917525,1163.5928955078125,7928180,yfinance:RELIANCE.NS,2026-08-05T14:32:12.887897,-0.0318,0.249,2.0295,1.6004,9275220.0,12932306.0,0.8548,0.6131,dry,9.09,0.7812,5.9,0.5098,12.63,13.51,0.4719,0.7548,3.5455,0.56,0.7,0.08,0.7,strongly_participatory
2023-10-18,1163.5929949263082,1169.3979912920374,1146.672048073012,1148.1541748046875,8918320,yfinance:RELIANCE.NS,2026-08-05T14:32:12.887897,-1.3268,-1.0769,-0.8976,0.4257,9096060.0,13002407.0,0.9805,0.6859,normal,22.73,1.9793,0.0,0.0,13.09,13.96,0.6637,0.7871,0.2195,-0.64,0.6,0.02,0.414,weakened
2023-10-19,1142.2256445327594,1147.0672825471008,1136.7911799610206,1139.33544921875,12032556,yfinance:RELIANCE.NS,2026-08-05T14:32:12.887897,-0.253,-1.6169,-1.8409,-0.3436,8991682.0,10749940.0,1.3382,1.1193,elevated,10.28,0.9019,-5.93,-0.5164,13.27,12.72,0.6649,0.7853,0.4706,-0.36,0.68,-0.06,0.494,mixed
2023-10-20,1136.2971288231192,1143.559525479833,1134.4691966955595,1135.8525390625,8913312,yfinance:RELIANCE.NS,2026-08-05T14:32:12.887897,-0.0391,-2.384,-2.1368,-0.8153,8744281.0,10584297.0,1.0193,0.8421,normal,9.09,0.8003,-3.04,-0.2667,12.29,12.14,0.6649,0.7806,0.4706,-0.36,0.5,-0.04,0.424,weakened
2023-10-23,1131.356688684127,1139.3848747937852,1114.188721465012,1118.1163330078125,7853962,yfinance:RELIANCE.NS,2026-08-05T14:32:12.887897,-1.1703,-2.6162,-3.4492,-1.5251,9129266.0,10018156.0,0.8603,0.784,dry,25.2,2.2534,-4.5,-0.3958,15.49,12.91,0.7527,0.7929,0.0638,-0.88,0.42,-0.3,0.262,deteriorated
2023-10-25,1111.6198194416302,1127.009187707913,1108.1367973597628,1115.522705078125,11620688,yfinance:RELIANCE.NS,2026-08-05T14:32:12.887897,0.3511,-2.0901,-4.1312,-2.1855,9867768.0,9886446.0,1.1776,1.1754,elevated,18.87,1.6918,-6.5,-0.581,17.45,13.42,0.764,0.7933,0.25,-0.6,0.3,-0.42,0.258,deteriorated
2023-10-26,1112.0888961356811,1115.5471912369471,1096.9218260289952,1099.98486328125,15222534,yfinance:RELIANCE.NS,2026-08-05T14:32:12.887897,-1.0884,-3.1578,-4.1954,-5.0553,11128610.0,10143184.0,1.3679,1.5008,elevated,18.63,1.6932,-3.43,-0.3078,16.63,14.03,0.6533,0.778,0.1364,-0.76,0.2,-0.66,0.162,deteriorated
2023-10-27,1106.654565590137,1123.204979852311,1104.6536704890177,1119.40087890625,11771084,yfinance:RELIANCE.NS,2026-08-05T14:32:12.887897,1.1518,0.1149,-1.7497,-3.5584,11076316.0,10145599.0,1.0627,1.1602,normal,18.55,1.6573,6.67,0.6063,19.0,15.24,0.7867,0.7686,7.1667,0.7551,0.34,0.0,0.587,strengthened
2023-10-30,1123.4520304054054,1148.6481841216216,1121.4511352518443,1142.47265625,16813304,yfinance:RELIANCE.NS,2026-08-05T14:32:12.887897,1.6931,2.4159,0.5828,-1.5664,12656314.0,10260347.0,1.3285,1.6387,elevated,27.2,2.3805,4.05,0.3619,23.03,16.51,0.9799,0.835,1.0833,0.04,0.36,-0.14,0.438,weakened
2023-10-31,1150.1303563093795,1150.1303563093795,1127.8490026208185,1130.3192138671875,12808438,yfinance:RELIANCE.NS,2026-08-05T14:32:12.887897,-1.7225,2.7577,1.0914,-2.3954,13647210.0,10283668.0,0.9385,1.2455,normal,22.28,1.9712,7.66,0.6703,22.45,17.41,1.1091,0.8828,1.0,0.0,0.36,-0.04,0.44,weakened
2023-11-01,1130.9367248364767,1144.942870331504,1124.0448598372486,1135.0125732421875,10309190,yfinance:RELIANCE.NS,2026-08-05T14:32:12.887897,0.3604,1.3946,1.7472,-2.4562,13384910.0,10356175.0,0.7702,0.9955,dry,20.9,1.8412,0.62,0.0546,22.85,17.45,1.1243,0.8877,0.3889,-0.44,0.32,-0.14,0.326,weakened
2023-11-02,1143.1889695269997,1148.302354744411,1140.2247162104195,1146.2767333984375,10562104,yfinance:RELIANCE.NS,2026-08-05T14:32:12.887897,0.2701,0.333,4.2084,-0.1635,12452824.0,10369960.0,0.8482,1.0185,dry,8.08,0.7047,8.18,0.7204,21.79,17.65,1.0586,0.8914,4.5556,0.64,0.46,0.02,0.614,strengthened
2023-11-03,1149.7349795725816,1153.5638066087804,1144.078220526126,1146.0296630859375,8850156,yfinance:RELIANCE.NS,2026-08-05T14:32:12.887897,-0.3223,1.3899,2.3788,0.5876,11868638.0,10264784.0,0.7457,0.8622,dry,9.49,0.8277,3.46,0.3017,19.04,17.33,1.0604,0.8442,1.9412,0.32,0.48,0.06,0.562,strengthened
2023-11-06,1152.2546386732256,1156.0587394619763,1148.9445800808262,1155.564697265625,10647304,yfinance:RELIANCE.NS,2026-08-05T14:32:12.887897,0.2873,1.8107,1.1459,1.7355,10635438.0,10525598.0,1.0011,1.0116,normal,7.11,0.6156,6.22,0.5432,15.2,17.39,1.0658,0.8452,7.3333,0.76,0.58,0.12,0.696,strengthened
2023-11-07,1153.1192304428853,1155.614167696399,1145.955618484429,1148.0552978515625,6960204,yfinance:RELIANCE.NS,2026-08-05T14:32:12.887897,-0.4392,0.1552,1.5691,2.6776,9465792.0,10494764.0,0.7353,0.6632,dry,9.66,0.8413,-2.45,-0.2116,12.67,17.43,1.0012,0.8345,1.2727,0.12,0.58,0.16,0.572,strengthened
2023-11-08,1152.1064866637696,1156.552866758098,1147.042553778562,1154.033203125,7884494,yfinance:RELIANCE.NS,2026-08-05T14:32:12.887897,0.1672,0.6984,1.6758,3.4522,8980852.0,10377188.0,0.8779,0.7598,dry,9.51,0.8241,4.05,0.3529,10.39,16.48,0.9968,0.833,1.9412,0.32,0.6,0.22,0.626,strengthened
2023-11-09,1154.0085696526105,1154.0331752710283,1138.3720609954937,1141.50927734375,14513610,yfinance:RELIANCE.NS,2026-08-05T14:32:12.887897,-1.0831,-1.2163,-0.4159,3.775,9771154.0,10612162.0,1.4854,1.3676,elevated,15.66,1.372,-0.02,-0.0021,10.87,16.79,0.9961,0.8525,0.6667,-0.2,0.56,0.18,0.502,mixed
2023-11-10,1139.039102652828,1144.3747829309668,1135.3337858785344,1143.6583251953125,7734954,yfinance:RELIANCE.NS,2026-08-05T14:32:12.887897,0.4055,-0.383,-0.2069,2.167,9548113.0,10371187.0,0.8101,0.7458,dry,9.04,0.7905,-2.47,-0.2164,10.78,16.79,0.929,0.8288,1.6316,0.24,0.56,0.1,0.582,strengthened
2023-11-13,1147.6107081381433,1148.4506764659145,1142.0774589944765,1143.51025390625,3854810,yfinance:RELIANCE.NS,2026-08-05T14:32:12.887897,-0.3573,-0.9118,-1.0432,0.0908,8189614.0,10056412.0,0.4707,0.3833,dry,6.37,0.5573,3.95,0.3456,10.05,15.44,0.7032,0.7462,1.5,0.2,0.58,0.18,0.59,strengthened
2023-11-15,1156.0588204395372,1166.9030232858888,1149.6362714370953,1164.185791015625,12220648,yfinance:RELIANCE.NS,2026-08-05T14:32:12.887897,0.703,1.9865,1.405,2.9962,9241703.0,10370993.0,1.3223,1.1783,elevated,17.27,1.4832,12.55,1.0974,12.8,15.77,0.5343,0.7585,9.0,0.8,0.68,0.3,0.762,strongly_participatory
2023-11-16,1161.542667627995,1172.9302438744137,1159.492320123304,1166.285400390625,13134910,yfinance:RELIANCE.NS,2026-08-05T14:32:12.887897,0.4083,1.9785,1.0617,2.7553,10291786.0,10631329.0,1.2763,1.2355,elevated,13.44,1.1522,-2.64,-0.227,13.58,15.39,0.5381,0.7577,1.5789,0.2245,0.8,0.42,0.7069,strongly_participatory
2023-11-17,1162.4319266451018,1172.4857343750468,1162.012063114762,1163.7412109375,7758634,yfinance:RELIANCE.NS,2026-08-05T14:32:12.887897,0.1126,1.7692,1.9476,1.5236,8940791.0,10573345.0,0.8678,0.7338,dry,10.47,0.9,-3.85,-0.3304,12.54,14.48,0.5317,0.7567,1.2727,0.12,0.78,0.42,0.678,strengthened
2023-11-20,1160.2828426994563,1165.1490860409533,1154.2801575494675,1160.6781005859375,4490186,yfinance:RELIANCE.NS,2026-08-05T14:32:12.887897,0.0341,-0.3013,1.4882,1.2782,8291838.0,10196226.0,0.5415,0.4404,dry,10.87,0.9364,-3.46,-0.2972,12.91,13.17,0.5204,0.7558,0.6897,-0.1837,0.78,0.28,0.6033,strengthened
2023-11-21,1168.9038812090423,1179.7728099438689,1166.0384122376151,1175.2769775390625,8214450,yfinance:RELIANCE.NS,2026-08-05T14:32:12.887897,0.5452,0.771,2.778,1.7059,9163766.0,10161283.0,0.8964,0.8084,dry,13.73,1.1686,8.23,0.7087,15.45,12.94,0.5409,0.7625,1.381,0.16,0.8,0.28,0.68,strengthened
2023-11-22,1173.3502489811203,1182.9593458443585,1171.9669066696931,1179.87158203125,8534814,yfinance:RELIANCE.NS,2026-08-05T14:32:12.887897,0.5558,1.3861,1.3474,2.7713,8426599.0,10195326.0,1.0128,0.8371,normal,10.99,0.9317,-1.93,-0.1639,12.97,12.24,0.5325,0.7643,1.0833,0.04,0.76,0.26,0.638,strengthened
2023-11-23,1179.8716170501546,1185.7013394254852,1179.8716170501546,1183.4781494140625,8531542,yfinance:RELIANCE.NS,2026-08-05T14:32:12.887897,0.3057,1.9644,1.4741,2.5515,7505925.0,10040868.0,1.1366,0.8497,elevated,5.83,0.4926,0.0,0.0,11.45,11.7,0.5348,0.7659,1.0,0.0,0.74,0.36,0.632,strengthened
2023-11-24,1181.5514214570694,1186.9858858764198,1181.2796741129466,1182.6876220703125,6749486,yfinance:RELIANCE.NS,2026-08-05T14:32:12.887897,0.0962,0.6305,1.6281,3.6074,7304096.0,9617216.0,0.9241,0.7018,normal,5.71,0.4825,-1.93,-0.1628,10.5,11.43,0.3139,0.7272,0.6667,-0.2,0.8,0.2,0.6,strengthened
2023-11-28,1182.6876712625676,1185.5531403805655,1173.4738317237427,1182.9346923828125,13792174,yfinance:RELIANCE.NS,2026-08-05T14:32:12.887897,0.0209,0.2596,1.9176,3.4343,9164493.0,9718271.0,1.505,1.4192,spike,12.08,1.0211,0.0,0.0,10.74,11.58,0.3204,0.726,3.1667,0.52,0.84,0.28,0.768,strongly_participatory
2023-11-29,1189.6536514263266,1191.605094048659,1184.7379555197092,1186.047119140625,12531306,yfinance:RELIANCE.NS,2026-08-05T14:32:12.887897,-0.3032,0.2171,0.9164,3.7198,10027864.0,9504171.0,1.2496,1.3185,elevated,6.87,0.579,6.72,0.568,8.66,11.51,0.3094,0.724,3.9,0.5918,0.92,0.46,0.8324,strongly_participatory
2023-11-30,1183.0828973645985,1186.0471507278282,1170.8306260067593,1174.5606689453125,28439984,yfinance:RELIANCE.NS,2026-08-05T14:32:12.887897,-0.7203,-0.6872,-0.4501,0.8912,14008898.0,10285748.0,2.0301,2.765,spike,15.22,1.2955,-2.96,-0.2499,9.5,11.92,0.3929,0.7351,2.125,0.36,0.9,0.54,0.786,strongly_participatory
2023-12-01,1174.8323419889748,1183.9226701483003,1174.6347733568996,1182.88525390625,14342842,yfinance:RELIANCE.NS,2026-08-05T14:32:12.887897,0.6855,-0.0042,-0.0501,1.4233,15171158.0,10487431.0,0.9454,1.3676,normal,9.29,0.7852,0.27,0.0231,10.21,11.47,0.4251,0.7471,1.5789,0.2245,0.96,0.62,0.7909,strongly_participatory
2023-12-04,1210.4035134582498,1210.4035134582498,1185.0097900344597,1195.6810302734375,15590990,yfinance:RELIANCE.NS,2026-08-05T14:32:12.887897,-1.2163,0.8123,1.0986,2.7446,16939459.0,10738875.0,0.9204,1.4518,normal,25.39,2.1238,27.52,2.3264,14.57,12.79,0.6028,0.7407,9.0,0.8,0.98,0.74,0.926,strongly_participatory
2023-12-05,1204.9689932142376,1205.8830195816831,1196.3973123183705,1204.3514404296875,12693624,yfinance:RELIANCE.NS,2026-08-05T14:32:12.887897,-0.0513,2.5363,1.8105,3.7627,16719749.0,10931048.0,0.7592,1.1612,dry,9.49,0.7876,9.29,0.7768,14.19,13.06,0.6029,0.7395,1.8824,0.3061,0.98,0.52,0.8052,strongly_participatory
2023-12-06,1208.9707381739393,1221.7416569101222,1202.9927791973269,1215.8873291015625,16422442,yfinance:RELIANCE.NS,2026-08-05T14:32:12.887897,0.5721,2.79,2.5159,3.4554,17497976.0,11219805.0,0.9385,1.4637,normal,18.75,1.542,4.62,0.3836,16.21,12.73,0.6057,0.7471,1.2727,0.12,0.98,0.52,0.768,strongly_participatory
2023-12-07,1215.343752834959,1215.813068778958,1206.4509936678744,1213.8863525390625,8142096,yfinance:RELIANCE.NS,2026-08-05T14:32:12.887897,-0.1199,1.5226,3.3481,2.8829,13438399.0,11278900.0,0.6059,0.7219,dry,9.36,0.7712,-0.54,-0.0447,15.05,12.44,0.5729,0.7138,1.0833,0.04,0.98,0.3,0.73,strongly_participatory
2023-12-08,1217.2459307176134,1223.5943006598802,1207.9331869400896,1213.244140625,10204894,yfinance:RELIANCE.NS,2026-08-05T14:32:12.887897,-0.3288,0.7384,2.5665,2.5151,12610809.0,11394920.0,0.8092,0.8956,dry,15.66,1.2908,3.36,0.2768,16.31,12.81,0.5613,0.7145,0.7857,-0.12,0.98,0.36,0.704,strongly_participatory
2023-12-11,1213.367615499601,1219.098553135076,1211.5890153738967,1215.022705078125,7066138,yfinance:RELIANCE.NS,2026-08-05T14:32:12.887897,0.1364,-0.0711,1.6176,2.734,10905839.0,11022546.0,0.6479,0.6411,dry,7.51,0.6181,0.12,0.0102,12.31,12.57,0.5633,0.6832,1.7778,0.28,0.94,0.16,0.748,strongly_participatory
2023-12-12,1215.3438006129377,1217.7892853568703,1195.6561708810905,1197.5830078125,9197124,yfinance:RELIANCE.NS,2026-08-05T14:32:12.887897,-1.4614,-1.3431,-0.562,1.2383,10206539.0,11095655.0,0.9011,0.8289,normal,22.13,1.8481,0.32,0.0264,14.7,12.79,0.6975,0.7056,0.6897,-0.1837,0.92,0.22,0.6533,strengthened
2023-12-13,1196.570218805253,1204.647857091804,1188.813780320958,1202.4739990234375,10031182,yfinance:RELIANCE.NS,2026-08-05T14:32:12.887897,0.4934,-0.8877,-1.1032,1.385,8928287.0,11404473.0,1.1235,0.8796,elevated,15.83,1.3168,-1.01,-0.0846,14.11,13.14,0.7389,0.6354,1.7778,0.28,0.96,0.12,0.752,strongly_participatory
2023-12-14,1212.379562868232,1222.7297228698085,1206.7721356331074,1217.39404296875,16972354,yfinance:RELIANCE.NS,2026-08-05T14:32:12.887897,0.4136,0.1952,0.289,3.6468,10694338.0,11642059.0,1.587,1.4578,spike,15.96,1.3108,9.91,0.8238,16.28,14.17,0.7374,0.5583,3.1667,0.52,0.96,0.42,0.83,strongly_participatory
2023-12-15,1224.236571728094,1235.1055001292314,1220.308960360837,1232.9317626953125,15932152,yfinance:RELIANCE.NS,2026-08-05T14:32:12.887897,0.7103,2.9517,1.6227,4.2309,11839790.0,11781921.0,1.3456,1.3523,elevated,14.8,1.2001,6.84,0.5621,16.69,15.02,0.7403,0.5695,3.1667,0.52,0.96,0.5,0.838,strongly_participatory
2023-12-18,1232.9318442845902,1252.3476075388428,1230.6344755328585,1245.48046875,14165188,yfinance:RELIANCE.NS,2026-08-05T14:32:12.887897,1.0178,3.5765,2.5068,4.1649,13259600.0,12102248.0,1.0683,1.1705,normal,21.71,1.7434,0.0,0.0,19.53,15.71,0.6969,0.5967,0.6129,-0.24,0.98,0.36,0.68,strengthened
2023-12-19,1262.2777471951172,1271.6150959828576,1247.5552663727806,1263.809326171875,16820604,yfinance:RELIANCE.NS,2026-08-05T14:32:12.887897,0.1213,3.8127,5.53,4.9369,14784296.0,12718769.0,1.1377,1.3225,elevated,24.06,1.9038,16.8,1.3487,20.33,16.96,0.6938,0.5928,1.1739,0.08,0.98,0.28,0.736,strongly_participatory
2023-12-20,1270.207325538083,1283.9417239360823,1244.9864450577063,1248.518798828125,17736722,yfinance:RELIANCE.NS,2026-08-05T14:32:12.887897,-1.7075,1.2642,3.8292,2.6838,16325404.0,13194883.0,1.0864,1.3442,normal,38.96,3.1201,6.4,0.5062,24.95,18.66,0.8888,0.6726,0.087,-0.84,0.96,0.24,0.54,mixed
2023-12-21,1248.44470925444,1271.4176728398502,1244.121839762562,1266.0079345703125,13765454,yfinance:RELIANCE.NS,2026-08-05T14:32:12.887897,1.4068,1.6482,3.9933,4.2938,15684024.0,13456415.0,0.8777,1.023,dry,27.3,2.1561,-0.07,-0.0059,26.36,19.94,1.0035,0.715,2.3333,0.4,0.94,-0.06,0.75,strongly_participatory
2023-12-22,1264.550535970751,1275.0735389423144,1258.64663484916,1267.2430419921875,16541784,yfinance:RELIANCE.NS,2026-08-05T14:32:12.887897,0.2129,0.2717,2.7829,4.4508,15805950.0,13856927.0,1.0466,1.1938,normal,16.43,1.2963,-1.46,-0.1151,26.11,19.14,0.9935,0.7153,3.5455,0.56,0.94,0.08,0.796,strongly_participatory
2023-12-26,1268.7003790735205,1280.5326657287192,1266.0819312708138,1273.66552734375,7465664,yfinance:RELIANCE.NS,2026-08-05T14:32:12.887897,0.3914,2.0141,2.263,4.8265,14466046.0,13892736.0,0.5161,0.5374,dry,14.45,1.1346,1.46,0.115,24.65,19.45,0.9968,0.6845,5.25,0.68,0.94,0.18,0.83,strongly_participatory
2023-12-27,1275.6170305456778,1284.460338165659,1271.2201029702012,1278.01318359375,9204156,yfinance:RELIANCE.NS,2026-08-05T14:32:12.887897,0.1878,0.9483,1.1239,6.716,12942756.0,13663335.0,0.7111,0.6736,dry,13.24,1.036,1.95,0.1532,22.07,19.05,0.8194,0.6824,4.0,0.6,0.94,0.4,0.836,strongly_participatory
2023-12-28,1279.4705441490948,1290.438257127097,1278.0131437475463,1287.251708984375,12302636,yfinance:RELIANCE.NS,2026-08-05T14:32:12.887897,0.6082,1.5789,3.1023,7.0503,11855939.0,13651902.0,1.0377,0.9012,normal,12.43,0.9652,1.46,0.114,16.77,19.27,0.8229,0.683,3.1667,0.52,0.94,0.52,0.832,strongly_participatory
2023-12-29,1289.9936165179902,1291.4262906293047,1274.283050680218,1277.0743408203125,10864584,yfinance:RELIANCE.NS,2026-08-05T14:32:12.887897,-1.0015,0.2676,0.8741,4.9023,11275765.0,12773132.0,0.9635,0.8506,normal,17.14,1.3424,2.74,0.213,14.74,19.37,0.9236,0.7041,0.7241,-0.16,0.94,0.36,0.68,strengthened
2024-01-01,1274.9006856426909,1287.8940202608817,1271.2447008145452,1279.69287109375,4030540,yfinance:RELIANCE.NS,2026-08-05T14:32:12.887897,0.3759,0.1314,0.9824,3.7927,8773516.0,12257516.0,0.4594,0.3288,dry,16.65,1.301,-2.17,-0.1702,14.78,20.03,0.9088,0.7036,1.0,0.0,0.94,0.18,0.694,strengthened
2024-01-02,1277.099135940161,1291.920402508132,1271.1706293129728,1290.2900390625,7448800,yfinance:RELIANCE.NS,2026-08-05T14:32:12.887897,1.0329,0.236,1.3052,3.5978,8770143.0,11850407.0,0.8493,0.6286,dry,20.75,1.6081,-2.59,-0.2027,16.04,19.93,0.9104,0.7252,0.6129,-0.24,0.96,0.2,0.656,strengthened
2024-01-03,1289.450180352941,1301.3071935056118,1273.2455715878027,1276.25927734375,9037536,yfinance:RELIANCE.NS,2026-08-05T14:32:12.887897,-1.023,-0.0638,-0.1372,0.9851,8736819.0,11667602.0,1.0344,0.7746,normal,28.06,2.1987,-0.84,-0.0651,19.01,20.8,0.985,0.7537,0.7857,-0.12,0.96,0.2,0.68,strengthened
2024-01-04,1278.581197527839,1289.376067708453,1274.184270249419,1282.8546142578125,9612778,yfinance:RELIANCE.NS,2026-08-05T14:32:12.887897,0.3342,0.2471,-0.3416,2.7501,8198848.0,11327119.0,1.1725,0.8487,elevated,15.19,1.1842,2.32,0.1819,19.56,20.44,0.7684,0.75,1.2727,0.12,0.96,0.3,0.738,strongly_participatory
2024-01-05,1285.9424160498672,1294.3165279752034,1283.521657474919,1288.3138427734375,8086406,yfinance:RELIANCE.NS,2026-08-05T14:32:12.887897,0.1844,-0.1532,0.8801,1.7619,7643212.0,11324335.0,1.058,0.7141,normal,10.79,0.8379,3.09,0.2407,18.42,19.99,0.653,0.7446,1.0,0.0,0.96,0.22,0.706,strongly_participatory
2024-01-08,1289.4501393970402,1300.294341541995,1269.1696830048252,1278.2601318359375,7734652,yfinance:RELIANCE.NS,2026-08-05T14:32:12.887897,-0.8678,0.1568,-0.112,0.8694,8384034.0,11200823.0,0.9225,0.6905,normal,31.12,2.4349,1.14,0.0882,21.32,20.67,0.7234,0.7611,0.3514,-0.48,0.96,0.1,0.598,strengthened
2024-01-09,1284.5098000629723,1287.8693113555237,1273.245613077726,1274.8759765625,5403074,yfinance:RELIANCE.NS,2026-08-05T14:32:12.887897,-0.75,-0.6219,-1.1946,0.095,7974889.0,11117670.0,0.6775,0.486,dry,14.62,1.1471,6.25,0.4889,20.09,19.84,0.7483,0.7733,1.1739,0.08,0.96,0.14,0.714,strongly_participatory
2024-01-10,1273.146817539874,1313.658280108081,1272.1834593214687,1309.2613525390625,11102740,yfinance:RELIANCE.NS,2026-08-05T14:32:12.887897,2.8366,1.626,2.5858,2.4451,8387930.0,11212950.0,1.3237,0.9902,elevated,41.47,3.1678,-1.73,-0.1356,22.78,20.02,1.1942,0.933,1.1739,0.08,0.94,0.06,0.698,strengthened
2024-01-11,1313.6583733689065,1346.2651626289091,1312.6702888458758,1343.6961669921875,23725852,yfinance:RELIANCE.NS,2026-08-05T14:32:12.887897,2.2866,5.1191,4.7427,4.3849,11210545.0,11897684.0,2.1164,1.9942,spike,33.59,2.5002,4.4,0.3358,27.14,20.72,1.3676,1.0134,0.9231,-0.04,0.94,0.14,0.682,strengthened
2024-01-12,1343.6960023683716,1356.9609630954171,1329.714583957277,1354.3919677734375,15012164,yfinance:RELIANCE.NS,2026-08-05T14:32:12.887897,0.796,6.2372,5.129,6.0543,12595696.0,11799674.0,1.1918,1.2723,elevated,27.25,2.0117,-0.0,-0.0,30.29,21.49,1.2873,1.0058,1.5,0.2,0.92,0.14,0.722,strongly_participatory
2024-01-15,1358.6161895727328,1379.8105538837538,1349.7234290591657,1377.5133056640625,8610594,yfinance:RELIANCE.NS,2026-08-05T14:32:12.887897,1.3909,5.213,7.7647,7.6441,12770885.0,11433596.0,0.6742,0.7531,dry,30.09,2.1842,4.22,0.3119,30.09,22.61,1.3144,1.0254,1.6667,0.25,0.92,0.26,0.744,strongly_participatory
2024-01-16,1373.412554424991,1379.662260463631,1354.169635353321,1358.2454833984375,9069024,yfinance:RELIANCE.NS,2026-08-05T14:32:12.887897,-1.1043,1.0828,6.5394,5.2667,13504075.0,11178788.0,0.6716,0.8113,dry,25.49,1.8769,-4.1,-0.2977,32.26,23.48,1.4104,1.0201,0.4706,-0.36,0.88,0.1,0.59,strengthened
2024-01-17,1343.3007252899447,1369.7567088979374,1338.879071777444,1345.3509521484375,12197382,yfinance:RELIANCE.NS,2026-08-05T14:32:12.887897,0.1526,-0.6675,2.7565,5.4136,13723003.0,10947627.0,0.8888,1.1142,dry,30.88,2.2951,-14.94,-1.1003,30.14,24.8,1.3242,1.0188,0.2195,-0.64,0.78,-0.12,0.472,mixed
2024-01-18,1335.2972997496222,1354.663730119792,1335.1490629645289,1351.6500244140625,10279438,yfinance:RELIANCE.NS,2026-08-05T14:32:12.887897,1.2247,-1.8775,0.5919,5.3627,11033720.0,10574763.0,0.9316,0.9721,normal,19.51,1.4438,-10.05,-0.7473,26.64,24.97,1.3397,1.0329,0.8148,-0.102,0.7,-0.14,0.5456,mixed
2024-01-19,1359.6041759840746,1359.6041759840746,1342.8067406703178,1351.156005859375,10422704,yfinance:RELIANCE.NS,2026-08-05T14:32:12.887897,-0.6214,-0.522,-0.2389,4.8779,10115828.0,10407625.0,1.0303,1.0014,normal,16.8,1.2432,7.95,0.5885,24.55,24.98,1.3917,1.0434,4.5556,0.64,0.78,0.12,0.752,strongly_participatory
2024-01-23,1355.4048574857818,1355.4048574857818,1306.791150318716,1312.7442626953125,20055420,yfinance:RELIANCE.NS,2026-08-05T14:32:12.887897,-3.1474,-2.4237,-4.7019,2.6977,12404794.0,10583307.0,1.6167,1.895,spike,48.61,3.7032,4.25,0.3145,28.26,26.97,1.7796,1.2107,0.2195,-0.64,0.62,0.0,0.42,weakened
2024-01-24,1319.314984194113,1333.4199132911328,1308.1497027138623,1327.8619384765625,21919128,yfinance:RELIANCE.NS,2026-08-05T14:32:12.887897,0.6478,-1.7599,-2.237,4.1562,14974814.0,11305980.0,1.4637,1.9387,elevated,25.27,1.9031,6.57,0.5005,28.21,26.77,1.7419,1.214,5.25,0.68,0.68,-0.1,0.698,strengthened
2024-01-25,1326.9479158139593,1347.895377764627,1319.290261603849,1336.9522705078125,11808872,yfinance:RELIANCE.NS,2026-08-05T14:32:12.887897,0.7539,-1.0512,-0.6243,2.115,14897112.0,11436216.0,0.7927,1.0326,dry,28.61,2.1396,-0.91,-0.0688,27.76,27.73,1.5367,1.1781,0.6129,-0.24,0.66,0.02,0.518,mixed
2024-01-29,1348.241269998228,1435.192704047216,1343.9678528779282,1430.7957763671875,23893438,yfinance:RELIANCE.NS,2026-08-05T14:32:12.887897,6.1231,8.9927,5.8555,6.4821,17619912.0,12015756.0,1.356,1.9885,elevated,91.22,6.3758,11.29,0.8444,43.51,33.93,2.3622,1.594,3.5455,0.56,0.7,0.2,0.712,strongly_participatory
2024-01-30,1442.5537625848374,1442.5784888178382,1387.690473107798,1390.852294921875,14093978,yfinance:RELIANCE.NS,2026-08-05T14:32:12.887897,-3.584,4.7437,2.938,2.692,18354167.0,12177226.0,0.7679,1.1574,dry,54.89,3.9464,11.76,0.8218,51.12,35.62,2.7071,1.7546,0.3889,-0.44,0.68,0.14,0.498,mixed
2024-01-31,1387.2705659116798,1417.160120483495,1385.788439238697,1409.6259765625,15130226,yfinance:RELIANCE.NS,2026-08-05T14:32:12.887897,1.6115,5.4358,7.3801,2.3312,17369128.0,12732210.0,0.8711,1.1883,dry,31.37,2.2255,-3.58,-0.2575,47.68,36.82,2.719,1.7695,9.0,0.8,0.7,0.06,0.746,strongly_participatory
2024-02-01,1417.9011153905622,1426.1515960154993,1401.1531330404457,1409.650634765625,13349362,yfinance:RELIANCE.NS,2026-08-05T14:32:12.887897,-0.5819,-1.4779,6.1594,3.7847,15655175.0,13027238.0,0.8527,1.0247,dry,25.0,1.7734,8.28,0.587,47.62,35.64,2.6959,1.7722,0.7241,-0.16,0.72,0.12,0.568,strengthened
2024-02-02,1416.0978932450594,1457.3256902760372,1416.0978932450594,1440.33056640625,19652588,yfinance:RELIANCE.NS,2026-08-05T14:32:12.887897,1.7112,3.5574,7.7324,7.0598,17223918.0,13557991.0,1.141,1.4495,elevated,41.23,2.8624,6.45,0.4574,51.43,36.41,2.7339,1.7911,3.5455,0.56,0.7,0.26,0.718,strongly_participatory
2024-02-05,1443.3442832345067,1452.9781061073709,1414.4675408489986,1421.878173828125,8814432,yfinance:RELIANCE.NS,2026-08-05T14:32:12.887897,-1.4872,0.8692,-0.6233,5.1957,14208117.0,13518074.0,0.6204,0.652,dry,38.51,2.7084,3.01,0.2092,39.49,37.21,2.7787,1.7829,0.4706,-0.36,0.66,0.14,0.506,mixed
2024-02-06,1424.6693778058625,1424.6693778058625,1402.906796150729,1410.786865234375,9047984,yfinance:RELIANCE.NS,2026-08-05T14:32:12.887897,-0.9744,0.0806,1.4333,4.4133,13198918.0,13566153.0,0.6855,0.667,dry,21.76,1.5426,2.79,0.1963,32.86,36.62,2.7917,1.7866,2.5714,0.44,0.66,0.14,0.666,strengthened
2024-02-07,1418.8151411125152,1432.2283386037336,1412.2196294925052,1424.9659423828125,9296568,yfinance:RELIANCE.NS,2026-08-05T14:32:12.887897,0.4335,-1.0667,1.0882,8.5486,12032187.0,13644248.0,0.7726,0.6814,dry,20.01,1.4042,8.03,0.5691,30.88,36.33,2.5467,1.7868,1.381,0.16,0.72,0.32,0.652,strengthened
2024-02-08,1432.7224367107362,1442.0845126481563,1410.515263064875,1432.845947265625,14694634,yfinance:RELIANCE.NS,2026-08-05T14:32:12.887897,0.0086,0.7714,1.6455,7.9062,12301241.0,14108826.0,1.1946,1.0415,elevated,31.57,2.2033,7.76,0.5443,32.19,36.38,2.5497,1.7873,0.5152,-0.32,0.62,0.1,0.494,mixed
2024-02-09,1436.6746688077617,1454.4354611714164,1433.660963243804,1443.34423828125,12556798,yfinance:RELIANCE.NS,2026-08-05T14:32:12.887897,0.4642,2.3077,0.2092,7.9578,10882083.0,14181529.0,1.1539,0.8854,elevated,20.77,1.4393,3.83,0.2672,26.97,36.52,2.5469,1.7876,1.0833,0.04,0.64,0.08,0.572,strengthened
2024-02-12,1443.3443671360003,1443.591388249664,1425.163589047209,1435.04443359375,6674430,yfinance:RELIANCE.NS,2026-08-05T14:32:12.887897,-0.575,0.7073,0.926,0.2969,10454083.0,13328958.0,0.6385,0.5007,dry,18.43,1.2841,0.0,0.0,22.96,36.64,1.5535,1.7928,0.3889,-0.44,0.62,0.02,0.462,mixed
2024-02-13,1438.1568697691962,1461.3768535820277,1436.6747431428453,1447.6424560546875,7715594,yfinance:RELIANCE.NS,2026-08-05T14:32:12.887897,0.6596,1.0327,2.6124,4.0831,10187605.0,12964130.0,0.7574,0.5951,dry,24.7,1.7064,3.11,0.2169,23.87,35.05,1.0558,1.7793,2.8462,0.48,0.56,0.0,0.62,strengthened
2024-02-14,1440.1329959711338,1465.9714268487612,1440.1329959711338,1463.7235107421875,7117888,yfinance:RELIANCE.NS,2026-08-05T14:32:12.887897,1.6381,1.4119,2.7199,3.8377,9751869.0,12889494.0,0.7299,0.5522,dry,25.84,1.7653,-7.51,-0.5187,24.75,35.09,1.06,1.7966,2.3333,0.4,0.58,0.06,0.618,strengthened
2024-02-15,1465.674980481667,1467.0335965408117,1449.0505085860837,1453.076904296875,10006782,yfinance:RELIANCE.NS,2026-08-05T14:32:12.887897,-0.8595,1.2566,1.4119,3.0806,8814298.0,12936382.0,1.1353,0.7735,elevated,17.98,1.2376,1.95,0.1333,22.03,34.33,1.0841,1.8038,1.0417,0.0204,0.62,0.2,0.5721,strengthened
2024-02-16,1458.8819534815811,1459.4007219371786,1441.170612214809,1443.17138671875,9767498,yfinance:RELIANCE.NS,2026-08-05T14:32:12.887897,-1.0769,-0.3089,-0.012,0.1972,8256438.0,12814888.0,1.183,0.7622,elevated,18.23,1.2632,5.81,0.3995,21.36,28.62,0.9775,1.8052,3.5455,0.56,0.64,0.24,0.692,strengthened
2024-02-19,1444.628841067812,1461.8708655513933,1436.2053974591388,1456.4364013671875,6729828,yfinance:RELIANCE.NS,2026-08-05T14:32:12.887897,0.8173,-0.4978,1.4907,2.4305,8267518.0,12637408.0,0.814,0.5325,dry,25.67,1.7622,1.46,0.101,22.81,26.53,0.9031,1.8081,1.381,0.16,0.66,0.22,0.618,strengthened
2024-02-20,1457.449408433713,1457.9187244624495,1444.38201464361,1453.4970703125,7117496,yfinance:RELIANCE.NS,2026-08-05T14:32:12.887897,-0.2712,0.0289,0.4044,3.0274,8147898.0,12472147.0,0.8735,0.5707,dry,13.54,0.9313,1.01,0.0696,20.25,25.25,0.8393,1.8107,1.0833,0.04,0.66,0.16,0.588,strengthened
2024-02-21,1456.4365283424868,1470.7884795851646,1440.18258683898,1450.2115478515625,12720292,yfinance:RELIANCE.NS,2026-08-05T14:32:12.887897,-0.4274,0.4878,-0.9231,1.7717,9268379.0,12105391.0,1.3724,1.0508,elevated,30.61,2.1104,2.94,0.2022,21.2,25.65,0.8481,1.8031,0.4706,-0.36,0.64,0.2,0.504,mixed
2024-02-22,1450.6560710255042,1467.2558158327358,1440.626990691433,1464.093994140625,18493728,yfinance:RELIANCE.NS,2026-08-05T14:32:12.887897,0.9263,0.5258,0.7582,2.1808,10965768.0,11934121.0,1.6865,1.5497,spike,26.63,1.8188,0.44,0.0307,22.93,24.15,0.893,1.7963,2.5714,0.44,0.68,0.16,0.676,strengthened
2024-02-23,1471.7517883622584,1479.7059164315408,1465.6750448712426,1475.82763671875,14438584,yfinance:RELIANCE.NS,2026-08-05T14:32:12.887897,0.2769,1.5363,2.2628,2.2506,11899986.0,12065606.0,1.2133,1.1967,elevated,14.03,0.9507,7.66,0.523,22.41,22.52,0.8872,1.7326,0.9231,-0.04,0.7,0.26,0.598,strengthened
2024-02-26,1475.753583346703,1476.7169415654328,1464.8352018923576,1469.6026611328125,7513106,yfinance:RELIANCE.NS,2026-08-05T14:32:12.887897,-0.4168,1.3371,0.904,2.4082,12056641.0,11246590.0,0.6232,0.668,dry,11.88,0.8085,-0.07,-0.005,19.65,21.81,0.8749,1.6924,0.3889,-0.44,0.66,0.14,0.49,mixed
2024-02-27,1465.3539102526263,1482.0771665679397,1460.4382144226488,1467.9476318359375,10826044,yfinance:RELIANCE.NS,2026-08-05T14:32:12.887897,0.177,0.2632,0.9942,1.4026,12798351.0,11083193.0,0.8459,0.9768,dry,21.64,1.4741,-4.25,-0.2891,21.27,21.82,0.8553,1.688,1.6316,0.24,0.66,0.14,0.626,strengthened
2024-02-28,1465.3292067243185,1473.5056294891751,1432.8953836215212,1438.2803955078125,8647950,yfinance:RELIANCE.NS,2026-08-05T14:32:12.887897,-1.8459,-2.5441,-0.8227,-1.7382,11983882.0,10759079.0,0.7216,0.8038,dry,40.61,2.8235,-2.62,-0.1784,23.27,22.47,0.859,1.7079,0.1111,-0.8,0.64,0.04,0.4,weakened
2024-02-29,1447.5437052316252,1461.352161163495,1437.1935448412644,1443.393798828125,23628976,yfinance:RELIANCE.NS,2026-08-05T14:32:12.887897,-0.2867,-1.7834,-1.4139,-0.6664,13010932.0,11273060.0,1.8161,2.0961,spike,24.16,1.6737,9.26,0.6441,22.78,22.65,0.834,1.6958,1.9412,0.32,0.62,-0.12,0.6,strengthened
2024-03-01,1446.061542580972,1482.1266237591103,1445.0734581651325,1474.345458984375,12132926,yfinance:RELIANCE.NS,2026-08-05T14:32:12.887897,1.9559,0.4358,-0.1004,2.1601,12549800.0,10897077.0,0.9668,1.1134,normal,37.05,2.5132,2.67,0.1848,27.4,24.1,1.0164,1.7312,3.1667,0.52,0.7,0.24,0.708,strongly_participatory
2024-03-04,1472.7150995331629,1494.4282305064353,1469.503825173054,1489.4384765625,10024420,yfinance:RELIANCE.NS,2026-08-05T14:32:12.887897,1.1355,3.5569,1.3497,2.2659,13052063.0,10957576.0,0.768,0.9148,dry,24.92,1.6734,-1.63,-0.1106,30.01,24.0,1.0462,1.7293,1.45,0.1837,0.68,0.24,0.6327,strengthened
2024-03-05,1487.832861835706,1489.4384990399917,1468.3429205099196,1482.32421875,7107668,yfinance:RELIANCE.NS,2026-08-05T14:32:12.887897,-0.3702,2.6971,0.9794,1.9833,12308388.0,10860560.0,0.5775,0.6544,dry,21.1,1.4231,-1.61,-0.1078,29.9,23.66,1.0508,1.7263,0.6129,-0.24,0.64,0.08,0.516,mixed
2024-03-06,1475.654687549837,1491.0194491388315,1460.882873129067,1485.0909423828125,7805676,yfinance:RELIANCE.NS,2026-08-05T14:32:12.887897,0.6395,0.7288,3.2546,2.4051,12139933.0,10786016.0,0.643,0.7237,dry,30.14,2.0293,-6.67,-0.4499,27.81,24.53,1.044,1.6143,1.7778,0.28,0.66,0.0,0.62,strengthened
2024-03-07,1485.0662153094684,1485.1897258668157,1457.968071396935,1461.3028564453125,8315726,yfinance:RELIANCE.NS,2026-08-05T14:32:12.887897,-1.6002,-1.889,1.2408,-0.1906,9077283.0,10467070.0,0.9161,0.7945,normal,27.22,1.8628,-0.02,-0.0017,28.42,25.17,1.1538,1.6466,1.6316,0.24,0.7,0.24,0.652,strengthened
2024-03-11,1471.257625711574,1471.257625711574,1446.0614742974403,1449.12451171875,11277130,yfinance:RELIANCE.NS,2026-08-05T14:32:12.887897,-1.5044,-2.2397,-1.7107,-1.8094,8906124.0,10403087.0,1.2662,1.084,elevated,25.2,1.7387,9.95,0.6812,25.71,25.14,1.2352,1.6703,0.6667,-0.2,0.7,0.2,0.56,strengthened
2024-03-12,1449.1246865128974,1470.269718687064,1447.5685016900354,1457.8446044921875,9432678,yfinance:RELIANCE.NS,2026-08-05T14:32:12.887897,0.6017,-1.8347,-2.1212,-0.8001,8787776.0,10541000.0,1.0734,0.8949,normal,22.7,1.5572,0.0,0.0,25.27,25.8,1.2582,1.2284,0.3158,-0.52,0.64,0.02,0.454,mixed
2024-03-13,1462.142657909758,1465.4279903850718,1410.7622676768488,1415.10986328125,13522134,yfinance:RELIANCE.NS,2026-08-05T14:32:12.887897,-3.2167,-3.1611,-4.5344,-3.5994,10070669.0,10831326.0,1.3427,1.2484,elevated,54.67,3.863,4.3,0.2948,31.98,27.51,1.587,1.1937,0.1628,-0.72,0.5,-0.12,0.344,weakened
2024-03-14,1422.5451836499767,1431.2651015924712,1408.5144322207132,1414.418212890625,18571102,yfinance:RELIANCE.NS,2026-08-05T14:32:12.887897,-0.5713,-2.395,-4.7588,-1.6591,12223754.0,11403987.0,1.5193,1.6285,spike,22.75,1.6085,7.44,0.5254,30.51,27.24,1.5117,1.1528,2.3333,0.4,0.58,-0.28,0.584,strengthened
2024-03-15,1408.9589780840722,1416.1473166057365,1396.0645483366263,1401.3260498046875,19223818,yfinance:RELIANCE.NS,2026-08-05T14:32:12.887897,-0.5417,-3.8769,-4.1043,-2.9145,14405372.0,11864839.0,1.3345,1.6202,elevated,20.08,1.4331,-5.46,-0.386,29.08,27.56,1.5132,1.1523,0.3514,-0.48,0.5,-0.16,0.388,weakened
2024-03-18,1403.0798345242215,1424.5459437848976,1399.6462653903534,1422.32275390625,9169392,yfinance:RELIANCE.NS,2026-08-05T14:32:12.887897,1.3715,0.5097,-1.8495,-3.5285,13983825.0,11834934.0,0.6557,0.7748,dry,24.9,1.7506,1.75,0.1252,29.02,28.49,1.423,1.1349,1.0,0.0,0.54,0.02,0.518,mixed
2024-03-19,1411.7256294896863,1420.4701525728194,1400.3626585436627,1408.267333984375,8275764,yfinance:RELIANCE.NS,2026-08-05T14:32:12.887897,-0.245,-0.4349,-3.4007,-5.4498,13752442.0,11912230.0,0.6018,0.6947,dry,20.11,1.4278,-10.6,-0.7451,28.87,28.51,1.3201,1.1073,0.25,-0.6,0.32,-0.28,0.28,deteriorated
2024-03-20,1410.934972253052,1427.7818583434794,1407.0568136232032,1426.5467529296875,8488806,yfinance:RELIANCE.NS,2026-08-05T14:32:12.887897,1.1065,1.7998,0.8082,-3.7628,12745776.0,11980796.0,0.666,0.7085,dry,20.73,1.4528,2.67,0.1894,22.08,27.09,1.4204,1.1172,1.381,0.16,0.4,-0.26,0.466,mixed
2024-03-21,1435.2173701383908,1440.5283239841642,1427.460931435626,1433.685791015625,13006936,yfinance:RELIANCE.NS,2026-08-05T14:32:12.887897,-0.1067,0.7989,1.3622,-3.4614,11632943.0,11995128.0,1.1181,1.0844,elevated,13.07,0.9115,8.67,0.6078,20.33,26.36,1.379,1.1135,5.25,0.68,0.56,0.02,0.662,strengthened
2024-03-22,1432.697625631682,1442.6031956703118,1430.1039041326171,1437.6875,19527608,yfinance:RELIANCE.NS,2026-08-05T14:32:12.887897,0.3483,2.0891,2.5948,-1.616,11693701.0,12046822.0,1.6699,1.621,spike,12.5,0.8694,-0.99,-0.0689,18.81,24.49,1.3387,1.116,2.8462,0.48,0.62,0.0,0.644,strengthened
2024-03-26,1427.7820647176966,1435.0939139473653,1421.853557874578,1424.3978271484375,11415906,yfinance:RELIANCE.NS,2026-08-05T14:32:12.887897,-0.237,-0.1506,0.1459,-1.7063,12143004.0,11895688.0,0.9401,0.9597,normal,13.24,0.9295,-9.91,-0.689,17.0,23.84,1.2676,1.112,0.7241,-0.16,0.64,-0.06,0.518,mixed
2024-03-27,1430.7463249095808,1482.126717793074,1429.7582404310522,1475.0618896484375,16326644,yfinance:RELIANCE.NS,2026-08-05T14:32:12.887897,3.0974,2.886,4.743,1.181,13753180.0,12336365.0,1.1871,1.3235,elevated,52.37,3.5503,6.35,0.4457,24.15,26.46,1.6267,1.2496,1.0,0.0,0.66,0.0,0.564,strengthened
2024-03-28,1475.0865810929813,1488.005737098728,1461.0311038405712,1468.145263671875,21854364,yfinance:RELIANCE.NS,2026-08-05T14:32:12.887897,-0.4706,2.1185,2.916,3.7478,16426292.0,12887781.0,1.3305,1.6957,elevated,26.97,1.8373,0.02,0.0017,25.4,26.23,1.1729,1.2473,6.1429,0.72,0.72,0.24,0.756,strongly_participatory
2024-04-01,1474.691331987126,1476.1734586788064,1464.8352136106084,1467.0831298828125,5013880,yfinance:RELIANCE.NS,2026-08-05T14:32:12.887897,-0.5159,2.9967,2.3295,3.7234,14827680.0,12706078.0,0.3381,0.3946,dry,11.34,0.7728,6.55,0.4459,24.88,25.1,1.1681,1.2113,1.7778,0.28,0.78,0.22,0.69,strengthened
2024-04-02,1466.317254919796,1476.198098955644,1457.424495287533,1469.2320556640625,8910166,yfinance:RELIANCE.NS,2026-08-05T14:32:12.887897,0.1988,-0.3952,2.1941,4.8458,12704192.0,11970137.0,0.7014,0.7444,dry,18.77,1.2778,-0.77,-0.0522,26.13,24.64,1.1258,1.2029,1.2727,0.12,0.76,0.1,0.638,strengthened
2024-04-03,1464.4152240453116,1466.7619246317818,1451.397283687729,1454.0650634765625,7008292,yfinance:RELIANCE.NS,2026-08-05T14:32:12.887897,-0.7068,-0.959,2.0828,2.2317,11822669.0,11713906.0,0.5928,0.5983,dry,15.36,1.0567,-4.82,-0.3278,26.53,24.29,1.1296,1.1938,0.6667,-0.2,0.72,0.14,0.562,strengthened
2024-04-04,1462.1180033355356,1462.1180033355356,1432.7224901750476,1445.4935302734375,14490272,yfinance:RELIANCE.NS,2026-08-05T14:32:12.887897,-1.137,-1.4716,-2.0046,2.6434,11455395.0,11937198.0,1.2649,1.2139,elevated,29.4,2.0336,8.05,0.5538,20.86,22.48,1.2054,1.1996,1.0833,0.04,0.74,0.14,0.618,strengthened
2024-04-05,1443.467815909923,1453.274601948929,1438.6509043996564,1442.7020263671875,7442298,yfinance:RELIANCE.NS,2026-08-05T14:32:12.887897,-0.0531,-1.8057,-1.733,1.1325,8572982.0,11953930.0,0.8681,0.6226,dry,14.62,1.0136,-2.03,-0.1401,18.39,21.9,1.1589,1.1992,0.7241,-0.16,0.72,0.12,0.568,strengthened
2024-04-08,1445.5427357963142,1473.2090987059642,1443.5912932499484,1468.2686767578125,8357118,yfinance:RELIANCE.NS,2026-08-05T14:32:12.887897,1.5721,0.9768,0.0808,2.4122,9241629.0,11981502.0,0.9043,0.6975,normal,29.62,2.0172,2.84,0.1969,22.23,22.65,1.2528,1.2343,2.5714,0.44,0.72,0.2,0.696,strengthened
2024-04-09,1471.2577557160955,1472.0482715276005,1445.0735176190665,1446.2098388671875,7071414,yfinance:RELIANCE.NS,2026-08-05T14:32:12.887897,-1.7025,0.0496,-1.567,0.5928,8873879.0,11919286.0,0.7969,0.5933,dry,26.97,1.8652,2.99,0.2036,23.87,22.8,1.3881,1.2583,0.6129,-0.24,0.72,0.22,0.562,strengthened
2024-04-10,1448.8776750369068,1469.281643980642,1448.8776750369068,1461.945068359375,9138330,yfinance:RELIANCE.NS,2026-08-05T14:32:12.887897,0.9019,1.3338,0.5419,2.636,9299886.0,11812346.0,0.9826,0.7736,normal,20.4,1.3957,2.67,0.1845,24.91,22.88,1.4126,1.2699,1.6316,0.24,0.72,0.18,0.654,strengthened
2024-04-12,1458.2891033204971,1468.7627741208264,1445.6415744118667,1449.6680908203125,15551012,yfinance:RELIANCE.NS,2026-08-05T14:32:12.887897,-0.5912,-1.2668,0.2888,-1.7215,9512034.0,12118263.0,1.6349,1.2833,spike,23.12,1.5949,-3.66,-0.2501,23.66,23.05,0.9562,1.2719,0.1905,-0.68,0.62,0.02,0.414,weakened
2024-04-15,1443.591352839028,1464.4646364315845,1429.0911655763507,1447.3707275390625,12902062,yfinance:RELIANCE.NS,2026-08-05T14:32:12.887897,0.2618,0.0803,0.3236,-1.415,10603987.0,12087259.0,1.2167,1.0674,elevated,35.37,2.444,-6.08,-0.4192,27.81,24.58,0.9654,1.2726,0.1628,-0.72,0.58,-0.14,0.374,weakened
2024-04-16,1436.0325186728678,1453.6451964542034,1433.6364862387566,1448.2847900390625,9366184,yfinance:RELIANCE.NS,2026-08-05T14:32:12.887897,0.8532,-0.9344,-1.3611,-1.2813,10805800.0,11627013.0,0.8668,0.8056,dry,20.01,1.3815,-11.34,-0.7834,25.71,25.11,1.0082,1.2387,0.4848,-0.3469,0.52,-0.16,0.4226,weakened
2024-04-18,1446.0614655607194,1468.2933637329888,1441.9608913302363,1446.8765869140625,19005692,yfinance:RELIANCE.NS,2026-08-05T14:32:12.887897,0.0564,-0.1926,0.0461,-1.5216,13192656.0,11616107.0,1.4406,1.6361,elevated,26.33,1.82,-2.22,-0.1535,25.58,25.86,1.0054,1.2375,0.1951,-0.6735,0.4,-0.18,0.3073,weakened
2024-04-19,1439.4167626045175,1456.4364932961696,1425.8306012864564,1452.607666015625,15741778,yfinance:RELIANCE.NS,2026-08-05T14:32:12.887897,0.9164,0.3618,-0.6387,-0.1002,14513346.0,11944726.0,1.0846,1.3179,normal,30.61,2.107,-7.46,-0.5156,27.09,23.92,1.0194,1.1951,1.6316,0.24,0.48,-0.38,0.502,mixed
2024-04-22,1454.9048261235944,1465.156201770705,1450.3103301575063,1462.2166748046875,10350362,yfinance:RELIANCE.NS,2026-08-05T14:32:12.887897,0.5026,0.962,0.8656,1.1569,13473216.0,12048456.0,0.7682,0.8591,dry,14.85,1.0153,2.3,0.1581,25.43,23.06,0.9243,1.1796,7.1667,0.7551,0.54,0.12,0.679,strengthened
2024-04-23,1461.3770126451404,1475.7042382593086,1438.2064787775075,1441.9364013671875,14605554,yfinance:RELIANCE.NS,2026-08-05T14:32:12.887897,-1.3303,-0.3414,-0.3755,-0.0531,13813914.0,12354294.0,1.0573,1.1822,normal,37.5,2.6005,-0.84,-0.0574,25.86,24.93,1.0534,1.2017,1.3333,0.1429,0.52,0.08,0.5446,mixed
2024-04-24,1446.0615625184662,1451.051437133562,1432.2283805059903,1432.8953857421875,10462776,yfinance:RELIANCE.NS,2026-08-05T14:32:12.887897,-0.9105,-1.357,-1.0626,-2.4092,14033232.0,12227086.0,0.7456,0.8557,dry,18.82,1.3136,4.13,0.2861,25.62,24.93,0.9686,1.2035,1.2727,0.12,0.52,0.18,0.55,strengthened
2024-04-25,1425.311740522562,1450.483166375014,1424.3236561270523,1442.5784912109375,15943926,yfinance:RELIANCE.NS,2026-08-05T14:32:12.887897,1.2114,-1.343,-0.2971,-0.2511,13420879.0,12047902.0,1.188,1.3234,elevated,26.16,1.8134,-7.58,-0.5293,25.59,25.52,0.8674,1.1938,4.5556,0.64,0.56,0.16,0.668,strengthened
2024-04-26,1446.5062542977878,1447.5437912682185,1432.722523780831,1435.2421875,9413848,yfinance:RELIANCE.NS,2026-08-05T14:32:12.887897,-0.7787,-0.4643,-1.1955,-1.8265,12155293.0,11947799.0,0.7745,0.7879,dry,14.82,1.0327,3.93,0.2723,22.43,24.48,0.8763,1.17,0.4706,-0.36,0.54,0.2,0.464,mixed
2024-04-29,1432.7223672737166,1450.4091019997668,1432.7223672737166,1447.568359375,7247974,yfinance:RELIANCE.NS,2026-08-05T14:32:12.887897,1.0362,1.024,-1.0018,-0.1448,11534816.0,11493865.0,0.6284,0.6306,dry,17.69,1.2218,-2.52,-0.1756,23.0,24.7,0.9011,1.1804,1.7778,0.28,0.58,0.1,0.598,strengthened
2024-04-30,1450.507859763761,1465.4031834424802,1445.4439273514386,1449.519775390625,11474262,yfinance:RELIANCE.NS,2026-08-05T14:32:12.887897,-0.0681,0.4812,0.5259,0.1485,10908557.0,10974860.0,1.0519,1.0455,normal,19.96,1.377,2.94,0.2031,19.49,23.95,0.9039,1.0114,0.9231,-0.04,0.58,0.16,0.54,mixed
2024-05-02,1454.460329459568,1459.7218309784546,1446.6791643138515,1449.0753173828125,14512646,yfinance:RELIANCE.NS,2026-08-05T14:32:12.887897,-0.3702,0.9638,1.1292,0.0546,11718531.0,11449798.0,1.2384,1.2675,elevated,13.04,0.9001,4.94,0.3408,18.33,22.95,0.8804,1.0074,1.381,0.16,0.64,0.06,0.594,strengthened
2024-05-03,1453.4722101911177,1457.3750954799905,1399.275802819383,1416.9130859375,17226958,yfinance:RELIANCE.NS,2026-08-05T14:32:12.887897,-2.5153,-2.1177,-1.7791,-2.0709,11975138.0,11865638.0,1.4386,1.4518,elevated,58.1,4.1004,4.4,0.3034,24.72,25.46,1.1914,1.1113,0.4286,-0.4,0.6,0.2,0.48,mixed
2024-05-06,1418.3952205864964,1422.841600588335,1401.1037428015688,1402.610595703125,7394208,yfinance:RELIANCE.NS,2026-08-05T14:32:12.887897,-1.1129,-3.2362,-2.2736,-3.4419,11571210.0,11884934.0,0.639,0.6221,dry,21.74,1.5498,1.48,0.1046,26.11,25.36,1.1463,1.1025,0.7857,-0.12,0.56,-0.02,0.498,mixed
2024-05-07,1399.1028593353728,1403.8209867220144,1375.4135586957902,1384.775634765625,14517472,yfinance:RELIANCE.NS,2026-08-05T14:32:12.887897,-1.024,-4.4373,-4.3378,-5.2961,13025109.0,11886294.0,1.1146,1.2214,elevated,28.41,2.0514,-3.51,-0.2501,28.25,24.86,1.1088,1.1169,0.4286,-0.4,0.56,-0.04,0.44,weakened
2024-05-08,1380.8481115524094,1415.8756594095175,1380.8481115524094,1401.6473388671875,9439002,yfinance:RELIANCE.NS,2026-08-05T14:32:12.887897,1.5063,-1.0774,-3.3026,-2.7941,12618057.0,11986129.0,0.7481,0.7875,dry,35.03,2.499,-3.93,-0.2836,31.26,25.93,1.251,1.1334,1.0,0.0,0.54,-0.1,0.506,mixed
2024-05-09,1396.1634006300155,1406.7853090212204,1373.4374570953444,1377.5133056640625,11009612,yfinance:RELIANCE.NS,2026-08-05T14:32:12.887897,-1.3358,-1.7893,-4.9385,-3.865,11917450.0,12118754.0,0.9238,0.9085,normal,33.35,2.4209,-5.48,-0.3912,35.32,26.43,1.2809,1.1579,0.1364,-0.76,0.42,-0.18,0.298,deteriorated
2024-05-10,1380.106935558881,1393.1990543318575,1371.535254832905,1390.65478515625,10505096,yfinance:RELIANCE.NS,2026-08-05T14:32:12.887897,0.7643,0.4246,-1.8532,-3.5994,10573078.0,12290438.0,0.9936,0.8547,normal,21.66,1.5578,2.59,0.1883,28.04,25.79,1.2272,1.1657,3.1667,0.52,0.48,-0.16,0.58,strengthened
2024-05-13,1383.2195197456997,1390.2101693574684,1367.5089520262873,1385.986083984375,8456620,yfinance:RELIANCE.NS,2026-08-05T14:32:12.887897,0.2,-1.1173,-1.1853,-3.4319,10785560.0,12256352.0,0.7841,0.69,dry,22.7,1.6379,-7.44,-0.5347,28.32,26.39,1.2317,1.1662,1.0833,0.04,0.48,-0.14,0.486,mixed
2024-05-14,1384.2814219881418,1410.0703989131912,1383.3427901196658,1403.15380859375,7188300,yfinance:RELIANCE.NS,2026-08-05T14:32:12.887897,1.3633,1.8614,1.3272,-3.0682,9319726.0,11838217.0,0.7713,0.6072,dry,26.73,1.9048,-1.7,-0.123,27.98,25.62,1.2745,1.041,2.125,0.36,0.56,0.06,0.602,strengthened
2024-05-15,1403.574046995701,1412.9361236084007,1396.188139403763,1399.3994140625,5046534,yfinance:RELIANCE.NS,2026-08-05T14:32:12.887897,-0.2974,0.6288,-0.1604,-3.4577,8441232.0,11445440.0,0.5978,0.4409,dry,16.75,1.1968,0.42,0.0299,24.33,25.47,1.2728,1.0394,0.8519,-0.08,0.52,0.02,0.494,mixed
2024-05-16,1401.6471872524828,1410.4904944706304,1381.3667306256436,1408.3660888671875,14711774,yfinance:RELIANCE.NS,2026-08-05T14:32:12.887897,0.4794,1.6147,2.2397,-2.8093,9181665.0,11712720.0,1.6023,1.2561,spike,29.12,2.0679,2.25,0.1606,23.48,25.68,1.2944,1.0417,4.5556,0.64,0.54,0.08,0.652,strengthened
2024-05-17,1406.093722836626,1420.0750222861304,1396.4104463053004,1418.5928955078125,10916476,yfinance:RELIANCE.NS,2026-08-05T14:32:12.887897,0.8889,1.1003,2.009,0.1186,9263941.0,11308259.0,1.1784,0.9654,elevated,23.66,1.6682,-2.27,-0.1613,23.88,26.31,1.0396,1.0554,1.0833,0.04,0.54,0.12,0.536,mixed
2024-05-21,1408.6132041549797,1424.6448506468714,1408.6132041549797,1419.0128173828125,11176128,yfinance:RELIANCE.NS,2026-08-05T14:32:12.887897,0.7383,1.4016,2.3829,1.1694,9807842.0,11079976.0,1.1395,1.0087,elevated,16.03,1.1298,-9.98,-0.7035,22.46,26.19,0.9522,1.0572,1.381,0.16,0.56,0.24,0.58,strengthened
2024-05-22,1419.1610465084934,1451.2737917888355,1419.1610465084934,1443.24560546875,10281604,yfinance:RELIANCE.NS,2026-08-05T14:32:12.887897,1.6971,2.4766,2.8573,4.2223,10426503.0,11076538.0,0.9861,0.9282,normal,32.11,2.225,0.15,0.0104,23.57,27.07,0.9107,1.0784,1.6316,0.24,0.6,0.22,0.61,strengthened
2024-05-23,1441.1705740518107,1474.4442444107417,1437.6628261266358,1468.3428955078125,14608260,yfinance:RELIANCE.NS,2026-08-05T14:32:12.887897,1.8854,3.507,4.9266,4.7584,12338848.0,11076674.0,1.1839,1.3188,elevated,36.78,2.505,-2.08,-0.1438,27.57,28.77,0.9592,1.1262,7.3333,0.76,0.66,0.26,0.742,strongly_participatory
2024-05-24,1465.9467233388211,1470.7636348065282,1458.5113640783345,1462.6119384765625,7094776,yfinance:RELIANCE.NS,2026-08-05T14:32:12.887897,-0.2275,3.0725,3.8517,6.1777,10815449.0,10908274.0,0.656,0.6504,dry,12.25,0.8377,-2.4,-0.1632,24.2,25.49,0.7461,1.0959,0.4286,-0.4,0.66,0.26,0.51,mixed
2024-05-27,1462.587264504762,1467.2066075031105,1444.134859977049,1448.77880859375,6629010,yfinance:RELIANCE.NS,2026-08-05T14:32:12.887897,-0.9441,0.3834,2.1279,4.1796,9957956.0,10442528.0,0.6657,0.6348,dry,23.07,1.5925,-0.02,-0.0017,24.08,25.59,0.918,1.0611,0.6129,-0.24,0.68,0.22,0.546,mixed
2024-05-28,1450.5079553599196,1460.8828419616084,1435.4396676765143,1438.8485107421875,7820162,yfinance:RELIANCE.NS,2026-08-05T14:32:12.887897,-0.8038,-2.0087,1.3979,3.8141,9286762.0,10362844.0,0.8421,0.7546,dry,25.44,1.7683,1.73,0.1194,25.96,25.38,1.0139,1.0638,0.7241,-0.16,0.66,0.04,0.536,mixed
2024-05-29,1429.264181324664,1440.6271526936466,1421.310053120064,1423.607421875,7383556,yfinance:RELIANCE.NS,2026-08-05T14:32:12.887897,-0.3958,-2.6668,-1.3607,1.4577,8707153.0,10369623.0,0.848,0.712,dry,19.32,1.3569,-9.58,-0.6661,23.37,24.26,0.9957,1.0602,0.4286,-0.4,0.6,0.04,0.464,mixed
2024-05-30,1418.395193572925,1423.2368313836507,1403.178669288835,1407.8720703125,13206858,yfinance:RELIANCE.NS,2026-08-05T14:32:12.887897,-0.7419,-2.8235,-4.1183,0.6054,8426872.0,10456253.0,1.5672,1.2631,spike,20.06,1.4247,-5.21,-0.3661,20.1,23.33,1.0345,1.0699,0.1364,-0.76,0.58,-0.18,0.362,weakened
2024-05-31,1414.245257118902,1425.0647331073133,1405.3030450073677,1413.35595703125,31069832,yfinance:RELIANCE.NS,2026-08-05T14:32:12.887897,-0.0629,-1.7717,-3.3677,0.3543,13221884.0,11284112.0,2.3499,2.7534,spike,19.76,1.3982,6.37,0.4527,21.6,23.2,1.0358,1.0589,1.0,0.0,0.54,-0.12,0.504,mixed
2024-06-03,1465.3292536675044,1496.453914146619,1441.6152266357983,1492.32861328125,21527942,yfinance:RELIANCE.NS,2026-08-05T14:32:12.887897,1.8425,4.8273,3.006,5.1978,16201670.0,11499161.0,1.3287,1.8721,elevated,54.84,3.6747,51.97,3.6773,33.61,27.48,1.1442,1.1105,6.1429,0.72,0.66,0.42,0.75,strongly_participatory
2024-06-04,1480.199967601411,1480.199967601411,1343.1032493273078,1380.625732421875,36709098,yfinance:RELIANCE.NS,2026-08-05T14:32:12.887897,-6.7271,-1.9353,-4.0465,-2.7052,21979457.0,12964906.0,1.6702,2.8314,spike,137.1,9.93,-12.13,-0.8127,58.37,36.23,2.4806,1.6537,0.1905,-0.68,0.32,-0.7,0.222,deteriorated
2024-06-05,1405.0560283617258,1414.0970248192752,1367.6076051704213,1403.8209228515625,17464890,yfinance:RELIANCE.NS,2026-08-05T14:32:12.887897,-0.0879,-0.6746,-1.3899,-2.7317,23995724.0,13112276.0,0.7278,1.3319,dry,46.49,3.3116,24.43,1.7695,63.8,38.35,2.3709,1.6488,50.0,1.0,0.6,0.12,0.752,strongly_participatory
2024-06-06,1417.9011371144834,1426.4974232883103,1404.4137607114592,1414.5416259765625,17855722,yfinance:RELIANCE.NS,2026-08-05T14:32:12.887897,-0.2369,-5.2125,0.4737,-3.6641,24925497.0,13533112.0,0.7164,1.3194,dry,22.08,1.5612,14.08,1.003,64.25,37.89,2.2106,1.635,2.3333,0.4,0.62,0.12,0.64,strengthened
2024-06-07,1411.478521453965,1454.4601915157414,1409.5023527154926,1452.4345703125,18558696,yfinance:RELIANCE.NS,2026-08-05T14:32:12.887897,2.9016,5.2012,2.765,-0.6958,22423270.0,13910567.0,0.8277,1.3341,dry,44.96,3.0953,-3.06,-0.2165,69.29,39.41,2.5082,1.7212,24.0,0.92,0.82,0.28,0.84,strongly_participatory
2024-06-10,1452.4346368701142,1475.5558362929214,1450.5819785928986,1453.867431640625,9251760,yfinance:RELIANCE.NS,2026-08-05T14:32:12.887897,0.0986,3.565,-2.5773,0.3512,19968033.0,13847900.0,0.4633,0.6681,dry,24.97,1.7178,0.0,0.0,57.66,40.05,2.5105,1.7052,1.6316,0.24,0.82,0.3,0.706,strongly_participatory
2024-06-11,1451.4960860069511,1456.1154291491666,1437.3418242246385,1439.3179931640625,11774902,yfinance:RELIANCE.NS,2026-08-05T14:32:12.887897,-0.839,1.7515,4.2511,0.0326,14981194.0,14013814.0,0.786,0.8402,dry,18.77,1.3043,-2.37,-0.1631,31.57,39.09,2.5111,1.7061,1.2727,0.12,0.86,0.16,0.684,strengthened
2024-06-12,1440.1331280315808,1458.4126908916728,1437.835879864395,1445.888671875,10081742,yfinance:RELIANCE.NS,2026-08-05T14:32:12.887897,0.3997,-0.4507,2.9967,1.5651,13504564.0,14158486.0,0.7465,0.7121,dry,20.58,1.4231,0.82,0.0566,26.39,37.93,2.5247,1.6956,2.125,0.36,0.9,0.22,0.754,strongly_participatory
2024-06-13,1454.4603416652449,1454.7073627830548,1442.7021123343332,1447.790771484375,9181160,yfinance:RELIANCE.NS,2026-08-05T14:32:12.887897,-0.4586,-0.418,2.3505,2.8354,11769652.0,14365217.0,0.7801,0.6391,dry,12.01,0.8292,8.57,0.5928,24.26,37.91,2.5213,1.6969,2.3333,0.4,0.94,0.28,0.784,strongly_participatory
2024-06-14,1452.48412809224,1462.0438933040557,1439.8613252368543,1459.9442138671875,8157998,yfinance:RELIANCE.NS,2026-08-05T14:32:12.887897,0.5136,1.4331,0.517,3.2963,9689512.0,14037529.0,0.8419,0.5812,dry,22.18,1.5194,4.69,0.3242,19.7,37.85,2.5344,1.6999,1.6316,0.24,0.92,0.26,0.742,strongly_participatory
2024-06-18,1469.627393563817,1469.6768460329972,1453.8180422457062,1463.3778076171875,7196766,yfinance:RELIANCE.NS,2026-08-05T14:32:12.887897,-0.4252,1.2096,0.6541,-1.94,9278514.0,13851543.0,0.7756,0.5196,dry,15.86,1.0837,9.68,0.6633,17.88,37.17,2.4245,1.6386,2.5714,0.44,0.92,0.3,0.786,strongly_participatory
2024-06-19,1469.7756214798555,1469.7756214798555,1438.650961260282,1441.2694091796875,8725874,yfinance:RELIANCE.NS,2026-08-05T14:32:12.887897,-1.9395,-0.4504,0.1356,4.3925,8668708.0,13729030.0,1.0066,0.6356,normal,31.12,2.1595,6.4,0.4372,20.35,38.01,1.237,1.6644,0.2821,-0.56,0.84,0.16,0.54,mixed
2024-06-20,1441.6153422433538,1465.181134372769,1432.8213657240578,1456.14013671875,16113776,yfinance:RELIANCE.NS,2026-08-05T14:32:12.887897,1.0075,-0.2606,0.709,3.7269,9875115.0,14020639.0,1.6318,1.1493,spike,32.36,2.2223,0.35,0.024,22.71,38.86,1.277,1.6645,1.0833,0.04,0.8,0.14,0.642,strengthened
2024-06-21,1456.0659025463858,1457.128045050937,1423.4096642387256,1436.872314453125,31170360,yfinance:RELIANCE.NS,2026-08-05T14:32:12.887897,-1.3182,-1.8113,-0.7541,1.5787,14272955.0,14848744.0,2.1839,2.0992,spike,33.72,2.3467,-0.07,-0.0051,27.05,39.86,1.3524,1.6577,0.6129,-0.24,0.8,0.12,0.584,strengthened
2024-06-24,1428.3007403004744,1432.2283517054532,1420.3713387903338,1424.2989501953125,8878386,yfinance:RELIANCE.NS,2026-08-05T14:32:12.887897,-0.2802,-1.1775,-2.4415,-1.9371,14417032.0,14937924.0,0.6158,0.5944,dry,11.86,0.8325,-8.57,-0.5965,25.91,35.1,0.8864,1.641,1.45,0.1837,0.78,0.06,0.6547,strengthened
2024-06-25,1425.8058325289194,1438.576872033328,1423.8296636688654,1436.822998046875,7045386,yfinance:RELIANCE.NS,2026-08-05T14:32:12.887897,0.7727,-1.3266,-1.8146,-1.1724,14386756.0,14958743.0,0.4897,0.471,dry,14.75,1.0264,1.51,0.1058,25.69,25.5,0.9457,1.6411,1.0417,0.0204,0.84,0.16,0.6561,strengthened
2024-06-26,1428.819484586685,1500.875466568816,1427.905458276952,1495.9844970703125,22014882,yfinance:RELIANCE.NS,2026-08-05T14:32:12.887897,4.7007,4.1139,3.7963,3.937,17044558.0,15668479.0,1.2916,1.405,elevated,72.97,4.8777,-8.0,-0.557,34.06,27.39,1.8018,1.855,1.0,0.0,0.86,0.16,0.66,strengthened
2024-06-27,1495.7127559544515,1519.1797603831344,1488.0551018777237,1512.3126220703125,28383030,yfinance:RELIANCE.NS,2026-08-05T14:32:12.887897,1.1098,6.1794,3.8576,4.594,19498409.0,16718453.0,1.4557,1.6977,elevated,31.12,2.0581,-0.27,-0.0182,33.81,27.99,1.8202,1.8496,2.3333,0.4,0.88,0.26,0.758,strongly_participatory
2024-06-28,1512.782033239127,1562.1615299634889,1512.782033239127,1546.7474365234375,28957336,yfinance:RELIANCE.NS,2026-08-05T14:32:12.887897,2.2452,7.6505,7.6468,6.835,19055804.0,17505977.0,1.5196,1.6541,spike,49.38,3.1925,0.47,0.031,37.04,28.34,1.8834,1.8883,1.0,0.0,0.88,0.3,0.682,strengthened
2024-07-01,1543.9066370278445,1560.5805616644209,1537.138282854078,1541.5599365234375,7724306,yfinance:RELIANCE.NS,2026-08-05T14:32:12.887897,-0.152,3.0465,8.2329,5.5903,18824988.0,16338701.0,0.4103,0.4728,dry,23.44,1.5207,-2.84,-0.1837,38.43,28.23,1.9,1.8885,1.9412,0.32,0.9,0.18,0.742,strongly_participatory
2024-07-02,1550.798563537394,1554.7509013864856,1538.4475077589818,1546.525146484375,7749246,yfinance:RELIANCE.NS,2026-08-05T14:32:12.887897,-0.2756,2.2623,7.635,5.6819,18965760.0,15649766.0,0.4086,0.4952,dry,16.3,1.0542,9.24,0.5993,38.74,28.05,1.8919,1.8852,0.7241,-0.16,0.86,0.24,0.636,strengthened
2024-07-03,1547.661278880494,1556.2329594590622,1524.391963189475,1533.927001953125,9049620,yfinance:RELIANCE.NS,2026-08-05T14:32:12.887897,-0.8874,-0.8289,2.5363,6.4289,16372708.0,14266792.0,0.5527,0.6343,dry,31.84,2.0758,1.14,0.0735,30.51,28.86,1.7604,1.8906,3.5455,0.56,0.92,0.12,0.792,strongly_participatory
2024-07-04,1538.447461634288,1548.822348177101,1532.321386398175,1535.5079345703125,6837176,yfinance:RELIANCE.NS,2026-08-05T14:32:12.887897,-0.1911,-0.3926,1.5338,5.4506,12063537.0,13735406.0,0.5668,0.4978,dry,16.5,1.0746,4.52,0.2947,27.59,29.18,1.7773,1.8661,0.8519,-0.08,0.9,0.3,0.674,strengthened
2024-07-05,1535.3101717849263,1579.4528899457323,1529.5546284867023,1569.695556640625,12269710,yfinance:RELIANCE.NS,2026-08-05T14:32:12.887897,2.2396,1.4982,1.4836,9.2439,8726012.0,13456106.0,1.4061,0.9118,elevated,49.9,3.1788,-0.2,-0.0129,27.6,31.16,1.7117,1.8794,3.1667,0.52,0.9,0.22,0.786,strongly_participatory
2024-07-08,1570.0662334946016,1589.6303543798022,1563.6684106310508,1581.824462890625,9500806,yfinance:RELIANCE.NS,2026-08-05T14:32:12.887897,0.7489,3.1225,2.6119,11.0599,9081312.0,13003211.0,1.0462,0.7307,normal,25.96,1.6413,0.37,0.0236,28.1,31.88,1.6611,1.8833,0.8148,-0.102,0.88,0.36,0.6676,strengthened
2024-07-09,1578.5637202787966,1581.429189356112,1561.6675000170792,1571.3260498046875,6960002,yfinance:RELIANCE.NS,2026-08-05T14:32:12.887897,-0.4585,2.3327,1.6037,9.3611,8923463.0,12888623.0,0.78,0.54,dry,19.76,1.2576,-3.26,-0.2061,28.87,31.1,1.7268,1.8764,2.125,0.36,0.92,0.36,0.776,strongly_participatory
2024-07-10,1575.9946562525065,1578.4648673124634,1544.5241914718106,1565.3480224609375,7134578,yfinance:RELIANCE.NS,2026-08-05T14:32:12.887897,-0.6756,-0.277,2.0484,4.6366,8540454.0,12656607.0,0.8354,0.5637,dry,33.94,2.1683,4.67,0.2971,29.29,31.21,1.1579,1.8745,0.8519,-0.08,0.9,0.26,0.67,strengthened
2024-07-11,1568.5840280306456,1585.1344421846698,1551.786592769845,1561.815673828125,11940946,yfinance:RELIANCE.NS,2026-08-05T14:32:12.887897,-0.4315,-1.2649,1.7133,3.2733,9561208.0,12749567.0,1.2489,0.9366,elevated,33.35,2.1352,3.24,0.2067,32.66,31.18,1.1511,1.8748,0.8846,-0.0612,0.9,0.18,0.6658,strengthened
2024-07-12,1565.619788574804,1586.023756297877,1555.7389442164904,1577.6990966796875,12924784,yfinance:RELIANCE.NS,2026-08-05T14:32:12.887897,0.7715,0.4056,0.5099,2.0011,9692223.0,12936748.0,1.3335,0.9991,elevated,30.28,1.9196,3.8,0.2436,28.74,32.17,0.9369,1.8723,2.3333,0.4,0.9,0.28,0.768,strongly_participatory
2024-07-15,1585.332123675554,1586.7154660951303,1566.607970695329,1578.1932373046875,5329688,yfinance:RELIANCE.NS,2026-08-05T14:32:12.887897,-0.4503,0.8206,-0.2296,2.3764,8858000.0,12795333.0,0.6017,0.4165,dry,20.11,1.2741,7.63,0.4838,27.57,32.55,0.9494,1.875,2.125,0.36,0.9,0.28,0.76,strongly_participatory
2024-07-16,1574.5125966882065,1580.9351457176842,1550.4280378276635,1557.4681396484375,9386838,yfinance:RELIANCE.NS,2026-08-05T14:32:12.887897,-1.0825,-0.2784,-0.8819,0.7076,9343367.0,12904836.0,1.0047,0.7274,normal,30.51,1.9588,-3.68,-0.2332,29.64,29.52,1.0114,1.8582,1.3333,0.1429,0.92,0.22,0.7186,strongly_participatory
2024-07-18,1557.2210712967385,1574.9078068261192,1539.2625884242743,1567.7689208984375,12298374,yfinance:RELIANCE.NS,2026-08-05T14:32:12.887897,0.6774,-0.6294,0.1547,2.2062,10376126.0,13083462.0,1.1853,0.94,elevated,35.65,2.2736,-0.25,-0.0159,29.98,29.84,0.9867,1.3547,1.9412,0.32,0.94,0.18,0.758,strongly_participatory
2024-07-19,1567.1018870092746,1571.0294984478237,1534.297532576701,1536.6195068359375,13140390,yfinance:RELIANCE.NS,2026-08-05T14:32:12.887897,-1.9451,-2.6343,-1.6133,0.0724,10616015.0,12934792.0,1.2378,1.0159,elevated,36.73,2.3904,-0.67,-0.0425,30.66,28.9,1.1834,1.4126,0.0889,-0.8367,0.82,0.06,0.4667,mixed
2024-07-22,1518.9328421942273,1519.1798633102128,1481.4103587992008,1482.793701171875,19674376,yfinance:RELIANCE.NS,2026-08-05T14:32:12.887897,-2.3792,-4.7946,-6.0154,-5.5362,11965933.0,12359993.0,1.6442,1.5918,spike,37.77,2.5472,-17.69,-1.151,35.64,31.17,1.083,1.4879,1.6316,0.24,0.84,-0.16,0.668,strengthened
2024-07-23,1483.1146576505776,1487.8080584659276,1445.5674511277782,1470.1707763671875,18052044,yfinance:RELIANCE.NS,2026-08-05T14:32:12.887897,-0.8727,-6.2253,-6.8447,-7.0585,14510404.0,12818676.0,1.2441,1.4083,elevated,42.24,2.8732,0.32,0.0216,40.07,33.03,0.9888,1.4029,0.9231,-0.04,0.82,-0.1,0.61,strengthened
2024-07-24,1467.3053526491226,1491.5134207568017,1458.8078508242754,1477.8778076171875,11913362,yfinance:RELIANCE.NS,2026-08-05T14:32:12.887897,0.7205,-3.8228,-5.1102,-5.9471,15015709.0,13062075.0,0.7934,0.9121,dry,32.71,2.213,-2.87,-0.1949,40.51,33.09,1.0844,1.4088,0.6129,-0.24,0.76,0.04,0.56,strengthened
2024-07-25,1463.3530011800513,1482.595920809754,1459.474721651074,1474.6171875,12519876,yfinance:RELIANCE.NS,2026-08-05T14:32:12.887897,0.7698,-0.5514,-5.9417,-5.7962,15060010.0,12587324.0,0.8313,0.9946,dry,23.12,1.5679,-14.52,-0.9828,38.0,33.56,1.1619,1.4053,0.8519,-0.08,0.74,0.0,0.58,strengthened
2024-07-26,1474.6172851615388,1494.4037007697482,1472.59166375446,1491.044189453125,9859940,yfinance:RELIANCE.NS,2026-08-05T14:32:12.887897,1.114,1.4198,-2.9659,-4.5314,14403920.0,11661170.0,0.6845,0.8455,dry,21.81,1.4629,0.0,0.0,35.02,31.56,1.2592,1.4169,24.0,0.92,0.84,0.28,0.848,strongly_participatory
2024-07-29,1493.934270042657,1509.2990318372968,1493.761427629427,1501.9871826171875,7538550,yfinance:RELIANCE.NS,2026-08-05T14:32:12.887897,0.539,1.6314,1.2944,-4.7989,11976754.0,10590231.0,0.6294,0.7118,dry,15.54,1.0345,2.89,0.1938,27.63,31.0,1.2399,1.4149,1.0833,0.04,0.82,0.3,0.666,strengthened
2024-07-30,1498.9486999408243,1506.8286485865085,1492.0073831905756,1495.119873046875,8228208,yfinance:RELIANCE.NS,2026-08-05T14:32:12.887897,-0.2554,1.3904,1.697,-5.2638,10011987.0,10615426.0,0.8218,0.7751,dry,14.82,0.9913,-3.04,-0.2023,22.14,30.62,1.2386,1.4148,0.8519,-0.08,0.82,0.12,0.624,strengthened
2024-07-31,1486.0788700242824,1492.4519658681731,1483.262853735488,1487.4869384765625,10057346,yfinance:RELIANCE.NS,2026-08-05T14:32:12.887897,0.0948,-0.2386,0.6502,-4.4933,9640784.0,10730831.0,1.0432,0.9372,normal,9.19,0.6178,-9.04,-0.6047,17.97,29.05,1.2086,1.4112,2.125,0.36,0.86,0.22,0.738,strongly_participatory
2024-08-01,1493.983779705346,1499.9122867676688,1486.3755772216791,1497.2445068359375,10764222,yfinance:RELIANCE.NS,2026-08-05T14:32:12.887897,0.2183,-0.3158,1.5345,-4.4984,9289653.0,10816561.0,1.1587,0.9952,elevated,13.54,0.9041,6.5,0.4368,16.06,27.63,1.1819,1.356,1.1739,0.08,0.86,0.34,0.694,strengthened
2024-08-02,1487.0670219426547,1491.3404387261814,1475.481756476256,1481.4595947265625,10268248,yfinance:RELIANCE.NS,2026-08-05T14:32:12.887897,-0.3771,-0.9137,-0.6428,-3.5897,9371315.0,10988114.0,1.0957,0.9345,normal,15.86,1.0705,-10.18,-0.6797,16.05,27.02,1.0171,1.3512,0.2195,-0.64,0.74,0.02,0.47,mixed
2024-08-05,1462.3649300475706,1466.2184833782828,1416.1719837774867,1430.0792236328125,17046704,yfinance:RELIANCE.NS,2026-08-05T14:32:12.887897,-2.2078,-3.8594,-4.7875,-3.5551,11272946.0,11226964.0,1.5122,1.5184,spike,50.05,3.4996,-19.09,-1.2889,25.45,30.25,0.9739,1.3937,0.1111,-0.8,0.58,-0.22,0.35,weakened
2024-08-06,1437.8111393077952,1459.8948030686215,1434.0316438440889,1438.700439453125,10236186,yfinance:RELIANCE.NS,2026-08-05T14:32:12.887897,0.0619,-3.9101,-3.7736,-2.1406,11674541.0,11263733.0,0.8768,0.9088,dry,25.86,1.7977,7.73,0.5407,28.45,30.2,0.9273,1.3917,0.5625,-0.28,0.52,-0.14,0.438,weakened
2024-08-07,1451.4960282823629,1454.954323788822,1444.0853950542364,1447.3707275390625,8174568,yfinance:RELIANCE.NS,2026-08-05T14:32:12.887897,-0.2842,-2.301,-2.6969,-2.0642,11297986.0,11324461.0,0.7235,0.7219,dry,10.87,0.7509,12.8,0.8894,29.33,28.82,0.9029,1.3884,6.1429,0.72,0.66,-0.02,0.706,strongly_participatory
2024-08-08,1440.157843842289,1447.5437511456266,1428.6960880928923,1431.85791015625,12387192,yfinance:RELIANCE.NS,2026-08-05T14:32:12.887897,-0.5763,0.1244,-4.3671,-2.8997,11622580.0,11587092.0,1.0658,1.0691,normal,18.85,1.3163,-7.21,-0.4983,30.39,27.54,0.8697,1.0875,0.3158,-0.52,0.58,0.0,0.428,weakened
2024-08-09,1442.603254689353,1458.9066476361847,1438.6509170052725,1456.73291015625,6249776,yfinance:RELIANCE.NS,2026-08-05T14:32:12.887897,0.9795,1.2534,-1.6691,-2.3012,10818885.0,11302534.0,0.5777,0.553,dry,20.26,1.3905,10.75,0.7504,31.45,25.53,0.8484,1.0829,9.0,0.8,0.6,0.02,0.702,strongly_participatory
2024-08-12,1452.484116756258,1455.4483700557605,1440.3800824499558,1443.2208251953125,8184584,yfinance:RELIANCE.NS,2026-08-05T14:32:12.887897,-0.6378,-0.2867,0.9189,-3.9126,9046461.0,11065524.0,0.9047,0.7396,normal,15.07,1.0441,-4.25,-0.2917,21.66,23.68,0.8186,0.9939,0.75,-0.1429,0.6,0.06,0.5174,mixed
2024-08-13,1443.344437718015,1452.5582774619256,1440.627205334839,1446.1851806640625,6265064,yfinance:RELIANCE.NS,2026-08-05T14:32:12.887897,0.1968,1.0006,0.5202,-3.273,8252237.0,11112292.0,0.7592,0.5638,dry,11.93,0.825,0.12,0.0086,18.09,22.19,0.8336,0.9962,0.3889,-0.44,0.58,-0.02,0.442,weakened
2024-08-14,1446.1110904012166,1454.4603560192809,1436.3783617708266,1444.4312744140625,6267466,yfinance:RELIANCE.NS,2026-08-05T14:32:12.887897,-0.1162,-0.8445,-0.2031,-2.8945,7870816.0,10956324.0,0.7963,0.572,dry,18.08,1.2518,-0.07,-0.0051,18.45,21.83,0.8264,0.996,0.7857,-0.12,0.5,-0.08,0.468,mixed
2024-08-16,1451.1502913945535,1462.7602840003062,1440.676620060605,1460.58642578125,9416902,yfinance:RELIANCE.NS,2026-08-05T14:32:12.887897,0.6503,1.2033,2.0064,-2.4484,7276758.0,10812250.0,1.2941,0.8709,elevated,22.08,1.512,6.72,0.4652,19.1,21.85,0.8654,0.9967,15.6667,0.88,0.62,0.02,0.726,strongly_participatory
2024-08-19,1469.8067419652286,1485.47150978375,1467.823866090739,1475.65625,13797742,yfinance:RELIANCE.NS,2026-08-05T14:32:12.887897,0.398,2.0378,1.299,-0.3917,8786352.0,10845118.0,1.5704,1.2723,spike,17.65,1.1959,9.22,0.6313,18.67,22.33,0.8854,1.0007,1.5,0.2,0.6,0.12,0.592,strengthened
2024-08-20,1484.4057091952604,1491.0484162933285,1477.2674041310693,1483.1416015625,8411808,yfinance:RELIANCE.NS,2026-08-05T14:32:12.887897,-0.0852,2.68,2.7661,3.7105,8831796.0,10281989.0,0.9524,0.8181,normal,13.78,0.9292,8.75,0.5929,18.47,22.37,0.5152,0.8993,4.0,0.6,0.68,0.14,0.706,strongly_participatory
2024-08-21,1480.464784262564,1494.964564922092,1477.2426107826689,1485.8433837890625,7769996,yfinance:RELIANCE.NS,2026-08-05T14:32:12.887897,0.3633,1.7292,2.7423,3.2768,9132783.0,9767887.0,0.8508,0.7955,dry,17.72,1.1927,-2.68,-0.1805,19.63,22.79,0.5242,0.8885,2.8462,0.48,0.7,0.22,0.698,strengthened
2024-08-22,1490.1312336221058,1493.6012664349316,1477.8869991875908,1485.2979736328125,10445782,yfinance:RELIANCE.NS,2026-08-05T14:32:12.887897,-0.3244,0.6534,2.8293,2.6204,9968446.0,9694508.0,1.0479,1.0775,normal,15.71,1.058,4.29,0.2886,19.16,22.94,0.5275,0.8874,1.0833,0.04,0.7,0.2,0.608,strengthened
2024-08-23,1490.8749048344312,1498.3849993365056,1485.5955458508122,1487.1322021484375,9249654,yfinance:RELIANCE.NS,2026-08-05T14:32:12.887897,-0.251,0.2691,1.8175,3.8603,9934996.0,9530997.0,0.931,0.9705,normal,12.79,0.86,5.58,0.3755,17.36,22.32,0.491,0.8825,0.7241,-0.16,0.66,0.16,0.548,mixed
2024-08-26,1494.0723308917522,1509.9601498448217,1490.1313888488291,1499.649169921875,8816114,yfinance:RELIANCE.NS,2026-08-05T14:32:12.887897,0.3733,0.9292,1.6259,2.9461,8938671.0,9478806.0,0.9863,0.9301,normal,19.83,1.3222,6.94,0.4667,16.95,19.29,0.4021,0.8861,1.6316,0.24,0.72,0.26,0.662,strengthened
2024-08-27,1497.5671500638723,1500.516654009415,1486.6117113802566,1487.6031494140625,6251156,yfinance:RELIANCE.NS,2026-08-05T14:32:12.887897,-0.6653,0.1552,0.3008,3.0752,8506540.0,9414436.0,0.7349,0.664,dry,13.9,0.9347,-2.08,-0.1388,16.65,18.15,0.4074,0.8744,0.6667,-0.2,0.7,0.32,0.572,strengthened
2024-08-28,1492.1142662167426,1494.568051187052,1480.2170096090344,1485.4716796875,9610286,yfinance:RELIANCE.NS,2026-08-05T14:32:12.887897,-0.4452,-0.1117,-0.025,2.7166,8874598.0,9483540.0,1.0829,1.0134,normal,14.35,0.9661,4.51,0.3032,15.98,18.02,0.4322,0.8743,0.7241,-0.16,0.7,0.28,0.576,strengthened
2024-08-29,1490.2303777286736,1523.8401488737277,1481.2083164719252,1507.90283203125,38335358,yfinance:RELIANCE.NS,2026-08-05T14:32:12.887897,1.1859,0.5504,1.5219,4.3942,14452514.0,10897440.0,2.6525,3.5178,spike,42.63,2.8272,4.76,0.3203,21.36,19.72,0.5707,0.8913,1.2273,0.102,0.7,0.2,0.6204,strengthened
2024-08-30,1520.865886117465,1526.5418444404818,1490.4534771750382,1496.6995849609375,41620730,yfinance:RELIANCE.NS,2026-08-05T14:32:12.887897,-1.589,0.6115,0.6433,2.4725,20926729.0,12440266.0,1.9889,3.3456,spike,36.09,2.4112,12.96,0.8597,25.96,20.36,0.7505,0.9186,2.8462,0.48,0.78,0.34,0.742,strongly_participatory
2024-09-02,1497.9389648135596,1513.7276641806195,1493.725353098191,1503.2679443359375,11240852,yfinance:RELIANCE.NS,2026-08-05T14:32:12.887897,0.3558,1.198,0.2413,1.8711,21411676.0,12488896.0,0.525,0.9001,dry,20.0,1.3306,1.24,0.0828,25.4,20.62,0.7475,0.8602,1.1739,0.08,0.74,0.4,0.652,strengthened
2024-09-03,1508.2250430567562,1509.9600595401412,1494.5927706873033,1496.203857421875,10923800,yfinance:RELIANCE.NS,2026-08-05T14:32:12.887897,-0.797,-0.7758,0.5782,0.8807,22346205.0,12182751.0,0.4888,0.8967,dry,15.37,1.0271,4.96,0.3298,25.69,20.87,0.7783,0.7582,0.7857,-0.12,0.78,0.24,0.612,strengthened
2024-09-04,1487.850885016148,1504.50709100704,1486.661207884716,1501.5823974609375,11983304,yfinance:RELIANCE.NS,2026-08-05T14:32:12.887897,0.9229,0.3262,1.0846,1.0593,22820809.0,12270107.0,0.5251,0.9766,dry,17.85,1.1885,-8.35,-0.5583,26.39,20.85,0.8394,0.7617,0.6897,-0.1837,0.72,0.04,0.5553,strengthened
2024-09-05,1506.0439573959177,1512.7113538076746,1474.3179410781215,1480.192138671875,16264168,yfinance:RELIANCE.NS,2026-08-05T14:32:12.887897,-1.7165,-1.535,-1.8377,-0.3438,18406571.0,12674587.0,0.8836,1.2832,dry,38.39,2.5938,4.46,0.2971,25.54,22.02,0.9801,0.8118,0.5625,-0.28,0.68,0.14,0.53,mixed
2024-09-06,1479.721175380084,1484.182646260627,1449.110527949692,1452.2830810546875,19394228,yfinance:RELIANCE.NS,2026-08-05T14:32:12.887897,-1.8543,-2.9355,-2.9676,-2.3434,13961270.0,13024938.0,1.3891,1.489,elevated,35.07,2.415,-0.47,-0.0318,25.34,22.74,1.1016,0.8582,0.1364,-0.76,0.52,-0.1,0.346,weakened
2024-09-09,1453.943839140462,1457.3395627288749,1443.1371406451965,1449.928466796875,9010298,yfinance:RELIANCE.NS,2026-08-05T14:32:12.887897,-0.2762,-3.44,-3.5482,-3.3155,13515160.0,13162965.0,0.6667,0.6845,dry,14.2,0.9795,1.66,0.1144,24.18,22.66,1.068,0.824,1.1739,0.08,0.58,-0.1,0.538,mixed
2024-09-10,1447.995226435091,1459.446383962114,1445.0952218200862,1449.011474609375,10768260,yfinance:RELIANCE.NS,2026-08-05T14:32:12.887897,0.0702,-2.1065,-3.1541,-2.5942,13484052.0,13292148.0,0.7986,0.8101,dry,14.35,0.9904,-1.93,-0.1333,23.97,22.42,1.0797,0.8138,2.125,0.36,0.64,0.06,0.634,strengthened
2024-09-11,1450.5234230036904,1456.1745712275017,1435.1561339115874,1439.072265625,9760202,yfinance:RELIANCE.NS,2026-08-05T14:32:12.887897,-0.7895,-0.9097,-4.163,-3.1235,13039431.0,13466905.0,0.7485,0.7248,dry,21.02,1.4606,1.51,0.1043,24.61,22.8,1.0863,0.8204,0.3889,-0.44,0.58,0.04,0.448,weakened
2024-09-12,1444.5250498204912,1473.2767495080643,1433.495302957586,1467.1298828125,22349376,yfinance:RELIANCE.NS,2026-08-05T14:32:12.887897,1.5649,1.1864,-0.8825,-2.704,14256473.0,14271001.0,1.5677,1.5661,spike,39.78,2.7115,5.45,0.3789,24.89,24.7,1.1542,0.8825,50.0,1.0,0.74,0.22,0.818,strongly_participatory
2024-09-13,1463.7590600068495,1470.451266381587,1456.918113729867,1460.016357421875,8711328,yfinance:RELIANCE.NS,2026-08-05T14:32:12.887897,-0.2557,0.7595,0.5325,-2.4509,12119893.0,14235722.0,0.7188,0.6119,dry,13.53,0.9269,-3.37,-0.2298,20.58,24.04,1.0774,0.8792,0.6129,-0.24,0.74,0.34,0.582,strengthened
2024-09-16,1464.8993077290231,1468.2206009201684,1452.2088525514882,1458.7523193359375,5481774,yfinance:RELIANCE.NS,2026-08-05T14:32:12.887897,-0.4196,1.3676,0.6086,-2.9613,11414188.0,13819924.0,0.4803,0.3967,dry,16.01,1.0976,4.88,0.3344,20.94,24.19,1.0544,0.8796,1.0833,0.04,0.78,0.32,0.652,strengthened
2024-09-17,1461.3796100548857,1464.824832895271,1454.0677548146175,1459.6942138671875,5935328,yfinance:RELIANCE.NS,2026-08-05T14:32:12.887897,-0.1153,-0.5068,0.7372,-2.4402,10447602.0,13696100.0,0.5681,0.4334,dry,10.76,0.7369,2.63,0.1801,20.22,23.93,1.0446,0.7941,0.96,-0.0204,0.78,0.32,0.6399,strengthened
2024-09-18,1457.413766699014,1469.3110219373734,1448.0447266088618,1450.9197998046875,8574714,yfinance:RELIANCE.NS,2026-08-05T14:32:12.887897,-0.4456,-0.623,0.8233,-3.3739,10210504.0,13736336.0,0.8398,0.6242,dry,21.27,1.4657,-2.28,-0.1562,20.27,22.41,0.9543,0.7952,0.6667,-0.2,0.76,0.18,0.582,strengthened
2024-09-19,1453.6959512825115,1463.858190669141,1443.0876132109174,1457.0916748046875,16955902,yfinance:RELIANCE.NS,2026-08-05T14:32:12.887897,0.2336,-0.1138,-0.6842,-1.5606,9131809.0,14061842.0,1.8568,1.2058,spike,20.77,1.4255,2.78,0.1913,16.47,21.31,0.8548,0.7978,1.0,0.0,0.74,0.08,0.604,strengthened
2024-09-20,1461.3795684407844,1482.1997658201983,1458.7770437683578,1473.2025146484375,30897320,yfinance:RELIANCE.NS,2026-08-05T14:32:12.887897,0.809,0.9254,0.9032,1.4405,13569008.0,15144225.0,2.2771,2.0402,spike,23.42,1.5899,4.29,0.2943,18.78,21.68,0.6913,0.8114,8.8,0.7959,0.76,0.3,0.7932,strongly_participatory
2024-09-23,1478.2340798324108,1488.64417898616,1476.2015834923338,1480.5887451171875,8832314,yfinance:RELIANCE.NS,2026-08-05T14:32:12.887897,0.1593,2.0448,1.4969,2.1146,14239116.0,15145035.0,0.6203,0.5832,dry,12.44,0.8404,5.03,0.3415,18.67,21.68,0.6831,0.7876,2.3333,0.4,0.78,0.34,0.726,strongly_participatory
2024-09-24,1475.7554165819738,1487.6526722077606,1475.1357678514642,1476.6229248046875,17137444,yfinance:RELIANCE.NS,2026-08-05T14:32:12.887897,0.0588,1.3404,1.1597,1.9055,16479539.0,15689349.0,1.0399,1.0923,normal,12.52,0.8477,-4.83,-0.3264,19.02,21.3,0.6831,0.782,0.9231,-0.04,0.82,0.3,0.65,strengthened
2024-09-25,1471.1948125268714,1483.6869066134093,1467.5264194610884,1481.15869140625,7069002,yfinance:RELIANCE.NS,2026-08-05T14:32:12.887897,0.6773,0.5401,2.0841,2.9246,16178396.0,15562285.0,0.4369,0.4542,dry,16.16,1.0911,-5.43,-0.3676,18.0,19.71,0.6311,0.793,1.5,0.2,0.82,0.2,0.688,strengthened
2024-09-26,1477.8870868947113,1491.122760061236,1475.309372285805,1485.12451171875,18818998,yfinance:RELIANCE.NS,2026-08-05T14:32:12.887897,0.4897,0.3063,1.9239,1.2265,16551016.0,14586467.0,1.137,1.2902,elevated,15.81,1.0648,-3.27,-0.2209,17.01,18.34,0.4407,0.7996,7.3333,0.76,0.86,0.34,0.83,strongly_participatory
2024-09-27,1486.1655345930462,1520.345334807694,1479.225468721031,1513.10791015625,20597478,yfinance:RELIANCE.NS,2026-08-05T14:32:12.887897,1.8129,2.4708,2.7088,3.6364,14491047.0,13535304.0,1.4214,1.5218,elevated,41.12,2.7176,1.04,0.0701,20.21,20.26,0.6707,0.8609,1.5,0.2,0.88,0.46,0.738,strongly_participatory
2024-09-30,1506.3908994638518,1511.9181178232873,1461.7761901136828,1463.9324951171875,27008814,yfinance:RELIANCE.NS,2026-08-05T14:32:12.887897,-2.8186,-1.163,-1.125,0.3551,18126347.0,14323703.0,1.49,1.8856,elevated,50.14,3.4252,-6.72,-0.4439,27.39,22.9,1.1928,0.9968,0.3158,-0.52,0.82,0.2,0.544,mixed
2024-10-01,1467.9726595996829,1475.2100841908111,1450.3002051077794,1452.2830810546875,16431642,yfinance:RELIANCE.NS,2026-08-05T14:32:12.887897,-1.0688,-2.2114,-1.6483,-0.5077,17985187.0,14599095.0,0.9136,1.1255,normal,24.91,1.7152,4.04,0.276,29.87,23.18,1.2476,1.0115,0.6897,-0.1837,0.78,0.04,0.5793,strengthened
2024-10-03,1424.275007622252,1436.9902726871703,1390.070396353704,1394.928466796875,37757294,yfinance:RELIANCE.NS,2026-08-05T14:32:12.887897,-2.0605,-7.8104,-5.8218,-3.859,24122845.0,15887794.0,1.5652,2.3765,spike,46.92,3.3636,-28.01,-1.9286,39.08,24.78,1.4049,1.0639,0.0638,-0.88,0.7,-0.06,0.398,weakened
2024-10-04,1391.9046094477658,1405.2145916660445,1369.9442340651565,1374.653564453125,37072876,yfinance:RELIANCE.NS,2026-08-05T14:32:12.887897,-1.2394,-6.0986,-7.4385,-5.6577,27773621.0,16928230.0,1.3348,2.19,elevated,35.27,2.5658,-3.02,-0.2168,42.97,26.34,1.4347,1.0794,0.2195,-0.64,0.52,-0.2,0.36,weakened
2024-10-07,1381.568793209071,1384.5431070803495,1349.7188488374588,1358.98876953125,22181340,yfinance:RELIANCE.NS,2026-08-05T14:32:12.887897,-1.6344,-6.424,-10.1856,-7.7528,28090393.0,17067585.0,0.7896,1.2996,dry,34.82,2.5625,6.92,0.5031,41.71,27.68,1.4295,1.1077,0.25,-0.6,0.5,-0.32,0.348,weakened
2024-10-08,1361.2194430814652,1389.004514771482,1353.411869524131,1385.3857421875,17020808,yfinance:RELIANCE.NS,2026-08-05T14:32:12.887897,1.7753,-0.6841,-5.3655,-6.4301,26092792.0,17468111.0,0.6523,0.9744,dry,35.59,2.5692,2.23,0.1641,38.56,29.45,1.6012,1.1659,2.8462,0.48,0.52,-0.16,0.588,strengthened
2024-10-09,1385.5594536683957,1388.979866453412,1360.74869282372,1362.8306884765625,14310610,yfinance:RELIANCE.NS,2026-08-05T14:32:12.887897,-1.6404,-0.8601,-6.1594,-7.7062,25668586.0,17645228.0,0.5575,0.811,dry,28.23,2.0715,0.17,0.0125,39.23,29.95,1.6368,1.1906,1.1739,0.08,0.5,0.0,0.516,mixed
2024-10-10,1368.209166456891,1374.132983939481,1357.699948504806,1359.31103515625,22358646,yfinance:RELIANCE.NS,2026-08-05T14:32:12.887897,-0.6503,0.0237,-2.5534,-8.2265,22588856.0,18275150.0,0.9898,1.2234,normal,16.43,1.2089,5.38,0.3947,30.07,29.64,1.577,1.1921,0.8846,-0.0612,0.54,-0.02,0.5018,mixed
2024-10-11,1358.2700551936466,1371.4314188021033,1357.1050671377104,1360.35205078125,7980122,yfinance:RELIANCE.NS,2026-08-05T14:32:12.887897,0.1533,-1.807,-1.0404,-8.4015,16770305.0,17556688.0,0.4758,0.4545,dry,14.33,1.0531,-1.04,-0.0766,25.88,28.87,1.5521,1.162,1.5,0.2,0.48,-0.1,0.522,mixed
2024-10-14,1367.6390728953818,1368.2587216327886,1356.5350159311083,1360.7734375,12221432,yfinance:RELIANCE.NS,2026-08-05T14:32:12.887897,-0.502,-0.151,0.1313,-10.0677,14778324.0,17732193.0,0.827,0.6892,dry,11.72,0.8615,7.29,0.5357,21.26,28.6,1.278,1.1385,2.5714,0.44,0.52,0.0,0.596,strengthened
2024-10-15,1346.8933067731043,1359.9554295521657,1329.2208521541709,1332.5174560546875,33762794,yfinance:RELIANCE.NS,2026-08-05T14:32:12.887897,-1.0673,-1.9711,-3.8161,-8.9769,18126721.0,19146244.0,1.8626,1.7634,spike,30.73,2.3065,-13.88,-1.02,20.45,29.96,1.1045,1.1396,0.6129,-0.24,0.5,0.0,0.452,mixed
2024-10-16,1328.527003000744,1352.3215164873243,1326.1723376036346,1342.4814453125,20034438,yfinance:RELIANCE.NS,2026-08-05T14:32:12.887897,1.0504,-1.3137,-1.4932,-7.5606,19271486.0,19851199.0,1.0396,1.0092,normal,26.15,1.9478,-3.99,-0.2995,20.04,30.68,1.2407,1.1644,0.5625,-0.28,0.52,-0.12,0.44,weakened
2024-10-17,1354.0067695283683,1356.7332239102464,1340.4737382347969,1344.811279296875,15543660,yfinance:RELIANCE.NS,2026-08-05T14:32:12.887897,-0.6791,-1.173,-1.0667,-3.5928,17908489.0,20199647.0,0.8679,0.7695,dry,16.26,1.2091,11.53,0.8585,20.0,30.71,1.1297,1.1433,0.25,-0.6,0.4,-0.24,0.316,weakened
2024-10-18,1340.5976258716714,1356.70849216764,1329.840427555484,1347.66162109375,12082452,yfinance:RELIANCE.NS,2026-08-05T14:32:12.887897,0.5269,1.1365,-0.9329,-1.9635,18728955.0,19955974.0,0.6451,0.6055,dry,26.87,1.9937,-4.21,-0.3133,22.51,29.69,1.1295,1.1238,1.6316,0.24,0.44,-0.32,0.492,mixed
2024-10-21,1355.4197431686716,1362.2358797577067,1346.1002013000875,1357.4769287109375,14067408,yfinance:RELIANCE.NS,2026-08-05T14:32:12.887897,0.1518,1.117,-0.2423,-0.1112,19098150.0,19114479.0,0.7366,0.736,dry,16.14,1.1887,7.76,0.5757,23.39,27.18,1.0257,1.0854,0.4286,-0.4,0.38,-0.2,0.352,weakened
2024-10-22,1357.4767913068545,1364.2186177698431,1328.749900940748,1331.84814453125,15831960,yfinance:RELIANCE.NS,2026-08-05T14:32:12.887897,-1.888,-0.9639,-0.0502,-3.8645,15511984.0,19464461.0,1.0206,0.8134,normal,35.47,2.6631,-0.0,-0.0,24.18,27.93,0.9365,1.1281,0.0204,-0.96,0.24,-0.36,0.168,deteriorated
2024-10-23,1326.048205061888,1345.8521531156357,1323.5696102860716,1327.064453125,17214742,yfinance:RELIANCE.NS,2026-08-05T14:32:12.887897,0.0766,-1.5284,-1.1484,-2.6244,14948044.0,19468326.0,1.1516,0.8842,elevated,22.28,1.6791,-5.8,-0.4355,23.4,25.08,0.8481,1.1282,0.6667,-0.2,0.2,-0.44,0.296,deteriorated
2024-10-24,1323.8424540123256,1332.1952468902052,1311.796457612685,1328.3287353515625,22155934,yfinance:RELIANCE.NS,2026-08-05T14:32:12.887897,0.3389,-2.1472,-1.2256,-2.2793,16270499.0,20222672.0,1.3617,1.0956,elevated,20.4,1.5357,-3.22,-0.2428,24.23,24.02,0.8581,1.1286,0.9231,-0.04,0.18,-0.36,0.328,weakened
2024-10-25,1331.996862815434,1332.8395608533488,1310.6809472586556,1316.4808349609375,18597496,yfinance:RELIANCE.NS,2026-08-05T14:32:12.887897,-1.1649,-1.1538,-2.3137,-3.225,17573508.0,20211597.0,1.0583,0.9201,normal,22.16,1.6832,3.67,0.2761,23.29,23.11,0.9007,1.0891,0.3158,-0.52,0.16,-0.5,0.21,deteriorated
2024-10-28,1325.552505604476,1341.4155124030335,1310.7800563182918,1322.9251708984375,10824350,yfinance:RELIANCE.NS,2026-08-05T14:32:12.887897,-0.1982,-0.3119,-2.5453,-2.7814,16924896.0,19722941.0,0.6396,0.5488,dry,30.64,2.3157,9.07,0.6891,26.19,22.76,0.8989,1.0893,2.5714,0.44,0.16,-0.16,0.436,weakened
2024-10-29,1316.728719636798,1331.6994085045892,1308.995576227512,1328.52685546875,12008361,yfinance:RELIANCE.NS,2026-08-05T14:32:12.887897,0.896,0.0149,-0.2494,-0.2995,16160177.0,18972918.0,0.7431,0.6329,dry,22.7,1.7089,-6.2,-0.4684,23.64,22.36,0.9232,1.1109,1.7222,0.2653,0.22,-0.18,0.4231,weakened
2024-10-30,1323.569732267355,1338.4413022928309,1314.0023313459362,1332.3935546875,11984423,yfinance:RELIANCE.NS,2026-08-05T14:32:12.887897,0.6667,1.2087,0.4016,-0.7514,15114113.0,18750557.0,0.7929,0.6392,dry,24.44,1.8342,-4.96,-0.3731,24.07,22.94,0.8774,1.1237,0.7241,-0.16,0.22,-0.1,0.346,weakened
2024-10-31,1328.526903121052,1331.501217083263,1314.7955112005386,1320.64501953125,9331650,yfinance:RELIANCE.NS,2026-08-05T14:32:12.887897,-0.5933,-0.1724,-0.5784,-1.797,12549256.0,17329275.0,0.7436,0.5385,dry,16.71,1.265,-3.87,-0.2902,23.51,23.17,0.8718,1.1249,0.4286,-0.4,0.16,-0.08,0.276,deteriorated
2024-11-01,1321.636448077728,1330.4601492824747,1321.5868277686543,1327.1884765625,2127335,yfinance:RELIANCE.NS,2026-08-05T14:32:12.887897,0.4201,-0.1007,0.8134,-1.5192,9255224.0,15581998.0,0.2299,0.1365,dry,8.87,0.6686,0.99,0.0751,21.04,23.03,0.8636,1.1282,7.3333,0.76,0.2,0.0,0.532,mixed
2024-11-04,1326.3952636738204,1328.52687951389,1274.0969107675833,1291.0009765625,19796890,yfinance:RELIANCE.NS,2026-08-05T14:32:12.887897,-2.6685,-3.1066,-2.4132,-4.897,11049732.0,15462776.0,1.7916,1.2803,spike,54.43,4.2161,-0.79,-0.0598,25.8,24.67,1.1683,1.1936,0.1905,-0.68,0.14,-0.28,0.192,deteriorated
2024-11-05,1281.9292880644173,1298.337634786513,1275.1379622128013,1294.1240234375,16267479,yfinance:RELIANCE.NS,2026-08-05T14:32:12.887897,0.9513,-2.0082,-2.5895,-2.8325,11901555.0,15425109.0,1.3668,1.0546,elevated,23.2,1.7927,-9.07,-0.7027,25.9,24.46,1.1134,1.214,3.5455,0.56,0.18,-0.14,0.47,mixed
2024-11-06,1298.7837703539942,1316.9271340293028,1289.0676296160968,1314.0023193359375,21625209,yfinance:RELIANCE.NS,2026-08-05T14:32:12.887897,1.1718,-0.9935,-1.3803,-0.9843,13829713.0,15790839.0,1.5637,1.3695,spike,27.86,2.1202,4.66,0.3601,26.58,25.29,1.1871,1.2428,4.5556,0.64,0.28,0.04,0.544,mixed
2024-11-07,1312.66393271805,1312.66393271805,1291.4471349781516,1294.4710693359375,9611974,yfinance:RELIANCE.NS,2026-08-05T14:32:12.887897,-1.3859,0.2688,-1.9819,-2.5489,13885777.0,15153505.0,0.6922,0.6343,dry,21.22,1.639,-1.34,-0.1019,27.57,24.98,1.2529,1.2445,0.1364,-0.76,0.24,-0.06,0.238,deteriorated
2024-11-08,1286.5394340693545,1290.505185727704,1264.0833410989228,1272.7584228515625,19814406,yfinance:RELIANCE.NS,2026-08-05T14:32:12.887897,-1.0712,-1.651,-4.1012,-3.3212,17423192.0,15745220.0,1.1372,1.2584,elevated,26.42,2.076,-7.93,-0.6127,31.69,26.0,1.2452,1.2404,0.8519,-0.08,0.22,-0.08,0.364,weakened
2024-11-11,1267.9994654475693,1274.9891511168566,1256.151830843746,1261.802978515625,9056552,yfinance:RELIANCE.NS,2026-08-05T14:32:12.887897,-0.4887,-3.9725,-2.2617,-4.6202,15275124.0,15586976.0,0.5929,0.581,dry,18.84,1.4929,-4.76,-0.3739,24.57,24.81,1.249,1.1671,0.6667,-0.2,0.24,-0.18,0.338,weakened
2024-11-12,1264.6287615317467,1278.2610337323058,1256.6476373969983,1263.33984375,10671091,yfinance:RELIANCE.NS,2026-08-05T14:32:12.887897,-0.1019,-2.4049,-2.3788,-4.9067,14155846.0,14432390.0,0.7538,0.7394,dry,21.61,1.7108,2.83,0.2239,24.25,24.76,1.1892,1.0824,0.1628,-0.72,0.2,-0.14,0.222,deteriorated
2024-11-13,1259.374078659472,1264.5295076822267,1238.8017408266169,1241.3299560546875,14633633,yfinance:RELIANCE.NS,2026-08-05T14:32:12.887897,-1.4328,-2.4693,-5.5306,-6.8346,12757531.0,14162350.0,1.1471,1.0333,elevated,25.73,2.0726,-3.97,-0.3139,23.82,25.14,1.183,1.0922,0.0638,-0.88,0.1,-0.38,0.126,deteriorated
2024-11-14,1242.866693712679,1261.7040163358736,1240.38809863068,1256.746826171875,12612633,yfinance:RELIANCE.NS,2026-08-05T14:32:12.887897,1.1168,-0.4007,-2.9143,-4.8384,13357663.0,14015799.0,0.9442,0.8999,normal,21.32,1.6961,1.54,0.1238,23.58,25.08,1.2899,1.0805,0.6667,-0.2,0.12,-0.36,0.272,deteriorated
2024-11-18,1256.7467703539512,1262.0014401044657,1233.24973843027,1249.9554443359375,13620611,yfinance:RELIANCE.NS,2026-08-05T14:32:12.887897,-0.5404,-1.0594,-1.7916,-5.8193,12118904.0,14092707.0,1.1239,0.9665,elevated,28.75,2.3002,-0.0,-0.0,23.25,24.95,1.2618,1.0671,0.7857,-0.12,0.12,-0.32,0.292,deteriorated
2024-11-19,1249.9553610165642,1270.5276979121372,1224.5745744010292,1231.0189208984375,14183746,yfinance:RELIANCE.NS,2026-08-05T14:32:12.887897,-1.515,-0.8306,-2.4397,-4.6462,13144343.0,14098524.0,1.0791,1.006,normal,45.95,3.7329,-0.0,-0.0,28.67,26.61,1.0748,1.0621,1.2273,0.102,0.14,-0.2,0.3564,weakened
2024-11-21,1231.0190296194417,1233.299264427905,1206.827917964558,1212.5286865234375,19433843,yfinance:RELIANCE.NS,2026-08-05T14:32:12.887897,-1.502,-3.5185,-4.022,-6.3051,14896893.0,14278618.0,1.3046,1.361,elevated,26.47,2.1832,0.0,0.0,29.64,26.75,1.0289,1.0111,0.4706,-0.36,0.14,-0.42,0.242,deteriorated
2024-11-22,1218.8737871048172,1257.985964127004,1211.983221035894,1254.5655517578125,20471957,yfinance:RELIANCE.NS,2026-08-05T14:32:12.887897,2.9283,0.3688,1.0662,-4.5233,16064558.0,14441479.0,1.2744,1.4176,elevated,46.0,3.6668,6.35,0.5233,33.7,28.78,1.4315,1.1501,49.0,0.96,0.28,0.06,0.61,strengthened
2024-11-25,1278.9549045518283,1293.2811339485756,1271.4694999174592,1275.9805908203125,28923341,yfinance:RELIANCE.NS,2026-08-05T14:32:12.887897,-0.2326,3.6524,1.5304,-1.4284,19326700.0,14779849.0,1.4965,1.9569,elevated,21.81,1.7094,24.39,1.944,37.18,30.84,1.389,1.1474,4.5556,0.64,0.32,0.28,0.584,strengthened
2024-11-26,1283.8626226527838,1286.737817131633,1273.2046638791437,1284.606201171875,9247557,yfinance:RELIANCE.NS,2026-08-05T14:32:12.887897,0.0579,5.9444,2.7722,0.9309,18452089.0,14312352.0,0.5012,0.6461,dry,13.53,1.0535,7.88,0.6177,34.14,27.92,1.3635,1.1465,0.7857,-0.12,0.3,0.08,0.404,weakened
2024-11-27,1282.4250432843671,1292.6864023015985,1274.9892583407009,1282.1275634765625,9572746,yfinance:RELIANCE.NS,2026-08-05T14:32:12.887897,-0.0232,2.1969,4.1517,1.6108,17529889.0,14249772.0,0.5461,0.6718,dry,17.7,1.3803,-2.18,-0.1698,28.48,27.53,1.3594,1.1458,1.0,0.0,0.28,0.1,0.422,weakened
2024-11-28,1278.905374093644,1285.4984608667178,1258.184417128475,1259.91943359375,15027412,yfinance:RELIANCE.NS,2026-08-05T14:32:12.887897,-1.4845,-1.2587,3.9084,-0.2707,16648603.0,14400724.0,0.9026,1.0435,normal,27.31,2.1679,-3.22,-0.2513,28.65,27.49,1.4255,1.1591,0.087,-0.84,0.22,-0.02,0.218,deteriorated
2024-11-29,1269.040613461441,1288.3736540571424,1264.3312830599236,1281.1361083984375,13202307,yfinance:RELIANCE.NS,2026-08-05T14:32:12.887897,0.9531,-0.2701,2.1179,3.2067,15194673.0,14461619.0,0.8689,0.9129,dry,24.04,1.8766,9.12,0.7239,25.14,27.91,1.4075,1.1555,7.3333,0.76,0.26,0.04,0.56,strengthened
2024-12-02,1276.9722229086012,1300.1222774340952,1266.1160245478172,1297.941162109375,11024152,yfinance:RELIANCE.NS,2026-08-05T14:32:12.887897,1.6421,1.2334,1.7211,3.2779,11614835.0,14546244.0,0.9491,0.7579,normal,34.01,2.62,-4.16,-0.325,24.2,28.17,1.4635,1.2008,1.9412,0.32,0.34,0.04,0.504,mixed
2024-12-03,1305.7237413234882,1315.4398813546288,1295.8093621182986,1311.9698486328125,16869482,yfinance:RELIANCE.NS,2026-08-05T14:32:12.887897,0.4784,4.1312,2.1301,4.9613,13139220.0,15283351.0,1.2839,1.1038,elevated,19.63,1.4963,7.78,0.5996,25.42,28.23,1.455,1.1999,4.0,0.6,0.36,0.14,0.578,strengthened
2024-12-04,1314.6467414933138,1317.0262168141671,1292.884726573221,1297.74267578125,19608540,yfinance:RELIANCE.NS,2026-08-05T14:32:12.887897,-1.2858,1.2962,1.2179,5.4202,15146379.0,15273934.0,1.2946,1.2838,elevated,24.14,1.8603,2.68,0.204,26.71,28.41,1.4277,1.2161,0.8519,-0.08,0.32,0.16,0.428,weakened
2024-12-05,1303.096445986659,1318.5628538088615,1294.966703202915,1310.7305908203125,16858723,yfinance:RELIANCE.NS,2026-08-05T14:32:12.887897,0.5858,0.9854,4.0329,8.0989,15512641.0,15303496.0,1.0868,1.1016,normal,23.6,1.8002,5.35,0.4125,25.97,28.26,1.3063,1.1808,4.0,0.6,0.38,0.24,0.596,strengthened
2024-12-06,1312.5646685095264,1312.5646685095264,1298.783657405313,1300.3204345703125,9037514,yfinance:RELIANCE.NS,2026-08-05T14:32:12.887897,-0.9328,-0.8879,1.4974,3.6471,14679682.0,14674111.0,0.6156,0.6159,dry,13.78,1.0598,1.83,0.1399,23.03,27.72,0.9976,1.1895,0.7241,-0.16,0.4,0.14,0.442,weakened
2024-12-09,1291.8436769577456,1303.7409326166044,1282.0284168341586,1284.0609130859375,14650002,yfinance:RELIANCE.NS,2026-08-05T14:32:12.887897,-0.6025,-1.0543,-1.0694,0.6333,15404852.0,14926012.0,0.951,0.9815,normal,21.71,1.6909,-8.48,-0.6519,20.57,27.21,1.0129,1.1887,0.7241,-0.16,0.38,0.06,0.426,weakened
2024-12-10,1278.2113501165884,1283.812998621138,1269.238788448007,1273.8489990234375,16043729,yfinance:RELIANCE.NS,2026-08-05T14:32:12.887897,-0.3413,-2.8138,-2.9056,-0.8374,15239702.0,14737479.0,1.0528,1.0886,normal,14.57,1.1441,-5.85,-0.4556,19.61,24.99,1.0155,1.1745,0.6667,-0.2,0.4,0.12,0.432,weakened
2024-12-11,1273.9978081396894,1278.9549980546296,1265.1244866020038,1267.2559814453125,11724373,yfinance:RELIANCE.NS,2026-08-05T14:32:12.887897,-0.5292,-2.5428,-2.3492,-1.1599,13662868.0,14870870.0,0.8581,0.7884,dry,13.83,1.0914,0.15,0.0117,17.55,24.09,1.0238,1.1765,1.1304,0.0612,0.42,0.12,0.4922,mixed
2024-12-12,1259.1262215126185,1267.25596445406,1249.8066803924569,1252.0870361328125,20906813,yfinance:RELIANCE.NS,2026-08-05T14:32:12.887897,-0.5591,-2.4901,-4.4741,-0.6217,14472486.0,15382656.0,1.4446,1.3591,elevated,17.45,1.3936,-8.13,-0.6415,16.32,22.05,0.9272,1.1613,0.5152,-0.32,0.44,-0.02,0.41,weakened
2024-12-13,1249.2119494931856,1264.281759521455,1228.986588963027,1261.951904296875,28630222,yfinance:RELIANCE.NS,2026-08-05T14:32:12.887897,1.0198,-0.9339,-2.9507,-1.4974,18391028.0,16082485.0,1.5567,1.7802,spike,35.3,2.7969,-2.88,-0.2296,20.62,21.8,0.9355,1.1723,4.5556,0.64,0.44,0.02,0.606,strengthened
2024-12-16,1264.0835044447913,1270.0321327010022,1255.7059013940218,1257.44091796875,9486781,yfinance:RELIANCE.NS,2026-08-05T14:32:12.887897,-0.5255,-0.7745,-2.0731,-3.1203,17358384.0,15926193.0,0.5465,0.5957,dry,14.33,1.1393,2.13,0.1689,19.14,21.86,0.7272,1.1715,0.4286,-0.4,0.44,0.14,0.41,weakened
2024-12-17,1250.2528426173371,1253.078416496042,1232.1591005022085,1234.6376953125,17462791,yfinance:RELIANCE.NS,2026-08-05T14:32:12.887897,-1.249,-1.3936,-3.0782,-5.8944,17642196.0,16118302.0,0.9898,1.0834,normal,20.92,1.6944,-7.19,-0.5716,21.24,22.4,0.735,1.1808,0.0204,-0.96,0.34,-0.08,0.236,deteriorated
2024-12-18,1230.027558928225,1249.162239402372,1230.027558928225,1242.5196533203125,12670179,yfinance:RELIANCE.NS,2026-08-05T14:32:12.887897,1.0156,-1.5399,-1.952,-4.2553,17831357.0,16042623.0,0.7106,0.7898,dry,19.13,1.54,-4.61,-0.3734,22.3,21.82,0.7989,1.1103,0.5625,-0.28,0.36,-0.12,0.376,weakened
2024-12-19,1228.3916379278016,1234.2411461229626,1218.4772582835096,1219.914794921875,14244653,yfinance:RELIANCE.NS,2026-08-05T14:32:12.887897,-0.6901,-2.9843,-2.5695,-6.9286,16498925.0,15783164.0,0.8634,0.9025,dry,15.76,1.2922,-14.13,-1.137,23.62,21.5,0.7582,1.0956,0.3889,-0.44,0.32,-0.3,0.31,weakened
2024-12-20,1213.5200660980383,1228.8873545167637,1191.2127119418244,1194.980224609375,20312896,yfinance:RELIANCE.NS,2026-08-05T14:32:12.887897,-1.5278,-3.2121,-5.307,-8.1011,14835460.0,15775211.0,1.3692,1.2876,elevated,37.67,3.1527,-6.39,-0.5242,24.09,21.77,0.8299,1.0912,0.1111,-0.8,0.18,-0.38,0.174,deteriorated
2024-12-23,1204.5971709809228,1216.6926661807136,1202.8125341694108,1211.834716796875,10052824,yfinance:RELIANCE.NS,2026-08-05T14:32:12.887897,0.6008,-2.4696,-3.6269,-5.6248,14948669.0,14831685.0,0.6725,0.6778,dry,13.88,1.1454,9.62,0.8048,25.57,21.91,0.8827,1.0817,3.1667,0.52,0.26,-0.22,0.486,mixed
2024-12-24,1211.834663048231,1222.9883400626134,1210.5457452942906,1212.28076171875,6734917,yfinance:RELIANCE.NS,2026-08-05T14:32:12.887897,0.0368,-0.6258,-1.8108,-4.8332,12803094.0,14706053.0,0.526,0.458,dry,12.44,1.0264,-0.0,-0.0,23.0,21.08,0.8878,1.0701,0.7241,-0.16,0.2,-0.14,0.334,weakened
2024-12-26,1213.767935093776,1217.1883476811242,1203.8535553911518,1206.1339111328125,10016178,yfinance:RELIANCE.NS,2026-08-05T14:32:12.887897,-0.629,0.9334,-2.9284,-4.8232,12272294.0,14728224.0,0.8162,0.6801,dry,13.33,1.1056,1.49,0.1227,21.84,20.35,0.8919,1.0718,1.5,0.2,0.28,-0.08,0.444,weakened
2024-12-27,1207.86900439277,1217.3867853075249,1206.5800865394056,1210.595458984375,7000397,yfinance:RELIANCE.NS,2026-08-05T14:32:12.887897,0.2257,-0.1023,-0.7639,-3.3138,10823442.0,14326874.0,0.6468,0.4886,dry,10.81,0.8927,1.74,0.1439,19.28,20.17,0.8963,1.0742,1.2727,0.12,0.3,-0.02,0.442,weakened
2024-12-30,1205.9852538075309,1212.7269598518426,1197.756269680847,1200.333984375,8818766,yfinance:RELIANCE.NS,2026-08-05T14:32:12.887897,-0.4686,-0.9855,0.448,-4.8827,8524616.0,14107697.0,1.0345,0.6251,normal,14.97,1.2472,-4.61,-0.3808,14.74,19.68,0.7941,1.0491,0.3158,-0.52,0.3,-0.24,0.292,deteriorated
2024-12-31,1197.6570485426987,1208.6619856280877,1195.8229125326573,1205.043212890625,6405475,yfinance:RELIANCE.NS,2026-08-05T14:32:12.887897,0.6167,-0.0904,-0.5604,-4.167,7795147.0,13876763.0,0.8217,0.4616,dry,12.84,1.0654,-2.68,-0.223,12.97,19.54,0.8421,1.0324,1.0833,0.04,0.26,-0.22,0.39,weakened
2025-01-01,1204.4483521073844,1215.800389087432,1201.2261788160188,1210.7935791015625,5892590,yfinance:RELIANCE.NS,2026-08-05T14:32:12.887897,0.5268,0.0164,-0.1227,-1.9313,7626681.0,13327918.0,0.7726,0.4421,dry,14.57,1.2037,-0.59,-0.0494,13.39,19.6,0.7831,1.0369,2.3333,0.4,0.36,-0.06,0.518,mixed
2025-01-02,1210.793625832193,1233.7949384205442,1209.554328364606,1231.167724609375,15486276,yfinance:RELIANCE.NS,2026-08-05T14:32:12.887897,1.6827,2.5688,2.0755,-0.9136,8720701.0,13121805.0,1.7758,1.1802,spike,24.24,1.9689,0.0,0.0,15.58,20.08,0.9015,1.0521,24.0,0.92,0.48,0.16,0.692,strengthened
2025-01-03,1233.2498182568115,1251.244443122699,1224.921714407087,1240.437744140625,15521102,yfinance:RELIANCE.NS,2026-08-05T14:32:12.887897,0.5828,2.9372,2.4651,1.6823,10424842.0,13054924.0,1.4889,1.1889,elevated,26.32,2.1221,2.08,0.1691,18.59,19.44,0.8769,1.0182,0.6667,-0.2,0.44,0.18,0.454,mixed
2025-01-06,1243.213556672038,1251.1946805005002,1204.5970973122885,1207.5714111328125,14816766,yfinance:RELIANCE.NS,2026-08-05T14:32:12.887897,-2.8669,-0.2661,0.603,1.0537,11624442.0,13343886.0,1.2746,1.1104,elevated,46.6,3.8588,2.78,0.2238,24.91,21.74,1.2049,1.0054,0.087,-0.84,0.32,-0.14,0.246,deteriorated
2025-01-07,1211.5371275851955,1233.844480589015,1210.7935491517349,1230.2257080078125,10070505,yfinance:RELIANCE.NS,2026-08-05T14:32:12.887897,1.5426,-0.0765,2.0898,1.5176,12357448.0,13114912.0,0.8149,0.7679,dry,23.05,1.8737,3.97,0.3284,27.6,21.82,1.2884,1.0505,2.125,0.36,0.32,-0.02,0.498,mixed
2025-01-08,1238.3060678446636,1260.167324257905,1234.6872949225542,1254.664794921875,19346579,yfinance:RELIANCE.NS,2026-08-05T14:32:12.887897,1.3211,1.1469,3.6233,3.4962,15048246.0,13280054.0,1.2856,1.4568,elevated,25.48,2.0308,8.08,0.6568,30.68,22.59,1.3415,1.0807,0.7857,-0.12,0.34,-0.22,0.39,weakened
2025-01-09,1256.1518282285128,1258.878282472892,1237.364128300027,1244.0067138671875,12794704,yfinance:RELIANCE.NS,2026-08-05T14:32:12.887897,-0.9669,3.0172,1.0428,3.14,14509931.0,13333571.0,0.8818,0.9596,dry,21.51,1.7294,1.49,0.1185,30.13,22.41,1.3702,1.0942,0.4706,-0.36,0.32,-0.24,0.332,weakened
2025-01-10,1243.114481097643,1245.9896754309789,1225.4173374439545,1231.266845703125,8120332,yfinance:RELIANCE.NS,2026-08-05T14:32:12.887897,-0.9531,0.0846,-0.7393,1.7075,13029777.0,12694247.0,0.6232,0.6397,dry,20.57,1.6708,-0.89,-0.0717,28.98,21.18,1.4194,1.0745,0.3889,-0.44,0.32,-0.34,0.306,weakened
2025-01-13,1219.4687349455062,1234.5881643828388,1215.899582365329,1229.234375,13764861,yfinance:RELIANCE.NS,2026-08-05T14:32:12.887897,0.8008,-2.0269,1.7939,2.4077,12819396.0,11950979.0,1.0738,1.1518,normal,18.69,1.5203,-11.8,-0.9582,23.4,20.97,1.4195,1.0699,0.087,-0.84,0.3,-0.52,0.2,deteriorated
2025-01-14,1233.4479678208604,1242.6187691440975,1216.742262047884,1228.143798828125,13095266,yfinance:RELIANCE.NS,2026-08-05T14:32:12.887897,-0.43,-1.2751,-0.1692,1.917,13424348.0,12131403.0,0.9755,1.0795,normal,25.88,2.107,4.21,0.3428,23.32,21.93,1.4263,1.0229,2.125,0.36,0.26,-0.24,0.452,mixed
2025-01-15,1234.2905907014622,1246.2374660533972,1231.2171573529768,1241.478515625,9578856,yfinance:RELIANCE.NS,2026-08-05T14:32:12.887897,0.5824,0.8294,-1.051,2.5343,11470804.0,11737206.0,0.8351,0.8161,dry,15.02,1.2099,6.15,0.5005,20.95,22.27,1.4281,1.0252,1.0833,0.04,0.24,-0.06,0.398,weakened
2025-01-16,1248.1212833322295,1264.0834104275011,1240.586378973141,1255.6065673828125,14117603,yfinance:RELIANCE.NS,2026-08-05T14:32:12.887897,0.5997,2.1454,0.9325,1.985,11735384.0,11809577.0,1.203,1.1954,elevated,23.5,1.8714,6.64,0.5351,21.35,23.14,1.3353,1.0085,1.7778,0.28,0.22,-0.02,0.442,weakened
2025-01-17,1310.9288585996749,1314.6467509950228,1273.997794139219,1291.19921875,29366277,yfinance:RELIANCE.NS,2026-08-05T14:32:12.887897,-1.505,5.1342,4.8675,4.0922,15984573.0,12565658.0,1.8372,2.337,spike,40.65,3.1482,55.32,4.406,29.04,26.29,1.3994,1.0349,1.45,0.1837,0.22,-0.08,0.4167,weakened
2025-01-20,1304.7324245206253,1304.7324245206253,1289.1172758229052,1294.272705078125,14040244,yfinance:RELIANCE.NS,2026-08-05T14:32:12.887897,-0.8017,4.2525,5.291,7.1798,16039649.0,12252026.0,0.8753,1.146,dry,15.62,1.2065,13.53,1.0481,28.42,26.49,1.0748,1.0316,1.5,0.2,0.28,-0.08,0.444,weakened
2025-01-21,1299.2795231523412,1301.7581181984158,1259.324522599558,1262.7945556640625,14562976,yfinance:RELIANCE.NS,2026-08-05T14:32:12.887897,-2.8081,0.5725,2.8214,2.6474,16333191.0,12477534.0,0.8916,1.1671,dry,42.43,3.3603,5.01,0.3868,31.74,28.48,1.255,1.1403,0.1905,-0.68,0.28,-0.12,0.264,deteriorated
2025-01-22,1267.3552034506358,1271.9157939003728,1257.83730213362,1266.1654052734375,10273590,yfinance:RELIANCE.NS,2026-08-05T14:32:12.887897,-0.0939,-1.9388,1.9885,0.9166,16472138.0,12654467.0,0.6237,0.8119,dry,14.08,1.1119,4.56,0.3612,30.93,27.75,1.1086,1.1401,1.1739,0.08,0.26,-0.12,0.408,weakened
2025-01-23,1259.126173066555,1266.4132176584087,1250.7980702365203,1252.83056640625,8720682,yfinance:RELIANCE.NS,2026-08-05T14:32:12.887897,-0.5,-3.202,-0.2211,0.7093,15392754.0,12589692.0,0.5665,0.6927,dry,15.62,1.2464,-7.04,-0.5559,29.36,26.99,1.0993,1.1398,1.8824,0.3061,0.3,-0.02,0.4792,mixed
2025-01-24,1255.1605533566642,1262.100619607451,1232.8531975505623,1235.6292724609375,14235970,yfinance:RELIANCE.NS,2026-08-05T14:32:12.887897,-1.5561,-2.1512,-4.3037,0.3543,12366692.0,12951471.0,1.1512,1.0992,elevated,29.25,2.367,2.33,0.186,23.4,25.75,1.1419,1.1654,0.5806,-0.2653,0.26,-0.08,0.3429,weakened
2025-01-27,1228.4907387555406,1229.8291557820492,1209.5542981292017,1218.82421875,9536019,yfinance:RELIANCE.NS,2026-08-05T14:32:12.887897,-0.7869,-3.7389,-5.8294,-0.8469,11465847.0,12987334.0,0.8317,0.7343,dry,20.27,1.6635,-7.14,-0.5777,25.49,25.73,1.0354,1.146,0.1364,-0.76,0.18,-0.22,0.198,deteriorated
2025-01-28,1227.400329601704,1234.0925365684338,1208.0672872533737,1223.8311767578125,10568025,yfinance:RELIANCE.NS,2026-08-05T14:32:12.887897,-0.2908,-2.3147,-3.0855,-0.3511,10666857.0,13195461.0,0.9907,0.8009,normal,26.03,2.1265,8.58,0.7036,22.21,25.46,1.0408,1.145,1.0,0.0,0.18,-0.14,0.358,weakened
2025-01-29,1225.4173498520336,1232.109556252925,1217.53546627882,1224.921630859375,5928156,yfinance:RELIANCE.NS,2026-08-05T14:32:12.887897,-0.0405,-0.8666,-3.2574,-1.3336,9797770.0,13197239.0,0.6051,0.4492,dry,14.57,1.1898,1.59,0.1296,22.31,24.96,0.9707,1.1304,4.5556,0.64,0.22,0.02,0.518,mixed
2025-01-30,1224.971246456504,1246.237542749693,1221.8481926097395,1242.3214111328125,9269259,yfinance:RELIANCE.NS,2026-08-05T14:32:12.887897,1.4164,1.9279,-0.8388,-1.0581,9907486.0,12886389.0,0.9356,0.7193,normal,24.39,1.9632,0.05,0.0041,24.06,25.23,1.1221,1.1478,2.5714,0.44,0.32,0.02,0.518,mixed
2025-01-31,1245.09738698474,1256.1519448799122,1238.306060895825,1254.2681884765625,6584612,yfinance:RELIANCE.NS,2026-08-05T14:32:12.887897,0.7366,2.487,1.5085,-2.8602,8377214.0,12439564.0,0.786,0.5293,dry,17.85,1.4228,2.78,0.2235,21.78,25.17,1.1657,1.1569,5.25,0.68,0.46,0.16,0.636,strengthened
2025-02-01,1254.2681799336815,1259.6715896071485,1230.374548522757,1253.7724609375,7118453,yfinance:RELIANCE.NS,2026-08-05T14:32:12.887897,-0.0395,2.3553,2.8674,-3.1292,7893701.0,12054648.0,0.9018,0.5905,normal,29.3,2.3367,-0.0,-0.0,22.43,25.42,1.1667,1.128,0.7241,-0.16,0.42,0.24,0.46,mixed
2025-02-03,1240.2889757645512,1245.2461659154887,1226.9541826685895,1235.232666015625,9252345,yfinance:RELIANCE.NS,2026-08-05T14:32:12.887897,-0.4077,-0.5706,0.9316,-2.1826,7630565.0,12013740.0,1.2125,0.7701,elevated,18.29,1.4809,-13.48,-1.0754,22.58,26.04,0.8068,1.1209,0.4706,-0.36,0.34,-0.02,0.362,weakened
2025-02-04,1237.3642207434832,1277.7653184740125,1235.9265630557768,1274.196044921875,16691069,yfinance:RELIANCE.NS,2026-08-05T14:32:12.887897,2.9766,1.5888,4.0227,0.6342,9783148.0,11880965.0,1.7061,1.4049,spike,41.84,3.2835,2.13,0.1726,28.18,27.4,1.2792,1.2579,4.0,0.6,0.46,0.18,0.622,strengthened
2025-02-05,1271.667953084696,1279.4507170461238,1265.7688244708304,1267.2559814453125,10112028,yfinance:RELIANCE.NS,2026-08-05T14:32:12.887897,-0.3469,1.0754,2.0071,1.1514,9951701.0,11746831.0,1.0161,0.8608,normal,13.68,1.0796,-2.53,-0.1984,26.04,24.16,1.2714,1.2544,0.8519,-0.08,0.42,0.14,0.466,mixed
2025-02-06,1262.7945076095025,1276.9721191435924,1259.473214579181,1270.577392578125,9956001,yfinance:RELIANCE.NS,2026-08-05T14:32:12.887897,0.6163,2.8614,1.3003,2.8284,10625979.0,11838615.0,0.9369,0.841,normal,17.5,1.3772,-4.46,-0.3521,25.97,24.29,1.1211,1.2593,0.5625,-0.28,0.46,0.04,0.432,weakened
2025-02-07,1265.2236540965398,1272.7089385364054,1251.1947819010977,1255.8544921875,8764283,yfinance:RELIANCE.NS,2026-08-05T14:32:12.887897,-0.7405,-1.4395,0.1661,3.0382,10955145.0,11588586.0,0.8,0.7563,dry,21.51,1.7131,-5.35,-0.4214,24.41,22.8,1.1158,1.2636,1.381,0.16,0.42,0.1,0.51,mixed
2025-02-10,1253.673337746878,1255.656213725916,1234.8856362555491,1242.916259765625,6970972,yfinance:RELIANCE.NS,2026-08-05T14:32:12.887897,-0.858,-1.9207,0.622,1.5595,10498871.0,11282371.0,0.664,0.6179,dry,20.77,1.6711,-2.18,-0.1737,23.24,23.29,1.1674,1.2659,0.2564,-0.5918,0.36,-0.02,0.3236,weakened
2025-02-11,1253.7230036544372,1253.7230036544372,1219.567891058193,1224.2772216796875,8859714,yfinance:RELIANCE.NS,2026-08-05T14:32:12.887897,-2.3487,-3.644,-3.9177,-0.0526,8932600.0,11246414.0,0.9918,0.7878,normal,34.16,2.7898,10.81,0.8695,21.56,24.62,1.4444,1.3253,0.1111,-0.8,0.24,-0.16,0.22,deteriorated
2025-02-12,1209.0089844264594,1216.39526992,1183.1324776076383,1206.1339111328125,21131654,yfinance:RELIANCE.NS,2026-08-05T14:32:12.887897,-0.2378,-3.9591,-4.8232,-2.9129,11136525.0,11597116.0,1.8975,1.8221,spike,33.26,2.7578,-15.27,-1.2471,27.06,25.47,1.3697,1.2776,1.1739,0.08,0.28,-0.26,0.402,weakened
2025-02-13,1206.629682868639,1217.4858807075602,1201.622872489872,1205.687744140625,8511216,yfinance:RELIANCE.NS,2026-08-05T14:32:12.887897,-0.0781,-2.9953,-5.1071,-3.8732,10847568.0,10554363.0,0.7846,0.8064,dry,15.86,1.3157,0.5,0.0411,26.73,24.74,1.3407,1.2685,1.0833,0.04,0.32,0.02,0.438,weakened
2025-02-14,1208.56289732395,1213.5200872227356,1195.1288642881832,1206.827880859375,10298145,yfinance:RELIANCE.NS,2026-08-05T14:32:12.887897,-0.1436,-1.4253,-3.9038,-3.7443,11154340.0,10367258.0,0.9232,0.9933,normal,18.39,1.5239,2.88,0.2385,26.1,24.19,1.3402,1.1698,0.2821,-0.56,0.24,-0.2,0.264,deteriorated
2025-02-17,1200.7304615718228,1216.99006794739,1194.1869953911455,1214.412353515625,8166683,yfinance:RELIANCE.NS,2026-08-05T14:32:12.887897,1.1395,0.6864,-2.2933,-1.6855,11393482.0,10047444.0,0.7168,0.8128,dry,22.8,1.8777,-6.1,-0.5052,26.47,24.78,1.3961,1.1515,2.3333,0.4,0.32,-0.28,0.48,mixed
2025-02-18,1214.362863790828,1219.3696743222742,1205.6877809072391,1214.908203125,6673250,yfinance:RELIANCE.NS,2026-08-05T14:32:12.887897,0.0449,0.7647,-0.7653,-4.653,10956190.0,9867427.0,0.6091,0.6763,dry,13.68,1.1262,-0.05,-0.0041,22.38,24.01,0.9317,1.1167,0.9231,-0.04,0.28,-0.06,0.398,weakened
2025-02-19,1209.058667892558,1222.1952216847485,1207.125412159616,1216.9405517578125,6217338,yfinance:RELIANCE.NS,2026-08-05T14:32:12.887897,0.6519,0.838,0.896,-3.9704,7973326.0,9742260.0,0.7798,0.6382,dry,15.07,1.2383,-5.85,-0.4815,17.16,23.82,0.978,1.1192,1.1304,0.0612,0.32,-0.1,0.4302,weakened
2025-02-20,1213.4704313005311,1228.738599945727,1211.5371757068,1222.4429931640625,7795582,yfinance:RELIANCE.NS,2026-08-05T14:32:12.887897,0.7394,0.6613,1.3897,-3.7884,7830200.0,9420240.0,0.9956,0.8275,normal,17.2,1.4071,-3.47,-0.2852,17.43,22.95,0.99,1.1216,1.1739,0.08,0.34,-0.1,0.442,weakened
2025-02-21,1218.1797397323817,1229.3830367840983,1211.6858938870323,1217.634521484375,6904025,yfinance:RELIANCE.NS,2026-08-05T14:32:12.887897,-0.0448,0.2244,0.8955,-3.0433,7151376.0,9288640.0,0.9654,0.7433,normal,17.7,1.4534,-4.26,-0.3487,17.29,22.3,0.9707,1.1081,0.4286,-0.4,0.34,-0.02,0.354,weakened
2025-02-24,1206.1338768607443,1212.7764626626977,1200.135628901039,1204.1510009765625,7172498,yfinance:RELIANCE.NS,2026-08-05T14:32:12.887897,-0.1644,-1.051,-0.845,-3.1189,6952539.0,9118864.0,1.0316,0.7866,normal,12.64,1.0498,-11.5,-0.9445,16.23,20.51,0.9358,1.1068,0.3158,-0.52,0.26,-0.34,0.266,deteriorated
2025-02-25,1200.6313497853837,1210.5457292220915,1191.2126893205104,1193.6912841796875,11552182,yfinance:RELIANCE.NS,2026-08-05T14:32:12.887897,-0.578,-2.352,-1.7464,-2.4983,7928325.0,9400065.0,1.4571,1.2289,elevated,19.33,1.6196,-3.52,-0.2923,17.36,20.92,0.5314,1.1009,0.6667,-0.2,0.28,-0.18,0.354,weakened
2025-02-27,1202.416039651657,1204.597154814102,1190.370043898487,1196.7647705078125,11509215,yfinance:RELIANCE.NS,2026-08-05T14:32:12.887897,-0.47,-1.714,-1.6579,-0.7768,8986700.0,9512063.0,1.2807,1.21,elevated,14.23,1.1888,8.72,0.7309,17.19,20.68,0.554,1.092,0.5625,-0.28,0.26,-0.2,0.328,weakened
2025-02-28,1191.7084634163882,1206.9270123506617,1183.0830013175257,1189.82470703125,23007298,yfinance:RELIANCE.NS,2026-08-05T14:32:12.887897,-0.1581,-1.1897,-2.6683,-1.3157,12029044.0,10333198.0,1.9126,2.2265,spike,23.84,2.004,-5.06,-0.4225,18.52,20.85,0.5576,1.0645,0.1111,-0.8,0.16,-0.62,0.142,deteriorated
2025-03-03,1193.6912720117396,1196.1202465389174,1146.1022512006402,1161.2216796875,17944938,yfinance:RELIANCE.NS,2026-08-05T14:32:12.887897,-2.7201,-2.7201,-4.633,-3.779,14237226.0,10874522.0,1.2604,1.6502,elevated,50.02,4.3074,3.87,0.325,24.98,22.92,1.056,1.1572,1.7778,0.28,0.14,-0.42,0.37,weakened
2025-03-04,1152.2491409974891,1163.948157257321,1149.6219272411693,1151.9517822265625,11377373,yfinance:RELIANCE.NS,2026-08-05T14:32:12.887897,-0.0258,-3.7445,-4.3349,-5.1433,15078201.0,10980773.0,0.7546,1.0361,dry,14.33,1.2436,-8.97,-0.7727,24.35,21.51,0.9568,1.0506,0.8519,-0.08,0.16,-0.36,0.312,weakened
2025-03-05,1151.0595745918054,1172.8712116641736,1147.0938223968292,1165.5345458984375,8664095,yfinance:RELIANCE.NS,2026-08-05T14:32:12.887897,1.2575,-2.0415,-2.3588,-4.064,14500584.0,10579424.0,0.5975,0.819,dry,25.78,2.2116,-0.89,-0.0775,25.64,20.41,1.0715,1.0813,7.3333,0.76,0.18,-0.04,0.52,mixed
2025-03-06,1186.75131332057,1203.5561393973803,1175.002796955133,1199.243408203125,14468014,yfinance:RELIANCE.NS,2026-08-05T14:32:12.887897,1.0526,3.2743,0.2071,-1.4542,15092344.0,10797224.0,0.9586,1.34,normal,28.55,2.3809,21.22,1.8203,30.4,21.99,1.1116,1.0985,6.1429,0.72,0.32,0.08,0.58,strengthened
2025-03-07,1205.5885908312289,1244.0564330934674,1201.622838887705,1239.0992431640625,16474965,yfinance:RELIANCE.NS,2026-08-05T14:32:12.887897,2.7796,7.5652,4.1413,1.3625,13785877.0,11123172.0,1.1951,1.4811,elevated,42.43,3.4246,6.35,0.5291,34.59,23.88,1.4274,1.1756,0.8519,-0.08,0.36,0.08,0.436,weakened
2025-03-10,1234.3402190424754,1247.2289120927182,1224.8224391488625,1227.7967529296875,11931051,yfinance:RELIANCE.NS,2026-08-05T14:32:12.887897,-0.5301,5.3419,5.7332,0.8346,12583100.0,11281510.0,0.9482,1.0576,normal,22.41,1.8249,-4.76,-0.3841,29.07,23.85,1.4408,1.1698,0.3514,-0.48,0.32,0.14,0.346,weakened
2025-03-11,1229.3830600118497,1238.801720552263,1219.2208210077197,1236.62060546875,10089838,yfinance:RELIANCE.NS,2026-08-05T14:32:12.887897,0.5887,3.1167,7.35,2.6965,12325593.0,11437454.0,0.8186,0.8822,dry,19.58,1.5834,1.59,0.1292,30.12,24.27,1.4484,1.1705,1.5,0.2,0.38,-0.12,0.48,mixed
2025-03-12,1247.2289270068015,1252.1861167007874,1233.3487958636415,1246.287109375,11977555,yfinance:RELIANCE.NS,2026-08-05T14:32:12.887897,-0.0755,0.5801,6.9284,4.4061,12988285.0,11593346.0,0.9222,1.0331,normal,18.84,1.5115,10.61,0.8578,28.73,24.54,1.4301,1.1707,0.6129,-0.24,0.34,-0.06,0.382,weakened
2025-03-13,1249.2615727756531,1253.326444606414,1233.2002036288975,1237.215576171875,9505270,yfinance:RELIANCE.NS,2026-08-05T14:32:12.887897,-0.9642,0.7671,3.1663,3.38,11995736.0,11012027.0,0.7924,0.8632,dry,20.13,1.6267,2.97,0.2387,25.15,24.75,1.4628,1.1615,0.4286,-0.4,0.34,0.04,0.36,weakened
2025-03-17,1231.5145912773855,1246.6340190017777,1222.5420300210542,1228.2427978515625,16640917,yfinance:RELIANCE.NS,2026-08-05T14:32:12.887897,-0.2657,-0.6775,-0.8762,3.2289,12028926.0,11418512.0,1.3834,1.4574,elevated,24.09,1.9615,-5.7,-0.4608,21.01,25.21,1.4655,1.1556,1.7778,0.28,0.36,-0.04,0.496,mixed
2025-03-18,1228.2427978515625,1228.2427978515625,1228.2427978515625,1228.2427978515625,0,yfinance:RELIANCE.NS,2026-08-05T14:32:12.887897,0.0,-1.4478,0.0363,5.7716,9642716.0,10903604.0,0.0,0.0,dry,0.0,0.0,0.0,0.0,16.53,23.96,1.0849,1.1556,1.0,1.0,0.36,0.0,0.644,strengthened
2025-03-19,1230.4241762433128,1242.5196714129374,1228.1934407470596,1236.471923828125,16162399,yfinance:RELIANCE.NS,2026-08-05T14:32:12.887897,0.4915,-0.0601,-0.012,7.3371,10857228.0,11303390.0,1.4886,1.4299,elevated,14.33,1.1586,2.18,0.1776,15.48,23.6,1.0756,1.1557,6.1429,0.72,0.56,0.36,0.704,strongly_participatory
2025-03-20,1241.1316434245866,1262.10058145345,1239.347127629136,1258.2835693359375,15971477,yfinance:RELIANCE.NS,2026-08-05T14:32:12.887897,1.382,2.4458,0.9626,7.9576,11656013.0,11768302.0,1.3702,1.3572,elevated,22.75,1.8083,4.66,0.3769,16.83,24.41,1.0868,1.0482,11.5,0.84,0.6,0.52,0.76,strongly_participatory
2025-03-21,1264.0833359554676,1270.0319634187874,1259.2252659887297,1265.4217529296875,21780769,yfinance:RELIANCE.NS,2026-08-05T14:32:12.887897,0.1059,3.027,2.2798,5.5183,14111112.0,12546473.0,1.5435,1.736,spike,10.81,0.854,5.8,0.4609,15.16,23.55,1.0692,1.0463,2.8462,0.48,0.66,0.56,0.716,strongly_participatory
2025-03-24,1279.9463572168718,1294.8179260458828,1273.254151243817,1290.9512939453125,20299319,yfinance:RELIANCE.NS,2026-08-05T14:32:12.887897,0.8598,4.406,5.1055,4.1847,14842793.0,13171660.0,1.3676,1.5411,elevated,21.56,1.6704,14.52,1.1478,16.22,22.08,0.6898,1.0521,5.25,0.68,0.68,0.52,0.76,strongly_participatory
2025-03-25,1296.50346593687,1296.50346593687,1271.6183955406093,1274.4439697265625,13713899,yfinance:RELIANCE.NS,2026-08-05T14:32:12.887897,-1.7015,1.2843,3.7616,3.7993,17585573.0,13512154.0,0.7798,1.0149,dry,24.89,1.9526,5.55,0.4301,21.2,22.83,0.8902,1.0901,0.6333,-0.2245,0.66,0.38,0.5571,strengthened
2025-03-26,1279.9464094999762,1282.722484204843,1257.8869148358597,1262.150146484375,12074747,yfinance:RELIANCE.NS,2026-08-05T14:32:12.887897,-1.3904,-0.2585,2.0767,2.0645,16768042.0,13757266.0,0.7201,0.8777,dry,24.84,1.9677,5.5,0.4318,23.3,22.76,0.9715,1.1086,0.2195,-0.64,0.64,0.16,0.444,weakened
2025-03-27,1267.2064821612498,1273.9978081396894,1260.4151561828105,1267.2559814453125,15028056,yfinance:RELIANCE.NS,2026-08-05T14:32:12.887897,0.0039,-1.8355,0.7131,1.6825,16579358.0,13931060.0,0.9064,1.0787,normal,13.58,1.0718,5.06,0.4006,20.89,21.02,0.9725,1.0182,2.5714,0.44,0.66,0.18,0.67,strengthened
2025-03-28,1269.0405652360091,1284.655712816062,1258.1347478785124,1264.1824951171875,18147129,yfinance:RELIANCE.NS,2026-08-05T14:32:12.887897,-0.3828,-0.8052,-0.0979,2.1796,15852630.0,14262955.0,1.1447,1.2723,elevated,26.52,2.0979,1.78,0.1408,23.84,19.71,0.9349,1.0199,0.7857,-0.12,0.68,0.22,0.57,strengthened
2025-04-01,1253.7723771839194,1266.9585500115554,1238.603449529153,1241.8751220703125,12099648,yfinance:RELIANCE.NS,2026-08-05T14:32:12.887897,-0.9489,-1.6064,-3.8016,1.1099,14212696.0,13717573.0,0.8513,0.8821,dry,28.36,2.2832,-10.41,-0.8235,23.64,20.14,0.9734,1.0359,0.3889,-0.44,0.66,0.04,0.48,mixed
2025-04-02,1236.8685913550723,1244.8000957785905,1233.2498182568115,1240.437744140625,10142590,yfinance:RELIANCE.NS,2026-08-05T14:32:12.887897,0.2886,-2.1162,-2.6683,0.9929,13498434.0,13327456.0,0.7514,0.761,dry,11.55,0.9311,-5.01,-0.4031,20.97,19.56,0.9828,1.0366,1.6316,0.24,0.66,0.08,0.62,strengthened
2025-04-03,1222.4927580494818,1241.08222182284,1222.4927580494818,1238.0086669921875,7434366,yfinance:RELIANCE.NS,2026-08-05T14:32:12.887897,1.2692,-2.0704,-1.9127,0.1243,12570358.0,13130305.0,0.5914,0.5662,dry,18.59,1.5016,-17.94,-1.4467,19.72,19.55,1.0648,1.0416,0.96,-0.0204,0.72,0.08,0.5919,strengthened
2025-04-04,1230.473619610667,1234.7863505024063,1182.9342181609516,1194.38525390625,17908652,yfinance:RELIANCE.NS,2026-08-05T14:32:12.887897,-2.9329,-3.824,-5.7503,-5.0782,13146477.0,13592533.0,1.3622,1.3175,elevated,51.85,4.3413,-7.54,-0.6086,28.02,22.04,1.2732,1.1742,0.225,-0.6327,0.58,-0.12,0.3935,weakened
2025-04-07,1122.5059464290011,1161.2216449878497,1105.304523000697,1155.7191162109375,22156106,yfinance:RELIANCE.NS,2026-08-05T14:32:12.887897,2.9588,-6.8297,-8.5797,-8.6693,13948272.0,13976938.0,1.5884,1.5852,spike,55.92,4.8383,-71.88,-6.0181,40.53,26.68,1.6758,1.2922,0.0417,-0.92,0.4,-0.54,0.222,deteriorated
2025-04-08,1161.9653833278503,1186.3547349162204,1153.3399207865864,1172.0780029296875,19555040,yfinance:RELIANCE.NS,2026-08-05T14:32:12.887897,0.8703,-5.3255,-5.6203,-9.2082,15439351.0,14130941.0,1.2666,1.3838,elevated,33.01,2.8168,6.25,0.5405,41.46,29.04,1.6765,1.295,49.0,0.96,0.54,0.1,0.718,strongly_participatory
2025-04-09,1159.4867811653644,1179.613021672609,1157.9996241138483,1175.2010498046875,10223104,yfinance:RELIANCE.NS,2026-08-05T14:32:12.887897,1.3553,-1.6062,-5.2592,-7.7872,15455454.0,14045544.0,0.6615,0.7279,dry,21.61,1.8391,-12.59,-1.0743,43.47,29.56,1.6501,1.3177,0.5152,-0.32,0.5,0.1,0.446,weakened
2025-04-11,1184.917153801556,1212.1816988912135,1184.917153801556,1208.5133056640625,11224242,yfinance:RELIANCE.NS,2026-08-05T14:32:12.887897,1.9914,4.5681,-2.3825,-4.2496,16213429.0,14102264.0,0.6923,0.7959,dry,27.26,2.256,9.72,0.8268,47.15,30.37,1.6552,1.3627,15.6667,0.88,0.6,0.22,0.738,strongly_participatory
2025-04-15,1240.288998738938,1240.288998738938,1226.5079856590305,1229.4822998046875,13378535,yfinance:RELIANCE.NS,2026-08-05T14:32:12.887897,-0.8713,4.8977,2.9385,-2.9807,15307405.0,14172313.0,0.874,0.944,dry,13.78,1.1209,31.78,2.6293,42.49,31.8,1.7037,1.3691,24.0,0.92,0.68,0.34,0.79,strongly_participatory
2025-04-16,1223.5336585713449,1230.2754856402491,1218.477348782242,1228.689208984375,8248464,yfinance:RELIANCE.NS,2026-08-05T14:32:12.887897,0.4214,4.5514,6.3138,-2.8076,12525877.0,14109473.0,0.6585,0.5846,dry,11.8,0.9602,-5.95,-0.4838,27.04,30.55,1.6836,1.3653,2.3333,0.4,0.68,0.28,0.68,strengthened
2025-04-17,1229.5813957339365,1269.238916912585,1217.0893007676923,1263.5877685546875,15398401,yfinance:RELIANCE.NS,2026-08-05T14:32:12.887897,2.7657,4.5572,7.8075,1.7484,11694549.0,14047347.0,1.3167,1.0962,elevated,52.15,4.1271,0.89,0.0726,30.86,32.49,1.7515,1.4441,5.25,0.68,0.7,0.44,0.76,strongly_participatory
2025-04-21,1259.126169726638,1289.7616259352503,1256.151855939882,1284.4078369140625,10429964,yfinance:RELIANCE.NS,2026-08-05T14:32:12.887897,2.0079,4.4674,9.2926,3.5447,11735921.0,14568845.0,0.8887,0.7159,dry,33.61,2.6168,-4.46,-0.3531,33.26,33.12,1.7786,1.3641,3.5455,0.56,0.8,0.46,0.778,strongly_participatory
2025-04-22,1288.8694787336528,1292.7361113748846,1275.2868257139828,1280.144775390625,13051707,yfinance:RELIANCE.NS,2026-08-05T14:32:12.887897,-0.6769,4.1878,5.9272,3.4035,12101414.0,14413311.0,1.0785,0.9055,normal,17.45,1.3631,4.46,0.3474,29.36,33.4,1.8489,1.3764,0.7857,-0.12,0.8,0.28,0.624,strengthened
2025-04-23,1285.8950708007812,1294.8180126953123,1274.3944143417475,1288.869384765625,10480888,yfinance:RELIANCE.NS,2026-08-05T14:32:12.887897,0.2313,2.0008,4.8303,7.9107,11521885.0,14138781.0,0.9097,0.7413,normal,20.42,1.5846,5.75,0.4492,27.09,32.96,1.3427,1.3668,3.1667,0.52,0.84,0.24,0.764,strongly_participatory
2025-04-24,1281.3345072026398,1293.3308829080645,1279.2525115884996,1290.4556884765625,10468940,yfinance:RELIANCE.NS,2026-08-05T14:32:12.887897,0.7119,0.4709,5.027,11.6582,11965980.0,13573190.0,0.8749,0.7713,dry,14.08,1.091,-7.53,-0.5846,27.54,31.94,1.1757,1.3623,0.6667,-0.2,0.84,0.28,0.624,strengthened
2025-04-25,1292.3394247863746,1313.85358083958,1277.071255478384,1289.2659912109375,14431012,yfinance:RELIANCE.NS,2026-08-05T14:32:12.887897,-0.2378,0.7125,2.0322,9.9983,11772502.0,13279774.0,1.2258,1.0867,elevated,36.78,2.853,1.88,0.146,24.47,33.74,1.2278,1.2855,0.2195,-0.64,0.82,0.2,0.52,mixed
2025-04-28,1328.526980231352,1362.8307123815491,1308.8964585313056,1357.0804443359375,31104496,yfinance:RELIANCE.NS,2026-08-05T14:32:12.887897,2.1493,5.2923,5.6581,15.4764,15907409.0,14149304.0,1.9553,2.1983,spike,53.93,3.9743,39.26,3.0452,32.46,37.67,1.2938,1.3224,4.0,0.6,0.8,0.12,0.752,strongly_participatory
2025-04-29,1359.2614765022709,1398.8198762816546,1358.2700385179512,1387.7156982421875,32538970,yfinance:RELIANCE.NS,2026-08-05T14:32:12.887897,2.0934,7.5369,8.403,14.8283,19804861.0,15172516.0,1.643,2.1446,spike,40.55,2.9221,2.18,0.1607,37.32,36.72,1.3041,1.3604,0.6897,-0.1837,0.86,0.18,0.6253,strengthened
2025-04-30,1389.9960230274132,1400.3070020394923,1357.2785702742715,1392.9703369140625,25480745,yfinance:RELIANCE.NS,2026-08-05T14:32:12.887897,0.214,8.0437,8.0769,13.2973,22804833.0,15695150.0,1.1173,1.6235,elevated,43.03,3.089,2.28,0.1643,41.84,33.43,1.1837,1.3581,0.7857,-0.12,0.86,0.18,0.638,strengthened
2025-05-02,1401.8932881277126,1414.4845019236116,1397.0352178747166,1407.6436767578125,13007841,yfinance:RELIANCE.NS,2026-08-05T14:32:12.887897,0.4102,3.7259,9.0811,14.5647,23312613.0,15438186.0,0.558,0.8426,dry,17.45,1.2396,8.92,0.6406,43.33,32.61,1.1843,1.3337,0.4286,-0.4,0.84,0.18,0.574,strengthened
2025-05-05,1418.747808269532,1427.1750314493302,1414.6829365878357,1419.0452880859375,12685649,yfinance:RELIANCE.NS,2026-08-05T14:32:12.887897,0.021,2.2576,10.0661,12.3029,22963540.0,15467486.0,0.5524,0.8201,dry,12.49,0.8803,11.1,0.7888,39.88,32.46,1.0289,1.3295,2.8462,0.48,0.84,0.16,0.748,strongly_participatory
2025-05-06,1418.7477523435757,1419.7391903256466,1398.5223933042987,1408.7342529296875,14084117,yfinance:RELIANCE.NS,2026-08-05T14:32:12.887897,-0.7058,1.1317,3.8062,9.6797,19559464.0,15664562.0,0.7201,0.8991,dry,21.22,1.5061,-0.3,-0.021,29.41,31.33,1.0009,1.3439,0.7241,-0.16,0.84,0.08,0.612,strengthened
2025-05-07,1408.7342420156256,1412.20427492599,1390.6899982666434,1393.9617919921875,13440169,yfinance:RELIANCE.NS,2026-08-05T14:32:12.887897,-1.0486,-0.972,0.4501,8.8909,15739704.0,15964852.0,0.8539,0.8419,dry,21.51,1.5434,-0.0,-0.0,25.36,30.6,1.0518,1.3704,0.8519,-0.08,0.82,0.02,0.614,strengthened
2025-05-08,1392.0780527042998,1408.635139694706,1386.030305191398,1394.9532470703125,16106175,yfinance:RELIANCE.NS,2026-08-05T14:32:12.887897,0.2065,-1.6978,0.1424,8.2308,13864790.0,15874728.0,1.1617,1.0146,elevated,22.6,1.6205,-1.88,-0.1351,21.28,31.37,1.0523,1.3573,0.3514,-0.48,0.74,0.02,0.502,mixed
2025-05-09,1373.637308764333,1382.8577303043132,1362.731491083779,1365.4083251953125,13668904,yfinance:RELIANCE.NS,2026-08-05T14:32:12.887897,-0.5991,-3.0755,-3.0004,5.8082,13997003.0,15450368.0,0.9766,0.8847,normal,20.13,1.474,-21.32,-1.5281,23.42,29.95,1.0876,1.3675,0.3158,-0.52,0.68,0.02,0.47,mixed
2025-05-12,1388.013077711669,1426.6791563050656,1388.013077711669,1424.2005615234375,10674081,yfinance:RELIANCE.NS,2026-08-05T14:32:12.887897,2.6071,2.1693,0.3633,10.466,13594689.0,15006320.0,0.7852,0.7113,dry,38.67,2.7149,22.6,1.6555,31.77,31.92,1.2975,1.4275,15.6667,0.88,0.92,0.22,0.866,strongly_participatory
2025-05-13,1421.226256646525,1435.304626683893,1400.3069407641844,1403.57861328125,11407896,yfinance:RELIANCE.NS,2026-08-05T14:32:12.887897,-1.2417,0.6183,-0.366,3.4263,13059445.0,15065560.0,0.8735,0.7572,dry,35.0,2.4935,-2.97,-0.2088,34.52,33.18,1.2716,1.4069,0.3514,-0.48,0.84,0.22,0.562,strengthened
2025-05-14,1407.8419941921477,1417.6572548355591,1403.3805230837922,1412.204345703125,5570160,yfinance:RELIANCE.NS,2026-08-05T14:32:12.887897,0.3099,3.4273,1.3087,1.7647,11485443.0,14782856.0,0.485,0.3768,dry,14.28,1.011,4.26,0.3038,33.07,32.74,1.0876,1.3665,3.1667,0.52,0.88,0.12,0.768,strongly_participatory
2025-05-15,1412.7992032271827,1448.8875719918406,1400.6044669576877,1441.7491455078125,20177211,yfinance:RELIANCE.NS,2026-08-05T14:32:12.887897,2.0491,1.2322,3.3547,3.5018,12299650.0,15122790.0,1.6405,1.3342,spike,48.28,3.3489,0.59,0.0421,38.21,35.18,1.2648,1.3947,15.6667,0.88,0.94,0.36,0.888,strongly_participatory
2025-05-16,1440.757623701411,1448.4908883531898,1434.9082364412498,1443.9302978515625,9036695,yfinance:RELIANCE.NS,2026-08-05T14:32:12.887897,0.2202,2.8749,5.7508,2.5778,11373209.0,15162201.0,0.7946,0.596,dry,13.58,0.9407,-0.99,-0.0688,34.48,33.52,1.2628,1.3857,1.0833,0.04,0.96,0.22,0.714,strongly_participatory
2025-05-19,1439.667043567546,1442.1456384779733,1425.886031660542,1428.4638671875,6195791,yfinance:RELIANCE.NS,2026-08-05T14:32:12.887897,-0.7782,1.1514,0.2993,0.6637,10477551.0,14702071.0,0.5913,0.4214,dry,16.26,1.1383,-4.26,-0.2953,25.84,29.56,1.2988,1.3798,0.6667,-0.2,0.94,0.16,0.652,strengthened
2025-05-20,1425.88599760598,1432.6278240113834,1409.6265122020177,1412.4024658203125,11270560,yfinance:RELIANCE.NS,2026-08-05T14:32:12.887897,-0.9456,-2.0355,0.6287,0.2604,10450083.0,14744100.0,1.0785,0.7644,normal,23.0,1.6285,-2.58,-0.1805,23.44,28.22,1.3175,1.4055,0.1628,-0.72,0.86,0.06,0.506,mixed
2025-05-21,1411.708464386899,1423.9030780659657,1405.9580760983038,1416.9630126953125,6136364,yfinance:RELIANCE.NS,2026-08-05T14:32:12.887897,0.3722,-1.8676,0.337,1.6501,10563324.0,14398333.0,0.5809,0.4262,dry,17.95,1.2664,-0.69,-0.0491,24.17,26.43,1.2578,1.398,2.5,0.4286,0.88,0.06,0.7437,strongly_participatory
2025-05-22,1409.031659643212,1411.6094953044076,1384.9397884743898,1397.332763671875,12134466,yfinance:RELIANCE.NS,2026-08-05T14:32:12.887897,-0.8303,-2.1793,-3.0807,0.1706,8954775.0,14481012.0,1.3551,0.838,elevated,26.67,1.9086,-7.93,-0.5597,20.92,27.18,1.301,1.2685,0.1628,-0.72,0.82,0.0,0.484,mixed
2025-05-23,1394.5567410207764,1421.5239286750705,1394.5567410207764,1414.5838623046875,6474883,yfinance:RELIANCE.NS,2026-08-05T14:32:12.887897,1.4361,0.1544,-2.0324,3.6015,8442413.0,14281309.0,0.7669,0.4534,dry,26.97,1.9064,-2.78,-0.1987,23.6,27.71,1.3354,1.1966,15.6667,0.88,0.86,0.06,0.826,strongly_participatory
2025-05-26,1419.7391840414937,1428.6621258406371,1412.898237790455,1422.5152587890625,4842944,yfinance:RELIANCE.NS,2026-08-05T14:32:12.887897,0.1955,0.3918,-0.4164,-0.1183,8171843.0,13801906.0,0.5926,0.3509,dry,15.76,1.1082,5.16,0.3644,23.14,27.32,1.0673,1.1954,4.4444,0.6327,0.88,0.24,0.8025,strongly_participatory
2025-05-27,1413.8897021801247,1424.696400543767,1401.794207036506,1409.9239501953125,12640414,yfinance:RELIANCE.NS,2026-08-05T14:32:12.887897,-0.2805,0.9011,-0.1755,0.4521,8445814.0,12878702.0,1.4966,0.9815,elevated,22.9,1.6244,-8.63,-0.6064,23.12,27.42,0.9744,1.1905,0.25,-0.6,0.78,0.08,0.5,mixed
2025-05-28,1407.9411620533203,1410.4197571984832,1398.621620102477,1400.8028564453125,5944611,yfinance:RELIANCE.NS,2026-08-05T14:32:12.887897,-0.507,-0.9742,-1.1405,-0.8074,8407464.0,11548984.0,0.7071,0.5147,dry,11.8,0.8422,-1.98,-0.1406,21.89,26.65,0.9958,1.1629,0.3889,-0.44,0.78,0.04,0.528,mixed
2025-05-29,1400.0096192804465,1407.842003929875,1396.5395861721686,1405.660888671875,13771917,yfinance:RELIANCE.NS,2026-08-05T14:32:12.887897,0.4037,-1.1848,0.596,-2.5031,8734954.0,10963542.0,1.5766,1.2562,spike,11.3,0.8041,-0.79,-0.0566,17.75,25.15,0.7397,1.1408,2.5,0.4286,0.76,0.04,0.6937,strengthened
2025-05-30,1405.8590585766528,1418.3511529457182,1397.630074915406,1408.7342529296875,13788484,yfinance:RELIANCE.NS,2026-08-05T14:32:12.887897,0.2045,-0.0844,-0.4135,-2.4375,10197674.0,11002575.0,1.3521,1.2532,elevated,20.72,1.4709,0.2,0.0141,16.5,22.26,0.739,1.1412,0.1905,-0.68,0.7,0.1,0.454,mixed
2025-06-02,1400.0095486308933,1405.3633379328091,1383.650821945961,1401.5958251953125,8098668,yfinance:RELIANCE.NS,2026-08-05T14:32:12.887897,0.1133,0.0566,-1.4706,-1.8809,10848819.0,10773226.0,0.7465,0.7517,dry,21.71,1.5491,-8.72,-0.6193,18.36,21.55,0.6971,1.0471,0.6667,-0.2,0.7,0.02,0.542,mixed
2025-06-03,1410.1222707307113,1414.286261787537,1391.3840689247124,1393.466064453125,11252626,yfinance:RELIANCE.NS,2026-08-05T14:32:12.887897,-1.1812,-0.8676,-1.1673,-1.3407,10571261.0,10631651.0,1.0645,1.0584,normal,22.9,1.6435,8.53,0.6083,18.36,22.17,0.7361,1.0263,0.1628,-0.72,0.66,-0.06,0.414,weakened
2025-06-04,1402.5871874772963,1413.493004678654,1394.0608455067168,1411.3118896484375,8126827,yfinance:RELIANCE.NS,2026-08-05T14:32:12.887897,0.622,0.183,0.7502,-0.3988,11007704.0,10365984.0,0.7383,0.784,dry,19.43,1.3769,9.12,0.6546,20.01,20.15,0.7544,1.0169,1.7778,0.28,0.64,-0.06,0.606,strengthened
2025-06-05,1415.7734397380668,1442.244785474372,1411.4110884077943,1430.0501708984375,13716817,yfinance:RELIANCE.NS,2026-08-05T14:32:12.887897,1.0084,2.0301,1.7351,2.3414,10996684.0,10246516.0,1.2474,1.3387,elevated,30.83,2.1561,4.46,0.3161,23.93,21.39,0.7489,1.0274,1.6316,0.24,0.62,-0.02,0.594,strengthened
2025-06-06,1428.6620302216834,1439.0721282906131,1424.6962785763767,1431.140625,8182161,yfinance:RELIANCE.NS,2026-08-05T14:32:12.887897,0.1735,2.7037,1.5905,1.1704,9875420.0,9972179.0,0.8285,0.8205,dry,14.38,1.0045,-1.39,-0.0971,22.66,21.12,0.6114,1.0235,9.0,0.8,0.74,0.04,0.76,strongly_participatory
2025-06-09,1444.5251287223314,1445.0208477095389,1432.9253528317358,1436.3953857421875,7885125,yfinance:RELIANCE.NS,2026-08-05T14:32:12.887897,-0.5628,1.7773,2.4829,0.9757,9832711.0,9832731.0,0.8019,0.8019,dry,12.1,0.8421,13.38,0.9352,20.42,20.47,0.6411,1.0301,4.0,0.6,0.88,0.18,0.79,strongly_participatory
2025-06-10,1437.5850079496329,1441.4516401070769,1423.704876838395,1426.1834716796875,7913181,yfinance:RELIANCE.NS,2026-08-05T14:32:12.887897,-0.7931,-0.2704,2.3479,1.1532,9164822.0,9657995.0,0.8634,0.8193,dry,17.75,1.2444,1.19,0.0828,19.39,20.46,0.685,0.9773,1.1739,0.08,0.86,0.24,0.684,strengthened
2025-06-11,1433.4210733170682,1456.0257865422643,1430.7441181682643,1436.4945068359375,8195700,yfinance:RELIANCE.NS,2026-08-05T14:32:12.887897,0.2144,0.3741,1.7843,2.5479,9178597.0,9789272.0,0.8929,0.8372,dry,25.28,1.76,7.24,0.5075,21.36,20.3,0.6695,0.9029,1.2727,0.12,0.86,0.18,0.686,strengthened
2025-06-12,1441.055094094315,1444.5251270006308,1422.1186530105915,1429.2569580078125,8828114,yfinance:RELIANCE.NS,2026-08-05T14:32:12.887897,-0.8187,-0.497,-0.0555,1.6786,8200856.0,9221817.0,1.0765,0.9573,normal,22.41,1.5677,4.56,0.3175,19.65,19.98,0.7025,0.9158,0.1905,-0.68,0.8,0.08,0.492,mixed
2025-06-13,1411.8076840776937,1423.2092208521976,1402.1907840779525,1415.67431640625,9757276,yfinance:RELIANCE.NS,2026-08-05T14:32:12.887897,0.2739,-0.7369,-1.0807,0.4926,8515879.0,9257846.0,1.1458,1.0539,elevated,21.02,1.4847,-17.45,-1.2209,22.19,20.78,0.7062,0.914,0.25,-0.6,0.74,-0.26,0.45,mixed
2025-06-16,1414.6828043278583,1430.050092219024,1412.204209506703,1425.489501953125,8458093,yfinance:RELIANCE.NS,2026-08-05T14:32:12.887897,0.7639,-0.7661,-0.7593,1.7047,8630473.0,9370962.0,0.98,0.9026,normal,17.85,1.2519,-0.99,-0.07,22.98,20.42,0.7558,0.9245,11.5,0.84,0.8,0.16,0.804,strongly_participatory
2025-06-17,1435.602128554236,1435.602128554236,1413.5922548276174,1418.9459228515625,10366599,yfinance:RELIANCE.NS,2026-08-05T14:32:12.887897,-1.1602,-0.7214,-0.5075,1.8285,9121156.0,9325764.0,1.1365,1.1116,elevated,22.01,1.5511,10.11,0.7094,23.83,21.15,0.7522,0.9406,0.3514,-0.48,0.7,0.1,0.494,mixed
2025-06-18,1417.7563491543892,1430.4468040463896,1413.4931173168031,1417.85546875,6681735,yfinance:RELIANCE.NS,2026-08-05T14:32:12.887897,0.007,0.1541,-1.2975,0.4637,8818363.0,9353032.0,0.7577,0.7144,dry,16.95,1.1957,-1.19,-0.0838,21.26,21.56,0.7175,0.9189,0.4706,-0.36,0.7,0.04,0.512,mixed
2025-06-19,1417.8554020854735,1427.5715425014369,1413.4930508573852,1421.028076171875,10007230,yfinance:RELIANCE.NS,2026-08-05T14:32:12.887897,0.2238,-0.313,-0.5757,-0.6309,9054187.0,9246670.0,1.1053,1.0823,elevated,14.08,0.9907,-0.0,-0.0,19.59,21.08,0.6205,0.919,0.6667,-0.2,0.64,-0.08,0.508,mixed
2025-06-20,1418.7477927518771,1458.4053131642288,1415.8725983169522,1453.6463623046875,29010635,yfinance:RELIANCE.NS,2026-08-05T14:32:12.887897,2.4598,2.4455,2.6823,1.5726,12904858.0,10373458.0,2.248,2.7966,spike,42.53,2.9259,-2.28,-0.1605,22.68,22.33,1.0398,1.0097,15.6667,0.88,0.74,0.14,0.786,strongly_participatory
2025-06-23,1440.5593915455418,1451.266970188698,1429.6535737155343,1444.326904296875,5989078,yfinance:RELIANCE.NS,2026-08-05T14:32:12.887897,0.2615,1.867,1.3215,0.5522,12411055.0,10430765.0,0.4826,0.5742,dry,21.61,1.4964,-13.09,-0.9003,23.91,22.41,1.0173,0.8977,0.4286,-0.4,0.7,0.06,0.506,mixed
2025-06-24,1452.4565437947847,1462.3709229333156,1430.7440292763747,1438.378173828125,16402744,yfinance:RELIANCE.NS,2026-08-05T14:32:12.887897,-0.9693,1.221,1.3695,0.8551,13618284.0,10618881.0,1.2045,1.5447,elevated,31.63,2.1988,8.13,0.5629,25.84,23.24,1.0366,0.8852,1.7778,0.28,0.72,0.2,0.664,strengthened
2025-06-25,1451.4652666586912,1459.7933702625824,1447.9952335758323,1454.737060546875,7525851,yfinance:RELIANCE.NS,2026-08-05T14:32:12.887897,0.2254,0.075,2.6012,1.2699,13787108.0,10697943.0,0.5459,0.7035,dry,11.8,0.811,13.09,0.9099,26.73,22.56,1.0368,0.8846,4.5556,0.64,0.8,0.22,0.77,strongly_participatory
2025-06-26,1456.5214458748071,1485.9672251547677,1452.55569413543,1482.4971923828125,14657893,yfinance:RELIANCE.NS,2026-08-05T14:32:12.887897,1.7834,2.6428,4.3257,3.725,14717240.0,10742242.0,0.996,1.3645,normal,33.41,2.2537,1.78,0.1227,30.6,23.91,1.0979,0.8653,5.25,0.68,0.84,0.3,0.802,strongly_participatory
2025-06-27,1486.562042101208,1508.9685148979506,1484.0834473001275,1502.425048828125,11117052,yfinance:RELIANCE.NS,2026-08-05T14:32:12.887897,1.0671,4.4527,3.3556,6.1279,11138524.0,10608670.0,0.9981,1.0479,normal,24.89,1.6563,4.06,0.2742,27.38,24.81,1.1173,0.8839,1.3333,0.1429,0.88,0.44,0.7246,strongly_participatory
2025-06-30,1500.838885203447,1511.7447031481738,1483.191240482831,1487.7518310546875,8409527,yfinance:RELIANCE.NS,2026-08-05T14:32:12.887897,-0.872,2.2695,3.0066,4.3678,11622613.0,10624213.0,0.7235,0.7915,dry,28.55,1.9192,-1.59,-0.1056,28.3,25.59,1.1865,0.8873,0.6129,-0.24,0.82,0.18,0.598,strengthened
2025-07-01,1487.751818338647,1518.2881567329412,1487.256099345396,1515.3138427734375,10368523,yfinance:RELIANCE.NS,2026-08-05T14:32:12.887897,1.8526,2.2136,5.3488,6.7915,10415769.0,10580008.0,0.9955,0.98,normal,31.03,2.0479,-0.0,-0.0,28.18,25.67,1.1558,0.9205,1.0,0.0,0.78,0.22,0.634,strengthened
2025-07-02,1515.3139235508756,1516.9002002088089,1495.7825215605471,1505.796142578125,6361002,yfinance:RELIANCE.NS,2026-08-05T14:32:12.887897,-0.6281,0.2244,3.5098,6.2024,10182799.0,10491717.0,0.6247,0.6063,dry,21.12,1.4024,0.0,0.0,28.12,25.58,1.2085,0.9317,0.9231,-0.04,0.74,0.18,0.606,strengthened
2025-07-03,1507.7788792727886,1518.783816287235,1500.0456148706696,1504.8045654296875,11283291,yfinance:RELIANCE.NS,2026-08-05T14:32:12.887897,-0.1973,1.1462,1.5047,5.8955,9507879.0,10370040.0,1.1867,1.0881,elevated,18.74,1.2452,1.98,0.1317,25.18,24.98,1.228,0.9156,0.7241,-0.16,0.7,0.18,0.566,strengthened
2025-07-04,1510.9515946827762,1516.900223008299,1504.2097675037892,1514.223388671875,6603501,yfinance:RELIANCE.NS,2026-08-05T14:32:12.887897,0.2165,-0.072,0.7853,4.1672,8605169.0,10291108.0,0.7674,0.6417,dry,12.69,0.8381,6.15,0.4085,22.43,24.62,1.0165,0.8843,1.7778,0.28,0.8,0.0,0.676,strengthened
2025-07-07,1513.5291857359532,1531.5734294639212,1511.942909183805,1528.3016357421875,7251074,yfinance:RELIANCE.NS,2026-08-05T14:32:12.887897,0.976,1.4946,2.7256,5.8141,8373478.0,10259405.0,0.866,0.7068,dry,19.63,1.2845,-0.69,-0.0458,20.64,24.45,1.0404,0.8975,0.8519,-0.08,0.78,0.12,0.608,strengthened
2025-07-08,1522.8487819842126,1531.6726044702705,1517.0983931213486,1524.43505859375,7171261,yfinance:RELIANCE.NS,2026-08-05T14:32:12.887897,0.1042,1.3045,0.6019,5.9829,7734026.0,10222309.0,0.9272,0.7015,normal,14.57,0.956,-5.45,-0.3568,17.35,24.28,0.9402,0.8937,1.0,0.0,0.8,0.14,0.634,strengthened
2025-07-09,1523.5426661942138,1537.7202774459709,1497.170440637757,1505.9942626953125,8870660,yfinance:RELIANCE.NS,2026-08-05T14:32:12.887897,-1.1518,-0.5435,0.0132,3.5235,8235957.0,10256057.0,1.0771,0.8649,normal,40.55,2.6926,-0.89,-0.0585,21.24,26.17,1.0692,0.9181,0.7857,-0.12,0.78,0.06,0.594,strengthened
2025-07-10,1506.688311848956,1511.645501953118,1494.5928164048603,1504.209716796875,10047129,yfinance:RELIANCE.NS,2026-08-05T14:32:12.887897,-0.1645,-1.5764,-0.0395,1.4646,7988725.0,10317008.0,1.2577,0.9738,elevated,17.05,1.1337,0.69,0.0461,20.9,24.35,0.9419,0.9186,0.2821,-0.56,0.76,0.0,0.492,mixed
2025-07-11,1499.0542783474266,1502.0285923917668,1477.540121836759,1482.3980712890625,7234991,yfinance:RELIANCE.NS,2026-08-05T14:32:12.887897,-1.1111,-2.7575,-2.1018,-1.333,8115023.0,10190893.0,0.8916,0.7099,dry,24.49,1.6519,-5.16,-0.3427,23.7,24.54,0.9504,0.9462,0.2821,-0.56,0.68,-0.22,0.438,weakened
2025-07-14,1479.4236826617216,1487.156947197204,1466.4358695278945,1470.9964599609375,10311846,yfinance:RELIANCE.NS,2026-08-05T14:32:12.887897,-0.5696,-2.3239,-3.7496,-1.1262,8727177.0,10283581.0,1.1816,1.0027,elevated,20.72,1.4086,-2.97,-0.2006,23.91,23.76,0.9276,0.9538,0.7857,-0.12,0.6,-0.18,0.498,mixed
2025-07-15,1473.4750846086956,1483.6869442622558,1469.7076928815193,1472.6820068359375,8132454,yfinance:RELIANCE.NS,2026-08-05T14:32:12.887897,-0.0538,-2.096,-3.3949,-2.8134,8919416.0,10171874.0,0.9118,0.7995,normal,13.98,0.9492,2.48,0.1685,23.79,23.23,0.6407,0.9246,2.5714,0.44,0.72,-0.02,0.674,strengthened
2025-07-16,1460.388154594461,1478.234038357326,1458.9009976142222,1472.8802490234375,10409983,yfinance:RELIANCE.NS,2026-08-05T14:32:12.887897,0.8554,-0.6421,-2.1988,-2.1859,9227281.0,10358286.0,1.1282,1.005,elevated,19.33,1.3126,-12.29,-0.8348,19.55,22.22,0.7131,0.9301,0.8148,-0.102,0.72,0.12,0.5796,strengthened
2025-07-17,1474.664850799291,1476.845965908467,1461.2804382949057,1463.759033203125,11854613,yfinance:RELIANCE.NS,2026-08-05T14:32:12.887897,-0.7395,-0.492,-2.6892,-2.7276,9588777.0,10450655.0,1.2363,1.1343,elevated,15.57,1.0634,1.78,0.1212,19.25,21.44,0.7406,0.9269,0.6129,-0.24,0.66,-0.04,0.512,mixed
2025-07-18,1472.0871292027396,1472.0871292027396,1456.521480639079,1463.3624267578125,10296318,yfinance:RELIANCE.NS,2026-08-05T14:32:12.887897,-0.5927,-0.6328,-1.2841,-3.3589,10201043.0,9514940.0,1.0093,1.0821,normal,15.57,1.0637,8.33,0.569,17.03,20.52,0.7386,0.934,0.4286,-0.4,0.6,-0.14,0.446,weakened
2025-07-21,1452.456653118394,1463.362470991638,1410.9153771961903,1416.3682861328125,22442744,yfinance:RELIANCE.NS,2026-08-05T14:32:12.887897,-2.4846,-3.8368,-3.7137,-7.324,12627222.0,10337623.0,1.7773,2.171,spike,52.45,3.7029,-10.91,-0.7453,23.38,22.05,0.8969,1.0364,1.2727,0.12,0.68,-0.14,0.582,strengthened
2025-07-22,1415.178583447059,1419.640054314783,1398.6214967228643,1400.70361328125,20396320,yfinance:RELIANCE.NS,2026-08-05T14:32:12.887897,-1.0228,-4.3078,-4.8876,-8.1165,15079996.0,10537302.0,1.3525,1.9356,elevated,21.02,1.5006,-1.19,-0.084,24.79,22.04,0.8702,1.043,0.5625,-0.28,0.58,-0.08,0.468,mixed
2025-07-23,1413.7905031420296,1413.7905031420296,1402.2898472373463,1412.4024658203125,8354596,yfinance:RELIANCE.NS,2026-08-05T14:32:12.887897,-0.0982,-3.4824,-4.1061,-6.2146,14668918.0,10578739.0,0.5695,0.7898,dry,11.5,0.8143,13.09,0.9343,23.54,21.63,0.8737,1.0419,3.1667,0.52,0.62,-0.04,0.648,strengthened
2025-07-24,1407.0486714179167,1410.8161839876018,1384.0473596954969,1390.8883056640625,14740507,yfinance:RELIANCE.NS,2026-08-05T14:32:12.887897,-1.1485,-1.799,-4.9783,-7.5336,15246097.0,10582870.0,0.9668,1.3929,normal,26.77,1.9246,-5.35,-0.3791,26.09,22.75,0.8748,1.052,0.3243,-0.5102,0.56,-0.2,0.402,weakened
2025-07-25,1386.9226057137396,1389.0046012536309,1372.2492752918663,1379.7841796875,11854722,yfinance:RELIANCE.NS,2026-08-05T14:32:12.887897,-0.5147,-1.4935,-5.7114,-6.9222,15557778.0,10619753.0,0.762,1.1163,dry,16.76,1.2143,-3.97,-0.2851,26.71,22.68,0.8637,1.0531,0.2195,-0.64,0.36,-0.38,0.278,deteriorated
2025-07-28,1380.379191620021,1395.746480796028,1373.1416457270684,1375.7193603515625,7748361,yfinance:RELIANCE.NS,2026-08-05T14:32:12.887897,-0.3376,-2.5972,-2.8699,-6.477,12618901.0,10586695.0,0.614,0.7319,dry,22.6,1.6431,0.6,0.0431,20.74,23.26,0.8688,1.0415,0.5625,-0.28,0.34,-0.44,0.336,weakened
2025-07-29,1371.1587845273314,1408.0402305383973,1371.1587845273314,1404.966796875,10750072,yfinance:RELIANCE.NS,2026-08-05T14:32:12.887897,2.4657,1.0122,0.3044,-4.5981,10689652.0,10605772.0,1.0057,1.0136,normal,36.88,2.6251,-4.56,-0.3315,23.91,22.99,1.305,1.1244,2.8462,0.48,0.38,-0.38,0.51,mixed
2025-07-30,1405.9582375902166,1411.1137879299629,1389.3021514025702,1398.0267333984375,7209849,yfinance:RELIANCE.NS,2026-08-05T14:32:12.887897,-0.5641,1.3221,-1.0178,-5.0821,10460702.0,10648215.0,0.6892,0.6771,dry,21.81,1.5602,0.99,0.0706,25.66,23.33,1.2331,1.129,1.0,0.0,0.42,-0.02,0.466,mixed
2025-07-31,1376.215001569177,1390.5908519212596,1370.365493427784,1378.2969970703125,17065827,yfinance:RELIANCE.NS,2026-08-05T14:32:12.887897,0.1513,0.1874,-0.9053,-5.8385,10925766.0,10937341.0,1.562,1.5603,spike,20.23,1.4674,-21.81,-1.5602,25.52,23.41,1.2463,1.1286,0.3158,-0.52,0.38,-0.26,0.322,weakened
2025-08-01,1375.025384070285,1393.8627060383,1372.4476694796913,1381.76708984375,10321171,yfinance:RELIANCE.NS,2026-08-05T14:32:12.887897,0.4903,-1.6513,0.1437,-5.5759,10619056.0,11123225.0,0.9719,0.9279,normal,21.42,1.5498,-3.27,-0.2374,26.07,23.45,1.2758,1.0321,0.3158,-0.52,0.28,-0.36,0.272,deteriorated
2025-08-04,1383.155066191865,1403.975263237478,1379.7841529413568,1399.4146728515625,6312820,yfinance:RELIANCE.NS,2026-08-05T14:32:12.887897,1.1755,0.0993,1.7224,-1.197,10331948.0,11076312.0,0.611,0.5699,dry,24.19,1.7287,1.39,0.1004,26.39,24.18,1.0935,1.0561,6.0,0.7143,0.36,-0.18,0.5689,strengthened
2025-08-05,1398.918980991344,1398.918980991344,1376.2150271869518,1379.7841796875,9315972,yfinance:RELIANCE.NS,2026-08-05T14:32:12.887897,-1.3678,0.1079,-1.7924,-1.4935,10045128.0,11183548.0,0.9274,0.833,normal,22.7,1.6455,-0.5,-0.0354,23.66,24.46,1.136,1.0703,0.9231,-0.04,0.38,-0.02,0.442,weakened
2025-08-06,1379.9825595355662,1383.9483114870873,1371.456217044825,1380.8748779296875,5834312,yfinance:RELIANCE.NS,2026-08-05T14:32:12.887897,0.0647,-0.0646,-1.2269,-2.2322,9770020.0,11031730.0,0.5972,0.5289,dry,12.49,0.9047,0.2,0.0144,21.79,24.24,1.1352,1.0692,0.3889,-0.44,0.32,-0.14,0.326,weakened
2025-08-07,1375.818389126872,1381.7670168023217,1354.3042341107182,1377.50390625,9976705,yfinance:RELIANCE.NS,2026-08-05T14:32:12.887897,0.1225,-1.5657,-0.0575,-0.9623,8352196.0,11028209.0,1.1945,0.9047,elevated,27.46,1.9937,-5.06,-0.3662,21.75,25.09,1.0556,1.0107,1.6667,0.25,0.3,-0.28,0.442,weakened
2025-08-08,1373.1415514013454,1385.2370458989403,1353.312792536344,1356.0888671875,8793606,yfinance:RELIANCE.NS,2026-08-05T14:32:12.887897,-1.2419,-1.7173,-1.8584,-1.7173,8046683.0,11106140.0,1.0928,0.7918,normal,31.92,2.3541,-4.36,-0.3167,23.85,23.62,1.1303,1.0039,0.25,-0.6,0.24,-0.12,0.264,deteriorated
2025-08-11,1358.2700517359046,1376.1159356273254,1349.5453489789295,1374.331298828125,9997486,yfinance:RELIANCE.NS,2026-08-05T14:32:12.887897,1.1825,-0.4739,-1.7924,-0.1009,8783616.0,11090422.0,1.1382,0.9015,elevated,26.57,1.9333,2.18,0.1608,24.33,24.02,1.1671,1.0272,11.25,0.8367,0.4,-0.22,0.6053,strengthened
2025-08-12,1370.0682117041065,1389.8969719255274,1363.4255044148415,1368.5810546875,12244664,yfinance:RELIANCE.NS,2026-08-05T14:32:12.887897,-0.1085,-0.6478,-0.8119,-2.5898,9369355.0,11296032.0,1.3069,1.084,elevated,26.47,1.9342,-4.26,-0.3102,24.98,24.98,0.8695,0.9556,0.6129,-0.24,0.36,0.02,0.398,weakened
2025-08-13,1376.115874093997,1379.8833867126675,1365.7057756228248,1370.7620849609375,7457021,yfinance:RELIANCE.NS,2026-08-05T14:32:12.887897,-0.3891,1.082,-0.7323,-1.9502,9693896.0,11148384.0,0.7692,0.6689,dry,14.18,1.0343,7.53,0.5506,25.32,23.96,0.8588,0.953,2.8462,0.48,0.4,0.04,0.56,strengthened
2025-08-14,1370.961308962897,1374.3455639562076,1363.794372575189,1367.4774169921875,7126128,yfinance:RELIANCE.NS,2026-08-05T14:32:12.887897,-0.2541,-0.4987,-0.7279,-0.785,9123781.0,10911960.0,0.781,0.6531,dry,10.55,0.7716,0.2,0.0145,21.94,23.39,0.8609,0.953,0.8519,-0.08,0.4,0.02,0.446,weakened
2025-08-18,1383.602791829514,1388.4802648218374,1370.662621833986,1375.3409423828125,11785109,yfinance:RELIANCE.NS,2026-08-05T14:32:12.887897,-0.5971,0.4939,1.4197,-0.4651,9722082.0,10986400.0,1.2122,1.0727,elevated,17.82,1.2955,16.13,1.1792,19.75,23.27,0.8562,0.9522,3.5455,0.56,0.42,0.32,0.612,strengthened
2025-08-19,1383.6027633741608,1414.460091190419,1382.7068811681168,1413.564208984375,14384719,yfinance:RELIANCE.NS,2026-08-05T14:32:12.887897,2.1655,3.1225,2.8547,1.0111,10599528.0,10583498.0,1.3571,1.3592,elevated,31.75,2.2463,8.26,0.6007,22.26,23.43,1.0586,1.0261,1.1739,0.08,0.46,0.08,0.508,mixed
2025-08-20,1406.4969482421875,1418.342205158243,1403.510755146132,1406.4969482421875,8725641,yfinance:RELIANCE.NS,2026-08-05T14:32:12.887897,0.0,2.8534,2.7705,1.936,9895724.0,9999964.0,0.8818,0.8726,dry,14.83,1.0545,-7.07,-0.5,19.94,22.93,0.9513,1.0253,1.0833,0.04,0.52,0.18,0.534,mixed
2025-08-21,1418.441706715632,1425.3099750709036,1413.7633861810953,1418.24267578125,11021323,yfinance:RELIANCE.NS,2026-08-05T14:32:12.887897,-0.014,3.1194,3.4638,2.7061,10608584.0,10133301.0,1.0389,1.0876,normal,11.55,0.8141,11.94,0.8493,20.86,22.3,0.9519,1.0096,0.96,-0.0204,0.54,0.12,0.5239,mixed
2025-08-22,1413.464698965694,1416.84907536351,1401.4204113959267,1402.71435546875,5818868,yfinance:RELIANCE.NS,2026-08-05T14:32:12.887897,-0.7606,-0.7676,2.5768,1.8302,10347132.0,9687219.0,0.5624,0.6007,dry,15.43,1.0999,-4.78,-0.3369,22.12,21.97,0.9884,1.0156,0.1951,-0.6735,0.46,-0.02,0.3473,weakened
2025-08-25,1408.189065733516,1412.9670232567023,1399.230486508923,1406.0987548828125,5979407,yfinance:RELIANCE.NS,2026-08-05T14:32:12.887897,-0.1484,-0.0283,2.2364,3.6878,9185992.0,9393453.0,0.6509,0.6366,dry,13.74,0.9769,5.47,0.3903,20.66,21.23,0.8917,1.0001,1.7778,0.28,0.5,0.12,0.568,strengthened
2025-08-26,1401.519906786198,1403.5107021083377,1375.241384232256,1378.5262451171875,12145259,yfinance:RELIANCE.NS,2026-08-05T14:32:12.887897,-1.6406,-2.8004,-2.4787,0.3052,8738100.0,9613298.0,1.3899,1.2634,elevated,28.27,2.0507,-4.58,-0.3256,19.01,21.77,0.9581,1.0343,0.2195,-0.64,0.32,-0.04,0.296,deteriorated
2025-08-28,1383.50331940736,1385.7926612650012,1360.2109883890075,1379.521728515625,13161813,yfinance:RELIANCE.NS,2026-08-05T14:32:12.887897,-0.2878,-1.6534,-1.9179,0.7994,9625334.0,9733885.0,1.3674,1.3522,elevated,25.58,1.8544,4.98,0.361,21.16,22.71,0.9584,1.0342,0.3611,-0.4694,0.3,-0.08,0.3181,weakened
2025-08-29,1374.7437651325777,1397.0406983353937,1343.7869203796088,1350.9537353515625,18758842,yfinance:RELIANCE.NS,2026-08-05T14:32:12.887897,-1.7305,-3.9218,-4.7445,-1.4451,11172838.0,10311335.0,1.679,1.8192,spike,53.25,3.9419,-4.78,-0.3463,28.05,24.55,1.0756,1.0519,0.9231,-0.04,0.28,-0.18,0.386,weakened
2025-09-01,1349.759256141992,1356.9260708455383,1334.430107544873,1347.6689453125,11232238,yfinance:RELIANCE.NS,2026-08-05T14:32:12.887897,-0.1549,-2.2384,-3.9242,-1.4485,12255512.0,10019655.0,0.9165,1.121,normal,22.5,1.6692,-1.19,-0.0884,29.19,23.88,1.0768,1.0484,4.5556,0.64,0.38,0.02,0.582,strengthened
2025-09-02,1348.5648331807902,1378.128095842481,1348.2661652716797,1360.2109375,11517006,yfinance:RELIANCE.NS,2026-08-05T14:32:12.887897,0.8636,-1.3998,-3.2635,-1.1001,13363032.0,10079447.0,0.8619,1.1426,dry,29.86,2.1954,0.9,0.0665,32.53,24.16,1.1322,1.0658,1.381,0.16,0.38,0.1,0.494,mixed
2025-09-03,1363.396159328429,1370.1649121838109,1354.2385492379765,1366.2828369140625,7847563,yfinance:RELIANCE.NS,2026-08-05T14:32:12.887897,0.2117,1.1347,-0.8882,-3.3448,12503492.0,10156184.0,0.6276,0.7727,dry,15.93,1.1657,3.19,0.2342,29.54,23.4,0.8058,0.977,2.3333,0.4,0.46,0.12,0.576,strengthened
2025-09-04,1365.4865379446771,1367.676364160165,1350.8541196588233,1353.0440673828125,13223177,yfinance:RELIANCE.NS,2026-08-05T14:32:12.887897,-0.9112,0.3988,-1.9193,-3.8004,12515765.0,10351544.0,1.0565,1.2774,normal,16.82,1.2433,-0.8,-0.0583,27.79,23.59,0.8113,0.9736,0.6129,-0.24,0.46,0.32,0.468,mixed
2025-09-05,1356.7271022727273,1374.6442613636364,1353.0441792852228,1368.671875,5777575,yfinance:RELIANCE.NS,2026-08-05T14:32:12.887897,0.8804,0.622,1.3115,-3.4952,9919512.0,10348708.0,0.5824,0.5583,dry,21.6,1.5782,3.68,0.2722,21.46,24.38,0.909,0.9904,1.0,0.0,0.44,0.04,0.48,mixed
2025-09-08,1373.6488583038629,1379.6212446443146,1366.08385990766,1372.15576171875,6986720,yfinance:RELIANCE.NS,2026-08-05T14:32:12.887897,-0.1087,0.4298,1.817,-2.1785,9070408.0,10199208.0,0.7703,0.685,dry,13.54,0.9866,4.98,0.3636,19.67,23.85,0.901,0.9696,0.8148,-0.102,0.4,0.08,0.4476,weakened
2025-09-09,1370.264394303157,1374.843199236951,1362.4007284883237,1369.8662109375,9754452,yfinance:RELIANCE.NS,2026-08-05T14:32:12.887897,-0.0291,1.2433,0.7098,-2.5768,8717897.0,10247251.0,1.1189,0.9519,elevated,12.44,0.9083,-1.89,-0.1378,16.07,21.94,0.9041,0.9656,2.125,0.36,0.44,0.08,0.556,strengthened
2025-09-10,1377.5308659113482,1382.1096709119122,1367.7759200987732,1370.66259765625,7790815,yfinance:RELIANCE.NS,2026-08-05T14:32:12.887897,-0.4986,0.1454,0.3206,-0.5704,8706548.0,10136917.0,0.8948,0.7686,dry,14.33,1.0458,7.66,0.5595,15.75,21.91,0.778,0.9678,3.1667,0.52,0.6,0.08,0.652,strengthened
2025-09-11,1369.667263854887,1379.1235422027223,1368.6718661340626,1376.9337158203125,9766072,yfinance:RELIANCE.NS,2026-08-05T14:32:12.887897,0.5305,0.3482,1.7656,-0.1876,8015127.0,10012987.0,1.2185,0.9753,elevated,10.45,0.7591,-1.0,-0.0726,14.47,21.31,0.8074,0.8531,0.8519,-0.08,0.52,0.1,0.502,mixed
2025-09-12,1376.9337291414593,1389.873899637371,1374.146566892781,1388.579833984375,7403368,yfinance:RELIANCE.NS,2026-08-05T14:32:12.887897,0.8458,1.3661,1.4545,2.7852,8340285.0,10010305.0,0.8877,0.7396,dry,15.73,1.1326,0.0,0.0,13.3,21.23,0.6158,0.8654,1.1364,0.0638,0.66,0.16,0.5928,strengthened
2025-09-15,1386.5889315301856,1394.3530818320328,1382.209157552439,1392.8599853515625,5396697,yfinance:RELIANCE.NS,2026-08-05T14:32:12.887897,0.4523,1.6195,1.5089,3.3533,8022281.0,9923833.0,0.6727,0.5438,dry,12.14,0.8719,-1.99,-0.1434,13.02,21.12,0.6109,0.8695,0.4286,-0.4,0.6,0.08,0.468,mixed
2025-09-16,1398.2350616507645,1401.5199225726965,1391.7649767809332,1398.8323974609375,8686961,yfinance:RELIANCE.NS,2026-08-05T14:32:12.887897,0.0427,1.5904,2.1145,2.8394,7808783.0,9768926.0,1.1125,0.8892,elevated,9.75,0.6974,5.38,0.3859,12.48,19.61,0.569,0.8639,4.0,0.6,0.68,0.1,0.702,strongly_participatory
2025-09-17,1400.5245819104894,1409.6821922648512,1400.4250664409112,1407.2933349609375,7519417,yfinance:RELIANCE.NS,2026-08-05T14:32:12.887897,0.4833,1.3477,2.6725,3.0016,7754503.0,9425661.0,0.9697,0.7978,normal,9.26,0.6578,1.69,0.121,11.79,18.56,0.5791,0.8387,1.7778,0.28,0.72,0.22,0.666,strengthened
2025-09-18,1413.8628424954393,1415.4554544293835,1404.2074124117412,1408.4876708984375,9332642,yfinance:RELIANCE.NS,2026-08-05T14:32:12.887897,-0.3802,1.122,2.2916,4.0977,7667817.0,9456011.0,1.2171,0.987,elevated,11.25,0.7986,6.57,0.4668,11.94,15.56,0.486,0.8051,2.5,0.4286,0.8,0.24,0.7297,strongly_participatory
2025-09-19,1408.3882121473878,1410.4785229891424,1397.1401696768169,1400.9227294921875,13461373,yfinance:RELIANCE.NS,2026-08-05T14:32:12.887897,-0.5301,0.1494,0.8889,2.3564,8879418.0,9578013.0,1.516,1.4054,spike,13.34,0.9521,-0.1,-0.0071,11.47,14.9,0.4782,0.8096,0.6667,-0.2,0.8,0.26,0.606,strengthened
2025-09-22,1397.438788552637,1404.2074196840813,1381.6119415772491,1384.199951171875,7757970,yfinance:RELIANCE.NS,2026-08-05T14:32:12.887897,-0.9474,-1.641,-0.6217,0.8778,9351673.0,9674968.0,0.8296,0.8019,dry,22.6,1.6324,-3.48,-0.2487,13.56,14.34,0.5782,0.8244,0.5625,-0.28,0.72,0.1,0.542,mixed
2025-09-23,1384.5982372618869,1388.5798281670254,1370.4636381520502,1383.40380859375,14014702,yfinance:RELIANCE.NS,2026-08-05T14:32:12.887897,-0.0863,-1.7809,-1.103,0.9882,10417221.0,10076733.0,1.3453,1.3908,elevated,18.12,1.3095,0.4,0.0288,15.23,14.5,0.5788,0.7958,0.6129,-0.24,0.58,0.08,0.492,mixed
2025-09-24,1378.9244730635044,1389.5751797778832,1374.0470000648747,1376.635009765625,5922759,yfinance:RELIANCE.NS,2026-08-05T14:32:12.887897,-0.166,-1.7337,-2.1785,0.4357,10097889.0,9765608.0,0.5865,0.6065,dry,15.53,1.128,-4.48,-0.3238,16.17,14.4,0.5567,0.7603,0.4706,-0.36,0.62,0.1,0.486,mixed
2025-09-25,1374.942926360271,1378.128150477363,1362.6994857374575,1366.0838623046875,11411143,yfinance:RELIANCE.NS,2026-08-05T14:32:12.887897,-0.6443,-1.3088,-3.0106,-0.788,10513589.0,9678075.0,1.0854,1.1791,normal,15.43,1.1294,-1.69,-0.1229,17.0,13.96,0.5619,0.7666,0.225,-0.6327,0.52,-0.12,0.3695,weakened
2025-09-26,1365.685684712474,1376.3363918134596,1359.7132983361803,1371.2598876953125,9879109,yfinance:RELIANCE.NS,2026-08-05T14:32:12.887897,0.4082,-0.8778,-2.1174,-1.2473,9797137.0,9234088.0,1.0084,1.0699,normal,16.62,1.2122,-0.4,-0.0291,17.66,14.18,0.4936,0.771,0.1111,-0.8,0.46,-0.28,0.296,deteriorated
2025-09-29,1375.2413599514075,1382.6073268149732,1361.703976301572,1366.48193359375,14231999,yfinance:RELIANCE.NS,2026-08-05T14:32:12.887897,-0.6369,-0.7375,-1.28,-1.8938,11091942.0,9384076.0,1.2831,1.5166,elevated,20.9,1.5297,3.98,0.2904,17.32,14.79,0.4687,0.7767,0.9231,-0.04,0.44,-0.22,0.446,weakened
2025-09-30,1370.762097190836,1370.762097190836,1356.5279835173724,1357.722412109375,14604684,yfinance:RELIANCE.NS,2026-08-05T14:32:12.887897,-0.9513,-0.6121,-1.8564,-2.9389,11209939.0,9538460.0,1.3028,1.5311,elevated,14.23,1.0484,4.28,0.3132,16.54,14.78,0.5048,0.787,1.1304,0.0612,0.44,-0.12,0.4762,mixed
2025-10-01,1360.7086293823172,1372.255218175594,1356.4283707523282,1362.4007568359375,12045916,yfinance:RELIANCE.NS,2026-08-05T14:32:12.887897,0.1244,-0.6461,-1.034,-3.19,12434570.0,9748378.0,0.9687,1.2357,normal,15.83,1.1617,2.99,0.2199,16.6,15.17,0.449,0.6602,3.1667,0.52,0.52,-0.06,0.606,strengthened
2025-10-03,1356.926091696157,1365.287456651113,1350.6551591113212,1357.125244140625,12842347,yfinance:RELIANCE.NS,2026-08-05T14:32:12.887897,0.0147,-0.6847,-0.6558,-3.6466,12720811.0,9729336.0,1.0096,1.32,normal,14.63,1.0782,-5.47,-0.4018,16.44,15.09,0.4661,0.6603,1.381,0.16,0.56,0.02,0.558,strengthened
2025-10-06,1353.740909090909,1371.0608538471567,1352.7455113636363,1368.671875,12396580,yfinance:RELIANCE.NS,2026-08-05T14:32:12.887897,1.1029,0.8065,-0.1887,-2.3021,13224305.0,10060286.0,0.9374,1.2322,normal,18.32,1.3382,-3.38,-0.2494,16.78,15.53,0.6446,0.701,1.6316,0.24,0.56,0.08,0.58,strengthened
2025-10-07,1369.667209612737,1389.47564777439,1369.5676941462978,1378.4267578125,11244040,yfinance:RELIANCE.NS,2026-08-05T14:32:12.887897,0.6395,1.1763,0.8741,-0.4171,12626713.0,10273152.0,0.8905,1.0945,dry,19.91,1.4443,1.0,0.0727,16.76,16.32,0.6293,0.7058,0.7857,-0.12,0.62,0.04,0.528,mixed
2025-10-08,1378.426755451918,1382.6073771032557,1358.2201339506064,1361.1068115234375,8525081,yfinance:RELIANCE.NS,2026-08-05T14:32:12.887897,-1.2565,0.2934,0.2493,-1.6117,11410793.0,10211684.0,0.7471,0.8348,dry,24.39,1.7917,-0.0,-0.0,18.79,17.28,0.7419,0.7363,0.4706,-0.36,0.62,-0.08,0.468,mixed
2025-10-09,1367.676424553763,1373.6488106871857,1362.7989515764332,1371.458984375,8826633,yfinance:RELIANCE.NS,2026-08-05T14:32:12.887897,0.2766,0.2036,0.6649,-0.376,10766936.0,10263475.0,0.8198,0.86,dry,10.85,0.7911,6.57,0.4827,18.14,17.38,0.753,0.6834,4.5556,0.64,0.72,0.04,0.72,strongly_participatory
2025-10-10,1371.45898859096,1381.6119964455866,1368.7713419175536,1375.3409423828125,6373084,yfinance:RELIANCE.NS,2026-08-05T14:32:12.887897,0.2831,-0.2239,1.3422,0.6776,9473084.0,10093825.0,0.6728,0.6314,dry,12.84,0.9336,0.0,0.0,17.78,17.34,0.7344,0.6854,2.3333,0.4,0.78,0.12,0.704,strongly_participatory
2025-10-13,1370.5631549835205,1371.3594002602315,1361.505059967041,1368.671875,7600682,yfinance:RELIANCE.NS,2026-08-05T14:32:12.887897,-0.138,0.5558,0.0,-0.1887,8513904.0,10103691.0,0.8927,0.7523,dry,9.85,0.72,-4.78,-0.3474,16.88,16.72,0.7209,0.6092,0.5625,-0.28,0.74,0.08,0.548,mixed
2025-10-14,1373.6488553790207,1381.612037149334,1363.7943936365562,1369.5677490234375,9768174,yfinance:RELIANCE.NS,2026-08-05T14:32:12.887897,-0.2971,-0.1379,-0.6427,0.2258,8218731.0,10322265.0,1.1885,0.9463,elevated,17.82,1.301,4.98,0.3636,16.28,16.69,0.698,0.6109,0.5625,-0.28,0.68,0.0,0.516,mixed
2025-10-15,1376.6350089791804,1377.6304066718624,1366.382364141153,1367.97509765625,10882743,yfinance:RELIANCE.NS,2026-08-05T14:32:12.887897,-0.6291,-0.5356,0.5046,0.7551,8690263.0,10432054.0,1.2523,1.0432,elevated,11.25,0.8222,7.07,0.516,13.66,16.39,0.6564,0.5976,3.5455,0.56,0.74,0.08,0.716,strongly_participatory
2025-10-16,1368.7713249510273,1394.0544503152107,1368.671809484766,1391.8646240234375,12315932,yfinance:RELIANCE.NS,2026-08-05T14:32:12.887897,1.6872,1.6945,1.4879,2.1626,9388123.0,10671880.0,1.3119,1.1541,elevated,25.38,1.8236,0.8,0.0582,16.36,17.15,0.8451,0.6765,6.1429,0.72,0.78,0.26,0.782,strongly_participatory
2025-10-17,1394.5522084059296,1416.7496262080865,1392.6609284325848,1410.279541015625,19335561,yfinance:RELIANCE.NS,2026-08-05T14:32:12.887897,1.1278,2.9726,2.5404,3.9167,11980618.0,11172026.0,1.6139,1.7307,spike,24.09,1.7081,2.69,0.1931,18.77,17.74,0.8945,0.6857,1.7778,0.28,0.82,0.36,0.72,strongly_participatory
2025-10-20,1433.3726108781725,1467.0170999313525,1426.7034952504036,1460.04931640625,24721978,yfinance:RELIANCE.NS,2026-08-05T14:32:12.887897,1.8611,6.7307,6.6764,6.6764,15404878.0,11735056.0,1.6048,2.1067,spike,40.31,2.7611,23.09,1.6375,27.35,20.3,0.9981,0.7471,1.9412,0.32,0.84,0.44,0.744,strongly_participatory
2025-10-21,1461.2438272093502,1467.2162134241023,1453.2806455896807,1458.4566650390625,2066169,yfinance:RELIANCE.NS,2026-08-05T14:32:12.887897,-0.1907,4.7844,6.4903,5.8059,13864477.0,11450466.0,0.149,0.1804,dry,13.94,0.9555,1.19,0.0818,26.58,20.28,1.0064,0.748,1.6316,0.24,0.84,0.16,0.7,strongly_participatory
2025-10-23,1468.2115624957596,1476.0752283864208,1437.9514490416038,1441.7340087890625,18707090,yfinance:RELIANCE.NS,2026-08-05T14:32:12.887897,-1.8034,2.2304,5.3918,5.9236,15429346.0,11685085.0,1.2124,1.6009,elevated,38.12,2.6443,9.75,0.6689,31.95,21.87,1.1084,0.8236,1.0833,0.04,0.88,0.56,0.716,strongly_participatory
2025-10-24,1443.3266994671071,1453.0816457634617,1434.3681199531734,1444.9193115234375,9700837,yfinance:RELIANCE.NS,2026-08-05T14:32:12.887897,0.1103,-1.0363,3.8118,5.3564,14906327.0,11873989.0,0.6508,0.817,dry,18.71,1.2951,1.59,0.1105,30.48,22.16,1.1086,0.8177,0.5625,-0.28,0.86,0.08,0.596,strengthened
2025-10-27,1456.266786847925,1478.16553552233,1451.289798512833,1477.2696533203125,14113867,yfinance:RELIANCE.NS,2026-08-05T14:32:12.887897,1.4422,1.2899,4.7501,7.4112,13861988.0,12009125.0,1.0182,1.1753,normal,26.88,1.8193,11.35,0.7853,32.15,23.23,1.1767,0.8526,2.8462,0.48,0.84,0.26,0.758,strongly_participatory
2025-10-28,1477.26972256393,1485.1333888036677,1470.79963742504,1480.056884765625,17631577,yfinance:RELIANCE.NS,2026-08-05T14:32:12.887897,0.1887,2.6581,1.3703,8.1382,12443908.0,12396749.0,1.4169,1.4223,elevated,14.33,0.9685,0.0,0.0,23.67,22.77,1.1671,0.8405,0.5625,-0.28,0.84,0.18,0.598,strengthened
2025-10-29,1483.1425015536738,1501.3583271895798,1481.2512217130793,1497.277099609375,11884745,yfinance:RELIANCE.NS,2026-08-05T14:32:12.887897,0.953,3.6236,2.6617,9.3248,14407623.0,12279386.0,0.8249,0.9679,dry,20.11,1.3429,3.09,0.2085,25.14,22.55,1.1571,0.8535,1.9412,0.32,0.8,0.32,0.716,strongly_participatory
2025-10-30,1493.0964871305005,1496.1821955688697,1477.1701246011085,1481.6494140625,9318663,yfinance:RELIANCE.NS,2026-08-05T14:32:12.887897,-0.7667,0.2965,2.7686,8.3097,12529938.0,12015085.0,0.7437,0.7756,dry,19.01,1.2832,-4.18,-0.2792,21.54,23.09,1.1724,0.8671,0.3514,-0.48,0.76,0.08,0.516,mixed
2025-10-31,1483.540795005222,1490.6080945575152,1475.4780977270138,1479.5592041015625,8758053,yfinance:RELIANCE.NS,2026-08-05T14:32:12.887897,-0.2684,-0.0336,2.3974,6.3005,12341381.0,11850692.0,0.7096,0.739,dry,15.13,1.0226,1.89,0.1277,20.82,23.25,1.1063,0.8648,0.2821,-0.56,0.74,0.1,0.494,mixed
2025-11-03,1479.1610089962214,1488.1195884585134,1472.4918928888085,1477.866943359375,8452085,yfinance:RELIANCE.NS,2026-08-05T14:32:12.887897,-0.0875,-1.2964,0.0404,4.7925,11209025.0,11631179.0,0.754,0.7267,dry,15.63,1.0574,-0.4,-0.0269,17.3,23.38,1.0671,0.8618,1.1739,0.08,0.72,0.02,0.606,strengthened
2025-11-04,1477.07065615293,1485.9297198935935,1463.334119430687,1466.3203125,10007806,yfinance:RELIANCE.NS,2026-08-05T14:32:12.887897,-0.7278,-1.0346,-0.9281,0.4295,9684270.0,11511740.0,1.0334,0.8694,normal,22.6,1.541,-0.8,-0.0539,18.95,23.72,0.9061,0.8669,0.3158,-0.52,0.64,-0.04,0.448,weakened
2025-11-06,1477.1701896475463,1494.689164899616,1469.406038969176,1489.2144775390625,16772678,yfinance:RELIANCE.NS,2026-08-05T14:32:12.887897,0.8154,0.6526,-0.5385,2.1089,10661857.0,11788172.0,1.5731,1.4228,spike,25.28,1.6977,10.85,0.7399,20.37,24.94,0.9515,0.8588,0.5152,-0.32,0.58,-0.02,0.466,mixed
2025-11-07,1487.7213309001131,1491.5038906434634,1469.1074431042953,1471.19775390625,7821765,yfinance:RELIANCE.NS,2026-08-05T14:32:12.887897,-1.1107,-0.4513,-0.7054,2.0436,10362477.0,11753006.0,0.7548,0.6655,dry,22.4,1.5223,-1.49,-0.1003,20.82,24.68,0.8234,0.8855,1.6316,0.24,0.6,-0.16,0.572,strengthened
2025-11-10,1471.0982430243505,1494.0919049344996,1468.7092643110286,1482.44580078125,7068438,yfinance:RELIANCE.NS,2026-08-05T14:32:12.887897,0.7714,1.0997,0.1951,2.5971,10024554.0,11665096.0,0.7051,0.6059,dry,25.38,1.7122,-0.1,-0.0068,22.87,24.71,0.8543,0.8943,1.7778,0.28,0.62,0.0,0.604,strengthened
2025-11-11,1490.1103850249956,1491.9021495222175,1473.3876547459602,1486.5269775390625,7127506,yfinance:RELIANCE.NS,2026-08-05T14:32:12.887897,-0.2405,-0.1805,0.586,0.6267,9759639.0,11702817.0,0.7303,0.609,dry,18.51,1.2455,7.66,0.517,23.45,21.98,0.7203,0.8861,4.0,0.6,0.6,0.04,0.664,strengthened
2025-11-12,1498.0734942427068,1517.6827797499902,1493.0965058897411,1504.5435791015625,12384459,yfinance:RELIANCE.NS,2026-08-05T14:32:12.887897,0.4319,2.2666,2.6067,1.6544,10234969.0,11942006.0,1.21,1.0371,elevated,24.59,1.6341,11.55,0.7767,25.16,23.21,0.7332,0.8864,2.125,0.36,0.64,0.26,0.654,strengthened
2025-11-13,1508.0275174062697,1515.0948167835015,1499.865304859355,1503.9464111328125,7196443,yfinance:RELIANCE.NS,2026-08-05T14:32:12.887897,-0.2706,1.4503,0.9892,0.4454,8319722.0,11813420.0,0.865,0.6092,dry,15.23,1.0126,3.48,0.2316,22.54,21.58,0.6495,0.8785,0.6129,-0.24,0.62,0.1,0.51,mixed
2025-11-14,1498.5711928131457,1513.900341239272,1498.5711928131457,1511.9095458984375,7682823,yfinance:RELIANCE.NS,2026-08-05T14:32:12.887897,0.8901,1.7075,2.7673,2.0423,8291934.0,11653424.0,0.9265,0.6593,normal,15.33,1.0139,-5.38,-0.3574,21.12,21.34,0.6838,0.8665,1.2727,0.12,0.62,0.02,0.574,strengthened
2025-11-17,1513.900387650411,1516.6874283079178,1504.5436249599409,1511.3123779296875,5871416,yfinance:RELIANCE.NS,2026-08-05T14:32:12.887897,-0.1709,0.4499,1.9472,2.1461,8052529.0,11331198.0,0.7291,0.5182,dry,12.14,0.8035,1.99,0.1317,18.47,19.83,0.6799,0.8687,2.5714,0.44,0.66,0.14,0.666,strengthened
2025-11-18,1514.696568271851,1520.7685911952462,1503.5481631005248,1512.4072265625,11045042,yfinance:RELIANCE.NS,2026-08-05T14:32:12.887897,-0.1511,0.5626,1.741,2.3372,8836037.0,10916672.0,1.25,1.0118,elevated,17.22,1.1386,3.38,0.2239,18.22,20.04,0.6815,0.8701,0.2821,-0.56,0.6,0.04,0.432,weakened
2025-11-19,1510.4164493928115,1515.2939222795571,1505.0412776708577,1511.9095458984375,5692366,yfinance:RELIANCE.NS,2026-08-05T14:32:12.887897,0.0989,0.0,0.4896,3.1091,7497618.0,9965191.0,0.7592,0.5712,dry,10.25,0.6781,-1.99,-0.1316,14.04,19.25,0.6282,0.8513,1.5789,0.2245,0.6,0.1,0.5949,strengthened
2025-11-20,1522.9585089376258,1543.7623455509597,1519.673647863964,1541.9705810546875,18171724,yfinance:RELIANCE.NS,2026-08-05T14:32:12.887897,1.2484,2.0286,2.5283,3.5425,9692674.0,10770469.0,1.8748,1.6872,spike,24.09,1.5622,11.05,0.7308,17.36,20.09,0.694,0.8712,1.45,0.1837,0.7,0.2,0.6367,strengthened
2025-11-21,1533.9078528560988,1550.6305827884978,1533.0119706260582,1539.4820556640625,9615271,yfinance:RELIANCE.NS,2026-08-05T14:32:12.887897,0.3634,1.7902,1.8237,4.6414,10079164.0,10315878.0,0.954,0.9321,normal,17.62,1.1445,-8.06,-0.5229,17.82,20.26,0.5349,0.8312,0.6129,-0.24,0.56,0.04,0.48,mixed
2025-11-24,1542.8663816107544,1542.8663816107544,1524.7501927010492,1528.831298828125,18433951,yfinance:RELIANCE.NS,2026-08-05T14:32:12.887897,-0.9097,1.1192,1.1592,3.129,12591671.0,10752534.0,1.464,1.7144,elevated,18.12,1.185,3.38,0.2198,19.01,20.44,0.6257,0.8549,0.3514,-0.48,0.58,0.06,0.442,weakened
2025-11-25,1528.8313312270848,1552.4222077972818,1518.0809876078647,1532.61376953125,15033482,yfinance:RELIANCE.NS,2026-08-05T14:32:12.887897,0.2474,-0.6068,1.3361,3.1003,13389359.0,10798515.0,1.1228,1.3922,elevated,34.34,2.2407,0.0,0.0,22.44,21.28,0.6126,0.8547,0.5806,-0.2653,0.58,0.02,0.4809,mixed
2025-11-26,1535.2018536795324,1564.366932099549,1533.4100892950655,1562.6748046875,14054299,yfinance:RELIANCE.NS,2026-08-05T14:32:12.887897,1.7895,1.5065,3.3577,3.8637,15061745.0,10619651.0,0.9331,1.3234,normal,30.96,1.981,2.59,0.1689,26.74,21.52,0.7976,0.9034,9.0,0.8,0.66,0.18,0.742,strongly_participatory
2025-11-27,1567.7513003642512,1568.2489991897637,1548.8387449947777,1556.2047119140625,9794643,yfinance:RELIANCE.NS,2026-08-05T14:32:12.887897,-0.7365,1.7905,0.9231,3.4747,13386329.0,10515146.0,0.7317,0.9315,dry,19.41,1.2473,5.08,0.3249,24.25,21.31,0.8476,0.9155,0.8519,-0.08,0.7,0.22,0.586,strengthened
2025-11-28,1560.7835875199362,1574.0224254817672,1555.806599039324,1560.285888671875,8959508,yfinance:RELIANCE.NS,2026-08-05T14:32:12.887897,-0.0319,1.8056,1.3514,3.1997,13255177.0,10497188.0,0.6759,0.8535,dry,18.22,1.1675,4.58,0.2942,24.37,20.8,0.822,0.9032,0.7241,-0.16,0.7,0.14,0.562,strengthened
2025-12-01,1567.7513979315313,1570.2398922139623,1556.403839701944,1558.892333984375,8920233,yfinance:RELIANCE.NS,2026-08-05T14:32:12.887897,-0.5651,-0.2421,1.9663,3.1483,11352433.0,10505297.0,0.7858,0.8491,dry,13.84,0.8876,7.47,0.4785,23.51,20.46,0.8494,0.87,0.8846,-0.0612,0.74,0.14,0.5978,strengthened
2025-12-02,1553.9152843475838,1560.2858537619331,1534.9032130787248,1539.1834716796875,11389150,yfinance:RELIANCE.NS,2026-08-05T14:32:12.887897,-0.948,-1.0938,0.4287,1.7704,10623567.0,10652150.0,1.0721,1.0692,normal,25.38,1.6491,-4.98,-0.3193,21.72,20.05,0.9142,0.8715,0.4706,-0.36,0.72,0.06,0.522,mixed
2025-12-03,1538.0884656023031,1545.255401892265,1525.9446623591427,1531.718017578125,6090883,yfinance:RELIANCE.NS,2026-08-05T14:32:12.887897,-0.4142,-1.8309,-1.981,1.3102,9030883.0,10456304.0,0.6745,0.5825,dry,19.31,1.2607,-1.1,-0.0711,19.23,20.34,0.9258,0.8073,0.3889,-0.44,0.6,-0.02,0.45,weakened
2025-12-04,1528.9308982335338,1553.3181423785347,1510.6155558800758,1528.53271484375,11867930,yfinance:RELIANCE.NS,2026-08-05T14:32:12.887897,-0.026,-1.9475,-1.7782,-0.8715,9445541.0,10211067.0,1.2565,1.1623,elevated,42.7,2.7937,-2.79,-0.182,23.89,22.3,0.8169,0.8066,3.0833,0.5102,0.62,0.14,0.664,strengthened
2025-12-05,1523.356635808528,1538.685784402705,1513.6016899280953,1533.5096435546875,10183266,yfinance:RELIANCE.NS,2026-08-05T14:32:12.887897,0.6665,-0.3686,-1.7161,-0.3879,9690292.0,10329142.0,1.0509,0.9859,normal,25.08,1.6357,-5.18,-0.3386,25.26,23.22,0.8421,0.7389,4.5556,0.64,0.74,0.1,0.734,strongly_participatory
2025-12-08,1532.1161217020071,1543.861863398969,1527.9354998822807,1535.898681640625,11301491,yfinance:RELIANCE.NS,2026-08-05T14:32:12.887897,0.2469,0.2729,-1.475,0.4623,10166544.0,10540794.0,1.1116,1.0722,elevated,15.93,1.0369,-1.39,-0.0909,25.68,23.13,0.7956,0.7395,0.087,-0.84,0.58,-0.1,0.354,weakened
2025-12-09,1533.211064854301,1535.4008911036892,1513.1039592099478,1522.3612060546875,11503971,yfinance:RELIANCE.NS,2026-08-05T14:32:12.887897,-0.7077,-0.4038,-1.0929,-0.669,10189508.0,10759618.0,1.129,1.0692,elevated,22.3,1.4646,-2.69,-0.175,25.16,24.02,0.8225,0.7075,0.5625,-0.28,0.6,-0.32,0.452,mixed
2025-12-10,1526.9401045329791,1540.3779737710463,1524.3520947592017,1529.8267822265625,7991629,yfinance:RELIANCE.NS,2026-08-05T14:32:12.887897,0.189,-0.2402,-0.1235,-2.102,10569657.0,10539976.0,0.7561,0.7582,dry,16.03,1.0476,4.58,0.3008,24.9,23.04,0.52,0.7075,0.9231,-0.04,0.56,-0.1,0.506,mixed
2025-12-11,1529.826707449835,1542.866392660295,1516.98605317051,1537.889404296875,4706197,yfinance:RELIANCE.NS,2026-08-05T14:32:12.887897,0.527,0.1296,0.6121,-1.1769,9137311.0,10415464.0,0.5151,0.4518,dry,25.88,1.6828,-0.0,-0.0,21.54,23.63,0.5372,0.6922,3.0833,0.5102,0.6,-0.12,0.63,strengthened
2025-12-12,1543.6628294631555,1552.62140892391,1538.9843872841,1549.3365478515625,5106655,yfinance:RELIANCE.NS,2026-08-05T14:32:12.887897,0.3675,1.7719,1.0321,-0.7018,8121989.0,10286655.0,0.6287,0.4964,dry,13.64,0.8802,5.77,0.3754,19.47,23.38,0.5578,0.6795,2.8462,0.48,0.64,0.02,0.654,strengthened
2025-12-15,1544.060853330096,1551.4268205626304,1539.3825327747268,1549.037841796875,5774543,yfinance:RELIANCE.NS,2026-08-05T14:32:12.887897,0.3223,1.2558,0.8555,-0.6321,7016599.0,10281812.0,0.823,0.5616,dry,12.04,0.7775,-5.28,-0.3405,18.69,21.79,0.54,0.6787,0.9231,-0.04,0.58,0.0,0.524,mixed
2025-12-16,1537.8894294536826,1544.5585453663573,1531.7180123854912,1535.201904296875,11731856,yfinance:RELIANCE.NS,2026-08-05T14:32:12.887897,-0.1748,-0.1748,0.8435,-0.2587,7062176.0,10316152.0,1.6612,1.1372,spike,12.84,0.8364,-11.15,-0.7197,17.6,20.76,0.4297,0.6796,0.3158,-0.52,0.6,-0.06,0.43,weakened
2025-12-17,1542.8664391614582,1542.8664391614582,1532.2157323461342,1537.292236328125,7116649,yfinance:RELIANCE.NS,2026-08-05T14:32:12.887897,-0.3613,-0.7774,0.488,0.3639,6887180.0,10387367.0,1.0333,0.6851,normal,10.65,0.6928,7.66,0.4993,16.13,20.14,0.423,0.6681,1.0,0.0,0.54,-0.12,0.504,mixed
2025-12-18,1528.1345045583196,1544.3595357154854,1528.1345045583196,1537.292236328125,6580829,yfinance:RELIANCE.NS,2026-08-05T14:32:12.887897,0.5993,-0.7583,-0.0388,0.5731,7262106.0,9807822.0,0.9062,0.671,normal,16.23,1.0554,-9.16,-0.5957,14.19,19.99,0.447,0.661,0.96,-0.0204,0.52,-0.08,0.4959,mixed
2025-12-19,1547.2461442463334,1566.9549449740823,1543.8617679066683,1557.8968505859375,13937275,yfinance:RELIANCE.NS,2026-08-05T14:32:12.887897,0.6884,1.4783,0.5525,1.5903,9028230.0,10023922.0,1.5437,1.3904,spike,23.09,1.4823,9.95,0.6475,17.18,21.12,0.4498,0.6316,6.1429,0.72,0.58,0.18,0.694,strengthened
2025-12-22,1566.2582562309594,1570.2398469681211,1558.0960438231807,1568.1495361328125,10184852,yfinance:RELIANCE.NS,2026-08-05T14:32:12.887897,0.1208,2.0073,1.2338,2.0998,9910292.0,9611467.0,1.0277,1.0597,normal,12.14,0.7744,8.36,0.5367,17.24,20.19,0.4491,0.6197,3.5455,0.56,0.6,0.16,0.668,strengthened
2025-12-23,1573.6241984599117,1573.6241984599117,1560.8830596994949,1563.4710693359375,7506564,yfinance:RELIANCE.NS,2026-08-05T14:32:12.887897,-0.6452,1.7029,1.8414,2.7004,9065234.0,9235121.0,0.8281,0.8128,dry,12.74,0.8149,5.47,0.3491,16.32,19.72,0.436,0.6317,1.0833,0.04,0.6,0.14,0.562,strengthened
2025-12-24,1565.4619535362338,1568.448146711295,1546.4498812900458,1551.0286865234375,8815745,yfinance:RELIANCE.NS,2026-08-05T14:32:12.887897,-0.922,-0.4409,0.8935,1.3859,9405053.0,8973193.0,0.9373,0.9825,normal,22.0,1.4183,1.99,0.1273,18.59,18.24,0.5542,0.6544,0.7857,-0.12,0.58,0.12,0.52,mixed
2025-12-26,1547.5447581940157,1553.8158123179846,1547.1466963201517,1552.0240478515625,2311495,yfinance:RELIANCE.NS,2026-08-05T14:32:12.887897,0.2894,-1.0283,0.9583,0.9191,8551186.0,8599036.0,0.2703,0.2688,dry,6.67,0.4297,-3.48,-0.2246,16.68,16.93,0.5364,0.653,0.5625,-0.28,0.56,0.02,0.47,mixed
2025-12-29,1547.7439417510202,1550.9291658570105,1536.495898892566,1538.4866943359375,5972105,yfinance:RELIANCE.NS,2026-08-05T14:32:12.887897,-0.5981,-1.598,-1.2459,-0.7003,6958152.0,8449666.0,0.8583,0.7068,dry,14.43,0.9381,-4.28,-0.2758,13.86,16.9,0.5552,0.6445,0.3889,-0.44,0.52,0.0,0.42,weakened
2025-12-30,1539.8801935176689,1546.449793829553,1530.7225835687998,1532.71337890625,8815884,yfinance:RELIANCE.NS,2026-08-05T14:32:12.887897,-0.4654,-1.1808,-2.2597,-1.0538,6684359.0,8444448.0,1.3189,1.044,elevated,15.73,1.0261,1.39,0.0906,14.53,16.4,0.5495,0.6496,0.5625,-0.28,0.56,0.0,0.468,mixed
2025-12-31,1533.9078900841737,1569.7422080874378,1533.9078900841737,1563.172607421875,5771830,yfinance:RELIANCE.NS,2026-08-05T14:32:12.887897,1.9079,0.7183,-0.0191,1.822,6337412.0,8163582.0,0.9108,0.707,normal,35.83,2.2924,1.19,0.0779,19.39,17.75,0.8502,0.7358,6.1429,0.72,0.64,0.2,0.72,strongly_participatory
2026-01-01,1566.457230908256,1585.1707553042595,1563.8692213237453,1568.3485107421875,6408128,yfinance:RELIANCE.NS,2026-08-05T14:32:12.887897,0.1207,1.941,1.1167,2.0202,5855888.0,8179445.0,1.0943,0.7834,normal,21.3,1.3582,3.28,0.2101,19.39,17.48,0.8371,0.7358,2.125,0.36,0.62,0.24,0.644,strengthened
2026-01-02,1572.7283614795997,1587.2611435561273,1570.9365970213464,1584.9718017578125,6602230,yfinance:RELIANCE.NS,2026-08-05T14:32:12.887897,0.7785,3.4095,2.1229,3.1015,6714035.0,7916160.0,0.9833,0.834,normal,16.32,1.03,4.38,0.2793,21.84,17.77,0.8506,0.7146,3.1667,0.52,0.72,0.32,0.724,strongly_participatory
2026-01-05,1585.6684856930358,1604.3820104615531,1568.049995566515,1570.8370361328125,8704973,yfinance:RELIANCE.NS,2026-08-05T14:32:12.887897,-0.9353,0.4903,2.1027,0.8306,7260609.0,7842245.0,1.1989,1.11,elevated,36.33,2.3129,0.7,0.044,26.0,19.51,0.8858,0.7345,1.0,0.0,0.76,0.46,0.65,strengthened
2026-01-06,1561.77894010158,1561.77894010158,1489.4135782872731,1500.6614990234375,27417125,yfinance:RELIANCE.NS,2026-08-05T14:32:12.887897,-3.9133,-4.3158,-2.0912,-4.3037,10980857.0,8648027.0,2.4968,3.1703,spike,72.37,4.8222,-9.06,-0.5766,39.14,24.09,1.5075,1.0157,2.125,0.36,0.78,0.32,0.716,strongly_participatory
2026-01-07,1503.0504545946628,1513.004431115157,1491.1056827700695,1497.277099609375,11199340,yfinance:RELIANCE.NS,2026-08-05T14:32:12.887897,-0.3841,-5.5329,-4.2155,-4.2338,12066359.0,8632795.0,0.9281,1.2973,normal,21.9,1.4626,2.39,0.1592,36.11,24.89,1.5058,1.0151,0.6897,-0.1837,0.74,0.2,0.5793,strengthened
2026-01-08,1493.0965028672745,1496.9785780764305,1462.040144211037,1463.831787109375,16518684,yfinance:RELIANCE.NS,2026-08-05T14:32:12.887897,-1.96,-6.812,-6.6641,-5.6219,14088470.0,9059148.0,1.1725,1.8234,elevated,34.94,2.3868,-4.18,-0.2792,38.76,26.25,1.5788,1.0042,0.0652,-0.8776,0.62,0.0,0.3725,weakened
2026-01-09,1458.2576091430024,1473.0890589574892,1458.2576091430024,1468.51025390625,8335311,yfinance:RELIANCE.NS,2026-08-05T14:32:12.887897,0.7031,-2.1425,-7.3479,-5.381,14435087.0,9240604.0,0.5774,0.902,dry,14.83,1.01,-5.57,-0.3808,37.94,25.19,1.6074,1.0137,0.3514,-0.48,0.56,-0.12,0.416,weakened
2026-01-12,1468.510234890672,1478.464211615997,1444.322022844729,1476.373779296875,8883745,yfinance:RELIANCE.NS,2026-08-05T14:32:12.887897,0.5355,-1.3961,-6.0136,-4.0373,14470841.0,9429458.0,0.6139,0.9421,dry,34.14,2.3126,-0.0,-0.0,37.51,26.75,1.6375,1.0219,3.1667,0.52,0.6,-0.32,0.612,strengthened
2026-01-13,1478.165525590484,1478.9618923221497,1438.050951275772,1446.11376953125,13499760,yfinance:RELIANCE.NS,2026-08-05T14:32:12.887897,-2.1683,-1.2104,-3.6349,-5.6501,11687368.0,9815719.0,1.1551,1.3753,elevated,40.91,2.829,1.79,0.1214,29.4,28.76,1.7351,1.0836,0.6129,-0.24,0.56,-0.1,0.466,mixed
2026-01-14,1437.3542473990606,1460.2483939989072,1433.5716876182923,1452.086181640625,8321764,yfinance:RELIANCE.NS,2026-08-05T14:32:12.887897,1.0249,-1.1184,-3.0182,-7.1065,11111853.0,9645214.0,0.7489,0.8628,dry,26.68,1.8371,-8.76,-0.6057,30.36,29.09,1.6155,1.0975,0.6667,-0.2,0.52,-0.02,0.466,mixed
2026-01-15,1452.086181640625,1452.086181640625,1452.086181640625,1452.086181640625,0,yfinance:RELIANCE.NS,2026-08-05T14:32:12.887897,0.0,-1.6451,-0.8024,-7.413,7808116.0,9289382.0,0.0,0.0,dry,0.0,0.0,0.0,0.0,23.31,28.62,1.6098,1.0968,0.0,0.0,0.5,0.0,0.5,mixed
2026-01-16,1452.0861898343726,1473.1885721290346,1448.4031454989463,1451.1903076171875,17167161,yfinance:RELIANCE.NS,2026-08-05T14:32:12.887897,-0.0617,0.351,-1.1794,-8.4406,9574486.0,9818699.0,1.793,1.7484,spike,24.79,1.7079,0.0,0.0,25.3,29.28,1.5488,1.0966,0.7241,-0.16,0.5,-0.08,0.46,mixed
2026-01-19,1443.9238298491432,1443.9238298491432,1396.8415931572963,1407.0941162109375,20392765,yfinance:RELIANCE.NS,2026-08-05T14:32:12.887897,-2.5507,-3.0984,-4.6926,-10.4239,11876290.0,10141473.0,1.7171,2.0108,spike,47.08,3.3461,-7.27,-0.5007,29.34,32.04,1.6548,1.1699,0.7241,-0.16,0.48,-0.12,0.448,weakened
2026-01-20,1404.207443054835,1409.4830993039366,1383.6027599099375,1387.5843505859375,13189498,yfinance:RELIANCE.NS,2026-08-05T14:32:12.887897,-1.1838,-4.442,-4.0474,-7.5352,11814238.0,10291705.0,1.1164,1.2816,elevated,25.88,1.8651,-2.89,-0.2052,26.34,31.24,1.2815,1.1782,0.0417,-0.92,0.4,-0.34,0.242,deteriorated
2026-01-21,1383.105138772638,1406.397469837406,1366.681076311502,1398.1356201171875,17352720,yfinance:RELIANCE.NS,2026-08-05T14:32:12.887897,1.0867,-3.6559,-3.7154,-6.6215,13620429.0,10784013.0,1.274,1.6091,elevated,39.72,2.8407,-4.48,-0.3228,28.95,32.51,1.3894,1.2018,0.5152,-0.32,0.38,-0.5,0.338,weakened
2026-01-22,1403.610286379211,1412.9670491536458,1388.5798052619484,1396.0452880859375,15721693,yfinance:RELIANCE.NS,2026-08-05T14:32:12.887897,-0.539,-0.7852,-3.8593,-4.6308,16764767.0,11129311.0,0.9378,1.4126,normal,24.39,1.7469,5.47,0.3916,33.82,32.9,1.2876,1.2003,4.0,0.6,0.44,-0.06,0.59,strengthened
2026-01-23,1395.348519642108,1400.5245389866304,1374.6441992470054,1379.720703125,9837802,yfinance:RELIANCE.NS,2026-08-05T14:32:12.887897,-1.12,-0.5667,-4.9249,-6.0462,15298896.0,11505626.0,0.643,0.855,dry,25.88,1.8758,-0.7,-0.0499,34.04,32.15,1.2561,1.2007,0.3158,-0.52,0.38,-0.18,0.33,weakened
2026-01-27,1373.6487855396597,1385.195374217857,1361.7040134914885,1374.146484375,26302396,yfinance:RELIANCE.NS,2026-08-05T14:32:12.887897,0.0362,-1.7158,-2.3415,-6.9242,16480822.0,12522140.0,1.5959,2.1005,spike,23.49,1.7095,-6.07,-0.4401,27.87,28.01,1.2198,1.1958,2.125,0.36,0.46,-0.2,0.536,mixed
2026-01-28,1378.6257466723232,1403.4111724845943,1378.526231208921,1390.2718505859375,11121657,yfinance:RELIANCE.NS,2026-08-05T14:32:12.887897,0.8448,-0.4136,0.1937,-3.8615,16067254.0,12637429.0,0.6922,0.8801,dry,24.88,1.7899,4.48,0.326,28.55,28.54,1.1448,1.2093,2.3333,0.4,0.42,0.06,0.554,strengthened
2026-01-29,1396.4434009824272,1396.4434009824272,1377.6303609139109,1384.59814453125,20846683,yfinance:RELIANCE.NS,2026-08-05T14:32:12.887897,-0.8482,0.3535,-0.9683,-4.6477,16766046.0,13391172.0,1.2434,1.5567,elevated,18.81,1.3587,6.17,0.4439,24.37,27.37,1.0641,1.2129,0.8462,-0.0833,0.4,0.02,0.4453,weakened
2026-01-30,1376.236766748553,1391.5659148620384,1372.1556606847782,1388.9779052734375,11239835,yfinance:RELIANCE.NS,2026-08-05T14:32:12.887897,0.9258,1.0793,-0.5062,-4.346,15869675.0,13632757.0,0.7083,0.8245,dry,19.41,1.3974,-8.36,-0.6039,23.37,27.69,1.1434,1.2344,1.0833,0.04,0.4,-0.04,0.464,mixed
2026-02-02,1333.8329085367304,1386.4894707948447,1329.35361891851,1384.0009765625,15711165,yfinance:RELIANCE.NS,2026-08-05T14:32:12.887897,3.7612,-0.4511,0.3102,-4.6299,17044347.0,14088204.0,0.9218,1.1152,normal,57.14,4.1283,-55.14,-3.9702,30.12,29.51,1.7338,1.4319,0.2821,-0.56,0.4,-0.28,0.32,weakened
2026-02-03,1467.1166446366906,1482.6448239290096,1423.617693715007,1430.4859619140625,25456171,yfinance:RELIANCE.NS,2026-08-05T14:32:12.887897,-2.4968,3.3142,4.1,1.6624,16875102.0,14925764.0,1.5085,1.7055,spike,59.03,4.1264,83.12,6.0055,45.15,33.64,1.7249,1.4823,11.5,0.84,0.54,0.34,0.718,strongly_participatory
2026-02-04,1437.3543194605445,1457.2622740237098,1433.6713964697635,1450.095458984375,8333387,yfinance:RELIANCE.NS,2026-08-05T14:32:12.887897,0.8864,4.4002,4.303,4.505,16317448.0,13971577.0,0.5107,0.5965,dry,23.59,1.6268,6.87,0.4801,44.65,33.64,1.6846,1.4962,2.3333,0.4,0.56,0.0,0.604,strengthened
2026-02-05,1450.2944646433757,1454.7737543419996,1432.8750047042822,1436.757080078125,11763658,yfinance:RELIANCE.NS,2026-08-05T14:32:12.887897,-0.9334,3.8119,3.7671,2.7624,14500843.0,13999793.0,0.8112,0.8403,dry,21.9,1.5242,0.2,0.0137,45.27,35.21,1.6947,1.4996,0.6129,-0.24,0.5,0.06,0.458,mixed
2026-02-06,1434.865799564727,1446.113842295832,1426.9026178813986,1444.123046875,8277304,yfinance:RELIANCE.NS,2026-08-05T14:32:12.887897,0.6452,0.9533,3.9702,3.4439,13908337.0,13587724.0,0.5951,0.6092,dry,19.21,1.3303,-1.89,-0.1316,45.23,34.81,1.6902,1.5035,0.7857,-0.12,0.52,-0.02,0.482,mixed
2026-02-09,1451.2898835062008,1459.153549837875,1446.3128948796364,1454.873291015625,5775864,yfinance:RELIANCE.NS,2026-08-05T14:32:12.887897,0.2469,0.3295,5.1208,5.4469,11921277.0,13459751.0,0.4845,0.4291,dry,12.84,0.8826,7.17,0.4963,36.31,32.0,1.6284,1.503,2.8462,0.48,0.56,0.34,0.654,strengthened
2026-02-10,1464.2299462371711,1464.2299462371711,1445.5164217743147,1451.7874755859375,10259630,yfinance:RELIANCE.NS,2026-08-05T14:32:12.887897,-0.8498,1.0461,1.4891,5.6501,8881969.0,13528546.0,1.1551,0.7584,elevated,18.71,1.289,9.36,0.6431,20.33,31.49,1.6684,1.5059,1.2273,0.102,0.6,0.2,0.5804,strengthened
2026-02-11,1452.882456999606,1463.234617369774,1446.91007080626,1461.9405517578125,7106877,yfinance:RELIANCE.NS,2026-08-05T14:32:12.887897,0.6235,1.2338,0.8168,5.155,8636667.0,13208902.0,0.8229,0.538,dry,16.32,1.1166,1.09,0.0754,18.24,29.82,1.6606,1.5131,1.2727,0.12,0.64,0.2,0.6,strengthened
2026-02-12,1463.2345557130195,1466.2207486838624,1438.8473131178023,1442.231689453125,11135399,yfinance:RELIANCE.NS,2026-08-05T14:32:12.887897,-1.4354,-0.8689,0.381,4.1625,8511015.0,13349583.0,1.3084,0.8341,elevated,27.37,1.898,1.29,0.0885,19.33,30.03,1.7112,1.4757,0.7857,-0.12,0.62,0.1,0.534,mixed
2026-02-13,1438.8473526451965,1444.0233720001163,1409.7817888672505,1413.0665283203125,10755693,yfinance:RELIANCE.NS,2026-08-05T14:32:12.887897,-1.7918,-2.6671,-2.1505,1.7343,9006693.0,13887368.0,1.1942,0.7745,elevated,34.24,2.4232,-3.38,-0.2347,22.34,30.63,1.7862,1.4978,0.1628,-0.72,0.52,-0.08,0.356,weakened
2026-02-16,1413.564201587246,1432.9744560797708,1402.8139796964888,1430.4859619140625,5896514,yfinance:RELIANCE.NS,2026-08-05T14:32:12.887897,1.1971,-2.1516,-1.6763,3.3587,9030823.0,13323836.0,0.6529,0.4426,dry,30.16,2.1084,0.5,0.0352,25.36,31.11,1.2761,1.5107,2.8462,0.48,0.56,0.04,0.624,strengthened
2026-02-17,1424.5136248062845,1425.2104761017015,1412.071153550712,1416.450927734375,10731630,yfinance:RELIANCE.NS,2026-08-05T14:32:12.887897,-0.566,-1.7876,-2.434,-0.9811,9125223.0,12840779.0,1.176,0.8357,elevated,13.14,0.9276,-5.97,-0.4175,25.3,30.33,1.0477,1.5073,1.381,0.16,0.58,0.06,0.57,strengthened
2026-02-18,1420.4325123887006,1435.4629932986809,1412.6683617554224,1434.666748046875,5521096,yfinance:RELIANCE.NS,2026-08-05T14:32:12.887897,1.0021,1.5286,-1.8656,-1.064,8808066.0,12457359.0,0.6268,0.4432,dry,22.79,1.5888,3.98,0.2811,26.6,30.62,1.0615,1.3664,2.5,0.4286,0.62,0.2,0.6537,strengthened
2026-02-19,1436.3588845536149,1436.3588845536149,1393.5567833507007,1403.0130615234375,11884664,yfinance:RELIANCE.NS,2026-08-05T14:32:12.887897,-2.3216,-1.9205,-2.7193,-2.3486,8957919.0,12183956.0,1.3267,0.9754,elevated,42.8,3.0507,1.69,0.1179,29.68,32.29,1.245,1.4211,0.1111,-0.8,0.56,0.16,0.38,weakened
2026-02-20,1403.013091941889,1420.8307355027323,1399.628715378674,1412.8675537109375,8177670,yfinance:RELIANCE.NS,2026-08-05T14:32:12.887897,0.7024,-0.253,-0.0141,-2.1643,8442315.0,11806755.0,0.9687,0.6926,normal,21.2,1.5006,0.0,0.0,27.07,29.54,1.2501,1.3931,2.125,0.36,0.6,0.06,0.618,strengthened
2026-02-23,1418.4416634695872,1428.2961245911818,1411.772547760535,1421.4278564453125,7758856,yfinance:RELIANCE.NS,2026-08-05T14:32:12.887897,0.2105,-0.9228,-0.6332,-2.2989,8814783.0,11702807.0,0.8802,0.663,dry,16.52,1.1625,5.57,0.3945,24.35,23.68,1.2483,1.3855,2.5714,0.44,0.66,0.18,0.67,strengthened
2026-02-24,1418.7403513100855,1426.7035326906043,1408.4877066792656,1422.2242431640625,12529409,yfinance:RELIANCE.NS,2026-08-05T14:32:12.887897,0.2456,1.3693,0.4076,-2.0363,9174339.0,11014158.0,1.3657,1.1376,elevated,18.22,1.2808,-2.69,-0.1891,24.31,23.06,1.245,1.3814,0.6667,-0.2,0.66,0.02,0.526,mixed
2026-02-25,1428.395737725409,1433.8704252219177,1387.0867320699354,1392.063720703125,10728792,yfinance:RELIANCE.NS,2026-08-05T14:32:12.887897,-2.5436,-1.4725,-2.9695,-4.7797,10215878.0,10994515.0,1.0502,0.9758,normal,46.78,3.3607,6.17,0.4339,29.11,24.84,1.4014,1.4016,2.8462,0.48,0.68,0.28,0.696,strengthened
2026-02-26,1392.0637118415314,1406.397463315574,1385.4941111892442,1400.3255615234375,16683858,yfinance:RELIANCE.NS,2026-08-05T14:32:12.887897,0.5935,-1.4846,-0.1916,-2.9056,11175717.0,10786374.0,1.4929,1.5468,elevated,20.9,1.4927,-0.0,-0.0,24.73,24.96,1.4027,1.3908,1.0417,0.0204,0.66,0.12,0.5801,strengthened
2026-02-27,1391.5659695052796,1403.9089251530934,1381.711508080472,1387.48486328125,12031440,yfinance:RELIANCE.NS,2026-08-05T14:32:12.887897,-0.2933,-2.4426,-1.7965,-1.8104,11946471.0,10825954.0,1.0071,1.1114,normal,22.2,1.5998,-8.76,-0.6255,24.92,25.48,1.3055,1.3903,0.0889,-0.8367,0.52,0.02,0.3427,weakened
2026-03-02,1369.1694587628867,1372.2551671563265,1335.3259388807069,1351.75,23728722,yfinance:RELIANCE.NS,2026-08-05T14:32:12.887897,-1.2723,-2.896,-4.902,-5.5041,15140444.0,11226832.0,1.5672,2.1136,spike,36.93,2.732,-18.32,-1.32,32.05,27.86,1.249,1.4032,0.1905,-0.68,0.46,-0.34,0.314,weakened
2026-03-04,1323.8789706886037,1346.5740873609554,1300.9848230751916,1338.8099365234375,32495007,yfinance:RELIANCE.NS,2026-08-05T14:32:12.887897,1.1278,-4.393,-5.8651,-5.4814,19133564.0,11578774.0,1.6983,2.8064,spike,45.59,3.4052,-27.87,-2.0618,38.56,30.32,1.3392,1.3558,0.087,-0.84,0.34,-0.48,0.22,deteriorated
2026-03-05,1346.872629427245,1392.5614090361375,1346.872629427245,1383.005615234375,25957532,yfinance:RELIANCE.NS,2026-08-05T14:32:12.887897,2.6827,-0.3228,-0.6507,-3.6009,22179312.0,12459981.0,1.1703,2.0833,elevated,45.69,3.3036,8.06,0.6022,39.96,32.21,1.5954,1.4342,3.5455,0.56,0.4,-0.12,0.56,strengthened
2026-03-06,1390.0728674061677,1417.7449716586152,1383.9014503612218,1398.334716796875,19311971,yfinance:RELIANCE.NS,2026-08-05T14:32:12.887897,0.5943,3.4463,-0.1422,-0.3334,22704934.0,12837396.0,0.8506,1.5044,dry,33.84,2.4203,7.07,0.511,42.72,32.24,1.3955,1.4241,0.2821,-0.56,0.36,-0.08,0.324,weakened
2026-03-09,1368.6718029922313,1422.8214608086796,1363.6948146177142,1417.4462890625,24870822,yfinance:RELIANCE.NS,2026-08-05T14:32:12.887897,3.5636,5.8736,2.1594,0.3241,25272811.0,13667072.0,0.9841,1.8198,normal,59.13,4.1714,-29.66,-2.1213,50.11,34.31,1.7557,1.563,0.2195,-0.64,0.24,-0.66,0.202,deteriorated
2026-03-10,1424.015880450879,1424.9117626543534,1394.1539503917586,1402.3162841796875,18071259,yfinance:RELIANCE.NS,2026-08-05T14:32:12.887897,-1.5238,1.3963,3.7408,-1.3445,24141318.0,14281842.0,0.7486,1.2653,dry,30.76,2.1934,6.57,0.4635,45.83,35.19,1.8685,1.5757,4.5556,0.64,0.34,0.0,0.564,strengthened
2026-03-11,1418.34212900751,1427.4002232775151,1377.2321576556008,1383.8017578125,21848087,yfinance:RELIANCE.NS,2026-08-05T14:32:12.887897,-2.4353,-1.0393,3.3606,-2.7016,22011934.0,14861265.0,0.9926,1.4701,normal,50.17,3.6254,16.03,1.1428,45.71,37.15,2.0623,1.6424,0.1905,-0.68,0.22,-0.18,0.234,deteriorated
2026-03-12,1383.6027762448114,1404.4066120742225,1374.7437125844203,1385.7926025390625,20939959,yfinance:RELIANCE.NS,2026-08-05T14:32:12.887897,0.1583,-2.2331,0.2015,-0.4505,21008420.0,15552919.0,0.9967,1.3464,normal,29.66,2.1405,-0.2,-0.0144,40.89,36.21,1.851,1.6352,0.2895,-0.551,0.22,-0.46,0.2318,deteriorated
2026-03-13,1378.8248707870416,1394.3531723993444,1372.0562392077015,1374.3455810546875,17265090,yfinance:RELIANCE.NS,2026-08-05T14:32:12.887897,-0.3249,-1.9946,-1.7156,-1.8553,20599043.0,15859404.0,0.8382,1.0886,dry,22.3,1.6224,-6.97,-0.5028,38.4,36.29,1.8586,1.6287,0.087,-0.84,0.16,-0.52,0.144,deteriorated
2026-03-16,1373.6488401657623,1390.8692691567512,1357.224777946389,1388.6793212890625,22837802,yfinance:RELIANCE.NS,2026-08-05T14:32:12.887897,1.0942,0.3525,-2.0295,0.0861,20192439.0,16463509.0,1.131,1.3872,elevated,33.64,2.4228,-0.7,-0.0507,33.31,37.51,1.8672,1.6322,2.5,0.4286,0.14,-0.54,0.3877,weakened
2026-03-17,1392.5613056143347,1399.429573667814,1381.810962442932,1391.167724609375,19007744,yfinance:RELIANCE.NS,2026-08-05T14:32:12.887897,-0.1001,0.3879,-0.795,2.9161,20379736.0,17119070.0,0.9327,1.1103,normal,17.62,1.2665,3.88,0.2795,30.68,37.47,1.788,1.4712,2.125,0.36,0.16,-0.12,0.424,weakened
2026-03-18,1390.7696473738065,1406.3974645008152,1390.7696473738065,1401.6195068359375,9559327,yfinance:RELIANCE.NS,2026-08-05T14:32:12.887897,0.7801,1.9845,1.2876,4.6914,17921984.0,17060455.0,0.5334,0.5603,dry,15.63,1.115,-0.4,-0.0286,23.77,35.24,1.7774,1.4082,3.1667,0.52,0.16,-0.02,0.466,mixed
2026-03-19,1381.6119817895922,1409.1844489610974,1369.7667250791762,1378.4267578125,16498373,yfinance:RELIANCE.NS,2026-08-05T14:32:12.887897,-0.2305,-0.7383,-0.5315,-0.3311,17033667.0,17609319.0,0.9686,0.9369,normal,39.42,2.8596,-20.01,-1.4275,25.72,36.57,1.6006,1.3987,0.0204,-0.96,0.12,-0.32,0.124,deteriorated
2026-03-20,1391.5659566755692,1423.4186824363833,1389.6746767818197,1407.8905029296875,22994918,yfinance:RELIANCE.NS,2026-08-05T14:32:12.887897,1.1731,1.2021,2.4408,0.6834,18179633.0,18164832.0,1.2649,1.2659,elevated,33.74,2.3968,13.14,0.9532,30.26,38.19,1.6283,1.4051,2.5714,0.44,0.14,-0.16,0.428,weakened
2026-03-23,1393.5567722314413,1409.084951963176,1384.598192981382,1401.3209228515625,18979554,yfinance:RELIANCE.NS,2026-08-05T14:32:12.887897,0.5571,-0.0213,0.9103,-1.1376,17407983.0,18704926.0,1.0903,1.0147,normal,24.49,1.7474,-14.33,-1.0181,28.43,36.22,1.1482,1.4038,0.087,-0.84,0.1,-0.68,0.104,deteriorated
2026-03-24,1413.4647025895886,1415.8536813182018,1400.1263494042955,1405.302490234375,18620893,yfinance:RELIANCE.NS,2026-08-05T14:32:12.887897,-0.5775,1.9497,1.016,0.2129,17330613.0,19248028.0,1.0745,0.9674,normal,15.73,1.1191,12.14,0.8666,28.05,33.72,1.0514,1.4075,7.3333,0.76,0.14,-0.12,0.496,mixed
2026-03-25,1413.464703831985,1423.9163794589117,1401.9181150601291,1406.596435546875,19041331,yfinance:RELIANCE.NS,2026-08-05T14:32:12.887897,-0.4859,-0.0919,0.3551,1.6473,19227014.0,19573624.0,0.9903,0.9728,normal,22.0,1.5639,8.16,0.5808,29.32,31.45,0.653,1.4014,9.0,0.8,0.14,0.02,0.518,mixed
2026-03-27,1394.552193095842,1398.235116023098,1338.809921280448,1341.8956298828125,23266517,yfinance:RELIANCE.NS,2026-08-05T14:32:12.887897,-3.7759,-4.2407,-2.6502,-3.1676,20580643.0,20200510.0,1.1305,1.1518,elevated,59.43,4.4285,-12.04,-0.8563,35.0,33.81,1.4193,1.5569,0.1364,-0.76,0.14,-0.04,0.2,deteriorated
2026-03-30,1328.855902170806,1358.7178325566667,1327.960019957529,1337.7149658203125,24393861,yfinance:RELIANCE.NS,2026-08-05T14:32:12.887897,0.6667,-4.8095,-4.9844,-2.6653,20860431.0,20586010.0,1.1694,1.185,elevated,30.76,2.2993,-13.04,-0.9717,32.15,31.78,1.4432,1.5436,0.087,-0.84,0.12,-0.46,0.134,deteriorated
2026-04-01,1377.8294025098971,1378.028554948465,1356.627505100946,1362.8984375,14404619,yfinance:RELIANCE.NS,2026-08-05T14:32:12.887897,-1.0837,-3.1066,-2.7419,-1.8565,19945444.0,20704669.0,0.7222,0.6957,dry,21.4,1.5703,40.11,2.9987,35.32,32.46,1.4086,1.5215,3.5455,0.56,0.08,-0.1,0.434,weakened
2026-04-02,1350.7546307176451,1351.9490593116357,1321.8880984473344,1344.2845458984375,21280051,yfinance:RELIANCE.NS,2026-08-05T14:32:12.887897,-0.479,0.178,-4.342,-3.3701,20477276.0,20582236.0,1.0392,1.0339,normal,30.06,2.2362,-12.14,-0.891,40.37,31.81,1.4075,1.5052,1.0,0.0,0.06,-0.38,0.286,deteriorated
2026-04-06,1352.7454554606609,1352.7454554606609,1284.0630151171836,1298.6953125,29274881,yfinance:RELIANCE.NS,2026-08-05T14:32:12.887897,-3.9956,-2.9169,-7.6711,-7.3432,22523986.0,20421230.0,1.2997,1.4336,elevated,68.68,5.2886,8.46,0.6294,49.71,34.6,1.7513,1.664,9.0,0.8,0.1,0.04,0.504,mixed
2026-04-07,1289.040031502862,1302.2788696189978,1285.058440671965,1298.5958251953125,28388922,yfinance:RELIANCE.NS,2026-08-05T14:32:12.887897,0.7413,-4.7181,-3.2268,-5.7915,23548467.0,20542799.0,1.2056,1.3819,elevated,17.22,1.3261,-9.66,-0.7435,39.6,34.23,1.8137,1.6581,2.5714,0.44,0.14,0.06,0.45,weakened
2026-04-08,1342.7914745147666,1344.3840865060406,1320.0963587364663,1341.5970458984375,21817543,yfinance:RELIANCE.NS,2026-08-05T14:32:12.887897,-0.089,-0.1999,0.2902,-4.7087,23033203.0,20668078.0,0.9472,1.0556,normal,24.29,1.8104,44.2,3.4033,42.6,35.1,1.7077,1.6099,4.5556,0.64,0.24,0.32,0.556,strengthened
2026-04-09,1339.8052690319548,1343.7868597274437,1320.195983460075,1323.87890625,20725390,yfinance:RELIANCE.NS,2026-08-05T14:32:12.887897,-1.1887,1.9391,-2.863,-5.5264,24297357.0,20460806.0,0.853,1.0129,dry,23.59,1.782,-1.79,-0.1336,39.26,35.53,1.6353,1.6126,0.7241,-0.16,0.28,0.1,0.39,weakened
2026-04-10,1330.8467605257397,1346.0763943468285,1325.3720730291864,1343.9859619140625,19364461,yfinance:RELIANCE.NS,2026-08-05T14:32:12.887897,0.9873,3.4953,-0.0222,-4.3632,23914239.0,20525466.0,0.8097,0.9434,dry,20.7,1.5405,6.97,0.5263,35.5,36.0,1.7537,1.6257,6.1429,0.72,0.38,0.16,0.612,strengthened
2026-04-13,1315.119386993808,1321.4899565481755,1303.970981405046,1309.0474853515625,28753269,yfinance:RELIANCE.NS,2026-08-05T14:32:12.887897,-0.4617,-2.4262,0.7971,-6.9351,23809917.0,20870725.0,1.2076,1.3777,elevated,17.52,1.3383,-28.87,-2.1478,29.76,36.04,1.7543,1.6245,0.3158,-0.52,0.32,0.1,0.334,weakened
2026-04-15,1330.8467629297493,1340.8007402141902,1328.059600686701,1337.9140625,15313779,yfinance:RELIANCE.NS,2026-08-05T14:32:12.887897,0.531,1.0602,3.0278,-0.2967,21194888.0,20589416.0,0.7225,0.7438,dry,12.74,0.9523,21.8,1.6653,32.67,35.09,1.466,1.5678,15.6667,0.88,0.48,0.46,0.714,strongly_participatory
2026-04-16,1345.7777093601655,1347.5694738488123,1323.8789596516422,1337.1177978515625,30211012,yfinance:RELIANCE.NS,2026-08-05T14:32:12.887897,-0.6435,-0.511,-0.3339,-0.0446,22873582.0,21236712.0,1.3208,1.4226,elevated,23.69,1.7718,7.86,0.5878,28.25,35.04,1.414,1.5652,1.0,0.0,0.48,0.46,0.538,mixed
2026-04-17,1333.832952366644,1362.1022720767137,1333.832952366644,1358.7178955078125,13869105,yfinance:RELIANCE.NS,2026-08-05T14:32:12.887897,1.8657,3.7944,2.6316,-0.3067,21502325.0,20788278.0,0.645,0.6672,dry,28.27,2.0806,-3.28,-0.2457,29.19,35.93,1.5911,1.6071,3.5455,0.56,0.52,0.28,0.648,strengthened
2026-04-20,1356.9261198573818,1366.6810660920328,1346.5740808024586,1357.0257568359375,13614733,yfinance:RELIANCE.NS,2026-08-05T14:32:12.887897,0.0073,1.4285,0.9702,0.9478,20352380.0,20518627.0,0.669,0.6635,dry,20.11,1.4817,-1.79,-0.1319,28.77,35.8,1.5915,1.591,0.8519,-0.08,0.54,0.38,0.538,mixed
2026-04-21,1352.7454957201878,1363.4958396538184,1343.8864317482064,1347.07177734375,27293629,yfinance:RELIANCE.NS,2026-08-05T14:32:12.887897,-0.4194,0.7444,2.9047,3.725,20060452.0,21405342.0,1.3606,1.2751,elevated,19.61,1.4557,-4.28,-0.3154,24.69,32.36,0.9027,1.5773,2.5714,0.44,0.66,0.4,0.692,strengthened
2026-04-22,1344.085556855853,1359.7132520720183,1342.8910067161314,1355.8311767578125,9525953,yfinance:RELIANCE.NS,2026-08-05T14:32:12.887897,0.8739,-0.2125,1.3392,4.4075,18902886.0,21056721.0,0.5039,0.4524,dry,16.82,1.2407,-2.99,-0.2217,21.7,31.36,0.9136,1.5007,0.5625,-0.28,0.58,0.24,0.5,mixed
2026-04-23,1339.8052948565,1349.261572940554,1334.529638479888,1337.21728515625,16385079,yfinance:RELIANCE.NS,2026-08-05T14:32:12.887897,-0.1932,-1.4597,0.0074,-0.3265,16137700.0,20726229.0,1.0153,0.7905,normal,14.73,1.1017,-16.03,-1.182,21.22,30.0,0.9171,1.4943,0.4706,-0.36,0.5,0.08,0.436,weakened
2026-04-24,1333.8328899956955,1339.7057606040942,1318.9019248091768,1321.6890869140625,11744802,yfinance:RELIANCE.NS,2026-08-05T14:32:12.887897,-0.9104,-1.8843,-2.7253,-0.1654,15712839.0,20364492.0,0.7475,0.5767,dry,20.8,1.574,-3.38,-0.2531,19.73,28.56,0.8758,1.3225,0.3514,-0.48,0.48,0.04,0.4,weakened
2026-04-27,1306.9571155871215,1365.2873936261717,1304.9663202853897,1359.51416015625,24673098,yfinance:RELIANCE.NS,2026-08-05T14:32:12.887897,4.0213,0.2716,0.1834,1.1554,17924512.0,20667102.0,1.3765,1.1938,elevated,60.32,4.437,-14.73,-1.1146,27.77,27.96,1.4976,1.5206,4.5556,0.64,0.54,0.26,0.67,strengthened
2026-04-28,1351.7500009887617,1388.7787447541257,1350.75460334444,1382.5078125,41027699,yfinance:RELIANCE.NS,2026-08-05T14:32:12.887897,2.2754,3.3869,2.6306,5.6117,20671326.0,21766420.0,1.9848,1.8849,spike,38.02,2.7504,-7.76,-0.5711,31.45,29.45,1.5579,1.5177,0.6129,-0.24,0.54,0.2,0.488,mixed
2026-04-29,1385.5935377241706,1427.2012083655534,1384.896807968084,1418.83984375,30542143,yfinance:RELIANCE.NS,2026-08-05T14:32:12.887897,2.3994,7.3505,4.6472,6.0487,24874564.0,22130201.0,1.2278,1.3801,elevated,42.3,2.9816,3.09,0.2232,37.03,29.37,1.6398,1.5784,2.8462,0.48,0.6,0.22,0.658,strengthened
2026-04-30,1402.515369272921,1430.386505071105,1386.6885214286783,1424.215087890625,30957881,yfinance:RELIANCE.NS,2026-08-05T14:32:12.887897,1.5472,4.7591,6.5059,6.5138,27789125.0,22458402.0,1.114,1.3785,elevated,43.7,3.0682,-16.32,-1.1506,41.51,30.81,1.5505,1.5978,0.3158,-0.52,0.6,0.16,0.452,mixed
2026-05-01,1424.215087890625,1424.215087890625,1424.215087890625,1424.215087890625,0,yfinance:RELIANCE.NS,2026-08-05T14:32:12.887897,0.0,3.0168,7.7572,4.8205,25440164.0,21738172.0,0.0,0.0,dry,0.0,0.0,0.0,0.0,37.35,29.22,1.5665,1.5883,0.0,0.0,0.58,0.0,0.532,mixed
2026-05-04,1426.803070277682,1460.6465916696056,1426.803070277682,1456.3663330078125,24035700,yfinance:RELIANCE.NS,2026-08-05T14:32:12.887897,2.072,2.6449,7.124,7.3205,25312685.0,21875954.0,0.9496,1.0987,normal,33.84,2.3238,2.59,0.1817,32.57,28.97,1.5631,1.6267,2.5714,0.44,0.66,0.24,0.676,strengthened
2026-05-05,1453.280606341501,1466.6189594959255,1443.3266295857377,1456.864013671875,23543341,yfinance:RELIANCE.NS,2026-08-05T14:32:12.887897,0.2466,2.2924,5.3784,8.1504,21815813.0,21589377.0,1.0792,1.0905,normal,23.29,1.5988,-3.09,-0.2119,29.62,28.36,1.5009,1.623,0.6667,-0.2,0.64,0.12,0.528,mixed
2026-05-06,1456.2668061036345,1466.519450812893,1420.9301884572374,1431.2823486328125,14221786,yfinance:RELIANCE.NS,2026-08-05T14:32:12.887897,-1.7157,0.4962,0.8769,5.5649,18551742.0,20881020.0,0.7666,0.6811,dry,45.59,3.1852,-0.6,-0.041,29.8,29.93,1.7692,1.6583,2.125,0.36,0.72,0.18,0.678,strengthened
2026-05-07,1432.1782190445704,1442.828925531327,1423.717338832762,1429.590087890625,19816903,yfinance:RELIANCE.NS,2026-08-05T14:32:12.887897,-0.1807,-1.8386,0.3774,6.9078,16323546.0,20780988.0,1.214,0.9536,elevated,19.11,1.3369,0.9,0.0626,24.88,29.27,1.7683,1.6473,0.9231,-0.04,0.74,0.14,0.602,strengthened
2026-05-08,1419.4371163507371,1436.1598462687914,1410.9762359236815,1428.5947265625,8663105,yfinance:RELIANCE.NS,2026-08-05T14:32:12.887897,0.6452,-1.9404,0.3075,8.0886,18056167.0,20177874.0,0.4798,0.4293,dry,25.18,1.7628,-10.15,-0.7102,29.92,29.63,1.6483,1.6483,0.7857,-0.12,0.7,0.04,0.56,strengthened
2026-05-11,1413.4647305422184,1421.427912122738,1375.6396180347506,1381.81103515625,15261787,yfinance:RELIANCE.NS,2026-08-05T14:32:12.887897,-2.2394,-3.4564,-5.1193,1.6401,16301384.0,19972740.0,0.9362,0.7641,normal,45.79,3.3136,-15.13,-1.0591,33.23,32.02,1.6173,1.6986,0.3514,-0.48,0.64,-0.04,0.456,mixed
2026-05-12,1385.593546668805,1387.0866431630602,1354.0394893602804,1357.722412109375,24357500,yfinance:RELIANCE.NS,2026-08-05T14:32:12.887897,-2.0115,-5.0272,-6.8051,-1.7928,16464216.0,19752952.0,1.4794,1.2331,elevated,33.05,2.434,3.78,0.2737,35.18,33.18,1.6633,1.7371,0.0638,-0.88,0.44,-0.26,0.274,deteriorated
2026-05-13,1355.1343963286624,1366.0837705701026,1346.1758174038478,1352.54638671875,13797989,yfinance:RELIANCE.NS,2026-08-05T14:32:12.887897,-0.191,-5.3233,-5.5011,-4.6724,16379457.0,19677162.0,0.8424,0.7012,dry,19.91,1.4719,-2.59,-0.1906,30.04,33.08,1.4493,1.5864,0.9231,-0.04,0.42,-0.26,0.434,weakened
2026-05-14,1358.9168476375537,1371.6579863902991,1352.148216400817,1355.5325927734375,17303059,yfinance:RELIANCE.NS,2026-08-05T14:32:12.887897,-0.249,-1.9017,-5.1803,-4.8225,15876688.0,19031765.0,1.0898,0.9092,normal,19.51,1.4393,6.37,0.471,30.12,32.98,1.3163,1.584,3.1667,0.52,0.56,-0.1,0.618,strengthened
2026-05-15,1350.5556491178086,1358.518830724615,1323.082575367519,1330.24951171875,19976192,yfinance:RELIANCE.NS,2026-08-05T14:32:12.887897,-1.5035,-2.0235,-6.8841,-6.5977,18139305.0,19337119.0,1.1013,1.033,elevated,35.44,2.6639,-4.98,-0.3672,32.17,31.21,1.3556,1.5963,0.7241,-0.16,0.54,0.16,0.5,mixed
2026-05-18,1327.860551095503,1335.8237328112184,1312.630917460794,1329.7518310546875,13022473,yfinance:RELIANCE.NS,2026-08-05T14:32:12.887897,0.1424,-1.6853,-3.7675,-8.6939,17691443.0,19307506.0,0.7361,0.6745,dry,23.19,1.7441,-2.39,-0.1796,26.22,30.15,1.0496,1.5932,0.8519,-0.08,0.56,-0.18,0.49,mixed
2026-05-19,1332.5387892026445,1337.8144453658963,1312.3322897558653,1316.6124267578125,21665501,yfinance:RELIANCE.NS,2026-08-05T14:32:12.887897,-1.1952,-2.8712,-3.0279,-9.627,17153043.0,19026100.0,1.2631,1.1387,elevated,25.48,1.9354,2.79,0.2096,24.71,28.77,1.0022,1.4187,1.0,0.0,0.56,0.04,0.528,mixed
2026-05-20,1312.6308349443716,1356.6274840630256,1306.558933569541,1353.442138671875,13248515,yfinance:RELIANCE.NS,2026-08-05T14:32:12.887897,3.1091,1.7435,0.0662,-5.4385,17043148.0,19212228.0,0.7774,0.6896,dry,50.07,3.6993,-3.98,-0.3024,30.74,29.23,1.5504,1.5141,0.8519,-0.08,0.56,-0.16,0.492,mixed
2026-05-21,1360.9076465750106,1364.590690861155,1339.0088978228712,1343.388671875,17150630,yfinance:RELIANCE.NS,2026-08-05T14:32:12.887897,-1.2873,1.0255,-0.8959,-6.0298,17012662.0,19250505.0,1.0081,0.8909,normal,25.58,1.9043,7.47,0.5516,31.95,31.06,1.5749,1.539,0.96,-0.0204,0.58,0.04,0.5319,mixed
2026-05-22,1343.7868238683554,1361.106767233248,1342.8909416840763,1348.26611328125,7105813,yfinance:RELIANCE.NS,2026-08-05T14:32:12.887897,0.3333,2.4042,1.3544,-5.6229,14438586.0,19018556.0,0.4921,0.3736,dry,18.22,1.3511,0.4,0.0296,28.51,29.76,1.5532,1.5162,1.1739,0.08,0.62,0.04,0.568,strengthened
2026-05-25,1360.5095872329855,1364.7897243191817,1350.7546414401118,1360.7086181640625,6750071,yfinance:RELIANCE.NS,2026-08-05T14:32:12.887897,0.0146,0.5369,2.328,-1.5272,13184106.0,18122404.0,0.512,0.3725,dry,14.04,1.0315,12.24,0.9081,27.17,29.27,1.4331,1.5105,4.5556,0.64,0.76,0.18,0.75,strongly_participatory
2026-05-26,1353.8404218493883,1362.2017870434288,1346.1759079681497,1350.0579833984375,13769747,yfinance:RELIANCE.NS,2026-08-05T14:32:12.887897,-0.2794,0.4965,2.5403,-0.5645,11604955.0,16759507.0,1.1865,0.8216,elevated,16.03,1.1871,-6.87,-0.5048,25.28,27.16,1.2995,1.508,0.6129,-0.24,0.72,0.1,0.55,strengthened
2026-05-27,1346.7730400596713,1354.736221375619,1342.393266034199,1344.2845458984375,13215138,yfinance:RELIANCE.NS,2026-08-05T14:32:12.887897,-0.1848,-0.2953,-0.6766,-0.6108,11598280.0,15893157.0,1.1394,0.8315,elevated,12.34,0.9182,-3.28,-0.2433,17.74,26.68,1.2995,1.5088,2.0625,0.3469,0.64,0.1,0.6354,strengthened
2026-05-28,1344.2845458984375,1344.2845458984375,1344.2845458984375,1344.2845458984375,0,yfinance:RELIANCE.NS,2026-08-05T14:32:12.887897,0.0,-1.207,0.0667,-0.8298,8168154.0,14345262.0,0.0,0.0,dry,0.0,0.0,0.0,0.0,12.62,24.88,1.2989,1.5008,0.0,0.0,0.64,0.0,0.556,strengthened
2026-05-29,1357.7224546740497,1362.6994431442622,1310.938763054049,1315.119384765625,42634247,yfinance:RELIANCE.NS,2026-08-05T14:32:12.887897,-3.1378,-2.5879,-2.4585,-1.1374,15273841.0,16476975.0,2.7913,2.5875,spike,51.76,3.9358,13.44,0.9996,19.33,24.79,1.5714,1.5886,0.1111,-0.8,0.56,-0.06,0.358,weakened
2026-06-01,1326.3673976551404,1329.353590670499,1312.431830250133,1313.9249267578125,10700603,yfinance:RELIANCE.NS,2026-08-05T14:32:12.887897,-0.9381,-2.2584,-3.4382,-1.1902,16063947.0,15810220.0,0.6661,0.6768,dry,16.92,1.2879,11.25,0.8553,19.41,23.64,1.5787,1.5991,0.2195,-0.64,0.46,-0.22,0.334,weakened
2026-06-02,1301.6815361898257,1321.689127358814,1294.3156903458798,1308.5498046875,23302785,yfinance:RELIANCE.NS,2026-08-05T14:32:12.887897,0.5276,-2.6583,-3.0745,-0.6124,17970555.0,15798192.0,1.2967,1.475,elevated,27.37,2.0919,-12.24,-0.9318,21.68,24.17,1.571,1.5992,1.2727,0.12,0.48,-0.36,0.48,mixed
2026-06-03,1308.9480145168118,1317.906594083847,1295.0124463014238,1307.15625,20012293,yfinance:RELIANCE.NS,2026-08-05T14:32:12.887897,-0.1369,-0.6055,-2.7619,-3.4199,19329986.0,16087718.0,1.0353,1.2439,normal,22.89,1.7514,0.4,0.0304,23.79,24.42,1.0705,1.5922,0.6667,-0.2,0.46,-0.14,0.43,weakened
2026-06-04,1295.0124259474096,1305.1654340270677,1287.1487597049047,1297.699951171875,23474327,yfinance:RELIANCE.NS,2026-08-05T14:32:12.887897,0.2075,-1.2348,-3.4654,-3.401,24024851.0,16270589.0,0.9771,1.4427,normal,18.02,1.3884,-12.14,-0.929,27.79,23.31,1.054,1.5919,0.9231,-0.04,0.44,-0.06,0.462,mixed
2026-06-05,1304.5,1306.0,1288.0,1291.0,17785223,yfinance:RELIANCE.NS,2026-08-05T14:32:12.887897,-1.0349,-1.3412,-1.834,-4.2474,19055046.0,16726695.0,0.9334,1.0633,normal,18.0,1.3943,6.8,0.524,21.04,22.94,1.0428,1.5947,0.8519,-0.08,0.38,0.0,0.436,weakened
2026-06-08,1277.0,1282.5999755859375,1259.199951171875,1263.300048828125,16494759,yfinance:RELIANCE.NS,2026-08-05T14:32:12.887897,-1.0728,-3.3551,-3.853,-7.1587,20213877.0,16788343.0,0.816,0.9825,dry,23.4,1.8523,-14.0,-1.0844,24.02,23.39,1.0403,1.4177,0.2195,-0.64,0.32,-0.2,0.28,deteriorated
2026-06-09,1269.0,1274.199951171875,1257.5,1269.199951171875,23620214,yfinance:RELIANCE.NS,2026-08-05T14:32:12.887897,0.0158,-2.1962,-3.0071,-5.9892,20277363.0,16751479.0,1.1649,1.41,elevated,16.7,1.3158,5.7,0.4512,21.88,21.01,1.0547,1.3437,1.7778,0.28,0.38,-0.16,0.492,mixed
2026-06-10,1275.0,1300.5,1254.4000244140625,1258.800048828125,21012796,yfinance:RELIANCE.NS,2026-08-05T14:32:12.887897,-1.2706,-2.4942,-3.6993,-6.3591,20477464.0,17112219.0,1.0261,1.2279,normal,46.1,3.6622,5.8,0.457,26.52,22.48,1.0658,1.2633,0.6667,-0.2,0.36,-0.1,0.394,weakened
2026-06-11,1258.0,1276.0,1253.199951171875,1263.0,13117486,yfinance:RELIANCE.NS,2026-08-05T14:32:12.887897,0.3975,-0.0238,-2.674,-6.0467,18406096.0,16902941.0,0.7127,0.776,dry,22.8,1.8052,-0.8,-0.0636,27.08,22.8,1.101,1.2212,0.5625,-0.28,0.34,-0.26,0.354,weakened
2026-06-12,1277.0,1297.0,1262.5,1293.0,11988785,yfinance:RELIANCE.NS,2026-08-05T14:32:12.887897,1.2529,1.8752,0.1549,-1.6819,17246808.0,16503570.0,0.6951,0.7264,dry,34.5,2.6682,14.0,1.1085,30.38,24.09,0.8409,1.2551,3.1667,0.52,0.42,0.0,0.572,strengthened
2026-06-15,1315.300048828125,1325.0,1303.300048828125,1307.0,18633321,yfinance:RELIANCE.NS,2026-08-05T14:32:12.887897,-0.631,3.829,3.4592,-0.527,17674520.0,16784113.0,1.0542,1.1102,normal,21.7,1.6603,22.3,1.7247,30.42,25.23,0.8164,1.1715,1.9412,0.32,0.5,0.24,0.588,strengthened
2026-06-16,1313.4000244140625,1333.4000244140625,1306.4000244140625,1328.800048828125,18513223,yfinance:RELIANCE.NS,2026-08-05T14:32:12.887897,1.1725,5.2098,4.6959,1.5475,16653122.0,16626499.0,1.1117,1.1135,elevated,27.0,2.0319,6.4,0.4897,32.48,26.28,0.8993,1.2013,1.6316,0.24,0.52,0.06,0.562,strengthened
2026-06-17,1333.0,1334.0,1317.0,1332.699951171875,10029170,yfinance:RELIANCE.NS,2026-08-05T14:32:12.887897,-0.0225,3.0704,5.8707,1.9541,14456397.0,16465532.0,0.6938,0.6091,dry,17.0,1.2756,4.2,0.3161,26.66,27.49,0.8996,1.1759,1.8824,0.3061,0.56,0.1,0.5952,strengthened
2026-06-18,1330.0,1333.9000244140625,1322.0,1328.0999755859375,15494549,yfinance:RELIANCE.NS,2026-08-05T14:32:12.887897,-0.1429,1.6144,5.1544,2.3426,14931810.0,16382728.0,1.0377,0.9458,normal,11.9,0.896,-2.7,-0.2026,24.48,24.64,0.8932,1.1761,1.7778,0.28,0.58,0.18,0.606,strengthened
2026-06-19,1328.0,1338.199951171875,1305.300048828125,1309.5,24887034,yfinance:RELIANCE.NS,2026-08-05T14:32:12.887897,-1.3931,-1.4524,1.2761,1.433,17511459.0,17271789.0,1.4212,1.4409,elevated,32.9,2.5124,-0.1,-0.0075,24.16,25.78,0.9393,1.1771,0.7241,-0.16,0.54,0.02,0.486,mixed
2026-06-22,1316.699951171875,1344.9000244140625,1314.0999755859375,1326.5,12931213,yfinance:RELIANCE.NS,2026-08-05T14:32:12.887897,0.7443,-0.4652,1.492,5.0028,16371038.0,17580846.0,0.7899,0.7355,dry,30.8,2.3219,7.2,0.5498,24.84,26.36,0.9207,1.1411,1.7778,0.28,0.58,0.16,0.604,strengthened
2026-06-23,1328.9000244140625,1333.0,1304.0,1309.5,15400184,yfinance:RELIANCE.NS,2026-08-05T14:32:12.887897,-1.4599,-1.4005,-1.4524,3.1752,15748430.0,17662368.0,0.9779,0.8719,normal,29.0,2.2146,2.4,0.1809,25.24,26.79,1.0317,1.1166,0.2821,-0.56,0.5,0.1,0.398,weakened
2026-06-24,1305.699951171875,1322.0,1297.5,1313.5999755859375,11030917,yfinance:RELIANCE.NS,2026-08-05T14:32:12.887897,0.605,0.3131,-1.4332,4.3533,15948779.0,17553156.0,0.6916,0.6284,dry,24.5,1.8651,-3.8,-0.2902,26.74,27.11,0.971,1.128,1.5,0.2,0.5,0.02,0.542,mixed
2026-06-25,1318.0,1328.0,1314.5999755859375,1318.0999755859375,12694362,yfinance:RELIANCE.NS,2026-08-05T14:32:12.887897,0.0076,-0.6332,-0.753,4.3626,15388742.0,18187875.0,0.8249,0.698,dry,13.4,1.0166,4.4,0.335,27.24,26.86,0.9634,1.129,0.6129,-0.24,0.5,0.18,0.47,mixed
2026-06-26,1318.0999755859375,1318.0999755859375,1318.0999755859375,1318.0999755859375,0,yfinance:RELIANCE.NS,2026-08-05T14:32:12.887897,0.0,0.6567,0.6567,1.9412,10411335.0,16056162.0,0.0,0.0,dry,0.0,0.0,0.0,0.0,20.66,24.59,0.8603,1.104,0.0,0.0,0.52,0.0,0.508,mixed
2026-06-29,1308.0,1313.699951171875,1292.5999755859375,1301.0,13757656,yfinance:RELIANCE.NS,2026-08-05T14:32:12.887897,-0.5352,-0.9592,-1.9224,-0.4591,10576624.0,16209015.0,1.3008,0.8488,elevated,21.1,1.6218,-10.1,-0.7663,18.68,25.21,0.8544,1.1039,0.8519,-0.08,0.42,0.06,0.458,mixed
2026-06-30,1306.9000244140625,1306.9000244140625,1290.0,1293.9000244140625,15695263,yfinance:RELIANCE.NS,2026-08-05T14:32:12.887897,-0.9947,-1.836,-1.1913,-2.6264,10635640.0,15828639.0,1.4757,0.9916,elevated,16.9,1.3061,5.9,0.4535,16.26,23.13,0.7652,1.0984,0.8519,-0.08,0.46,-0.16,0.452,mixed
2026-07-01,1298.9000244140625,1312.199951171875,1296.5,1308.0,7001401,yfinance:RELIANCE.NS,2026-08-05T14:32:12.887897,0.7006,-0.7663,-0.4263,-1.8534,9829736.0,15178094.0,0.7123,0.4613,dry,15.7,1.2003,5.0,0.3864,15.02,22.81,0.828,0.9216,1.9412,0.32,0.5,0.02,0.566,strengthened
2026-07-02,1310.0,1313.199951171875,1299.0,1303.5,17795024,yfinance:RELIANCE.NS,2026-08-05T14:32:12.887897,-0.4962,0.1922,-1.1077,-1.8523,10849869.0,14894129.0,1.6401,1.1948,spike,14.2,1.0894,2.0,0.1529,14.98,21.36,0.8306,0.9031,3.5455,0.56,0.6,0.2,0.672,strengthened
2026-07-03,1312.0,1312.0,1302.0,1304.0,7839550,yfinance:RELIANCE.NS,2026-08-05T14:32:12.887897,-0.6098,0.7806,-1.0697,-0.42,12417779.0,14396845.0,0.6313,0.5445,dry,10.0,0.7669,8.5,0.6521,16.98,19.79,0.7469,0.8982,2.125,0.36,0.62,0.34,0.654,strengthened
2026-07-06,1304.0,1325.5999755859375,1299.4000244140625,1321.300048828125,7610709,yfinance:RELIANCE.NS,2026-08-05T14:32:12.887897,1.3267,1.0168,1.5603,-0.392,11188389.0,13952643.0,0.6802,0.5455,dry,26.2,1.9829,0.0,0.0,17.12,19.73,0.8453,0.9443,1.2273,0.102,0.6,0.22,0.5824,strengthened
2026-07-07,1323.5,1328.0,1304.0999755859375,1308.4000244140625,14335554,yfinance:RELIANCE.NS,2026-08-05T14:32:12.887897,-1.1409,0.3759,1.1206,-0.084,10916448.0,13488410.0,1.3132,1.0628,elevated,23.9,1.8267,2.2,0.1665,18.52,20.22,0.7947,0.9583,1.0,0.0,0.64,0.32,0.588,strengthened
2026-07-08,1297.0,1302.300048828125,1271.5999755859375,1275.9000244140625,19960868,yfinance:RELIANCE.NS,2026-08-05T14:32:12.887897,-1.6268,-2.1549,-2.4541,-2.87,13508341.0,13435813.0,1.4777,1.4856,elevated,30.7,2.4062,-11.4,-0.8713,22.22,22.0,0.8793,0.9893,0.087,-0.84,0.54,-0.02,0.346,weakened
2026-07-09,1277.0999755859375,1296.5,1274.199951171875,1279.800048828125,14651963,yfinance:RELIANCE.NS,2026-08-05T14:32:12.887897,0.2114,-3.1408,-1.8182,-2.9057,12879729.0,13512537.0,1.1376,1.0843,elevated,22.3,1.7425,1.2,0.094,23.84,21.24,0.8904,0.9924,1.6316,0.24,0.56,0.0,0.572,strengthened
2026-07-10,1291.9000244140625,1311.0999755859375,1287.800048828125,1307.800048828125,8412537,yfinance:RELIANCE.NS,2026-08-05T14:32:12.887897,1.2307,-0.0459,0.2914,-0.7814,12994326.0,13333725.0,0.6474,0.6309,dry,23.3,1.7816,12.1,0.9455,28.1,20.95,1.0153,0.878,4.0,0.6,0.56,0.12,0.656,strengthened
2026-07-13,1300.0,1306.4000244140625,1295.0,1296.9000244140625,9488352,yfinance:RELIANCE.NS,2026-08-05T14:32:12.887897,-0.2385,1.6459,-1.8467,-0.3151,13369855.0,12876476.0,0.7097,0.7369,dry,11.4,0.879,-7.8,-0.5964,25.42,19.79,1.0086,0.8661,0.7241,-0.16,0.58,0.02,0.502,mixed
2026-07-14,1290.0,1308.0,1286.9000244140625,1293.0,13511284,yfinance:RELIANCE.NS,2026-08-05T14:32:12.887897,0.2326,1.0314,-1.177,-0.0696,13205001.0,12626380.0,1.0232,1.0701,normal,21.1,1.6319,-6.9,-0.532,24.86,19.55,0.9701,0.8598,0.4706,-0.36,0.52,-0.06,0.43,weakened
2026-07-15,1294.0999755859375,1310.9000244140625,1294.0999755859375,1295.5,9577965,yfinance:RELIANCE.NS,2026-08-05T14:32:12.887897,0.1082,-0.9405,1.5362,-0.9557,11128420.0,12603819.0,0.8607,0.7599,dry,16.8,1.2968,1.1,0.0851,21.08,19.8,0.9374,0.8612,1.0833,0.04,0.58,0.02,0.542,mixed
2026-07-16,1295.5,1309.4000244140625,1291.800048828125,1296.5999755859375,15631046,yfinance:RELIANCE.NS,2026-08-05T14:32:12.887897,0.0849,-0.0231,1.3127,-0.5293,11324237.0,12610644.0,1.3803,1.2395,elevated,17.6,1.3574,0.0,0.0,20.14,21.06,0.9281,0.8597,1.0833,0.04,0.56,-0.02,0.53,mixed
2026-07-17,1300.0,1330.300048828125,1296.0999755859375,1327.199951171875,18302218,yfinance:RELIANCE.NS,2026-08-05T14:32:12.887897,2.0923,2.645,1.4834,1.7791,13302173.0,12281403.0,1.3759,1.4902,elevated,34.2,2.5769,3.4,0.2622,20.72,21.68,1.1183,0.9353,3.1667,0.52,0.64,0.04,0.664,strengthened
2026-07-20,1317.199951171875,1345.9000244140625,1314.9000244140625,1323.0999755859375,14305844,yfinance:RELIANCE.NS,2026-08-05T14:32:12.887897,0.4479,2.1304,2.0202,0.1362,14265671.0,12350135.0,1.0028,1.1584,normal,31.0,2.343,-10.0,-0.7535,24.36,22.69,1.0551,0.9189,3.4545,0.551,0.62,0.2,0.6782,strengthened
2026-07-21,1321.0,1326.9000244140625,1302.699951171875,1303.699951171875,12753410,yfinance:RELIANCE.NS,2026-08-05T14:32:12.887897,-1.3096,0.5476,0.8275,-0.3592,14114097.0,12217796.0,0.9036,1.0438,normal,24.2,1.8563,-2.1,-0.1587,24.98,23.11,1.0789,0.9496,2.125,0.36,0.6,0.22,0.634,strengthened
2026-07-22,1302.0,1304.5999755859375,1280.699951171875,1288.5999755859375,10840383,yfinance:RELIANCE.NS,2026-08-05T14:32:12.887897,-1.0292,-2.9084,-0.5326,0.9954,14366580.0,12208269.0,0.7546,0.888,dry,23.9,1.8547,-1.7,-0.1304,26.18,23.8,0.9836,0.9398,0.3889,-0.44,0.62,0.12,0.472,mixed
2026-07-23,1283.0,1287.300048828125,1268.0,1272.199951171875,12580741,yfinance:RELIANCE.NS,2026-08-05T14:32:12.887897,-0.8418,-3.847,-1.8818,-0.5939,13756519.0,12202588.0,0.9145,1.031,normal,19.3,1.5171,-5.6,-0.4346,26.78,24.56,1.0352,0.9474,0.5625,-0.28,0.54,-0.06,0.454,mixed
2026-07-24,1265.0,1283.4000244140625,1249.800048828125,1278.0,9817000,yfinance:RELIANCE.NS,2026-08-05T14:32:12.887897,1.0277,-1.9713,-3.707,-2.2786,12059476.0,12693438.0,0.814,0.7734,dry,33.6,2.6291,-7.2,-0.5659,26.66,25.09,1.0118,0.9374,0.5152,-0.32,0.48,-0.18,0.41,weakened
2026-07-27,1288.199951171875,1288.699951171875,1278.0,1280.0,7163132,yfinance:RELIANCE.NS,2026-08-05T14:32:12.887897,-0.6365,-0.6674,-3.2575,-1.3031,10630933.0,12363712.0,0.6738,0.5794,dry,10.7,0.8359,10.2,0.7981,22.6,24.14,1.0324,0.9375,7.3333,0.76,0.56,0.14,0.69,strengthened
2026-07-28,1275.0,1279.199951171875,1265.9000244140625,1267.699951171875,9312184,yfinance:RELIANCE.NS,2026-08-05T14:32:12.887897,-0.5726,-0.3537,-2.7614,-1.9567,9942688.0,12044558.0,0.9366,0.7731,normal,13.3,1.0491,-5.0,-0.3906,20.58,22.52,1.0451,0.9106,1.6316,0.24,0.54,0.2,0.584,strengthened
2026-07-29,1275.0,1282.4000244140625,1268.699951171875,1275.9000244140625,9448307,yfinance:RELIANCE.NS,2026-08-05T14:32:12.887897,0.0706,-0.1643,-0.9856,-1.5129,9664273.0,12166904.0,0.9777,0.7766,normal,13.7,1.0738,7.3,0.5758,18.74,21.98,1.0445,0.9112,2.5714,0.44,0.64,0.28,0.672,strengthened
2026-07-30,1279.800048828125,1297.0,1275.300048828125,1292.9000244140625,12158451,yfinance:RELIANCE.NS,2026-08-05T14:32:12.887897,1.0236,1.0078,1.6271,-0.2854,9579815.0,11885075.0,1.2692,1.023,elevated,21.7,1.6784,3.9,0.3057,18.96,21.29,1.1003,0.9356,1.0833,0.04,0.64,0.28,0.592,strengthened
2026-07-31,1295.0,1309.699951171875,1293.5999755859375,1307.800048828125,8624996,yfinance:RELIANCE.NS,2026-08-05T14:32:12.887897,0.9884,3.1632,2.3318,-1.4617,9341414.0,11924347.0,0.9233,0.7233,normal,16.1,1.2311,2.1,0.1624,15.6,21.58,0.9088,0.9229,1.9412,0.32,0.64,0.2,0.64,strengthened
2026-08-03,1315.199951171875,1319.0,1306.0,1319.0,7508023,yfinance:RELIANCE.NS,2026-08-05T14:32:12.887897,0.2889,3.378,3.0469,-0.3099,9410392.0,11919213.0,0.7978,0.6299,dry,13.0,0.9856,7.4,0.5658,16.06,21.0,0.8998,0.9136,,,,,,strengthened
2026-08-04,1315.0,1315.0,1286.4000244140625,1290.9000244140625,10759546,yfinance:RELIANCE.NS,2026-08-05T14:32:12.887897,-1.8327,-0.1547,1.8301,-0.9818,9699865.0,11740412.0,1.1092,0.9165,elevated,28.6,2.2155,-4.0,-0.3033,19.76,22.05,0.9888,0.9359,,,,,,strengthened
