date,open,high,low,close,volume,source,downloaded_at,daily_return_pct,return_3d,return_5d,return_10d,avg_5d_volume,avg_20d_volume,volume_ratio_5d,volume_ratio_20d,volume_state,range_points,range_pct,gap_points,gap_pct,atr_5,atr_14,rolling_volatility_10d,rolling_volatility_30d,advance_decline_ratio,net_advances_pct,pct_above_50dma,highs_minus_lows_pct,composite_breadth_score,market_breadth_state
2023-01-02,2877.3842299429016,2882.546136946802,2854.6192334296225,2877.78125,709547,yfinance:TCS.NS,2026-08-02T18:42:50.192839,0.0138,,,,709547.0,709547.0,1.0,1.0,normal,27.93,0.9704,,,,,,,1.5,0.2,0.3,-0.06,0.454,mixed
2023-01-03,2869.4429764459805,2929.443629089992,2863.531190519576,2921.811279296875,1245178,yfinance:TCS.NS,2026-08-02T18:42:50.192839,1.825,,,,977362.0,977362.0,1.274,1.274,elevated,65.91,2.2559,-8.34,-0.2897,,,1.2807,1.2807,1.2727,0.12,0.38,-0.02,0.474,mixed
2023-01-04,2917.7086484078304,2935.929567111687,2899.6202133591155,2924.723388671875,1231668,yfinance:TCS.NS,2026-08-02T18:42:50.192839,0.2404,,,,1062131.0,1062131.0,1.1596,1.1596,elevated,36.31,1.2415,-4.1,-0.1404,,,0.9868,0.9868,0.1628,-0.72,0.32,-0.04,0.28,deteriorated
2023-01-05,2938.4433252143804,2944.708184643928,2895.8693379101937,2921.59033203125,1826057,yfinance:TCS.NS,2026-08-02T18:42:50.192839,-0.5735,1.5223,,,1253112.0,1253112.0,1.4572,1.4572,elevated,48.84,1.6717,13.72,0.4691,,,1.0248,1.0248,1.5,0.2,0.4,-0.16,0.484,mixed
2023-01-06,2911.7966394640803,2913.1643446061225,2823.5603776621383,2833.751708984375,2488376,yfinance:TCS.NS,2026-08-02T18:42:50.192839,-2.6803,-3.0139,,,1500165.0,1500165.0,1.6587,1.6587,spike,89.6,3.162,-9.79,-0.3352,55.4,,1.6298,1.6298,0.25,-0.6,0.24,-0.2,0.256,deteriorated
2023-01-09,2849.1483482571443,2935.619868272381,2842.221716863226,2929.399169921875,2885060,yfinance:TCS.NS,2026-08-02T18:42:50.192839,2.8167,0.1599,1.7937,,1935268.0,1730981.0,1.4908,1.6667,elevated,93.4,3.1883,15.4,0.5433,70.19,,1.9176,1.9176,6.1429,0.72,0.44,-0.02,0.618,strengthened
2023-01-10,2898.5604331267577,2910.031144125433,2850.11882438517,2899.795654296875,3864655,yfinance:TCS.NS,2026-08-02T18:42:50.192839,0.0426,-0.746,-0.7535,,2459163.0,2035792.0,1.5715,1.8984,spike,59.91,2.0661,-30.84,-1.0527,72.87,,1.7527,1.7527,0.4706,-0.36,0.32,-0.12,0.344,weakened
2023-01-11,2903.0608113950348,2955.4730552710416,2886.3398704670703,2937.119873046875,2720512,yfinance:TCS.NS,2026-08-02T18:42:50.192839,1.1732,3.6477,0.4239,,2756932.0,2121382.0,0.9868,1.2824,normal,69.13,2.3538,3.27,0.1126,79.43,,1.6558,1.6558,0.5806,-0.2653,0.36,-0.14,0.3769,weakened
2023-01-12,2937.384743237744,2955.9143556162335,2925.5170107746744,2942.10546875,2250391,yfinance:TCS.NS,2026-08-02T18:42:50.192839,0.1607,0.4338,0.7022,,2841799.0,2135716.0,0.7919,1.0537,dry,30.4,1.0332,0.26,0.009,75.74,,1.5503,1.5503,0.8519,-0.08,0.34,-0.02,0.418,weakened
2023-01-13,2949.649513651844,2981.502886054615,2916.208061086269,2977.576416015625,1742837,yfinance:TCS.NS,2026-08-02T18:42:50.192839,0.9468,2.6823,5.0754,,2692691.0,2096428.0,0.6472,0.8313,dry,65.29,2.1929,7.54,0.2564,69.19,,1.4743,1.4743,2.5714,0.44,0.34,-0.06,0.518,mixed
2023-01-16,2993.324159475769,3025.8112471276013,2976.223361566918,3008.71044921875,1843607,yfinance:TCS.NS,2026-08-02T18:42:50.192839,0.514,2.4374,2.7074,4.5497,2484400.0,2073444.0,0.7421,0.8892,dry,49.59,1.6481,15.75,0.5289,58.74,,1.4684,1.3991,0.5625,-0.28,0.38,0.08,0.404,weakened
2023-01-17,3005.0551874608955,3051.8005344403805,2996.933416683974,3048.732177734375,1688475,yfinance:TCS.NS,2026-08-02T18:42:50.192839,1.4535,3.6242,5.1361,4.3439,2049164.0,2041364.0,0.824,0.8271,dry,54.87,1.7997,-3.66,-0.1215,53.86,,1.4339,1.3678,2.3333,0.4,0.44,0.04,0.56,strengthened
2023-01-18,3050.1762493662427,3076.3012356043387,3043.1825020489086,3059.200439453125,2421189,yfinance:TCS.NS,2026-08-02T18:42:50.192839,0.2959,2.7413,4.1565,4.5979,1989300.0,2070581.0,1.2171,1.1693,elevated,33.12,1.0826,1.44,0.0474,46.65,,1.4333,1.3107,3.1667,0.52,0.48,0.22,0.618,strengthened
2023-01-19,3050.175820908443,3056.492753081922,3033.029862151857,3043.94921875,1585044,yfinance:TCS.NS,2026-08-02T18:42:50.192839,-0.2041,1.1712,3.4616,4.1881,1856230.0,2035900.0,0.8539,0.7785,dry,23.46,0.7708,-9.02,-0.295,45.81,56.2,1.4096,1.2725,0.6667,-0.2,0.46,0.06,0.45,mixed
2023-01-20,3036.6398008661617,3063.3964349074176,3028.157150767711,3034.92529296875,1529349,yfinance:TCS.NS,2026-08-02T18:42:50.192839,-0.0565,-0.4529,1.926,7.0992,1813533.0,2002130.0,0.8433,0.7639,dry,35.24,1.1611,-7.31,-0.2401,39.8,56.72,0.9214,1.2326,0.225,-0.6327,0.4,0.0,0.3335,weakened
2023-01-23,3057.3954283238595,3085.370416009231,3028.1571422247093,3081.67041015625,1067916,yfinance:TCS.NS,2026-08-02T18:42:50.192839,0.794,0.7345,2.425,5.198,1658395.0,1943741.0,0.6439,0.5494,dry,57.21,1.8566,22.47,0.7404,41.32,56.1,0.5596,1.1949,1.7778,0.28,0.46,0.06,0.546,mixed
2023-01-24,3090.78528655422,3115.1054362054274,3083.8367038420397,3100.982666015625,1387863,yfinance:TCS.NS,2026-08-02T18:42:50.192839,0.3299,1.8737,1.7138,6.938,1598272.0,1911043.0,0.8684,0.7262,dry,31.27,1.0083,9.11,0.2958,37.04,55.89,0.5399,1.1572,0.6129,-0.24,0.46,0.04,0.44,weakened
2023-01-25,3091.056056581995,3099.809477418407,3072.7369055632244,3095.07177734375,874110,yfinance:TCS.NS,2026-08-02T18:42:50.192839,0.1299,1.9818,1.1726,5.3778,1288856.0,1853435.0,0.6782,0.4716,dry,27.07,0.8747,-9.93,-0.3201,36.06,54.42,0.5037,1.1247,0.2821,-0.56,0.42,-0.32,0.324,weakened
2023-01-27,3091.6874086767493,3109.7357881786565,3052.251743528508,3078.1962890625,1785879,yfinance:TCS.NS,2026-08-02T18:42:50.192839,-0.4364,-0.1127,1.1251,4.6256,1329023.0,1849880.0,1.3438,0.9654,elevated,57.48,1.8675,-3.38,-0.1093,42.32,51.52,0.5709,1.1098,0.2821,-0.56,0.32,-0.34,0.282,deteriorated
2023-01-30,3086.27313262084,3120.971100823279,3055.184840596906,3098.591064453125,1953798,yfinance:TCS.NS,2026-08-02T18:42:50.192839,0.3991,-0.0771,2.0978,4.0642,1413913.0,1855076.0,1.3818,1.0532,elevated,65.79,2.1231,8.08,0.2624,48.43,48.95,0.5353,1.0802,1.2727,0.12,0.3,-0.22,0.422,weakened
2023-01-31,3112.442566547711,3112.442566547711,3024.005520586077,3030.9541015625,2820375,yfinance:TCS.NS,2026-08-02T18:42:50.192839,-2.6182,-2.0716,-1.6457,0.7393,1764405.0,1960617.0,1.5985,1.4385,spike,88.44,2.9178,13.85,0.447,54.68,49.6,1.0649,1.2372,0.96,-0.0204,0.3,0.0,0.4159,weakened
2023-02-01,3034.83473656795,3085.370194566108,3027.615385425356,3075.759521484375,2205161,yfinance:TCS.NS,2026-08-02T18:42:50.192839,1.3485,-0.0792,-0.8134,0.8865,1927865.0,2008616.0,1.1438,1.0979,elevated,57.75,1.8777,3.88,0.128,59.54,48.79,1.0494,1.2312,0.9231,-0.04,0.34,-0.08,0.42,weakened
2023-02-02,3092.5897637316407,3130.491359902265,3086.363161059032,3122.73046875,1813847,yfinance:TCS.NS,2026-08-02T18:42:50.192839,0.9746,0.779,0.8936,2.0767,2115812.0,2037725.0,0.8573,0.8901,dry,44.13,1.4131,16.83,0.5472,64.84,50.53,1.0919,1.2119,0.6667,-0.2,0.28,-0.12,0.36,weakened
2023-02-03,3162.076345772332,3162.076345772332,3115.9626442696253,3142.493896484375,1804469,yfinance:TCS.NS,2026-08-02T18:42:50.192839,-0.6193,3.68,2.0888,3.2374,2119530.0,2036646.0,0.8514,0.886,dry,46.11,1.4674,39.35,1.26,62.56,49.16,1.111,1.2,3.5455,0.56,0.36,-0.08,0.548,mixed
2023-02-06,3134.236104127505,3134.236104127505,3101.478474418645,3122.32421875,1138714,yfinance:TCS.NS,2026-08-02T18:42:50.192839,-0.3801,1.5139,0.7659,2.8798,1956513.0,1969163.0,0.582,0.5783,dry,32.76,1.0491,-8.26,-0.2628,57.61,48.54,1.1184,1.1817,0.6667,-0.2,0.38,-0.04,0.408,weakened
2023-02-07,3130.4011068970385,3152.149492409252,3123.632964557196,3133.695068359375,1455647,yfinance:TCS.NS,2026-08-02T18:42:50.192839,0.1052,0.3511,3.3897,1.6882,1683568.0,1897692.0,0.8646,0.7671,dry,28.52,0.91,8.08,0.2587,45.89,46.76,1.0842,1.1581,0.6129,-0.24,0.3,-0.04,0.368,weakened
2023-02-08,3138.658220197554,3194.4726991238244,3138.658220197554,3176.60498046875,1986946,yfinance:TCS.NS,2026-08-02T18:42:50.192839,1.209,1.0855,3.2787,2.4387,1639925.0,1803806.0,1.2116,1.1015,elevated,55.81,1.757,4.96,0.1584,46.49,48.73,1.1542,1.1511,3.4545,0.551,0.32,0.02,0.5402,mixed
2023-02-09,3172.0027035874955,3201.421650359285,3163.249283575588,3195.330322265625,1655427,yfinance:TCS.NS,2026-08-02T18:42:50.192839,0.7354,2.3382,2.3249,3.2393,1608241.0,1750552.0,1.0293,0.9457,normal,38.17,1.1946,-4.6,-0.1449,43.18,49.59,1.1768,1.1331,1.2727,0.12,0.38,0.08,0.484,mixed
2023-02-10,3176.514554888765,3196.6837056013396,3165.820802706398,3192.35205078125,1187821,yfinance:TCS.NS,2026-08-02T18:42:50.192839,0.4986,1.8718,1.5866,3.7085,1484911.0,1697424.0,0.7999,0.6998,dry,30.86,0.9668,-18.82,-0.5889,40.13,49.28,1.169,1.1134,0.8519,-0.08,0.36,0.06,0.434,weakened
2023-02-13,3202.6849319015614,3202.6849319015614,3134.461969485681,3142.583740234375,1087939,yfinance:TCS.NS,2026-08-02T18:42:50.192839,-1.8766,-1.071,0.6489,1.4198,1474756.0,1664679.0,0.7377,0.6535,dry,68.22,2.1709,10.33,0.3237,45.57,50.06,1.329,1.1634,0.4706,-0.36,0.42,0.06,0.402,weakened
2023-02-14,3162.977916368184,3180.8910178016995,3153.9537283043665,3158.55615234375,1579818,yfinance:TCS.NS,2026-08-02T18:42:50.192839,-0.1398,-1.1509,0.7933,4.21,1499590.0,1651489.0,1.0535,0.9566,normal,26.94,0.8528,20.39,0.649,47.27,50.41,0.9863,1.1647,1.381,0.16,0.38,-0.04,0.48,mixed
2023-02-15,3146.7347657674286,3181.929103554905,3122.50472970228,3177.10107421875,1429449,yfinance:TCS.NS,2026-08-02T18:42:50.192839,0.965,-0.4777,0.0156,3.2948,1388091.0,1638538.0,1.0298,0.8724,normal,59.42,1.8704,-11.82,-0.3743,47.0,52.64,0.9426,1.1338,3.0833,0.5102,0.44,0.06,0.584,strengthened
2023-02-16,3183.012819825689,3226.1484997742177,3182.832380056969,3210.8525390625,1618931,yfinance:TCS.NS,2026-08-02T18:42:50.192839,0.8746,2.1724,0.4858,2.822,1380792.0,1598425.0,1.1725,1.0128,elevated,43.32,1.3491,5.91,0.1861,49.17,52.03,0.9333,1.1408,1.2727,0.12,0.46,0.2,0.528,mixed
2023-02-17,3182.0646250812088,3193.570467173406,3149.442266805479,3159.504150390625,1061369,yfinance:TCS.NS,2026-08-02T18:42:50.192839,-0.709,0.03,-1.029,0.5413,1355501.0,1572241.0,0.783,0.6751,dry,44.13,1.3967,-28.79,-0.8966,55.28,51.72,0.9418,1.1442,0.4286,-0.4,0.46,0.08,0.412,weakened
2023-02-20,3160.271129596154,3178.319508405955,3135.9509832133717,3147.005615234375,1296082,yfinance:TCS.NS,2026-08-02T18:42:50.192839,-0.4198,-0.9473,0.1407,0.7905,1397130.0,1560578.0,0.9277,0.8305,normal,42.37,1.3463,0.77,0.0243,50.11,48.43,0.9442,1.015,0.6129,-0.24,0.46,0.06,0.442,weakened
2023-02-21,3153.0518176626792,3166.497771917962,3108.6076842854936,3114.247802734375,1139541,yfinance:TCS.NS,2026-08-02T18:42:50.192839,-1.2307,-3.0087,-1.4028,-0.6206,1309074.0,1564159.0,0.8705,0.7285,dry,57.89,1.8589,6.05,0.1921,54.03,48.44,1.0371,0.9314,0.6129,-0.24,0.42,-0.02,0.418,weakened
2023-02-22,3081.715617084995,3110.6381891326687,3063.712402699568,3069.623291015625,1218430,yfinance:TCS.NS,2026-08-02T18:42:50.192839,-0.3924,-2.8448,-3.3829,-3.3678,1266871.0,1555688.0,0.9618,0.7832,normal,46.93,1.5287,-32.53,-1.0446,52.25,48.14,0.9479,0.9363,0.087,-0.84,0.36,-0.16,0.26,deteriorated
2023-02-23,3087.175595807029,3115.5114660865815,3075.444148059151,3080.67822265625,1441570,yfinance:TCS.NS,2026-08-02T18:42:50.192839,-0.2105,-2.1076,-4.0542,-3.5881,1231398.0,1584061.0,1.1707,0.91,elevated,40.07,1.3006,17.55,0.5718,51.62,48.12,0.8932,0.9169,0.7241,-0.16,0.36,-0.08,0.404,weakened
2023-02-24,3088.528752334375,3098.861404900383,3052.2515558298396,3068.63037109375,977592,yfinance:TCS.NS,2026-08-02T18:42:50.192839,-0.6443,-1.4648,-2.8762,-3.8756,1214643.0,1543646.0,0.8048,0.6333,dry,46.61,1.5189,7.85,0.2548,48.66,48.52,0.8572,0.9262,0.8519,-0.08,0.34,-0.18,0.402,weakened
2023-02-27,3059.200182190444,3059.200182190444,2992.421181163278,3006.724609375,1128022,yfinance:TCS.NS,2026-08-02T18:42:50.192839,-1.7153,-2.0491,-4.4576,-4.3232,1181031.0,1502358.0,0.9551,0.7508,normal,66.78,2.221,-9.43,-0.3073,55.43,51.84,0.8268,0.9645,0.4706,-0.36,0.22,-0.4,0.276,deteriorated
2023-02-28,3003.7011359869543,3061.004732842947,2977.891868803714,2989.578369140625,4116217,yfinance:TCS.NS,2026-08-02T18:42:50.192839,-0.4702,-2.9571,-4.0032,-5.3498,1776366.0,1567150.0,2.3172,2.6266,spike,83.11,2.7801,-3.02,-0.1006,60.47,53.43,0.8236,0.962,0.4286,-0.4,0.2,-0.28,0.272,deteriorated
2023-03-01,2998.738199575175,3058.297850845702,2991.5188479060203,3055.31982421875,1669307,yfinance:TCS.NS,2026-08-02T18:42:50.192839,1.8868,-0.4338,-0.466,-3.8331,1866542.0,1540357.0,0.8943,1.0837,dry,66.78,2.1857,9.16,0.3064,64.11,55.61,1.0207,0.9885,6.1429,0.72,0.24,-0.04,0.536,mixed
2023-03-02,3033.0305628388037,3041.0620046165113,2994.2265419515475,2997.33984375,1556538,yfinance:TCS.NS,2026-08-02T18:42:50.192839,-1.1767,-0.3121,-2.7052,-6.6497,1889535.0,1527491.0,0.8238,1.019,dry,46.84,1.5626,-22.29,-0.7295,67.15,57.77,0.9622,1.007,0.4286,-0.4,0.22,-0.1,0.298,deteriorated
2023-03-03,3026.713284379806,3030.3229603301693,3006.047977690829,3016.01953125,1043190,yfinance:TCS.NS,2026-08-02T18:42:50.192839,-0.3533,0.8844,-1.7145,-4.5414,1902655.0,1489428.0,0.5483,0.7004,dry,24.27,0.8049,29.37,0.98,64.42,55.26,0.9605,1.0079,4.5556,0.64,0.32,0.06,0.562,strengthened
2023-03-06,3033.842531496865,3072.691715860364,3031.2256043654165,3042.82177734375,1334132,yfinance:TCS.NS,2026-08-02T18:42:50.192839,0.296,-0.4091,1.2005,-3.3106,1943877.0,1499198.0,0.6863,0.8899,dry,41.47,1.3628,17.82,0.5909,60.52,56.57,0.9911,1.0105,3.0833,0.5102,0.32,0.08,0.538,mixed
2023-03-08,3035.736779184217,3064.614180175268,3005.8216847218846,3059.560546875,1844590,yfinance:TCS.NS,2026-08-02T18:42:50.192839,0.7848,2.0759,2.3409,-1.756,1489551.0,1518646.0,1.2384,1.2146,elevated,58.79,1.9216,-7.08,-0.2328,55.65,56.52,1.0084,1.0103,1.7222,0.2653,0.36,-0.06,0.4911,mixed
2023-03-09,3054.687706188105,3054.687706188105,3005.821815204135,3011.236328125,1648500,yfinance:TCS.NS,2026-08-02T18:42:50.192839,-1.4224,-0.1586,-1.4428,-1.9021,1485390.0,1501723.0,1.1098,1.0977,elevated,48.87,1.6228,-4.87,-0.1593,52.66,56.86,1.0803,1.0352,0.3889,-0.44,0.34,0.02,0.35,weakened
2023-03-10,2989.623405611254,3011.597393364564,2968.958101481584,3005.957275390625,1024404,yfinance:TCS.NS,2026-08-02T18:42:50.192839,0.5464,-1.2115,0.2875,-2.4255,1378963.0,1470172.0,0.7429,0.6968,dry,42.64,1.4185,-21.61,-0.7177,48.97,55.52,1.1135,1.0419,0.4286,-0.4,0.26,-0.24,0.3,weakened
2023-03-13,3007.762627347276,3040.97169171865,2952.7150665107374,2961.694091796875,1901233,yfinance:TCS.NS,2026-08-02T18:42:50.192839,-1.5317,-3.1987,-1.8012,-3.4848,1550572.0,1505843.0,1.2261,1.2626,elevated,88.26,2.9799,1.81,0.0601,60.02,58.8,1.1836,1.0714,0.0426,-0.9184,0.18,-0.38,0.1503,deteriorated
2023-03-14,2959.934582962972,2981.9535203922965,2896.223707775991,2901.232177734375,2670334,yfinance:TCS.NS,2026-08-02T18:42:50.192839,-1.9832,-3.6531,-4.6532,-3.5085,1817812.0,1584962.0,1.469,1.6848,elevated,85.73,2.9549,-1.76,-0.0594,65.83,60.78,1.2212,1.1147,0.3514,-0.48,0.16,-0.48,0.22,deteriorated
2023-03-15,2932.8617458363906,2942.2018705999863,2880.521443910695,2886.748046875,1780522,yfinance:TCS.NS,2026-08-02T18:42:50.192839,-1.5723,-3.9658,-5.6483,-3.4396,1804999.0,1594998.0,0.9864,1.1163,normal,61.68,2.1367,31.63,1.0902,66.41,61.58,1.2823,1.0529,0.6129,-0.24,0.2,-0.28,0.304,weakened
2023-03-16,2894.959981480573,2905.608569116776,2862.4728993941326,2874.204345703125,1901060,yfinance:TCS.NS,2026-08-02T18:42:50.192839,-0.717,-2.954,-4.5507,-5.9279,1855511.0,1618578.0,1.0245,1.1745,normal,43.14,1.5008,8.21,0.2845,64.29,61.38,0.9842,1.0136,1.2727,0.12,0.26,-0.32,0.396,weakened
2023-03-17,2843.0708376396906,2907.0522516200167,2837.205114597425,2869.060546875,6739966,yfinance:TCS.NS,2026-08-02T18:42:50.192839,0.9141,-1.1089,-4.5542,-4.2798,2998623.0,1874630.0,2.2477,3.5954,spike,69.85,2.4345,-31.13,-1.0832,69.73,63.04,1.091,1.011,2.5714,0.44,0.32,-0.04,0.512,mixed
2023-03-20,2860.3520931076205,2860.3520931076205,2793.031772654829,2836.573486328125,2289468,yfinance:TCS.NS,2026-08-02T18:42:50.192839,-0.8313,-1.7381,-4.2246,-5.9498,3076270.0,1936035.0,0.7442,1.1826,dry,67.32,2.3733,-8.71,-0.3035,67.28,63.03,1.0941,1.0141,0.3514,-0.48,0.3,-0.24,0.3,weakened
2023-03-21,2836.5736038648693,2848.711094996725,2795.197605797223,2803.003662109375,1815297,yfinance:TCS.NS,2026-08-02T18:42:50.192839,-1.1835,-2.4772,-3.3858,-7.8814,2905263.0,1961996.0,0.6248,0.9252,dry,53.51,1.9091,0.0,0.0,60.84,60.92,1.0665,1.0269,1.0417,0.0204,0.3,0.06,0.4301,weakened
2023-03-22,2824.616642779389,2836.754134299332,2803.003751733395,2825.29345703125,1123939,yfinance:TCS.NS,2026-08-02T18:42:50.192839,0.024,-1.5255,-2.1289,-7.6569,2773946.0,1961216.0,0.4052,0.5731,dry,33.75,1.1946,21.61,0.7711,55.26,58.42,0.9717,1.0258,1.6667,0.25,0.32,0.02,0.48,mixed
2023-03-23,2810.9450664318592,2839.3263223706044,2798.401529515103,2819.74365234375,1372218,yfinance:TCS.NS,2026-08-02T18:42:50.192839,0.313,-0.5933,-1.8948,-6.3593,2668178.0,1968905.0,0.5143,0.6969,dry,40.92,1.4514,-14.35,-0.5079,54.81,56.98,0.998,0.992,0.7241,-0.16,0.32,0.0,0.396,weakened
2023-03-24,2841.6271470449155,2860.668276380488,2802.9134594441,2815.99853515625,1329577,yfinance:TCS.NS,2026-08-02T18:42:50.192839,-0.9019,0.4636,-1.8495,-6.3194,1586100.0,1963305.0,0.8383,0.6772,dry,57.75,2.051,21.88,0.7761,52.39,58.75,0.9144,0.9746,0.2821,-0.56,0.22,-0.12,0.264,deteriorated
2023-03-27,2829.0837247587583,2845.1016629132937,2802.913572280926,2817.623046875,1524217,yfinance:TCS.NS,2026-08-02T18:42:50.192839,-0.4051,-0.2715,-0.6681,-4.8645,1433050.0,1990637.0,1.0636,0.7657,normal,42.19,1.4973,13.09,0.4647,45.63,57.71,0.8755,0.9594,1.2727,0.12,0.24,-0.08,0.412,weakened
2023-03-28,2821.864106617975,2842.2136983642395,2806.6582589143677,2811.84716796875,1303530,yfinance:TCS.NS,2026-08-02T18:42:50.192839,-0.355,-0.28,0.3155,-3.0809,1330696.0,1999412.0,0.9796,0.652,normal,35.56,1.2645,4.24,0.1505,42.03,56.05,0.7373,0.9204,0.5152,-0.32,0.24,-0.12,0.32,weakened
2023-03-29,2823.6689236329594,2842.6197217781473,2801.1987796733742,2832.602783203125,1740616,yfinance:TCS.NS,2026-08-02T18:42:50.192839,0.3164,0.5896,0.2587,-1.8756,1454032.0,1880632.0,1.1971,0.9255,elevated,41.42,1.4623,11.82,0.4204,43.57,55.17,0.6621,0.9284,8.8,0.7959,0.32,0.02,0.5892,strengthened
2023-03-31,2878.6711597054764,2899.47195965751,2844.4244061128143,2893.064697265625,2382581,yfinance:TCS.NS,2026-08-02T18:42:50.192839,0.5,2.6775,2.6003,0.6562,1656104.0,1916296.0,1.4387,1.2433,elevated,55.05,1.9027,46.07,1.6264,48.76,56.9,0.6848,0.9089,6.1429,0.72,0.38,0.2,0.616,strengthened
2023-04-03,2910.2557859956287,2910.2557859956287,2864.0519824028015,2887.740478515625,1521830,yfinance:TCS.NS,2026-08-02T18:42:50.192839,-0.7737,2.6991,2.5477,0.6511,1694555.0,1914560.0,0.8981,0.7949,dry,46.2,1.6,17.19,0.5942,46.45,53.9,0.5921,0.879,1.9412,0.32,0.4,0.2,0.544,mixed
2023-04-05,2874.6555889687143,2945.8114118907883,2874.6555889687143,2923.656982421875,2655065,yfinance:TCS.NS,2026-08-02T18:42:50.192839,1.7046,3.2145,3.7632,3.07,1920724.0,1995154.0,1.3823,1.3308,elevated,71.16,2.4338,-13.08,-0.4531,52.24,52.86,0.8432,0.9609,2.8462,0.48,0.54,0.24,0.636,strengthened
2023-04-06,2910.301588759904,2939.4949346840967,2901.277397787005,2906.421142578125,1703464,yfinance:TCS.NS,2026-08-02T18:42:50.192839,-0.1333,0.4617,3.3634,3.6895,2000711.0,2013621.0,0.8514,0.846,dry,38.22,1.3149,-13.36,-0.4568,52.77,51.18,0.7503,0.9618,1.6316,0.24,0.54,0.24,0.588,strengthened
2023-04-10,2905.788722968087,2952.7145035874473,2901.2766286777637,2944.95361328125,2203187,yfinance:TCS.NS,2026-08-02T18:42:50.192839,1.3478,1.9812,3.9663,4.2353,2093225.0,2031550.0,1.0525,1.0845,normal,51.44,1.7466,-0.63,-0.0218,54.78,51.78,0.8583,0.9956,1.7778,0.28,0.54,0.26,0.598,strengthened
2023-04-11,2945.4952314789316,2953.57183641114,2880.656346666499,2900.19384765625,2348779,yfinance:TCS.NS,2026-08-02T18:42:50.192839,-1.538,-0.8025,0.2464,2.8531,2086465.0,2066564.0,1.1257,1.1366,elevated,72.92,2.5142,0.54,0.0184,55.99,52.0,1.0084,1.022,3.1667,0.52,0.62,0.34,0.686,strengthened
2023-04-12,2912.963319978562,2942.7431464979895,2886.8383344135827,2925.326416015625,2417727,yfinance:TCS.NS,2026-08-02T18:42:50.192839,0.4244,0.6505,1.3016,3.8824,2265644.0,2136230.0,1.0671,1.1318,normal,55.9,1.9111,12.77,0.4403,57.93,50.56,0.9664,1.0307,2.125,0.36,0.68,0.34,0.678,strengthened
2023-04-13,2896.765029058617,2914.813409301973,2869.6924586935834,2877.678955078125,4174070,yfinance:TCS.NS,2026-08-02T18:42:50.192839,-0.6589,-2.2844,-1.5726,2.1314,2569445.0,2249872.0,1.6245,1.8552,spike,45.12,1.568,-28.56,-0.9763,54.82,50.71,0.9846,1.0309,1.2727,0.12,0.78,0.36,0.672,strengthened
2023-04-17,2828.2713129172603,2854.7120118386847,2770.651774963389,2833.144287109375,5505048,yfinance:TCS.NS,2026-08-02T18:42:50.192839,0.1723,-2.3119,-2.5212,0.7574,3329762.0,2391608.0,1.6533,2.3018,spike,84.06,2.967,-49.41,-1.7169,68.58,55.94,0.9726,0.9979,1.7778,0.28,0.76,0.4,0.7,strongly_participatory
2023-04-18,2847.08654077672,2848.8012689229336,2807.064393679631,2825.248046875,2617302,yfinance:TCS.NS,2026-08-02T18:42:50.192839,-0.767,-3.4211,-4.0648,-0.2596,3412585.0,2433447.0,0.767,1.0756,dry,41.74,1.4773,13.94,0.4921,66.64,56.0,1.0099,1.0019,0.7857,-0.12,0.7,0.26,0.582,strengthened
2023-04-19,2825.248469834299,2833.59584613262,2771.7801405720834,2788.114013671875,3298034,yfinance:TCS.NS,2026-08-02T18:42:50.192839,-1.3144,-3.1124,-3.8646,-3.6277,3602436.0,2503296.0,0.9155,1.3175,normal,61.82,2.2171,0.0,0.0,64.42,56.29,1.0764,0.9363,0.5806,-0.2653,0.72,0.16,0.5509,strengthened
2023-04-20,2788.474964066555,2809.2306029576653,2777.6459350798887,2801.830810546875,2419999,yfinance:TCS.NS,2026-08-02T18:42:50.192839,0.479,-1.1053,-4.2216,-2.975,3602891.0,2287297.0,0.6717,1.058,dry,31.58,1.1273,0.36,0.0129,59.56,55.53,1.0691,0.9343,1.1739,0.08,0.74,0.16,0.628,strengthened
2023-04-21,2806.5227991505576,2855.659464544931,2798.2205892743714,2852.410888671875,1929184,yfinance:TCS.NS,2026-08-02T18:42:50.192839,1.6351,0.9614,-0.8781,-2.4369,3153913.0,2269283.0,0.6117,0.8501,dry,57.44,2.0137,4.69,0.1675,59.92,57.1,1.0567,0.9978,0.96,-0.0204,0.68,0.04,0.5719,strengthened
2023-04-24,2843.612470588807,2870.5495443318514,2821.09694130206,2864.999755859375,1640676,yfinance:TCS.NS,2026-08-02T18:42:50.192839,0.7521,2.7576,1.1244,-1.4252,2381039.0,2260552.0,0.6891,0.7258,dry,49.45,1.7261,-8.8,-0.3085,48.41,57.67,1.0843,1.0093,2.3333,0.4,0.68,0.22,0.674,strengthened
2023-04-25,2872.399452036514,2879.799243193542,2840.363580045532,2866.08251953125,2024090,yfinance:TCS.NS,2026-08-02T18:42:50.192839,-0.2199,2.2932,1.4453,-2.6782,2262397.0,2305560.0,0.8947,0.8779,dry,39.44,1.3759,7.4,0.2583,47.95,55.71,0.9852,0.9919,1.9412,0.32,0.74,0.32,0.692,strengthened
2023-04-26,2870.5946482272543,2895.3208390571563,2870.5946482272543,2886.071044921875,2000029,yfinance:TCS.NS,2026-08-02T18:42:50.192839,0.5391,1.1801,3.5134,-0.487,2002796.0,2336950.0,0.9986,0.8558,normal,24.73,0.8567,4.51,0.1574,41.43,54.5,0.8602,0.9757,1.7778,0.28,0.76,0.12,0.672,strengthened
2023-04-27,2874.204607146831,2887.0189132942296,2861.2548059548058,2876.86669921875,2434446,yfinance:TCS.NS,2026-08-02T18:42:50.192839,0.0926,0.4142,2.6781,-1.6566,2005685.0,2392194.0,1.2138,1.0177,elevated,25.76,0.8956,-11.87,-0.4112,40.27,51.26,0.8528,0.9676,3.1667,0.52,0.78,0.26,0.742,strongly_participatory
2023-04-28,2888.101376057115,2912.3314117884297,2884.356425727405,2905.112060546875,2931312,yfinance:TCS.NS,2026-08-02T18:42:50.192839,0.589,1.3618,1.8476,0.9533,2206111.0,2462548.0,1.3287,1.1904,elevated,27.97,0.963,11.23,0.3905,35.87,51.06,0.825,0.9433,4.0,0.6,0.84,0.4,0.796,strongly_participatory
2023-05-02,2919.325628047492,2919.325628047492,2896.765151787465,2905.247802734375,2321159,yfinance:TCS.NS,2026-08-02T18:42:50.192839,-0.4822,0.6645,1.4048,2.545,2342207.0,2513430.0,0.991,0.9235,normal,22.56,0.7765,14.21,0.4893,30.49,49.0,0.8526,0.8786,1.6316,0.24,0.88,0.6,0.76,strongly_participatory
2023-05-03,2902.179217450923,2902.179217450923,2863.5104789920574,2869.601806640625,2468285,yfinance:TCS.NS,2026-08-02T18:42:50.192839,-1.1225,-0.2525,0.1228,1.5699,2431046.0,2549813.0,1.0153,0.968,normal,38.67,1.3475,-3.07,-0.1056,30.95,46.77,0.9002,0.8556,0.6129,-0.24,0.88,0.22,0.626,strengthened
2023-05-04,2869.828004119587,2909.805214192962,2867.887891187279,2906.421142578125,1953253,yfinance:TCS.NS,2026-08-02T18:42:50.192839,1.2751,0.0451,0.7051,4.2433,2421691.0,2528347.0,0.8066,0.7725,dry,41.92,1.4422,0.23,0.0079,33.49,45.77,0.8185,0.8793,3.4545,0.551,0.92,0.28,0.8062,strongly_participatory
2023-05-05,2905.788985628069,2927.447040179334,2896.809961242115,2915.44482421875,1710027,yfinance:TCS.NS,2026-08-02T18:42:50.192839,0.3323,0.351,1.341,4.055,2276807.0,2537757.0,0.7511,0.6738,dry,30.64,1.0509,-0.63,-0.0218,34.46,43.99,0.8174,0.865,0.7241,-0.16,0.84,0.38,0.642,strengthened
2023-05-08,2928.349442012585,2937.238356642924,2915.9863466752167,2933.403076171875,928235,yfinance:TCS.NS,2026-08-02T18:42:50.192839,0.1726,2.2233,0.9738,2.8394,1876192.0,2451415.0,0.4947,0.3787,dry,21.25,0.7245,12.9,0.4426,31.73,37.9,0.6788,0.8513,4.5556,0.64,0.94,0.36,0.84,strongly_participatory
2023-05-09,2935.208133223178,2976.177867775832,2929.252079684763,2962.8671875,1107375,yfinance:TCS.NS,2026-08-02T18:42:50.192839,0.9423,1.9421,1.9833,3.416,1633435.0,2421611.0,0.6779,0.4573,dry,46.93,1.5838,1.81,0.0615,36.6,38.27,0.6986,0.8354,1.3333,0.1429,0.94,0.44,0.7486,strongly_participatory
2023-05-10,2968.958741883984,2983.8486565469284,2947.3458492093846,2966.071044921875,1559987,yfinance:TCS.NS,2026-08-02T18:42:50.192839,-0.0973,1.7365,3.3618,3.4887,1451775.0,2389451.0,1.0745,0.6529,normal,36.5,1.2307,6.09,0.2056,35.56,36.46,0.6912,0.836,2.8462,0.48,0.94,0.32,0.804,strongly_participatory
2023-05-11,2986.1040583661356,2986.7357075154237,2952.7145599800533,2961.8740234375,1719623,yfinance:TCS.NS,2026-08-02T18:42:50.192839,-0.8114,0.9706,1.9079,2.6265,1405049.0,2357993.0,1.2239,0.7293,elevated,34.02,1.1486,20.03,0.6754,33.98,36.63,0.7521,0.851,1.1739,0.08,0.92,0.48,0.732,strongly_participatory
2023-05-12,2959.166638227262,2968.9579707256435,2941.8854056430387,2954.7900390625,1027479,yfinance:TCS.NS,2026-08-02T18:42:50.192839,-0.1479,-0.2726,1.3495,2.7086,1268540.0,2288481.0,0.81,0.449,dry,27.07,0.9162,-2.71,-0.0914,33.26,34.47,0.7558,0.8326,0.7857,-0.12,0.88,0.28,0.656,strengthened
2023-05-15,2963.5439307236315,2970.7632825646147,2931.372782209103,2937.4189453125,1150390,yfinance:TCS.NS,2026-08-02T18:42:50.192839,-0.8815,-0.966,0.1369,1.1121,1312971.0,2137297.0,0.8762,0.5382,dry,39.39,1.341,8.75,0.2963,36.78,33.75,0.785,0.8466,2.3333,0.4,0.9,0.26,0.766,strongly_participatory
2023-05-16,2938.456879642463,2964.446592461722,2933.2679700818376,2940.216552734375,986306,yfinance:TCS.NS,2026-08-02T18:42:50.192839,0.0599,-0.7312,-0.7645,1.2036,1288757.0,1911360.0,0.7653,0.516,dry,31.18,1.0604,1.04,0.0353,33.63,33.16,0.7729,0.8429,0.6667,-0.2,0.88,0.22,0.634,strengthened
2023-05-17,2938.2310945607733,2959.93431554151,2886.161562402632,2895.591796875,1588815,yfinance:TCS.NS,2026-08-02T18:42:50.192839,-1.4512,-2.0035,-2.3762,0.9057,1294523.0,1859935.0,1.2273,0.8542,elevated,73.77,2.5478,-1.99,-0.0675,41.09,36.34,0.8296,0.8864,0.4412,-0.3878,0.82,0.08,0.5584,strengthened
2023-05-18,2911.1582258666713,2913.8654825847825,2883.228404788249,2887.605224609375,1369364,yfinance:TCS.NS,2026-08-02T18:42:50.192839,-0.8091,-1.6958,-2.5075,-0.6474,1224471.0,1763502.0,1.1183,0.7765,elevated,30.64,1.061,15.57,0.5376,40.41,36.69,0.7098,0.8942,0.3514,-0.48,0.8,-0.06,0.518,mixed
2023-05-19,2896.7644256853036,2918.873686878229,2890.4926589205256,2908.360595703125,1152449,yfinance:TCS.NS,2026-08-02T18:42:50.192839,0.4003,-1.0835,-1.5713,-0.243,1249465.0,1700124.0,0.9224,0.6779,normal,28.38,0.9758,9.16,0.3172,41.25,36.39,0.7165,0.8859,1.5,0.2,0.84,-0.04,0.672,strengthened
2023-05-22,2914.8129497334676,2985.6076660126437,2903.1266694318583,2976.80908203125,1333243,yfinance:TCS.NS,2026-08-02T18:42:50.192839,2.1269,2.8049,1.341,1.4797,1286035.0,1670327.0,1.0367,0.7982,normal,82.48,2.7708,6.45,0.2219,49.87,40.67,1.0413,0.9165,2.3333,0.4,0.86,0.1,0.734,strongly_participatory
2023-05-23,2983.397162487744,3003.2052151323046,2969.048788762343,2975.320556640625,1687418,yfinance:TCS.NS,2026-08-02T18:42:50.192839,-0.2707,3.0376,1.1939,0.4203,1426258.0,1672664.0,1.1831,1.0088,elevated,34.16,1.148,6.59,0.2213,50.46,40.13,0.9795,0.9176,1.1739,0.08,0.86,0.26,0.686,strengthened
2023-05-24,2956.324369747154,2993.5039850346407,2956.324369747154,2981.005615234375,1016555,yfinance:TCS.NS,2026-08-02T18:42:50.192839,0.8349,2.4978,2.9498,0.5035,1311806.0,1622288.0,0.7749,0.6266,dry,37.18,1.2472,-19.0,-0.6385,43.14,39.79,1.032,0.8967,1.381,0.16,0.84,0.04,0.672,strengthened
2023-05-25,2972.567908676655,2983.3969356663692,2948.2929279682253,2972.11669921875,1374917,yfinance:TCS.NS,2026-08-02T18:42:50.192839,-0.0152,-0.1576,2.9267,0.3458,1312916.0,1591032.0,1.0472,0.8642,normal,35.1,1.1811,-8.44,-0.283,44.04,40.11,1.0008,0.8479,1.7222,0.2653,0.82,0.06,0.6871,strengthened
2023-05-26,2972.1167142054805,3012.8608403328844,2969.8606669045807,3004.062255859375,1791115,yfinance:TCS.NS,2026-08-02T18:42:50.192839,1.0748,0.966,3.2906,1.6675,1440650.0,1558865.0,1.2433,1.149,elevated,43.0,1.4314,0.0,0.0,46.38,41.62,1.056,0.8657,8.8,0.7959,0.84,0.3,0.8252,strongly_participatory
2023-05-29,3032.849480091868,3042.9565276981425,2988.811393753336,2996.3466796875,1210372,yfinance:TCS.NS,2026-08-02T18:42:50.192839,-1.2036,0.5146,0.6563,2.0061,1416075.0,1472818.0,0.8547,0.8218,dry,54.15,1.807,28.79,0.9583,40.72,42.14,1.0938,0.8872,2.3333,0.4,0.9,0.54,0.794,strongly_participatory
2023-05-30,2991.518947917476,3002.3028107703726,2979.201016847023,2992.601806640625,1344224,yfinance:TCS.NS,2026-08-02T18:42:50.192839,0.0362,0.6892,0.5808,1.7817,1347437.0,1423972.0,0.9976,0.944,normal,23.1,0.772,-4.83,-0.1611,38.51,41.18,1.0938,0.887,0.9231,-0.04,0.9,0.3,0.682,strengthened
2023-05-31,2986.1042492714746,3002.9794392550057,2946.5330909329136,2968.507080078125,5815424,yfinance:TCS.NS,2026-08-02T18:42:50.192839,-0.5893,-1.1836,-0.4193,2.5181,2307210.0,1591329.0,2.5205,3.6544,spike,56.45,1.9015,-6.5,-0.2171,42.36,42.78,0.9894,0.8818,0.6129,-0.24,0.84,0.28,0.616,strengthened
2023-06-01,2990.616191987957,3014.079083053644,2975.7262803501167,2999.640380859375,1177314,yfinance:TCS.NS,2026-08-02T18:42:50.192839,0.3018,0.1099,0.9261,3.8799,2267690.0,1552532.0,0.5192,0.7583,dry,38.35,1.2786,22.11,0.7448,44.45,44.1,0.9292,0.8432,1.2727,0.12,0.84,0.32,0.692,strengthened
2023-06-02,3001.670995775546,3010.379250409834,2975.681286269555,2983.0361328125,2030661,yfinance:TCS.NS,2026-08-02T18:42:50.192839,-0.6208,-0.3196,-0.6999,2.5676,2315599.0,1568563.0,0.8769,1.2946,dry,34.7,1.1632,2.03,0.0677,42.79,43.77,0.9685,0.8509,2.8462,0.48,0.92,0.36,0.8,strongly_participatory
2023-06-05,2991.518798732182,3002.347826057909,2964.491395428479,2967.965576171875,1861468,yfinance:TCS.NS,2026-08-02T18:42:50.192839,-0.7873,-0.0182,-0.9472,-0.2971,2445818.0,1615225.0,0.7611,1.1525,dry,37.86,1.2755,8.48,0.2844,39.53,44.24,0.72,0.8124,1.0417,0.0204,0.9,0.28,0.6921,strengthened
2023-06-06,2959.9337618540153,2967.920256624881,2906.330171488742,2916.888427734375,2022849,yfinance:TCS.NS,2026-08-02T18:42:50.192839,-1.4543,-2.7587,-2.53,-1.9639,2581543.0,1660999.0,0.7836,1.2179,dry,61.59,2.1115,-8.03,-0.2706,47.24,43.38,0.8349,0.8414,1.381,0.16,0.88,0.12,0.696,strengthened
2023-06-07,2935.5691423655453,2958.896762718088,2924.740113866195,2955.33203125,1567196,yfinance:TCS.NS,2026-08-02T18:42:50.192839,0.6732,-0.9287,-0.4438,-0.8612,1731898.0,1661359.0,0.9049,0.9433,normal,34.16,1.1558,18.68,0.6404,44.35,44.19,0.813,0.8518,5.125,0.6735,0.9,0.44,0.8387,strongly_participatory
2023-06-08,2942.788464510879,2950.910235802077,2917.520731604928,2920.634033203125,1759366,yfinance:TCS.NS,2026-08-02T18:42:50.192839,-0.7528,-1.5947,-2.6339,-1.7322,1848308.0,1663346.0,0.9519,1.0577,normal,33.39,1.1432,-12.54,-0.4244,42.8,44.66,0.8219,0.854,0.2821,-0.56,0.88,0.36,0.576,strengthened
2023-06-09,2928.349367716642,2932.8614622739865,2892.568546003746,2896.133056640625,1775689,yfinance:TCS.NS,2026-08-02T18:42:50.192839,-1.1002,-0.7116,-2.9132,-3.5928,1797314.0,1700757.0,0.988,1.0441,normal,40.29,1.3913,7.72,0.2642,43.92,41.64,0.6845,0.8729,0.5625,-0.28,0.82,0.16,0.588,strengthened
2023-06-12,2901.2766470751626,2936.8318621815274,2897.6669716200145,2930.063720703125,2324605,yfinance:TCS.NS,2026-08-02T18:42:50.192839,0.9922,-0.855,-1.277,-2.2121,1889941.0,1759468.0,1.23,1.3212,elevated,39.16,1.3367,5.14,0.1776,44.49,42.11,0.7948,0.8873,1.9412,0.32,0.88,0.14,0.73,strongly_participatory
2023-06-13,2941.885987673672,2946.398082746791,2922.9351883665713,2927.176513671875,1371928,yfinance:TCS.NS,2026-08-02T18:42:50.192839,-0.5,0.224,0.3527,-2.1862,1759757.0,1778749.0,0.7796,0.7713,dry,23.46,0.8016,11.82,0.4035,36.85,41.13,0.7853,0.8875,2.5714,0.44,0.92,0.2,0.776,strongly_participatory
2023-06-14,2927.1762148240855,2938.140736922636,2911.068169247874,2933.80908203125,1658544,yfinance:TCS.NS,2026-08-02T18:42:50.192839,0.2266,1.3009,-0.7283,-1.1689,1778026.0,1782235.0,0.9328,0.9306,normal,27.07,0.9228,-0.0,-0.0,33.87,40.56,0.8038,0.8686,1.1304,0.0612,0.9,0.28,0.7002,strongly_participatory
2023-06-15,2950.400421574456,2952.354962814374,2918.3080796100494,2924.03564453125,2273810,yfinance:TCS.NS,2026-08-02T18:42:50.192839,-0.8936,-0.2057,0.1165,-2.5205,1880915.0,1827457.0,1.2089,1.2442,elevated,34.05,1.1644,16.59,0.5655,33.11,39.92,0.7928,0.8428,0.9231,-0.04,0.92,0.2,0.68,strengthened
2023-06-16,2906.4895735209416,2908.6713974620043,2869.2152311642453,2886.397705078125,4156189,yfinance:TCS.NS,2026-08-02T18:42:50.192839,-0.6913,-1.3931,-0.3362,-3.2396,2357015.0,1977644.0,1.7633,2.1016,spike,39.46,1.367,-17.55,-0.6001,36.02,39.97,0.7951,0.8438,3.4545,0.551,0.88,0.38,0.8002,strongly_participatory
2023-06-19,2900.1259479423184,2922.7632059010452,2886.4889920742507,2918.672119140625,1468186,yfinance:TCS.NS,2026-08-02T18:42:50.192839,0.6395,-0.5159,-0.3888,-1.6609,2185731.0,1984392.0,0.6717,0.7399,dry,36.27,1.2428,13.73,0.4756,35.15,40.91,0.8497,0.8546,0.3889,-0.44,0.86,0.22,0.578,strengthened
2023-06-20,2921.945347504992,2938.7642612974137,2910.1721522414337,2934.400390625,1528452,yfinance:TCS.NS,2026-08-02T18:42:50.192839,0.4263,0.3545,0.2468,0.6004,2217036.0,1976443.0,0.6894,0.7733,dry,28.59,0.9744,3.27,0.1121,36.18,38.92,0.7665,0.8367,2.5714,0.44,0.88,0.06,0.746,strongly_participatory
2023-06-21,2954.6738371268343,2965.037835034798,2930.990945518115,2962.128662109375,1645987,yfinance:TCS.NS,2026-08-02T18:42:50.192839,0.2523,2.6237,0.9653,0.23,2214525.0,2007915.0,0.7433,0.8197,dry,34.05,1.1494,20.27,0.6909,37.57,38.1,0.7301,0.8403,0.8148,-0.102,0.88,0.14,0.6456,strengthened
2023-06-22,2963.764561742512,2970.719319247787,2936.581656538227,2944.21826171875,1529603,yfinance:TCS.NS,2026-08-02T18:42:50.192839,-0.6595,0.8753,0.6902,0.8075,2065683.0,2015649.0,0.7405,0.7589,dry,34.14,1.1595,1.64,0.0552,37.59,38.06,0.722,0.8367,0.3514,-0.48,0.86,0.08,0.556,strengthened
2023-06-23,2943.1275340242505,2954.127877366656,2917.5353831715756,2924.081298828125,1119505,yfinance:TCS.NS,2026-08-02T18:42:50.192839,-0.6471,-0.3517,1.3056,0.965,1458347.0,1982069.0,0.7677,0.5648,dry,36.59,1.2514,-1.09,-0.037,33.95,37.97,0.6664,0.8414,0.25,-0.6,0.8,-0.04,0.496,mixed
2023-06-26,2913.762857251765,2921.8540288219324,2884.670685198081,2899.8076171875,1978803,yfinance:TCS.NS,2026-08-02T18:42:50.192839,-0.4789,-2.1039,-0.6463,-1.0326,1560470.0,2020490.0,1.2681,0.9794,elevated,37.18,1.2823,-10.32,-0.3529,34.56,36.38,0.5552,0.8329,2.7692,0.4694,0.8,0.02,0.7159,strongly_participatory
2023-06-27,2911.035472947951,2917.9902315635795,2893.1256488765357,2906.80810546875,863542,yfinance:TCS.NS,2026-08-02T18:42:50.192839,-0.1452,-1.2706,-0.9403,-0.6958,1427488.0,1996456.0,0.6049,0.4325,dry,24.86,0.8554,11.23,0.3872,33.81,35.16,0.5475,0.8319,2.5714,0.44,0.84,0.1,0.734,strongly_participatory
2023-06-28,2916.4902067752564,2937.354704231224,2903.2168146828576,2923.26318359375,1575872,yfinance:TCS.NS,2026-08-02T18:42:50.192839,0.2322,-0.028,-1.3121,-0.3595,1413465.0,1784478.0,1.1149,0.8831,elevated,34.14,1.1678,9.68,0.3331,33.83,34.9,0.548,0.7985,5.25,0.68,0.88,0.26,0.814,strongly_participatory
2023-06-30,2927.4000459558824,3009.2217863707983,2922.0362650887305,3002.176025390625,2672406,yfinance:TCS.NS,2026-08-02T18:42:50.192839,2.5543,3.5302,1.9685,2.6723,1642026.0,1859233.0,1.6275,1.4374,spike,87.19,2.9041,4.14,0.1415,44.44,38.25,0.9772,0.9238,4.5556,0.64,0.92,0.44,0.84,strongly_participatory
2023-07-03,3013.130740028882,3017.221826572155,2971.719808516399,2974.947265625,1687264,yfinance:TCS.NS,2026-08-02T18:42:50.192839,-1.2672,2.3441,1.7396,3.0678,1755577.0,1842063.0,0.9611,0.916,normal,45.5,1.5295,10.95,0.3649,46.22,38.59,1.0467,0.9486,0.9231,-0.04,0.96,0.42,0.718,strongly_participatory
2023-07-04,2991.038586886347,3013.766843625605,2979.4926768539303,3008.17578125,1656681,yfinance:TCS.NS,2026-08-02T18:42:50.192839,0.573,2.9047,3.7371,3.0666,1691153.0,1831824.0,0.9796,0.9044,normal,34.27,1.1394,16.09,0.5409,46.1,39.69,1.043,0.8639,1.381,0.16,0.94,0.3,0.738,strongly_participatory
2023-07-05,3018.31307903841,3026.495253047851,3004.676122356007,3018.267578125,1453008,yfinance:TCS.NS,2026-08-02T18:42:50.192839,-0.0015,0.536,3.8344,2.8581,1809046.0,1803332.0,0.8032,0.8057,dry,21.82,0.7229,10.14,0.337,45.49,39.31,1.0362,0.8636,1.6316,0.24,0.94,0.4,0.764,strongly_participatory
2023-07-06,3006.0850703686824,3025.9949366964006,3001.9484827926003,3020.94921875,1848238,yfinance:TCS.NS,2026-08-02T18:42:50.192839,0.4945,1.5463,3.3417,1.9858,1863519.0,1817384.0,0.9918,1.017,normal,24.05,0.796,-12.18,-0.4036,43.47,38.6,1.0445,0.853,2.3333,0.4,0.96,0.3,0.794,strongly_participatory
2023-07-07,3001.9478820539534,3051.859040614156,3001.9478820539534,3026.7216796875,1789326,yfinance:TCS.NS,2026-08-02T18:42:50.192839,0.8253,0.6165,0.8176,2.8022,1686903.0,1818882.0,1.0607,0.9838,normal,49.91,1.649,-19.0,-0.629,36.02,38.25,1.0355,0.8699,0.1364,-0.76,0.94,0.22,0.546,mixed
2023-07-10,3022.6310315390187,3022.6310315390187,2968.492276589758,2974.62890625,1407431,yfinance:TCS.NS,2026-08-02T18:42:50.192839,-1.5881,-1.4458,-0.0107,1.7287,1630937.0,1800469.0,0.863,0.7817,dry,54.14,1.82,-4.09,-0.1352,38.57,39.81,1.1579,0.8835,0.4706,-0.36,0.9,0.12,0.6,strengthened
2023-07-11,2995.5842749230624,2995.5842749230624,2964.4920637140776,2975.037841796875,1110172,yfinance:TCS.NS,2026-08-02T18:42:50.192839,-0.6859,-1.5198,-1.1016,2.5943,1521635.0,1739747.0,0.7296,0.6381,dry,31.09,1.0451,20.96,0.7045,37.02,39.99,1.1716,0.8675,2.8462,0.48,0.94,0.16,0.788,strongly_participatory
2023-07-12,2982.811065666501,2990.2658898660156,2954.7645285933795,2963.673828125,1515240,yfinance:TCS.NS,2026-08-02T18:42:50.192839,-0.6416,-2.083,-1.8088,1.9563,1534081.0,1746913.0,0.9877,0.8674,normal,35.5,1.1979,7.77,0.2613,39.76,40.09,1.1934,0.8712,0.6667,-0.2,0.92,0.04,0.632,strengthened
2023-07-13,2985.584476908502,3061.4513705800982,2975.356759075,3036.995849609375,4585146,yfinance:TCS.NS,2026-08-02T18:42:50.192839,1.722,2.0966,0.5312,3.8906,2081463.0,1893243.0,2.2028,2.4218,spike,86.09,2.8349,21.91,0.7393,54.5,44.63,1.3064,0.9335,0.5152,-0.32,0.88,0.24,0.612,strengthened
2023-07-14,3059.223400226424,3204.547964647963,3047.4047065554155,3195.274658203125,6306101,yfinance:TCS.NS,2026-08-02T18:42:50.192839,4.4472,7.4028,5.5688,6.432,2984818.0,2094858.0,2.1127,3.0103,spike,157.14,4.918,22.23,0.7319,78.03,53.99,1.7481,1.2486,1.7222,0.2653,0.92,0.12,0.7331,strongly_participatory
2023-07-17,3191.047530195596,3227.3217423976093,3161.0917295383088,3174.410400390625,2743228,yfinance:TCS.NS,2026-08-02T18:42:50.192839,-0.5214,7.1107,6.7162,6.7048,3251977.0,2024210.0,0.8436,1.3552,dry,66.23,2.0864,-4.23,-0.1323,79.63,55.9,1.6844,1.2469,1.5789,0.2245,0.92,0.3,0.7429,strongly_participatory
2023-07-18,3160.137072859517,3203.775329331685,3150.136639084645,3179.092529296875,2600090,yfinance:TCS.NS,2026-08-02T18:42:50.192839,0.5998,4.6789,6.8589,5.6817,3549961.0,2080805.0,0.7324,1.2496,dry,53.64,1.6872,-14.27,-0.4496,84.14,57.96,1.6846,1.2409,0.7241,-0.16,0.92,0.18,0.654,strengthened
2023-07-19,3181.9564387643286,3197.275374973218,3132.545112140107,3154.72802734375,2405370,yfinance:TCS.NS,2026-08-02T18:42:50.192839,-0.8557,-1.269,6.4465,4.5212,3727987.0,2124651.0,0.6452,1.1321,dry,64.73,2.0518,2.86,0.0901,89.99,60.15,1.7319,1.2198,2.125,0.36,0.94,0.18,0.766,strongly_participatory
2023-07-20,3147.4816096060504,3170.9979886535184,3131.940584552698,3156.77880859375,1715404,yfinance:TCS.NS,2026-08-02T18:42:50.192839,0.2954,-0.5554,3.9441,4.4963,3154039.0,2128122.0,0.5439,0.8061,dry,39.06,1.2373,-7.25,-0.2297,78.24,56.71,1.7316,1.2157,2.3333,0.4,0.96,0.22,0.786,strongly_participatory
2023-07-21,3102.772693816824,3130.8921637786366,3061.7554440058743,3070.186767578125,3770223,yfinance:TCS.NS,2026-08-02T18:42:50.192839,-1.0502,-3.4257,-3.9148,1.436,2646863.0,2240152.0,1.4244,1.683,elevated,69.14,2.2519,-54.01,-1.7108,63.74,60.24,1.7765,1.2241,0.3514,-0.48,0.92,0.22,0.594,strengthened
2023-07-24,3081.762362983513,3111.3403098046124,3073.650152372097,3094.29541015625,1680132,yfinance:TCS.NS,2026-08-02T18:42:50.192839,0.4067,-1.9156,-2.5238,4.0229,2434244.0,2268184.0,0.6902,0.7407,dry,37.69,1.2181,11.58,0.377,58.72,60.41,1.6654,1.2045,1.3333,0.1429,0.92,0.16,0.7126,strongly_participatory
2023-07-25,3096.802519593953,3105.279462829651,3081.0336204622276,3098.306396484375,1272980,yfinance:TCS.NS,2026-08-02T18:42:50.192839,0.0486,-1.8523,-2.5412,4.1434,2168822.0,2232893.0,0.5869,0.5701,dry,24.25,0.7826,2.51,0.081,52.84,60.58,1.6294,1.1937,1.1739,0.08,0.9,0.12,0.688,strengthened
2023-07-26,3099.3998108666033,3118.0854444919646,3085.408283992545,3088.416259765625,1066803,yfinance:TCS.NS,2026-08-02T18:42:50.192839,-0.3544,0.5938,-2.102,4.209,1901108.0,2243056.0,0.5611,0.4756,dry,32.68,1.0581,1.09,0.0353,46.43,61.2,1.6106,1.1914,1.6316,0.24,0.92,0.18,0.734,strongly_participatory
2023-07-27,3094.4780014441108,3109.699914070163,3085.454295510359,3096.25537109375,1701769,yfinance:TCS.NS,2026-08-02T18:42:50.192839,0.0574,0.0633,-1.9173,1.9513,1898381.0,2249351.0,0.8964,0.7566,dry,24.25,0.7831,6.06,0.1963,43.47,59.37,1.5522,1.1912,0.5625,-0.28,0.84,0.16,0.596,strengthened
2023-07-28,3085.4085459262187,3093.338502704607,3036.1878482954903,3058.42822265625,2599831,yfinance:TCS.NS,2026-08-02T18:42:50.192839,-0.8744,-1.2871,-0.383,-4.2828,1664303.0,2245722.0,1.5621,1.1577,spike,57.15,1.8686,-10.85,-0.3503,36.48,59.5,0.5878,1.1907,1.6316,0.24,0.86,0.1,0.702,strongly_participatory
2023-07-31,3066.63200676874,3123.3725393934046,3063.441776018759,3118.6328125,2743678,yfinance:TCS.NS,2026-08-02T18:42:50.192839,1.6957,0.9784,0.7865,-1.7571,1877012.0,2298543.0,1.4617,1.1937,elevated,59.93,1.9217,8.2,0.2682,41.24,61.92,0.8312,1.2152,2.8462,0.48,0.86,0.2,0.76,strongly_participatory
2023-08-01,3112.7532591629024,3153.7705056233212,3112.7532591629024,3146.524169921875,1956167,yfinance:TCS.NS,2026-08-02T18:42:50.192839,1.0849,1.6235,1.5563,-1.0245,2013650.0,2313517.0,0.9715,0.8455,normal,41.02,1.3036,-5.88,-0.1885,44.59,62.31,0.8829,1.2237,0.6897,-0.1837,0.9,0.16,0.6393,strengthened
2023-08-02,3130.9380706417523,3141.3746384347655,3111.477796074465,3136.133544921875,1914899,yfinance:TCS.NS,2026-08-02T18:42:50.192839,0.1659,2.5407,1.545,-0.5894,2183269.0,2336611.0,0.8771,0.8195,dry,29.9,0.9533,-15.59,-0.4953,45.06,57.83,0.8242,1.2229,0.1628,-0.72,0.76,-0.14,0.446,weakened
2023-08-03,3117.3111535491207,3129.3884555329005,3069.913440103345,3099.03564453125,2026351,yfinance:TCS.NS,2026-08-02T18:42:50.192839,-0.5863,-0.6284,0.0898,-1.8292,2248185.0,2345517.0,0.9013,0.8639,normal,59.48,1.9191,-18.82,-0.6002,53.46,50.59,0.8533,1.231,0.25,-0.6,0.64,-0.16,0.42,weakened
2023-08-04,3100.220594527487,3163.7973343932103,3100.220594527487,3138.77685546875,2248493,yfinance:TCS.NS,2026-08-02T18:42:50.192839,1.2437,-0.2462,2.6271,2.2341,2177918.0,2368475.0,1.0324,0.9493,normal,63.58,2.0255,1.18,0.0382,54.4,50.49,0.8298,1.2363,1.6316,0.24,0.66,-0.12,0.6,strengthened
2023-08-07,3148.2563099923013,3179.292741496562,3136.680374620139,3175.6923828125,1853889,yfinance:TCS.NS,2026-08-02T18:42:50.192839,0.8715,1.2614,1.8296,2.6305,1999960.0,2390798.0,0.927,0.7754,normal,42.61,1.3418,9.48,0.302,49.93,49.7,0.85,1.2304,2.5,0.4286,0.66,-0.08,0.6417,strengthened
2023-08-08,3175.691927520392,3181.0696551602423,3150.6714521754197,3163.432373046875,1634225,yfinance:TCS.NS,2026-08-02T18:42:50.192839,-0.386,2.078,0.5374,2.102,1935571.0,2417001.0,0.8443,0.6761,dry,30.4,0.9609,-0.0,-0.0,47.81,47.25,0.8769,1.2286,0.7241,-0.16,0.64,0.06,0.53,mixed
2023-08-09,3158.2370582327517,3160.1512856075137,3121.9141376043485,3156.049560546875,1794589,yfinance:TCS.NS,2026-08-02T18:42:50.192839,-0.0693,0.5503,0.635,2.1899,1911509.0,2430968.0,0.9388,0.7382,normal,38.24,1.2116,-5.2,-0.1642,49.1,47.42,0.858,1.2277,2.0625,0.3469,0.66,0.02,0.6354,strengthened
2023-08-10,3144.6557951355153,3158.236973179639,3126.471525696296,3137.455078125,1096701,yfinance:TCS.NS,2026-08-02T18:42:50.192839,-0.229,-1.2041,1.2397,1.3306,1725579.0,2256546.0,0.6356,0.486,dry,31.77,1.0125,-11.39,-0.361,42.21,42.91,0.8724,1.2312,0.6333,-0.2245,0.62,0.04,0.5071,mixed
2023-08-11,3133.80930927876,3159.8322990598804,3111.8422029571116,3143.562255859375,1679974,yfinance:TCS.NS,2026-08-02T18:42:50.192839,0.3112,-0.6281,0.1525,2.7836,1611876.0,2025240.0,1.0422,0.8295,normal,47.99,1.5266,-3.65,-0.1162,38.86,43.39,0.771,1.1531,0.2895,-0.551,0.62,-0.14,0.4238,weakened
2023-08-14,3136.1787356940604,3149.213150112812,3109.107396536846,3144.51904296875,1190425,yfinance:TCS.NS,2026-08-02T18:42:50.192839,0.2659,-0.3653,-0.9816,0.8301,1479183.0,1947600.0,0.8048,0.6112,dry,40.11,1.2754,-7.38,-0.2349,38.36,44.53,0.6249,1.1197,0.8846,-0.0612,0.62,-0.26,0.5098,mixed
2023-08-16,3144.6557916406823,3159.239702558436,3131.165629535196,3152.312255859375,1328445,yfinance:TCS.NS,2026-08-02T18:42:50.192839,0.2435,0.4735,-0.3515,0.184,1418027.0,1884017.0,0.9368,0.7051,normal,28.07,0.8906,0.14,0.0043,37.89,44.2,0.5553,1.118,1.0,0.0,0.62,-0.18,0.53,mixed
2023-08-17,3149.213996514703,3154.5007099589866,3111.1134758708454,3131.667724609375,1843241,yfinance:TCS.NS,2026-08-02T18:42:50.192839,-0.5572,-0.3784,-0.7725,-0.1424,1427757.0,1855911.0,1.291,0.9932,elevated,43.39,1.3854,-3.1,-0.0983,38.26,45.56,0.6028,1.1266,0.6129,-0.24,0.56,-0.04,0.472,mixed
2023-08-18,3108.196040036422,3108.196040036422,3059.431087502126,3069.093017578125,2526749,yfinance:TCS.NS,2026-08-02T18:42:50.192839,-1.2581,-2.3987,-2.1789,-0.9662,1713767.0,1896478.0,1.4744,1.3323,elevated,48.76,1.5889,-23.47,-0.7495,46.36,46.43,0.716,1.1565,0.3514,-0.48,0.5,-0.04,0.4,weakened
2023-08-21,3076.2937232176655,3107.968154886351,3073.559239908139,3100.5849609375,1375579,yfinance:TCS.NS,2026-08-02T18:42:50.192839,0.7896,-1.6409,-1.3672,-1.2168,1652888.0,1776746.0,0.8322,0.7742,dry,34.41,1.1098,7.2,0.2346,44.54,44.57,0.642,1.1558,3.5455,0.56,0.58,-0.04,0.64,strengthened
2023-08-22,3099.0808101413627,3109.1072480565263,3067.224126908382,3082.810546875,1222012,yfinance:TCS.NS,2026-08-02T18:42:50.192839,-0.525,-1.5601,-1.9624,-2.9248,1659205.0,1753840.0,0.7365,0.6968,dry,41.88,1.3586,-1.5,-0.0485,44.89,44.63,0.5798,1.1162,1.6316,0.24,0.58,0.06,0.586,strengthened
2023-08-23,3088.143265662933,3100.9041882483175,3077.2053320183186,3097.486083984375,1330046,yfinance:TCS.NS,2026-08-02T18:42:50.192839,0.3025,0.9251,-1.7392,-2.0846,1659525.0,1756693.0,0.8015,0.7571,dry,23.7,0.7651,5.33,0.173,44.02,43.82,0.5883,1.104,1.7222,0.2653,0.64,0.06,0.6151,strengthened
2023-08-24,3106.373291177773,3110.9763829614676,3079.1196943322775,3087.91552734375,1152881,yfinance:TCS.NS,2026-08-02T18:42:50.192839,-0.5942,-0.4086,-1.3971,-2.1588,1521453.0,1760997.0,0.7577,0.6547,dry,31.86,1.0317,8.89,0.2869,41.71,41.37,0.611,1.1028,0.6129,-0.24,0.6,0.16,0.508,mixed
2023-08-25,3076.2936734488317,3086.137857710432,3053.734186510207,3082.0361328125,1158046,yfinance:TCS.NS,2026-08-02T18:42:50.192839,0.1867,-0.0251,0.4217,-1.7664,1247713.0,1733811.0,0.9281,0.6679,normal,32.4,1.0514,-11.62,-0.3764,34.1,39.18,0.6172,1.0658,0.2195,-0.64,0.54,-0.1,0.378,weakened
2023-08-28,3093.6119488049294,3093.6119488049294,3062.7123781054756,3076.794921875,1037485,yfinance:TCS.NS,2026-08-02T18:42:50.192839,-0.5436,-0.668,-0.7673,-2.1239,1180094.0,1655694.0,0.8792,0.6266,dry,30.9,1.0043,11.58,0.3756,32.5,38.35,0.6157,0.7033,1.2727,0.12,0.54,-0.04,0.536,mixed
2023-08-29,3081.8084975473785,3089.556200731551,3067.178966440109,3077.342041015625,944517,yfinance:TCS.NS,2026-08-02T18:42:50.192839,-0.1449,-0.3424,-0.1774,-2.1363,1124595.0,1565736.0,0.8399,0.6032,dry,22.38,0.7272,5.01,0.1629,28.6,37.77,0.5969,0.6969,2.8462,0.48,0.62,-0.04,0.64,strengthened
2023-08-30,3097.258356216005,3106.464539813538,3083.6315577486384,3090.832275390625,1188200,yfinance:TCS.NS,2026-08-02T18:42:50.192839,-0.2075,0.2854,-0.2148,-1.9503,1096226.0,1527337.0,1.0839,0.778,normal,22.83,0.7387,19.92,0.6472,29.69,36.89,0.5754,0.6892,1.45,0.1837,0.6,0.12,0.5887,strengthened
2023-08-31,3099.9925997056025,3114.941019553153,3047.7183044022304,3059.70458984375,3417652,yfinance:TCS.NS,2026-08-02T18:42:50.192839,-1.2996,-0.5555,-0.9136,-2.2979,1549180.0,1602475.0,2.2061,2.1327,spike,67.22,2.197,9.16,0.2964,36.76,39.42,0.6604,0.7124,0.3514,-0.48,0.48,-0.02,0.394,weakened
2023-09-01,3068.090387808054,3089.054760630272,3059.704683185733,3080.1220703125,1277950,yfinance:TCS.NS,2026-08-02T18:42:50.192839,0.3922,0.0903,-0.0621,0.3594,1573161.0,1565055.0,0.8123,0.8166,dry,29.35,0.9529,8.39,0.2741,35.79,38.09,0.6065,0.7141,4.0,0.6,0.62,0.16,0.684,strengthened
2023-09-04,3079.02783910158,3129.0233919911693,3071.7815037026157,3115.943359375,1828332,yfinance:TCS.NS,2026-08-02T18:42:50.192839,1.1989,0.8124,1.2724,0.4953,1731330.0,1544047.0,1.056,1.1841,normal,57.24,1.8371,-1.09,-0.0355,41.06,39.31,0.6866,0.7203,1.5,0.2,0.62,0.34,0.622,strengthened
2023-09-05,3117.310934204945,3141.9212836855104,3103.775152977507,3125.83349609375,1501842,yfinance:TCS.NS,2026-08-02T18:42:50.192839,0.2734,2.1613,1.5758,1.3956,1842795.0,1526445.0,0.815,0.9839,dry,38.15,1.2204,1.37,0.0439,44.22,40.03,0.6811,0.7185,1.7778,0.28,0.64,0.24,0.636,strengthened
2023-09-06,3130.071933045149,3139.095639063221,3097.349371389577,3126.334716796875,1314818,yfinance:TCS.NS,2026-08-02T18:42:50.192839,-0.1194,1.5004,1.1486,0.9314,1868119.0,1510474.0,0.7038,0.8705,dry,41.75,1.3353,4.24,0.1356,46.74,39.92,0.6702,0.7191,1.5,0.2,0.68,0.18,0.63,strengthened
2023-09-07,3127.155409983017,3153.771005173287,3119.4077066466084,3149.44140625,1885092,yfinance:TCS.NS,2026-08-02T18:42:50.192839,0.7127,1.0751,2.9329,1.9925,1561607.0,1514999.0,1.2071,1.2443,elevated,34.36,1.0911,0.82,0.0263,40.17,37.21,0.6873,0.7251,1.9412,0.32,0.72,0.22,0.674,strengthened
2023-09-08,3149.441490267216,3158.328561978411,3131.029345177259,3137.27294921875,1518917,yfinance:TCS.NS,2026-08-02T18:42:50.192839,-0.3864,0.366,1.8555,1.7922,1609800.0,1536110.0,0.9435,0.9888,normal,27.3,0.8702,0.0,0.0,39.76,36.38,0.698,0.7301,1.9412,0.32,0.74,0.4,0.7,strongly_participatory
2023-09-11,3155.5934925384777,3177.1958644886363,3140.0980883290167,3172.5927734375,1783604,yfinance:TCS.NS,2026-08-02T18:42:50.192839,0.5387,1.4796,1.8181,3.1136,1600855.0,1541292.0,1.1142,1.1572,elevated,37.1,1.1693,18.32,0.584,36.3,36.24,0.6903,0.7127,9.0,0.8,0.82,0.44,0.832,strongly_participatory
2023-09-12,3182.9384041965895,3272.1736158051285,3174.7349547012377,3263.879150390625,4476016,yfinance:TCS.NS,2026-08-02T18:42:50.192839,2.543,3.6336,4.4163,6.0616,2195689.0,1705571.0,2.0385,2.6244,spike,97.44,2.9854,10.35,0.3261,48.58,41.67,1.0272,0.7902,0.6129,-0.24,0.78,0.54,0.618,strengthened
2023-09-13,3255.0380406666054,3271.2170677568156,3231.247945622234,3252.07568359375,1754929,yfinance:TCS.NS,2026-08-02T18:42:50.192839,-0.091,3.6593,4.022,5.2168,2283712.0,1726895.0,0.7685,1.0162,dry,39.97,1.229,-8.84,-0.2709,48.23,42.24,1.0207,0.7707,1.5,0.2,0.76,0.32,0.676,strengthened
2023-09-14,3254.0807646975677,3279.2834969091505,3231.794770182642,3244.9658203125,2604721,yfinance:TCS.NS,2026-08-02T18:42:50.192839,-0.2801,2.2812,3.0331,6.0549,2427637.0,1764969.0,1.0729,1.4758,normal,47.49,1.4635,2.01,0.0617,50.85,43.2,0.8752,0.7737,1.7778,0.28,0.82,0.4,0.724,strongly_participatory
2023-09-15,3252.075604550965,3288.0796357921176,3247.153400937542,3279.83056640625,2952897,yfinance:TCS.NS,2026-08-02T18:42:50.192839,0.8535,0.4887,4.544,6.4838,2714433.0,1786277.0,1.0879,1.6531,normal,40.93,1.2478,7.11,0.2191,54.02,44.07,0.8823,0.7752,1.5,0.2,0.82,0.38,0.706,strongly_participatory
2023-09-18,3263.195724267092,3298.971881144957,3258.820506435336,3286.985595703125,1395753,yfinance:TCS.NS,2026-08-02T18:42:50.192839,0.729,1.0735,3.6057,5.4893,2636863.0,1787286.0,0.5293,0.7809,dry,40.15,1.2215,-16.63,-0.5072,54.06,45.34,0.8545,0.7552,1.1739,0.08,0.84,0.26,0.678,strengthened
2023-09-20,3263.150299237373,3304.167551602088,3263.150299237373,3286.894775390625,1649396,yfinance:TCS.NS,2026-08-02T18:42:50.192839,0.7277,1.2921,0.7052,5.1526,2071539.0,1808655.0,0.7962,0.9119,dry,41.02,1.2479,-23.84,-0.7251,42.35,46.19,0.8545,0.7507,0.3158,-0.52,0.78,0.14,0.522,mixed
2023-09-21,3270.9428251438276,3285.936861461416,3215.7518022845697,3267.98046875,2004073,yfinance:TCS.NS,2026-08-02T18:42:50.192839,-0.0906,-0.3613,0.4891,4.5307,2121368.0,1842356.0,0.9447,1.0878,normal,70.19,2.1477,-15.95,-0.4853,48.58,46.47,0.8522,0.7459,0.3889,-0.44,0.7,-0.08,0.484,mixed
2023-09-22,3266.7962535271386,3312.143104423616,3249.523477440977,3284.70703125,1989083,yfinance:TCS.NS,2026-08-02T18:42:50.192839,0.5483,-0.0693,1.2247,4.2949,1998240.0,1884166.0,0.9954,1.0557,normal,62.62,1.9064,-1.18,-0.0362,51.61,48.84,0.8497,0.7489,0.6667,-0.2,0.7,-0.06,0.534,mixed
2023-09-25,3283.658965024994,3299.6101189147753,3243.6898418366063,3260.552490234375,1238778,yfinance:TCS.NS,2026-08-02T18:42:50.192839,-0.7037,-0.8014,-0.5878,3.9295,1655417.0,1888203.0,0.7483,0.6561,dry,55.92,1.7151,-1.05,-0.0319,54.17,48.75,0.8918,0.762,1.0833,0.04,0.64,0.08,0.572,strengthened
2023-09-26,3251.847786603666,3276.7770270409974,3223.0444721045315,3268.345703125,1726062,yfinance:TCS.NS,2026-08-02T18:42:50.192839,0.5073,0.0112,-0.5671,3.0181,1721478.0,1922632.0,1.0027,0.8978,normal,53.73,1.644,-8.7,-0.267,56.89,49.86,0.8916,0.7644,1.0,0.0,0.64,0.08,0.564,strengthened
2023-09-27,3272.2651988981193,3294.141066523065,3241.0008935775677,3271.627197265625,1541134,yfinance:TCS.NS,2026-08-02T18:42:50.192839,-0.0195,-0.3982,-0.4645,0.2374,1699826.0,1952462.0,0.9066,0.7893,normal,53.14,1.6243,3.92,0.1199,59.31,50.68,0.5231,0.7645,1.5,0.2,0.68,-0.02,0.61,strengthened
2023-09-28,3281.38005186612,3283.9322808574702,3215.160068443675,3223.72802734375,1755753,yfinance:TCS.NS,2026-08-02T18:42:50.192839,-1.7569,-1.1294,-1.3541,-0.8717,1650162.0,1980840.0,1.064,0.8864,normal,68.77,2.1333,9.75,0.2981,58.84,53.13,0.8158,0.8375,0.1364,-0.76,0.6,-0.12,0.376,weakened
2023-09-29,3224.138524411228,3252.6227295109343,3195.2898104993865,3216.2998046875,2243791,yfinance:TCS.NS,2026-08-02T18:42:50.192839,-0.2431,-1.5924,-2.0826,-0.8834,1701104.0,1922147.0,1.319,1.1673,elevated,57.33,1.7826,0.41,0.0127,57.78,55.28,0.8142,0.8315,4.0,0.6,0.66,0.02,0.686,strengthened
2023-10-03,3221.403759691803,3221.403759691803,3172.0920416447743,3202.85498046875,1948148,yfinance:TCS.NS,2026-08-02T18:42:50.192839,-0.5758,-2.1021,-1.7696,-2.3469,1842978.0,1955657.0,1.0571,0.9962,normal,49.31,1.5396,5.1,0.1587,56.46,55.95,0.7834,0.8028,0.3889,-0.44,0.62,-0.1,0.45,mixed
2023-10-04,3177.7428200143645,3233.981977311674,3169.539370804724,3224.63916015625,1788138,yfinance:TCS.NS,2026-08-02T18:42:50.192839,1.4758,0.0283,-1.3373,-1.8968,1855393.0,1953647.0,0.9638,0.9153,normal,64.44,1.9984,-25.11,-0.7841,58.6,53.44,0.8972,0.8326,0.2564,-0.5918,0.52,-0.36,0.3536,weakened
2023-10-05,3239.451432181438,3303.256046771394,3236.8992030912727,3271.6728515625,2990768,yfinance:TCS.NS,2026-08-02T18:42:50.192839,0.9947,1.7216,0.0014,-0.4631,2145320.0,2028094.0,1.3941,1.4747,elevated,66.36,2.0282,14.81,0.4593,63.7,56.2,0.9252,0.8386,1.5,0.2,0.54,-0.1,0.546,mixed
2023-10-06,3273.176643439127,3313.2367809094894,3258.638351141779,3300.885986328125,2075691,yfinance:TCS.NS,2026-08-02T18:42:50.192839,0.8466,3.0607,2.3934,1.0069,2209307.0,2066137.0,0.9395,1.0046,normal,54.6,1.6541,1.5,0.046,60.86,56.71,0.9603,0.8476,4.5556,0.64,0.58,0.08,0.668,strengthened
2023-10-09,3322.4429058385053,3353.388098061812,3309.636364246382,3316.3359375,4233074,yfinance:TCS.NS,2026-08-02T18:42:50.192839,-0.1838,2.8436,3.1103,0.9629,2607164.0,2183536.0,1.6236,1.9386,spike,43.75,1.3193,21.56,0.6531,59.89,57.38,0.9508,0.8378,0.1667,-0.7143,0.52,-0.22,0.3431,weakened
2023-10-10,3317.8857096422857,3325.1320466518578,3282.6109158249983,3307.722412109375,1848148,yfinance:TCS.NS,2026-08-02T18:42:50.192839,-0.3063,1.1019,3.2742,1.4467,2587164.0,2199998.0,0.7144,0.8401,dry,42.52,1.2855,1.55,0.0467,58.54,57.55,0.9245,0.8429,7.3333,0.76,0.6,0.04,0.696,strengthened
2023-10-11,3326.954825968897,3326.954825968897,3285.937574689828,3290.40380859375,2426417,yfinance:TCS.NS,2026-08-02T18:42:50.192839,-1.0986,-0.3176,2.0394,0.6749,2714820.0,2232138.0,0.8938,1.087,dry,41.02,1.2466,19.23,0.5814,53.85,57.55,0.9787,0.8651,3.5455,0.56,0.72,0.06,0.706,strongly_participatory
2023-10-12,3258.5923519076296,3271.0341609654283,3224.9582988828793,3229.014404296875,4241281,yfinance:TCS.NS,2026-08-02T18:42:50.192839,-0.9077,-2.6331,-1.3039,-1.3025,2964922.0,2220402.0,1.4305,1.9101,elevated,46.08,1.4269,-31.81,-0.9668,51.22,57.14,1.0117,0.8854,1.5,0.2,0.7,0.04,0.624,strengthened
2023-10-13,3217.575421151711,3260.4156604701616,3213.0179488837907,3254.81005859375,2890357,yfinance:TCS.NS,2026-08-02T18:42:50.192839,1.1572,-1.5997,-1.3959,0.9642,3127855.0,2277173.0,0.9241,1.2693,normal,47.4,1.4562,-11.44,-0.3543,49.78,56.05,0.9212,0.902,1.0,0.0,0.68,0.0,0.572,strengthened
2023-10-16,3250.389000692715,3258.27333816753,3207.640002736549,3212.15185546875,1671104,yfinance:TCS.NS,2026-08-02T18:42:50.192839,-1.1764,-2.3782,-3.1415,-0.129,2615461.0,2230492.0,0.6389,0.7492,dry,50.63,1.5763,-4.42,-0.1358,49.4,55.68,1.0051,0.8953,0.9231,-0.04,0.64,0.04,0.552,strengthened
2023-10-17,3217.5752462064243,3221.3578589700005,3193.2840093522973,3196.656494140625,1672065,yfinance:TCS.NS,2026-08-02T18:42:50.192839,-0.6501,-1.0021,-3.3578,-0.1935,2580245.0,2166451.0,0.648,0.7718,dry,28.07,0.8782,5.42,0.1688,46.51,53.84,1.0103,0.9071,3.5455,0.56,0.7,0.08,0.7,strongly_participatory
2023-10-18,3200.2568789933416,3210.9213191020513,3175.646529881174,3178.60888671875,1408245,yfinance:TCS.NS,2026-08-02T18:42:50.192839,-0.6764,-2.3412,-3.3976,-1.4275,2376610.0,2167075.0,0.5925,0.6498,dry,35.27,1.1098,3.6,0.1126,45.37,52.57,0.8862,0.897,0.2195,-0.64,0.6,0.02,0.414,weakened
2023-10-19,3170.6127629599455,3177.3296712861907,3154.5288620352453,3157.955810546875,1514545,yfinance:TCS.NS,2026-08-02T18:42:50.192839,-0.3992,-1.6872,-2.2006,-3.4758,1831263.0,2160333.0,0.827,0.7011,dry,22.8,0.722,-8.0,-0.2516,37.09,49.37,0.7807,0.9006,0.4706,-0.36,0.68,-0.06,0.494,mixed
2023-10-20,3153.1578999999892,3198.028165823499,3147.355068054905,3193.504638671875,1481211,yfinance:TCS.NS,2026-08-02T18:42:50.192839,1.2796,-0.0986,-1.8835,-3.2531,1549434.0,2134190.0,0.956,0.694,normal,50.67,1.5868,-4.8,-0.1519,37.75,48.9,0.8616,0.9265,0.4706,-0.36,0.5,-0.04,0.424,weakened
2023-10-23,3173.810985687688,3179.248365587948,3108.2877801873806,3116.375244140625,1106272,yfinance:TCS.NS,2026-08-02T18:42:50.192839,-1.8097,-1.9579,-2.9817,-6.0296,1436468.0,2090049.0,0.7701,0.5293,dry,70.96,2.277,-19.69,-0.6167,44.66,51.46,0.9829,0.9829,0.0638,-0.88,0.42,-0.3,0.262,deteriorated
2023-10-25,3098.418674622007,3129.946603916937,3086.2643847938266,3098.05322265625,1518537,yfinance:TCS.NS,2026-08-02T18:42:50.192839,-0.0118,-1.8969,-3.0846,-6.3388,1405762.0,2104037.0,1.0802,0.7217,normal,43.68,1.41,-17.96,-0.5762,47.79,49.98,0.9924,0.9798,0.25,-0.6,0.3,-0.42,0.258,deteriorated
2023-10-26,3077.9024700555783,3083.065649974906,3043.1303207181386,3049.298828125,1984471,yfinance:TCS.NS,2026-08-02T18:42:50.192839,-0.9293,-4.5156,-4.0681,-7.3275,1521007.0,2116958.0,1.3047,0.9374,elevated,39.94,1.3097,-20.15,-0.6504,51.72,48.29,0.981,0.9907,0.1364,-0.76,0.2,-0.66,0.162,deteriorated
2023-10-27,3061.407763117545,3072.3739998809515,3049.5276732905218,3062.27587890625,1108851,yfinance:TCS.NS,2026-08-02T18:42:50.192839,0.0284,-1.736,-3.0298,-5.1638,1439868.0,2095343.0,0.7701,0.5292,dry,22.85,0.7461,12.11,0.3971,51.51,46.04,0.9732,0.8659,7.1667,0.7551,0.34,0.0,0.587,strengthened
2023-10-30,3061.4074995333685,3091.4276593319496,3046.557388528169,3087.498046875,910972,yfinance:TCS.NS,2026-08-02T18:42:50.192839,0.8522,-0.3407,-3.3194,-5.1405,1325821.0,2053104.0,0.6871,0.4437,dry,44.87,1.4533,-0.87,-0.0284,50.35,45.49,0.9254,0.8829,1.0833,0.04,0.36,-0.14,0.438,weakened
2023-10-31,3106.1862890625,3106.1862890625,3061.4532301686027,3078.542236328125,999811,yfinance:TCS.NS,2026-08-02T18:42:50.192839,-0.89,0.959,-1.214,-4.1595,1304528.0,1990905.0,0.7664,0.5022,dry,44.73,1.4531,18.69,0.6053,42.26,45.65,0.901,0.8951,1.0,0.0,0.36,-0.04,0.44,weakened
2023-11-01,3065.9765288100825,3081.14657643751,3025.767000563393,3043.72412109375,1563475,yfinance:TCS.NS,2026-08-02T18:42:50.192839,-0.7258,-0.6058,-1.7537,-4.7841,1313516.0,1971672.0,1.1903,0.793,elevated,55.38,1.8195,-12.57,-0.4082,44.6,46.68,0.9044,0.8846,0.3889,-0.44,0.32,-0.14,0.326,weakened
2023-11-02,3055.193202126613,3085.1218868690776,3055.193202126613,3070.637451171875,1245384,yfinance:TCS.NS,2026-08-02T18:42:50.192839,0.5055,-0.5461,0.6998,-3.3968,1165699.0,1944534.0,1.0684,0.6405,normal,29.93,0.9747,11.47,0.3768,41.89,44.96,0.9307,0.878,4.5556,0.64,0.46,0.02,0.614,strengthened
2023-11-03,3090.65015927537,3096.041801533921,3056.1979534521793,3062.229248046875,1402598,yfinance:TCS.NS,2026-08-02T18:42:50.192839,-0.9196,-0.5299,-0.0015,-3.0313,1224448.0,1865125.0,1.1455,0.752,elevated,39.84,1.3011,20.01,0.6517,45.24,44.42,0.9566,0.8733,1.9412,0.32,0.48,0.06,0.562,strengthened
2023-11-06,3084.2537855610026,3100.063486624272,3069.6321379850096,3089.051513671875,1099852,yfinance:TCS.NS,2026-08-02T18:42:50.192839,0.1556,1.4892,0.0503,-3.2708,1262224.0,1816334.0,0.8714,0.6055,dry,30.43,0.9851,22.02,0.7192,43.84,43.5,0.8102,0.8755,7.3333,0.76,0.58,0.12,0.696,strengthened
2023-11-07,3086.9948483064154,3110.892010478965,3076.028614387032,3080.09521484375,1191144,yfinance:TCS.NS,2026-08-02T18:42:50.192839,-0.2235,0.308,0.0504,-1.1642,1300491.0,1664237.0,0.9159,0.7157,normal,34.86,1.1319,-2.06,-0.0666,41.86,43.99,0.6341,0.8643,1.2727,0.12,0.58,0.16,0.572,strengthened
2023-11-08,3081.009497872084,3108.8820129756928,3079.273266502525,3090.239501953125,992899,yfinance:TCS.NS,2026-08-02T18:42:50.192839,0.2996,0.9147,1.5282,-0.2522,1186375.0,1621475.0,0.8369,0.6123,dry,29.61,0.9581,0.91,0.0297,36.71,43.58,0.6526,0.8641,1.9412,0.32,0.6,0.22,0.626,strengthened
2023-11-09,3098.0531123476367,3099.3324172908847,3054.14243153224,3059.0771484375,2112352,yfinance:TCS.NS,2026-08-02T18:42:50.192839,-1.2581,-0.9703,-0.3765,0.3207,1359769.0,1605771.0,1.5535,1.3155,spike,45.19,1.4772,7.81,0.2528,37.47,45.09,0.7008,0.8757,0.6667,-0.2,0.56,0.18,0.502,mixed
2023-11-10,3050.4407899010757,3059.076654645612,3036.139082151722,3046.28271484375,1338557,yfinance:TCS.NS,2026-08-02T18:42:50.192839,-0.1363,-1.0978,-0.5207,-0.5223,1346961.0,1460635.0,0.9938,0.9164,normal,22.94,0.753,-8.64,-0.2823,34.09,43.11,0.6963,0.875,1.6316,0.24,0.56,0.1,0.582,strengthened
2023-11-13,3066.8905352612105,3066.8905352612105,3040.388799408238,3044.546875,1030990,yfinance:TCS.NS,2026-08-02T18:42:50.192839,-0.7285,-1.4786,-1.4407,-1.3911,1333188.0,1367667.0,0.7733,0.7538,dry,26.5,0.8705,20.61,0.6765,31.82,38.92,0.5943,0.8328,1.5,0.2,0.58,0.18,0.59,strengthened
2023-11-15,3091.6559037281313,3118.9800168000415,3066.936137613749,3111.029541015625,2059802,yfinance:TCS.NS,2026-08-02T18:42:50.192839,0.6266,1.6983,1.0043,1.0553,1506920.0,1387102.0,1.3669,1.485,elevated,52.04,1.6729,47.11,1.5473,39.73,41.11,0.6445,0.8465,9.0,0.8,0.68,0.3,0.762,strongly_participatory
2023-11-16,3134.5612355569488,3225.3068746335257,3120.076577611492,3196.5205078125,3951984,yfinance:TCS.NS,2026-08-02T18:42:50.192839,1.9766,4.9318,3.4392,5.02,2098737.0,1501098.0,1.883,2.6327,spike,105.23,3.292,23.53,0.7564,56.67,45.35,0.9242,0.9295,1.5789,0.2245,0.8,0.42,0.7069,strongly_participatory
2023-11-17,3196.5207753389523,3220.8748683172735,3191.677309862612,3200.724365234375,2021292,yfinance:TCS.NS,2026-08-02T18:42:50.192839,0.1315,5.1297,4.6304,4.2365,2080525.0,1531750.0,0.9715,1.3196,normal,29.2,0.9122,0.0,0.0,53.47,45.79,0.9103,0.8824,1.2727,0.12,0.78,0.42,0.678,strengthened
2023-11-20,3190.4889097792343,3229.464646386725,3190.4889097792343,3216.396728515625,1475621,yfinance:TCS.NS,2026-08-02T18:42:50.192839,0.812,3.3869,5.5843,5.0345,2107938.0,1529804.0,0.7,0.9646,dry,38.98,1.2118,-10.24,-0.3198,56.68,45.37,0.8818,0.8749,0.6897,-0.1837,0.78,0.28,0.6033,strengthened
2023-11-21,3216.396992381275,3234.171387970376,3199.39923794906,3207.806640625,1807236,yfinance:TCS.NS,2026-08-02T18:42:50.192839,-0.2671,0.3531,5.3624,3.8444,2263187.0,1546105.0,0.7985,1.1689,dry,34.77,1.084,0.0,0.0,58.33,44.66,0.8924,0.8548,1.381,0.16,0.8,0.28,0.68,strengthened
2023-11-22,3198.485265113703,3228.3224741290987,3181.2135339255397,3226.037841796875,1798051,yfinance:TCS.NS,2026-08-02T18:42:50.192839,0.8614,0.7909,3.6968,4.7383,2210837.0,1580694.0,0.8133,1.1375,dry,47.11,1.4603,-9.32,-0.2906,52.87,44.07,0.9113,0.8758,1.0833,0.04,0.76,0.26,0.638,strengthened
2023-11-23,3225.9009601530765,3238.694901638103,3198.485371256592,3206.024658203125,2729804,yfinance:TCS.NS,2026-08-02T18:42:50.192839,-0.6161,-0.3225,0.2973,3.7468,1966401.0,1641257.0,1.3882,1.6632,elevated,40.21,1.2542,-0.14,-0.0042,38.05,43.98,0.949,0.8795,1.0,0.0,0.74,0.36,0.632,strengthened
2023-11-24,3193.230552452981,3202.6432821116277,3155.5341196594813,3159.281005859375,1989733,yfinance:TCS.NS,2026-08-02T18:42:50.192839,-1.0632,-1.5127,-1.2948,3.2756,1960089.0,1641520.0,1.0151,1.2121,normal,47.11,1.4911,-12.79,-0.3991,42.31,44.74,0.9186,0.8782,0.6667,-0.2,0.8,0.2,0.6,strengthened
2023-11-28,3159.28118436596,3181.350644295862,3137.2572385975423,3171.206787109375,1689195,yfinance:TCS.NS,2026-08-02T18:42:50.192839,0.3775,-1.6996,-1.405,4.1009,2002804.0,1670538.0,0.8434,1.0112,dry,44.09,1.3904,0.0,0.0,43.33,45.19,0.9145,0.8717,3.1667,0.52,0.84,0.28,0.768,strongly_participatory
2023-11-29,3181.122097340804,3214.934656261117,3176.37010665481,3211.05078125,1441634,yfinance:TCS.NS,2026-08-02T18:42:50.192839,0.9408,0.1568,0.1011,5.4689,1929683.0,1697071.0,0.7471,0.8495,dry,38.56,1.201,9.92,0.3127,45.13,45.82,0.8755,0.8616,3.9,0.5918,0.92,0.46,0.8324,strongly_participatory
2023-11-30,3197.9823428265554,3213.7005673797357,3181.121802199618,3187.1533203125,3266235,yfinance:TCS.NS,2026-08-02T18:42:50.192839,-0.3386,0.8822,-1.2053,2.4469,2223320.0,1810392.0,1.4691,1.8042,elevated,32.58,1.0222,-13.07,-0.407,42.22,46.04,0.898,0.8395,2.125,0.36,0.9,0.54,0.786,strongly_participatory
2023-12-01,3198.4855376057844,3213.975301516175,3189.3927447706055,3209.1318359375,1172141,yfinance:TCS.NS,2026-08-02T18:42:50.192839,0.3329,1.1959,0.0969,0.3945,1911788.0,1790825.0,0.6131,0.6545,dry,24.58,0.766,11.33,0.3556,39.54,44.72,0.6763,0.8362,1.5789,0.2245,0.96,0.62,0.7909,strongly_participatory
2023-12-04,3239.2888137345485,3242.167584431117,3196.657662284584,3209.86279296875,1625213,yfinance:TCS.NS,2026-08-02T18:42:50.192839,-0.9084,-0.037,1.6011,0.2855,1838884.0,1809817.0,0.8838,0.898,dry,45.51,1.4178,30.16,0.9397,38.55,46.34,0.7498,0.8432,9.0,0.8,0.98,0.74,0.926,strongly_participatory
2023-12-05,3233.21185109275,3233.21185109275,3201.0442707403495,3227.36328125,1377656,yfinance:TCS.NS,2026-08-02T18:42:50.192839,-0.1809,1.2616,1.7708,0.341,1776576.0,1808570.0,0.7755,0.7617,dry,32.17,0.9967,23.35,0.7274,36.16,46.74,0.696,0.8412,1.8824,0.3061,0.98,0.52,0.8052,strongly_participatory
2023-12-06,3228.276947197519,3301.613644771774,3221.468564387526,3293.617431640625,1896572,yfinance:TCS.NS,2026-08-02T18:42:50.192839,2.024,2.6327,2.5713,2.6751,1867563.0,1848406.0,1.0155,1.0261,normal,80.15,2.4333,0.91,0.0283,43.44,47.15,0.9577,0.8915,1.2727,0.12,0.98,0.52,0.768,strongly_participatory
2023-12-07,3294.440005254403,3317.788993602691,3282.285715953096,3303.487060546875,1967653,yfinance:TCS.NS,2026-08-02T18:42:50.192839,0.2746,2.9168,3.6501,2.4008,1607847.0,1887231.0,1.2238,1.0426,elevated,35.5,1.0747,0.82,0.025,44.03,41.52,0.9263,0.8275,1.0833,0.04,0.98,0.3,0.73,strongly_participatory
2023-12-08,3320.0270924269553,3330.993325597647,3291.7433939959296,3314.269775390625,1641155,yfinance:TCS.NS,2026-08-02T18:42:50.192839,-0.1734,2.6928,3.2762,3.3763,1701650.0,1919644.0,0.9644,0.8549,normal,39.25,1.1843,16.54,0.5007,46.52,42.24,0.8993,0.8283,0.7857,-0.12,0.98,0.36,0.704,strongly_participatory
2023-12-11,3310.797648664154,3338.304710750083,3303.5782998526,3329.07470703125,1102503,yfinance:TCS.NS,2026-08-02T18:42:50.192839,0.552,1.0765,3.7139,5.3744,1597108.0,1869151.0,0.6903,0.5898,dry,34.73,1.0431,-3.47,-0.1048,44.36,41.94,0.8011,0.8133,1.7778,0.28,0.94,0.16,0.748,strongly_participatory
2023-12-12,3325.464920258755,3379.793429797475,3318.199834425044,3355.75927734375,2236866,yfinance:TCS.NS,2026-08-02T18:42:50.192839,0.911,1.5823,3.9784,5.8196,1768950.0,1914067.0,1.2645,1.1686,elevated,61.59,1.8355,-3.61,-0.1084,50.24,43.85,0.825,0.8273,0.6897,-0.1837,0.92,0.22,0.6533,strengthened
2023-12-13,3329.6689659326335,3335.5632728478577,3256.058066070388,3283.976318359375,3850968,yfinance:TCS.NS,2026-08-02T18:42:50.192839,-1.3723,-0.914,-0.2927,2.2711,2159829.0,2055066.0,1.783,1.8739,spike,79.51,2.421,-26.09,-0.7775,54.15,47.61,0.9532,0.8573,1.7778,0.28,0.96,0.12,0.752,strongly_participatory
2023-12-14,3317.285885226711,3361.150822552023,3315.0927276038888,3351.326904296875,3290396,yfinance:TCS.NS,2026-08-02T18:42:50.192839,1.0262,0.6684,1.4482,5.1511,2424378.0,2116595.0,1.3572,1.5546,elevated,46.06,1.3743,33.31,1.0143,62.49,50.25,0.9789,0.8576,3.1667,0.52,0.96,0.42,0.83,strongly_participatory
2023-12-15,3350.824558139156,3560.3253463636993,3350.824558139156,3528.38623046875,8531230,yfinance:TCS.NS,2026-08-02T18:42:50.192839,5.299,5.1442,6.4604,9.9483,3802393.0,2345558.0,2.2436,3.6372,spike,209.5,5.9376,-0.5,-0.015,96.54,61.61,1.8755,1.2664,3.1667,0.52,0.96,0.5,0.838,strongly_participatory
2023-12-18,3525.736106571666,3590.528190581518,3500.1937384877283,3526.7412109375,2521612,yfinance:TCS.NS,2026-08-02T18:42:50.192839,0.0285,7.3924,5.9376,9.872,4086214.0,2370574.0,0.6171,1.0637,dry,90.33,2.5614,-2.65,-0.0751,107.66,64.91,1.8058,1.2667,0.6129,-0.24,0.98,0.36,0.68,strengthened
2023-12-19,3513.7645660221524,3522.9945699903956,3463.5026541544753,3487.445556640625,2004435,yfinance:TCS.NS,2026-08-02T18:42:50.192839,-0.749,4.0616,3.9242,8.0587,4039728.0,2397014.0,0.4962,0.8362,dry,59.49,1.7059,-12.98,-0.368,107.99,66.3,1.8499,1.2615,1.1739,0.08,0.98,0.28,0.736,strongly_participatory
2023-12-20,3497.543479836221,3562.9296988605265,3442.072653930527,3454.40966796875,2586083,yfinance:TCS.NS,2026-08-02T18:42:50.192839,-1.2333,-2.0966,5.1898,4.8819,3786751.0,2435957.0,0.6829,1.0616,dry,120.86,3.4986,10.1,0.2896,112.22,72.61,1.8932,1.2916,0.087,-0.84,0.96,0.24,0.54,mixed
2023-12-21,3432.6603552689257,3478.764194819794,3420.8717407298955,3461.21826171875,1517562,yfinance:TCS.NS,2026-08-02T18:42:50.192839,0.8319,-1.8579,3.279,4.7747,3432184.0,2421932.0,0.4422,0.6266,dry,57.89,1.6726,-21.75,-0.6296,108.36,74.83,1.8954,1.2929,2.3333,0.4,0.94,-0.06,0.75,strongly_participatory
2023-12-22,3472.6412593570217,3514.632758384625,3437.9148467634514,3494.57373046875,2413058,yfinance:TCS.NS,2026-08-02T18:42:50.192839,0.6316,0.2044,-0.9583,5.4402,2208550.0,2406095.0,1.0926,1.0029,normal,76.72,2.1953,11.42,0.33,81.81,77.06,1.8801,1.2945,3.5455,0.56,0.94,0.08,0.796,strongly_participatory
2023-12-26,3490.7808875582864,3503.711816102494,3463.6392795100446,3468.57421875,1285231,yfinance:TCS.NS,2026-08-02T18:42:50.192839,-0.6362,0.41,-1.6493,4.1903,1961274.0,2370870.0,0.6553,0.5421,dry,40.07,1.1553,-3.79,-0.1085,71.76,77.62,1.9201,1.2737,5.25,0.68,0.94,0.18,0.83,strongly_participatory
2023-12-27,3471.7270162885334,3489.2729465846164,3443.397577619161,3482.8759765625,1293976,yfinance:TCS.NS,2026-08-02T18:42:50.192839,0.3211,0.6257,-0.131,3.788,1819182.0,2351109.0,0.7113,0.5504,dry,45.88,1.3172,3.15,0.0909,68.28,75.17,1.9142,1.2709,4.0,0.6,0.94,0.4,0.836,strongly_participatory
2023-12-28,3494.5739961540417,3507.3679386085805,3465.4221736618024,3472.550048828125,1682889,yfinance:TCS.NS,2026-08-02T18:42:50.192839,-0.6302,-0.6302,0.5251,5.7422,1638543.0,2363172.0,1.0271,0.7121,normal,41.95,1.2079,11.7,0.3359,52.5,75.63,1.8505,1.2683,3.1667,0.52,0.94,0.52,0.832,strongly_participatory
2023-12-29,3465.3303142807017,3493.2943032121766,3441.0217370731516,3466.609619140625,1574996,yfinance:TCS.NS,2026-08-02T18:42:50.192839,0.0369,-0.0566,0.1558,3.4399,1650030.0,2278610.0,0.9545,0.6912,normal,52.27,1.5079,-7.22,-0.2079,51.38,76.56,1.8451,1.268,0.7241,-0.16,0.94,0.36,0.68,strengthened
2024-01-01,3463.5027692673525,3501.8845941510544,3447.967268719188,3482.78515625,825907,yfinance:TCS.NS,2026-08-02T18:42:50.192839,0.5567,-0.0026,-0.3373,-1.2924,1332600.0,2261298.0,0.6198,0.3652,dry,53.92,1.5481,-3.11,-0.0896,46.82,77.94,0.6928,1.2295,1.0,0.0,0.94,0.18,0.694,strengthened
2024-01-02,3482.7849604684966,3482.7849604684966,3442.7124205931514,3457.288330078125,1344068,yfinance:TCS.NS,2026-08-02T18:42:50.192839,-0.7321,-0.4395,-0.3254,-1.9693,1344367.0,2247241.0,0.9998,0.5981,normal,40.07,1.1591,-0.0,-0.0,46.82,76.4,0.7202,1.2426,0.6129,-0.24,0.96,0.2,0.656,strengthened
2024-01-03,3442.4837365673884,3446.916012198502,3369.4212447573177,3373.71630859375,1803075,yfinance:TCS.NS,2026-08-02T18:42:50.192839,-1.9976,-2.6797,-3.1342,-3.2611,1446187.0,2268512.0,1.2468,0.7948,elevated,77.49,2.297,-14.8,-0.4282,55.22,75.55,0.9154,1.3017,0.7857,-0.12,0.96,0.2,0.68,strengthened
2024-01-04,3382.8551313574153,3398.6190946223346,3336.477094505551,3350.916015625,3598144,yfinance:TCS.NS,2026-08-02T18:42:50.192839,-0.9441,-3.7863,-3.5027,-2.996,1829238.0,2353590.0,1.967,1.5288,spike,62.14,1.8545,9.14,0.2709,59.25,74.48,0.8862,1.3148,1.2727,0.12,0.96,0.3,0.738,strongly_participatory
2024-01-05,3358.409847582414,3424.8926547692495,3358.2728588729105,3415.89111328125,1963127,yfinance:TCS.NS,2026-08-02T18:42:50.192839,1.7116,-1.1974,-1.4631,-1.3096,1906864.0,2353364.0,1.0295,0.8342,normal,66.62,1.9503,7.49,0.2236,63.6,64.8,1.0371,1.3404,1.0,0.0,0.96,0.22,0.706,strongly_participatory
2024-01-08,3415.8905458931986,3417.581262942363,3356.033183042012,3361.425048828125,1067805,yfinance:TCS.NS,2026-08-02T18:42:50.192839,-1.5945,-0.3643,-3.4846,-3.8102,1955244.0,2324697.0,0.5461,0.4593,dry,61.55,1.831,-0.0,-0.0,65.12,62.74,1.0841,1.371,0.3514,-0.48,0.96,0.1,0.598,strengthened
2024-01-09,3390.3486750012953,3429.09617357813,3365.4919196193155,3372.02587890625,1370944,yfinance:TCS.NS,2026-08-02T18:42:50.192839,-0.5404,0.63,-2.4662,-2.7835,1960619.0,2338119.0,0.6992,0.5863,dry,63.6,1.8862,28.92,0.8605,70.64,63.06,1.0822,1.3588,1.1739,0.08,0.96,0.14,0.714,strongly_participatory
2024-01-10,3372.1172861265227,3407.9860133570014,3370.2895802803837,3393.181640625,1292227,yfinance:TCS.NS,2026-08-02T18:42:50.192839,0.6247,-0.6648,0.577,-2.5753,1858449.0,2290887.0,0.6953,0.5641,dry,37.7,1.1109,0.09,0.0027,60.61,57.12,1.108,1.3612,1.1739,0.08,0.94,0.06,0.698,strengthened
2024-01-11,3403.188362082459,3447.9671563203865,3387.65286204073,3413.743408203125,1777909,yfinance:TCS.NS,2026-08-02T18:42:50.192839,0.3102,1.5564,1.8749,-1.6935,1494402.0,2187234.0,1.1897,0.8129,elevated,60.31,1.7668,10.01,0.2949,60.24,57.29,1.1215,1.3531,0.9231,-0.04,0.94,0.14,0.682,strengthened
2024-01-12,3516.505979741258,3568.824058571868,3492.3803522837784,3548.30810546875,6813450,yfinance:TCS.NS,2026-08-02T18:42:50.192839,0.9044,5.2278,3.8765,2.3567,2464467.0,2363386.0,2.7647,2.8829,spike,76.44,2.1544,102.76,3.0103,76.46,62.89,1.1788,1.3578,1.5,0.2,0.92,0.14,0.722,strongly_participatory
2024-01-15,3618.857759851257,3623.4270246995534,3550.318787126801,3567.499267578125,2801505,yfinance:TCS.NS,2026-08-02T18:42:50.192839,-1.4192,5.1373,6.1306,2.4324,2811207.0,2076900.0,0.9965,1.3489,normal,73.11,2.0493,70.55,1.9883,79.18,65.39,1.2087,1.3873,1.6667,0.25,0.92,0.26,0.744,strongly_participatory
2024-01-16,3563.1126115927123,3563.1126115927123,3523.405745987789,3528.660400390625,1432672,yfinance:TCS.NS,2026-08-02T18:42:50.192839,-0.9669,3.3663,4.6451,2.0644,2823553.0,2022453.0,0.5074,0.7084,dry,39.71,1.1253,-4.39,-0.123,74.46,65.27,1.2188,1.3888,0.4706,-0.36,0.88,0.1,0.59,strengthened
2024-01-17,3490.0042844962854,3573.1191625440915,3484.109977812694,3549.953125,3458696,yfinance:TCS.NS,2026-08-02T18:42:50.192839,1.7177,0.0464,4.6202,5.2238,3256846.0,2095166.0,1.062,1.6508,normal,89.01,2.5073,-38.66,-1.0955,84.72,68.63,1.2408,1.4187,0.2195,-0.64,0.78,-0.12,0.472,mixed
2024-01-18,3562.1990189583394,3572.068676049219,3529.3003107278364,3566.40283203125,2239110,yfinance:TCS.NS,2026-08-02T18:42:50.192839,0.118,-0.0307,4.4719,6.4307,3349087.0,2077818.0,0.6686,1.0776,dry,42.77,1.1992,12.25,0.345,81.21,67.95,1.1975,1.3743,0.8148,-0.102,0.7,-0.14,0.5456,mixed
2024-01-19,3630.265574324088,3647.335689320989,3602.7050479129484,3628.47119140625,2941975,yfinance:TCS.NS,2026-08-02T18:42:50.192839,-0.0494,2.8286,2.2592,6.2233,2574792.0,2149038.0,1.1426,1.369,elevated,44.63,1.23,63.86,1.7907,66.38,69.88,1.0528,1.3741,4.5556,0.64,0.78,0.12,0.752,strongly_participatory
2024-01-23,3588.8559304230384,3620.051280568456,3536.173365803367,3550.436767578125,2618854,yfinance:TCS.NS,2026-08-02T18:42:50.192839,-1.0705,0.0136,-0.4783,5.623,2538261.0,2159328.0,1.0318,1.2128,normal,83.88,2.3625,-39.62,-1.0918,69.82,73.61,0.9801,1.3896,0.2195,-0.64,0.62,0.0,0.42,weakened
2024-01-24,3570.4516563375996,3573.8103676439687,3501.9874154730123,3535.29931640625,2657709,yfinance:TCS.NS,2026-08-02T18:42:50.192839,-0.9845,-0.8721,0.1881,4.842,2783269.0,2227952.0,0.9549,1.1929,normal,71.82,2.0316,20.01,0.5637,75.37,72.46,1.0148,1.3989,5.25,0.68,0.68,-0.1,0.698,strengthened
2024-01-25,3533.550863134138,3552.9675849710666,3477.233473153438,3506.3125,2205154,yfinance:TCS.NS,2026-08-02T18:42:50.192839,-0.7708,-3.3667,-1.2293,3.3341,2532560.0,2273511.0,0.8707,0.9699,dry,75.73,2.1599,-1.75,-0.0495,72.71,73.43,1.0028,1.395,0.6129,-0.24,0.66,0.02,0.518,mixed
2024-01-29,3497.5703955598956,3515.2385654063073,3479.212061073679,3497.75439453125,1646747,yfinance:TCS.NS,2026-08-02T18:42:50.192839,0.0053,-1.4838,-1.9249,2.461,2414088.0,2271704.0,0.6821,0.7249,dry,36.03,1.03,-8.74,-0.2493,71.36,70.72,0.9894,1.3725,3.5455,0.56,0.7,0.2,0.712,strongly_participatory
2024-01-30,3503.6895122527035,3540.820457055553,3484.871069366822,3497.340087890625,1411621,yfinance:TCS.NS,2026-08-02T18:42:50.192839,-0.1812,-1.0737,-3.6139,-1.4364,2108017.0,2263535.0,0.6696,0.6236,dry,55.95,1.5998,5.94,0.1697,66.37,70.32,0.9044,1.3589,0.3889,-0.44,0.68,0.14,0.498,mixed
2024-01-31,3507.140432085803,3528.12148113154,3493.5671947757637,3511.511474609375,2459358,yfinance:TCS.NS,2026-08-02T18:42:50.192839,0.1246,0.1483,-1.0964,-1.5694,2076118.0,2345208.0,1.1846,1.0487,elevated,34.55,0.984,9.8,0.2802,54.82,67.96,0.8324,0.9118,9.0,0.8,0.7,0.06,0.746,strongly_participatory
2024-02-01,3515.238654965433,3593.3652043166217,3501.4814177274175,3546.6640625,2363107,yfinance:TCS.NS,2026-08-02T18:42:50.192839,0.894,1.3983,0.3215,0.5102,2017197.0,2396159.0,1.1715,0.9862,elevated,91.88,2.5907,3.73,0.1061,58.83,71.83,0.8511,0.9333,0.7241,-0.16,0.72,0.12,0.568,strengthened
2024-02-02,3565.8969071842384,3666.5227828604343,3563.09019254935,3649.866943359375,2826510,yfinance:TCS.NS,2026-08-02T18:42:50.192839,2.3548,4.3612,4.0942,2.8145,2141469.0,2447331.0,1.3199,1.1549,elevated,103.43,2.8339,19.23,0.5423,67.65,76.08,1.0055,1.0357,3.5455,0.56,0.7,0.26,0.718,strongly_participatory
2024-02-05,3665.233700020467,3701.122254954135,3646.001205318622,3656.3076171875,1691523,yfinance:TCS.NS,2026-08-02T18:42:50.192839,-0.2435,4.1235,4.533,2.5209,2150424.0,2352000.0,0.7866,0.7192,dry,55.12,1.5076,15.37,0.421,71.47,68.94,1.009,1.0134,0.4706,-0.36,0.66,0.14,0.506,mixed
2024-02-06,3678.1170862666418,3818.818548187844,3671.675550213635,3806.027587890625,4474396,yfinance:TCS.NS,2026-08-02T18:42:50.192839,3.4776,7.3129,8.8264,4.8934,2762979.0,2477564.0,1.6194,1.806,spike,147.14,3.8661,21.81,0.5965,92.79,75.18,1.489,1.1925,2.5714,0.44,0.66,0.14,0.666,strengthened
2024-02-07,3821.6711389112,3823.511577697095,3748.927750966108,3757.623779296875,2124267,yfinance:TCS.NS,2026-08-02T18:42:50.192839,-1.6759,2.9523,7.0087,5.8355,2695961.0,2530387.0,0.7879,0.8395,dry,74.58,1.9849,15.64,0.411,100.79,77.36,1.5641,1.2265,1.381,0.16,0.72,0.32,0.652,strengthened
2024-02-08,3763.697529491343,3826.272451742055,3760.062707616723,3804.279296875,2345173,yfinance:TCS.NS,2026-08-02T18:42:50.192839,1.0782,4.047,7.2636,7.6084,2692374.0,2579098.0,0.871,0.9093,dry,66.21,1.7404,6.07,0.1616,96.14,75.91,1.511,1.2378,0.5152,-0.32,0.62,0.1,0.494,mixed
2024-02-09,3806.533887272955,3850.8886480018823,3772.900043445299,3803.91162109375,2100596,yfinance:TCS.NS,2026-08-02T18:42:50.192839,-0.0689,-0.0556,4.2206,8.4875,2547191.0,2619517.0,0.8247,0.8019,dry,77.99,2.0502,2.25,0.0593,87.77,78.42,1.4605,1.2365,1.0833,0.04,0.64,0.08,0.572,strengthened
2024-02-12,3800.5063475256047,3827.744933247144,3778.006802130109,3791.948486328125,1013716,yfinance:TCS.NS,2026-08-02T18:42:50.192839,-0.2252,0.9135,3.7098,8.4109,2411630.0,2581307.0,0.4203,0.3927,dry,49.74,1.3117,-3.41,-0.0895,86.69,76.19,1.4723,1.2316,0.3889,-0.44,0.62,0.02,0.462,mixed
2024-02-13,3796.3193423865514,3837.3149373465553,3755.8755196115026,3818.450439453125,1257415,yfinance:TCS.NS,2026-08-02T18:42:50.192839,0.583,0.3725,0.3264,9.1816,1768233.0,2303505.0,0.7111,0.5459,dry,81.44,2.1328,4.37,0.1153,70.48,75.42,1.4496,1.236,2.8462,0.48,0.56,0.0,0.62,strengthened
2024-02-14,3779.341123293365,3786.610766779544,3726.428507128435,3772.99169921875,1391283,yfinance:TCS.NS,2026-08-02T18:42:50.192839,-0.168,-0.8128,0.409,7.4464,1621637.0,2232994.0,0.8579,0.6231,dry,60.18,1.5951,-39.11,-1.0242,73.97,76.86,1.4638,1.2325,2.3333,0.4,0.58,0.06,0.618,strengthened
2024-02-15,3798.665989794075,3815.505826442883,3757.2561134518432,3775.8447265625,1091582,yfinance:TCS.NS,2026-08-02T18:42:50.192839,-0.6008,-0.4247,-0.7474,6.4619,1370918.0,2215940.0,0.7962,0.4926,dry,58.25,1.5427,25.67,0.6805,71.89,75.61,1.5062,1.23,1.0417,0.0204,0.62,0.2,0.5721,strengthened
2024-02-16,3785.092527855322,3817.0243214473626,3772.9917323521654,3798.941650390625,1307556,yfinance:TCS.NS,2026-08-02T18:42:50.192839,0.3659,-0.5109,-0.1307,4.0844,1212310.0,2108383.0,1.0786,0.6202,normal,44.03,1.1591,9.25,0.2449,65.1,76.18,1.3502,1.171,3.5455,0.56,0.64,0.24,0.692,strengthened
2024-02-19,3794.110954472966,3798.942107006786,3731.49019516973,3776.396728515625,772291,yfinance:TCS.NS,2026-08-02T18:42:50.192839,-0.4669,0.0902,-0.4101,3.2844,1164025.0,2035042.0,0.6635,0.3795,dry,67.45,1.7861,-4.83,-0.1272,68.64,77.01,1.3611,1.1596,1.381,0.16,0.66,0.22,0.618,strengthened
2024-02-20,3756.427991026826,3771.059390745061,3690.0800773274023,3709.08251953125,1193648,yfinance:TCS.NS,2026-08-02T18:42:50.192839,-1.2604,-1.7681,-2.8642,-2.5471,1151272.0,1947625.0,1.0368,0.6129,normal,80.98,2.1833,-19.97,-0.5288,69.61,80.7,0.8234,1.1448,1.0833,0.04,0.66,0.16,0.588,strengthened
2024-02-21,3692.840871691211,3739.174013609637,3663.0258496095257,3673.05615234375,1885939,yfinance:TCS.NS,2026-08-02T18:42:50.192839,-0.5358,-3.3137,-2.6487,-2.2506,1250203.0,1910980.0,1.5085,0.9869,spike,76.15,2.0732,-16.24,-0.4379,66.44,79.58,0.6672,1.1094,0.4706,-0.36,0.64,0.2,0.504,mixed
2024-02-22,3654.191483338692,3768.252640712782,3654.191483338692,3761.029052734375,2982052,yfinance:TCS.NS,2026-08-02T18:42:50.192839,2.9237,-0.4069,-0.3924,-1.1369,1628297.0,1927197.0,1.8314,1.5474,spike,114.06,3.0327,-18.86,-0.5136,77.6,79.17,1.1319,1.2211,2.5714,0.44,0.68,0.16,0.676,strengthened
2024-02-23,3800.5065425299695,3800.5065425299695,3723.5761023123614,3728.821533203125,2538072,yfinance:TCS.NS,2026-08-02T18:42:50.192839,-1.8862,0.5322,-1.8458,-1.974,1874400.0,1943843.0,1.3541,1.3057,elevated,76.93,2.0631,39.48,1.0496,84.18,80.72,1.2889,1.2731,0.9231,-0.04,0.7,0.26,0.598,strengthened
2024-02-26,3714.0056182761105,3726.8886902919344,3665.0039336444943,3681.843994140625,1379284,yfinance:TCS.NS,2026-08-02T18:42:50.192839,-0.866,0.2393,-2.5038,-2.9036,1995799.0,1930469.0,0.6911,0.7145,dry,61.88,1.6808,-14.82,-0.3973,83.45,73.67,1.3101,1.2837,0.3889,-0.44,0.66,0.14,0.49,mixed
2024-02-27,3679.957449614321,3794.984876771557,3679.957449614321,3776.948486328125,2960475,yfinance:TCS.NS,2026-08-02T18:42:50.192839,2.6357,0.4233,1.8297,-1.0869,2349164.0,2007912.0,1.2602,1.4744,elevated,115.03,3.0455,-1.89,-0.0512,89.2,76.56,1.5782,1.3606,1.6316,0.24,0.66,0.14,0.626,strengthened
2024-02-28,3768.850920451233,3823.4197548467,3762.7773821335977,3790.338134765625,1939225,yfinance:TCS.NS,2026-08-02T18:42:50.192839,0.5701,1.6498,3.193,0.4598,2359822.0,1981906.0,0.8218,0.9785,dry,60.64,1.5999,-8.1,-0.2144,86.1,75.99,1.586,1.3325,0.1111,-0.8,0.64,0.04,0.4,weakened
2024-02-29,3771.97987960793,3807.9605533454464,3740.278361512349,3768.39111328125,3772719,yfinance:TCS.NS,2026-08-02T18:42:50.192839,-0.0951,2.3506,0.1957,-0.1974,2517955.0,2052386.0,1.4983,1.8382,elevated,67.68,1.7961,-18.36,-0.4843,76.82,75.25,1.5696,1.3165,1.9412,0.32,0.62,-0.12,0.6,strengthened
2024-03-01,3779.525838576427,3809.7088594718166,3760.753225340666,3767.700927734375,2043265,yfinance:TCS.NS,2026-08-02T18:42:50.192839,-0.3129,-0.2448,1.0427,-0.8224,2418994.0,2013224.0,0.8447,1.0149,dry,48.96,1.2994,11.13,0.2955,71.23,75.2,1.5733,1.2871,3.1667,0.52,0.7,0.24,0.708,strongly_participatory
2024-03-04,3777.500781504877,3789.371522353806,3750.722306075315,3755.139404296875,1749271,yfinance:TCS.NS,2026-08-02T18:42:50.192839,-0.592,-0.9286,1.9907,-0.5629,2492991.0,2016111.0,0.7017,0.8676,dry,38.65,1.0292,9.8,0.2601,66.19,72.14,1.5786,1.2937,1.45,0.1837,0.68,0.24,0.6327,strengthened
2024-03-05,3737.931063515018,3739.771502246439,3662.473075526779,3692.01220703125,2070859,yfinance:TCS.NS,2026-08-02T18:42:50.192839,-1.2285,-2.0268,-2.2488,-0.4602,2315068.0,1895934.0,0.8945,1.0923,dry,77.3,2.0937,-17.21,-0.4583,61.72,72.19,1.5756,1.316,0.6129,-0.24,0.64,0.08,0.516,mixed
2024-03-06,3675.402916839171,3747.133985404183,3642.6430111880313,3740.04833984375,1744204,yfinance:TCS.NS,2026-08-02T18:42:50.192839,1.7589,-0.7339,-1.3268,1.8239,2276064.0,1876931.0,0.7663,0.9293,dry,104.49,2.7938,-16.61,-0.4499,70.49,75.49,1.6446,1.3335,1.7778,0.28,0.66,0.0,0.62,strengthened
2024-03-07,3740.692062833141,3794.985010362576,3715.570026925066,3780.813720703125,2688905,yfinance:TCS.NS,2026-08-02T18:42:50.192839,1.0726,0.6837,0.3297,0.526,2059301.0,1894118.0,1.3057,1.4196,elevated,79.41,2.1005,0.64,0.0172,72.84,78.02,1.4015,1.3259,1.6316,0.24,0.7,0.24,0.652,strengthened
2024-03-11,3762.777145723229,3821.671187622541,3762.777145723229,3793.466552734375,2304068,yfinance:TCS.NS,2026-08-02T18:42:50.192839,0.8156,2.7479,0.6839,1.7337,2111461.0,1904291.0,1.0912,1.2099,normal,58.89,1.5525,-18.04,-0.4771,74.82,77.41,1.2241,1.3165,0.6667,-0.2,0.7,0.2,0.56,strengthened
2024-03-12,3793.466788542335,3892.482492505704,3792.270233646347,3857.7900390625,4039801,yfinance:TCS.NS,2026-08-02T18:42:50.192839,1.6956,3.1481,2.7336,4.7787,2569567.0,2055596.0,1.5722,1.9653,spike,100.21,2.5977,0.0,0.0,87.14,78.4,1.2032,1.3405,0.3158,-0.52,0.64,0.02,0.454,mixed
2024-03-13,3869.522767451965,3902.6506674824695,3802.254636135955,3817.990478515625,2837260,yfinance:TCS.NS,2026-08-02T18:42:50.192839,-1.3317,0.9833,3.4122,1.0866,2722848.0,2134588.0,1.042,1.3292,normal,100.4,2.6296,11.73,0.3041,88.68,80.13,1.1203,1.3718,0.1628,-0.72,0.5,-0.12,0.344,weakened
2024-03-14,3822.085250968969,3887.9267659375214,3760.016275886559,3871.9150390625,2919608,yfinance:TCS.NS,2026-08-02T18:42:50.192839,1.3037,2.068,3.5258,2.1522,2957928.0,2211004.0,0.987,1.3205,normal,127.91,3.3035,4.09,0.1072,93.37,81.12,1.1677,1.3836,2.3333,0.4,0.58,-0.28,0.584,strengthened
2024-03-15,3858.112227396567,3900.8103208022567,3843.756713845488,3882.635986328125,3373143,yfinance:TCS.NS,2026-08-02T18:42:50.192839,0.6356,0.644,2.6931,3.0317,3094776.0,2325082.0,1.0899,1.4508,normal,57.05,1.4695,-13.8,-0.3565,88.89,79.7,1.1625,1.3808,0.3514,-0.48,0.5,-0.16,0.388,weakened
2024-03-18,3878.9554465113024,3915.3041186273567,3789.326152475134,3821.211669921875,1526904,yfinance:TCS.NS,2026-08-02T18:42:50.192839,-1.4886,0.0844,0.7314,1.4202,2939343.0,2336050.0,0.5195,0.6536,dry,125.98,3.2968,-3.68,-0.0948,102.31,84.14,1.2927,1.3641,1.0,0.0,0.54,0.02,0.518,mixed
2024-03-19,3728.0389511805306,3734.250432308693,3650.1424666014186,3659.98876953125,8931209,yfinance:TCS.NS,2026-08-02T18:42:50.192839,-1.8254,-5.4734,-5.1273,-2.5339,3917625.0,2743996.0,2.2798,3.2548,spike,84.11,2.298,-93.17,-2.4383,116.48,88.14,1.4345,1.4114,0.25,-0.6,0.32,-0.28,0.28,deteriorated
2024-03-20,3667.994768950826,3697.441791681991,3644.253061941232,3654.099365234375,1817913,yfinance:TCS.NS,2026-08-02T18:42:50.192839,-0.3788,-5.8861,-4.2926,-1.0269,3713755.0,2775209.0,0.4895,0.6551,dry,53.19,1.4556,8.01,0.2187,107.04,87.61,1.368,1.2652,1.381,0.16,0.4,-0.26,0.466,mixed
2024-03-21,3671.721682393882,3688.607574600137,3633.026409367597,3655.98583984375,3829582,yfinance:TCS.NS,2026-08-02T18:42:50.192839,-0.4286,-4.3239,-5.5768,-2.2476,3895750.0,2872391.0,0.983,1.3332,normal,55.58,1.5203,17.62,0.4823,92.57,86.75,1.2668,1.2277,5.25,0.68,0.56,0.02,0.662,strengthened
2024-03-22,3586.095026445395,3623.824022104687,3547.4458113797787,3598.885986328125,5852485,yfinance:TCS.NS,2026-08-02T18:42:50.192839,0.3567,-1.6695,-7.3082,-4.8119,4391619.0,3015913.0,1.3326,1.9405,elevated,76.38,2.1223,-69.89,-1.9117,102.87,91.0,1.2192,1.214,2.8462,0.48,0.62,0.0,0.644,strengthened
2024-03-26,3565.8503303060525,3631.8300192271254,3562.583506361182,3568.15087890625,3440925,yfinance:TCS.NS,2026-08-02T18:42:50.192839,0.0645,-2.3521,-6.6225,-5.9396,4774423.0,3061055.0,0.7207,1.1241,dry,69.25,1.9407,-33.04,-0.9179,91.53,93.19,1.1815,1.2139,0.7241,-0.16,0.64,-0.06,0.518,mixed
2024-03-27,3578.273484829898,3584.2549115114957,3523.8884231366437,3534.470947265625,1968575,yfinance:TCS.NS,2026-08-02T18:42:50.192839,-1.2241,-3.3237,-3.4295,-8.3809,3381896.0,3090520.0,0.5821,0.637,dry,60.37,1.7079,10.12,0.2837,69.38,90.88,1.0284,1.2348,1.0,0.0,0.66,0.0,0.564,strengthened
2024-03-28,3542.9374116432614,3602.6595711179307,3534.103214017475,3567.047119140625,4311783,yfinance:TCS.NS,2026-08-02T18:42:50.192839,0.6805,-0.8847,-2.3823,-6.5727,3880670.0,3158085.0,1.1111,1.3653,elevated,68.56,1.9219,8.47,0.2395,72.46,88.31,1.0296,1.2365,6.1429,0.72,0.72,0.24,0.756,strongly_participatory
2024-04-01,3586.739062839471,3619.4989629098145,3577.8590356125146,3604.269287109375,1569676,yfinance:TCS.NS,2026-08-02T18:42:50.192839,0.4888,1.0122,-1.4146,-6.9125,3428689.0,3139608.0,0.4578,0.5,dry,41.64,1.1553,19.69,0.5521,71.83,86.39,0.9212,1.2391,1.7778,0.28,0.78,0.22,0.69,strengthened
2024-04-02,3579.653557681035,3597.920003104046,3564.0098274803727,3573.9482421875,2142666,yfinance:TCS.NS,2026-08-02T18:42:50.192839,-0.1594,1.1169,-0.6929,-7.9505,2686725.0,3058105.0,0.7975,0.7007,dry,33.91,0.9488,-24.62,-0.683,58.18,85.06,0.8628,1.234,1.2727,0.12,0.76,0.1,0.638,strengthened
2024-04-03,3543.7653833548334,3663.393921354347,3543.7653833548334,3632.382568359375,3973090,yfinance:TCS.NS,2026-08-02T18:42:50.192839,2.5007,1.8316,1.8001,-4.9416,2793158.0,3154596.0,1.4224,1.2595,elevated,119.63,3.2934,-30.18,-0.8445,68.25,86.44,1.1676,1.3123,0.6667,-0.2,0.72,0.14,0.562,strengthened
2024-04-04,3658.700645648611,3707.24222461145,3621.293812578453,3683.914794921875,3394637,yfinance:TCS.NS,2026-08-02T18:42:50.192839,0.6892,2.2098,4.2282,0.6537,3078370.0,3236865.0,1.1027,1.0487,elevated,85.95,2.3331,26.32,0.7245,73.37,85.41,0.9856,1.3117,1.0833,0.04,0.74,0.14,0.618,strengthened
2024-04-05,3660.632684762165,3682.717949828603,3644.52884565122,3661.782958984375,1636819,yfinance:TCS.NS,2026-08-02T18:42:50.192839,0.0314,2.4576,2.6559,0.2103,2543378.0,3215163.0,0.6436,0.5091,dry,38.19,1.0429,-23.28,-0.632,67.53,79.09,0.9644,1.2846,0.7241,-0.16,0.72,0.12,0.568,strengthened
2024-04-08,3665.2344132847697,3710.923223399392,3644.069363948704,3655.6181640625,2302538,yfinance:TCS.NS,2026-08-02T18:42:50.192839,-0.2624,0.6397,1.4247,-0.0101,2689950.0,3243079.0,0.856,0.71,dry,66.85,1.8288,3.45,0.0943,70.42,79.79,0.9518,1.2802,2.5714,0.44,0.72,0.2,0.696,strengthened
2024-04-09,3666.154065905936,3695.46314347169,3611.907177559117,3631.69189453125,1876992,yfinance:TCS.NS,2026-08-02T18:42:50.192839,-0.94,-1.4176,1.6157,0.9116,2636815.0,3202484.0,0.7118,0.5861,dry,83.56,2.3007,10.54,0.2882,79.07,76.76,1.0308,1.1883,0.6129,-0.24,0.72,0.22,0.562,strengthened
2024-04-10,3640.756483645732,3671.8599489060657,3605.420143316093,3666.752685546875,2101965,yfinance:TCS.NS,2026-08-02T18:42:50.192839,0.714,0.1357,0.9462,2.7634,2262590.0,3192379.0,0.929,0.6584,normal,66.44,1.812,9.06,0.2496,68.44,69.29,1.0426,1.1338,1.6316,0.24,0.72,0.18,0.654,strengthened
2024-04-12,3654.1916765092096,3693.163062647417,3630.726078989446,3682.166259765625,4354821,yfinance:TCS.NS,2026-08-02T18:42:50.192839,0.7655,0.7262,-0.0475,4.1787,2454627.0,3208130.0,1.7741,1.3574,spike,62.44,1.6957,-12.56,-0.3426,63.73,69.95,0.9112,1.1218,0.1905,-0.68,0.62,0.02,0.414,weakened
2024-04-15,3682.165963982411,3739.95578953719,3606.386028171306,3626.768798828125,4200329,yfinance:TCS.NS,2026-08-02T18:42:50.192839,-1.5045,-0.1356,-0.9562,1.6743,2967329.0,3276283.0,1.4155,1.282,elevated,133.57,3.6829,-0.0,-0.0,82.57,75.52,1.0937,1.0674,0.1628,-0.72,0.58,-0.14,0.374,weakened
2024-04-16,3590.6965366993572,3615.2663527431537,3554.670032660961,3563.826171875,3051420,yfinance:TCS.NS,2026-08-02T18:42:50.192839,-0.7483,-2.807,-2.511,-1.1221,3117105.0,3282874.0,0.9789,0.9295,normal,60.6,1.7003,-36.07,-0.9946,83.62,72.91,1.1308,1.0736,0.4848,-0.3469,0.52,-0.16,0.4226,weakened
2024-04-18,3567.5067437164125,3621.983689231616,3542.844817972998,3553.887451171875,3476284,yfinance:TCS.NS,2026-08-02T18:42:50.192839,-0.3818,-3.4838,-2.1424,-0.5613,3436964.0,3288031.0,1.0114,1.0573,normal,79.14,2.2268,3.68,0.1033,82.74,73.62,1.1388,1.0761,0.1951,-0.6735,0.4,-0.18,0.3073,weakened
2024-04-19,3531.8022379238537,3545.191475811575,3497.6620065717075,3520.943603515625,2957749,yfinance:TCS.NS,2026-08-02T18:42:50.192839,-0.3075,-2.9179,-3.9765,-3.0679,3608121.0,3359573.0,0.8197,0.8804,dry,47.53,1.3499,-22.09,-0.6214,80.69,73.33,0.7608,1.076,1.6316,0.24,0.48,-0.38,0.502,mixed
2024-04-22,3530.8826108528924,3568.611614513296,3507.877120816061,3556.28076171875,1728883,yfinance:TCS.NS,2026-08-02T18:42:50.192839,0.7193,-0.2117,-3.4188,-3.4646,3082933.0,2999457.0,0.5608,0.5764,dry,60.73,1.7078,9.94,0.2823,80.35,72.77,0.7648,1.0767,7.1667,0.7551,0.54,0.12,0.679,strengthened
2024-04-23,3567.7373128762897,3584.255209151465,3552.599745949953,3565.57470703125,1807586,yfinance:TCS.NS,2026-08-02T18:42:50.192839,-0.0606,0.3289,-1.6873,-2.6274,2604384.0,2998940.0,0.6941,0.6027,dry,31.66,0.8878,11.46,0.3221,59.97,71.28,0.7623,1.0489,1.3333,0.1429,0.52,0.08,0.5446,mixed
2024-04-24,3579.65338155839,3587.0151365847305,3519.3329563787197,3525.406494140625,1317312,yfinance:TCS.NS,2026-08-02T18:42:50.192839,-1.5154,0.1268,-1.078,-3.562,2257563.0,2873327.0,0.5835,0.4585,dry,67.68,1.9198,14.08,0.3949,59.09,73.24,0.8691,1.0415,1.2727,0.12,0.52,0.18,0.55,strengthened
2024-04-25,3507.1401450879403,3564.6078018941175,3506.95614613986,3544.869140625,2856271,yfinance:TCS.NS,2026-08-02T18:42:50.192839,1.0758,-0.3209,-0.2538,-2.3907,2133560.0,2723516.0,1.3387,1.0487,elevated,57.65,1.6263,-18.27,-0.5181,54.79,68.81,0.9416,1.0417,4.5556,0.64,0.56,0.16,0.668,strengthened
2024-04-26,3547.584443415964,3567.5073322299504,3499.181028040457,3516.481201171875,2039178,yfinance:TCS.NS,2026-08-02T18:42:50.192839,-0.8767,-1.3769,-0.1267,-4.0982,1949846.0,2653429.0,1.0458,0.7685,normal,68.33,1.943,2.72,0.0766,57.21,67.55,0.9183,1.0417,0.4706,-0.36,0.54,0.2,0.464,mixed
2024-04-29,3531.8025697028056,3568.427352070046,3514.5023975397753,3561.43359375,1110693,yfinance:TCS.NS,2026-08-02T18:42:50.192839,0.839,1.0219,0.1449,-3.2788,1826208.0,2610535.0,0.6082,0.4255,dry,53.92,1.5141,15.32,0.4357,55.85,68.59,0.9279,1.0031,1.7778,0.28,0.58,0.1,0.598,strengthened
2024-04-30,3563.0900328204652,3572.0621732698455,3506.0364217577408,3515.836669921875,2203078,yfinance:TCS.NS,2026-08-02T18:42:50.192839,-1.3262,-0.819,-1.395,-3.0587,1905306.0,2505099.0,1.1563,0.8794,elevated,66.03,1.878,1.66,0.0465,62.72,68.53,0.9031,1.0028,0.9231,-0.04,0.58,0.16,0.54,mixed
2024-05-02,3476.6347957050957,3562.261252029638,3476.6347957050957,3555.08349609375,2491044,yfinance:TCS.NS,2026-08-02T18:42:50.192839,2.2565,1.0978,0.8418,-0.2453,2140053.0,2551168.0,1.164,0.9764,elevated,85.63,2.4086,-39.2,-1.115,66.31,68.68,1.1795,1.0617,1.381,0.16,0.64,0.06,0.594,strengthened
2024-05-03,3579.791251146198,3582.9661876665086,3494.6251291630856,3536.77099609375,2962234,yfinance:TCS.NS,2026-08-02T18:42:50.192839,-1.2018,-0.6925,-0.2284,-0.4816,2161245.0,2592146.0,1.3706,1.1428,elevated,88.34,2.4978,24.71,0.695,72.45,70.25,1.2392,1.0735,0.4286,-0.4,0.6,0.2,0.48,mixed
2024-05-06,3545.6058231496777,3625.618865765193,3545.6058231496777,3608.226806640625,2053831,yfinance:TCS.NS,2026-08-02T18:42:50.192839,1.7662,2.6278,2.609,2.479,2164176.0,2496183.0,0.949,0.8228,normal,80.01,2.2175,8.83,0.2498,76.55,72.13,1.3573,1.0942,0.7857,-0.12,0.56,-0.02,0.498,mixed
2024-05-07,3617.198604098228,3669.8351109068294,3601.278762922236,3661.507080078125,2062112,yfinance:TCS.NS,2026-08-02T18:42:50.192839,1.2249,2.9936,2.8099,2.9589,2354460.0,2429557.0,0.8758,0.8488,dry,68.56,1.8724,8.97,0.2486,79.48,67.49,1.3892,1.0605,0.4286,-0.4,0.56,-0.04,0.44,weakened
2024-05-08,3644.989535707688,3666.43069555621,3624.3767082288086,3659.6669921875,1247685,yfinance:TCS.NS,2026-08-02T18:42:50.192839,0.4027,3.4748,4.0909,2.6389,2163381.0,2410100.0,0.5767,0.5177,dry,42.05,1.1491,-16.52,-0.4511,74.69,65.34,1.3866,1.0581,1.0,0.0,0.54,-0.1,0.506,mixed
2024-05-09,3645.9096138402,3654.191589237616,3598.1042563399305,3644.253173828125,1726486,yfinance:TCS.NS,2026-08-02T18:42:50.192839,-0.0454,0.9985,2.5082,3.3711,2010470.0,2381298.0,0.8587,0.725,dry,56.09,1.5391,-13.76,-0.3759,69.87,64.09,1.2479,1.0535,0.1364,-0.76,0.42,-0.18,0.298,deteriorated
2024-05-10,3646.4619361248674,3656.5843507790983,3575.098867879944,3583.24267578125,1672489,yfinance:TCS.NS,2026-08-02T18:42:50.192839,-1.7337,-2.1375,1.314,1.0825,1752521.0,2371072.0,0.9543,0.7054,normal,81.49,2.2741,2.21,0.0606,68.5,65.89,1.3899,1.1061,3.1667,0.52,0.48,-0.16,0.58,strengthened
2024-05-13,3574.5925909400316,3639.468064658985,3561.2494084020914,3632.842529296875,931326,yfinance:TCS.NS,2026-08-02T18:42:50.192839,1.6296,-0.733,0.6822,3.309,1528020.0,2312541.0,0.6095,0.4027,dry,78.22,2.1531,-8.65,-0.2414,66.38,67.14,1.4139,1.1424,1.0833,0.04,0.48,-0.14,0.486,mixed
2024-05-14,3621.983888045264,3631.0020839186186,3582.322338430397,3589.960205078125,1058317,yfinance:TCS.NS,2026-08-02T18:42:50.192839,-0.8841,-1.4898,-1.954,0.801,1327261.0,2147715.0,0.7974,0.4928,dry,48.68,1.356,-10.86,-0.2989,62.77,68.49,1.4562,1.1303,2.125,0.36,0.56,0.06,0.602,strengthened
2024-05-15,3592.9969594097643,3613.6558418017335,3566.310594491623,3570.819580078125,1115021,yfinance:TCS.NS,2026-08-02T18:42:50.192839,-0.6172,-0.3467,-2.4277,1.5639,1300728.0,1993450.0,0.8572,0.5593,dry,47.35,1.3259,3.04,0.0846,63.83,67.03,1.3889,1.1332,0.8519,-0.08,0.52,0.02,0.494,mixed
2024-05-16,3606.691138597264,3623.746152107256,3562.5702354838822,3615.821044921875,2599399,yfinance:TCS.NS,2026-08-02T18:42:50.192839,0.2531,-0.4685,-0.7802,1.7085,1475310.0,1970849.0,1.7619,1.3189,spike,61.18,1.6919,35.87,1.0046,63.75,67.29,1.2043,1.1311,4.5556,0.64,0.54,0.08,0.652,strengthened
2024-05-17,3632.551307480913,3633.478215188869,3550.056521472798,3553.85693359375,2765804,yfinance:TCS.NS,2026-08-02T18:42:50.192839,-2.1664,-1.0057,-0.8201,0.4831,1693973.0,1935325.0,1.6327,1.4291,spike,83.42,2.3474,16.73,0.4627,64.14,68.36,1.3483,1.2027,1.0833,0.04,0.54,0.12,0.536,mixed
2024-05-21,3550.6133662673315,3563.7290220685823,3531.565364339062,3540.973388671875,1908117,yfinance:TCS.NS,2026-08-02T18:42:50.192839,-0.2715,-0.8358,-2.5289,-1.8639,1889332.0,1882843.0,1.0099,1.0134,normal,32.16,0.9083,-3.24,-0.0913,54.93,66.81,1.1941,1.1074,1.381,0.16,0.56,0.24,0.58,strengthened
2024-05-22,3554.6911235642083,3560.4842968425073,3538.516629030364,3551.910400390625,1311168,yfinance:TCS.NS,2026-08-02T18:42:50.192839,-0.0782,-1.7675,-1.0599,-2.9932,1939902.0,1861958.0,0.6759,0.7042,dry,21.97,0.6185,13.72,0.3874,49.21,63.66,1.0849,1.0978,1.6316,0.24,0.6,0.22,0.61,strengthened
2024-05-23,3560.206480963538,3619.574971009692,3545.8858006651926,3608.869140625,2095742,yfinance:TCS.NS,2026-08-02T18:42:50.192839,1.3668,1.548,1.0656,-1.388,2136046.0,1876365.0,0.9811,1.1169,normal,73.69,2.0419,8.3,0.2336,54.48,62.81,1.1964,1.1302,7.3333,0.76,0.66,0.26,0.742,strongly_participatory
2024-05-24,3594.7801911641072,3599.924574735908,3563.3117164748414,3568.131591796875,1309452,yfinance:TCS.NS,2026-08-02T18:42:50.192839,-0.7413,0.767,-1.3189,-2.0888,1878057.0,1875972.0,0.6972,0.698,dry,36.61,1.0261,-14.09,-0.3904,51.36,59.75,1.2031,1.1365,0.4286,-0.4,0.66,0.26,0.51,mixed
2024-05-27,3573.2299565343956,3622.680583545899,3560.577754210542,3565.861083984375,1841538,yfinance:TCS.NS,2026-08-02T18:42:50.192839,-0.2062,0.3928,0.3378,-0.4851,1693203.0,1825236.0,1.0876,1.0089,normal,62.1,1.7416,5.1,0.1429,47.1,57.84,1.0965,1.1252,0.6129,-0.24,0.68,0.22,0.546,mixed
2024-05-28,3576.0100306264594,3587.132923412234,3550.0566141263193,3559.23291015625,1801993,yfinance:TCS.NS,2026-08-02T18:42:50.192839,-0.4692,-1.3754,0.5157,-2.0262,1671979.0,1813376.0,1.0778,0.9937,normal,37.08,1.0417,10.15,0.2846,48.08,55.6,0.896,1.118,0.7241,-0.16,0.66,0.04,0.536,mixed
2024-05-29,3567.5751439944142,3567.5751439944142,3522.2494455944416,3525.632568359375,1568095,yfinance:TCS.NS,2026-08-02T18:42:50.192839,-1.1757,-1.1911,-0.7398,-1.7919,1723364.0,1836247.0,0.9099,0.854,normal,45.33,1.2856,8.34,0.2344,52.75,55.83,0.9186,1.1227,0.4286,-0.4,0.6,0.04,0.464,mixed
2024-05-30,3500.930454720642,3517.0585585131757,3443.879239356087,3463.02001953125,2919230,yfinance:TCS.NS,2026-08-02T18:42:50.192839,-1.0829,-2.884,-4.0414,-3.0189,1888062.0,1872054.0,1.5462,1.5594,spike,73.18,2.1132,-24.7,-0.7006,54.36,57.27,0.9418,1.1078,0.1364,-0.76,0.58,-0.18,0.362,weakened
2024-05-31,3466.635356473782,3475.7190986563346,3386.6895544695403,3402.63232421875,10956800,yfinance:TCS.NS,2026-08-02T18:42:50.192839,-1.8463,-4.3998,-4.6383,-5.896,3817531.0,2295342.0,2.8701,4.7735,spike,89.03,2.6165,3.62,0.1044,63.06,57.81,0.9982,1.1459,1.0,0.0,0.54,-0.12,0.504,mixed
2024-06-03,3459.962019546034,3477.3415435006737,3425.851761938551,3432.201171875,2156773,yfinance:TCS.NS,2026-08-02T18:42:50.192839,-0.8023,-2.6501,-3.7483,-3.4232,3880578.0,2255069.0,0.5558,0.9564,dry,51.49,1.5002,57.33,1.6849,65.58,57.56,0.8532,1.151,6.1429,0.72,0.66,0.42,0.75,strongly_participatory
2024-06-04,3429.5587856451884,3471.269635740873,3328.989291525593,3443.46240234375,3395997,yfinance:TCS.NS,2026-08-02T18:42:50.192839,0.4054,-0.5648,-3.2527,-2.7538,4199379.0,2322177.0,0.8087,1.4624,dry,142.28,4.1319,-2.64,-0.077,86.62,64.11,0.9015,1.156,0.1905,-0.68,0.32,-0.7,0.222,deteriorated
2024-06-05,3444.389229413079,3507.2336206771465,3429.5587052821297,3472.613525390625,2799670,yfinance:TCS.NS,2026-08-02T18:42:50.192839,0.8194,2.0567,-1.5038,-2.2325,4445694.0,2359055.0,0.6297,1.1868,dry,77.67,2.2368,0.93,0.0269,93.09,66.28,0.9849,1.1588,50.0,1.0,0.6,0.12,0.752,strongly_participatory
2024-06-06,3504.63809516768,3559.2328694484427,3468.02524016659,3550.42724609375,4328036,yfinance:TCS.NS,2026-08-02T18:42:50.192839,1.3065,3.4446,2.524,-1.6194,4727455.0,2513073.0,0.9155,1.7222,normal,91.21,2.5689,32.02,0.9222,94.98,68.43,0.9732,1.1896,2.3333,0.4,0.62,0.12,0.64,strengthened
2024-06-07,3556.823043507588,3628.8437281793376,3556.823043507588,3609.332275390625,4552445,yfinance:TCS.NS,2026-08-02T18:42:50.192839,1.4763,4.817,6.0747,1.1547,3446584.0,2654371.0,1.3209,1.7151,elevated,72.02,1.9954,6.4,0.1801,92.86,68.07,1.1227,1.1943,24.0,0.92,0.82,0.28,0.84,strongly_participatory
2024-06-10,3610.305732562661,3620.408936648928,3561.08683988795,3576.658935546875,1734661,yfinance:TCS.NS,2026-08-02T18:42:50.192839,-0.932,2.9962,4.2089,0.3028,3362162.0,2657479.0,0.5159,0.6527,dry,59.32,1.6586,0.97,0.027,89.78,70.01,1.1493,1.1868,1.6316,0.24,0.82,0.3,0.706,strongly_participatory
2024-06-11,3563.960855615868,3596.3562412809524,3560.253224036554,3570.5419921875,1419898,yfinance:TCS.NS,2026-08-02T18:42:50.192839,0.1847,0.5665,3.6905,0.3177,2966942.0,2681908.0,0.4786,0.5294,dry,36.1,1.0111,-12.7,-0.355,68.54,71.02,1.1528,1.1783,1.2727,0.12,0.86,0.16,0.684,strengthened
2024-06-12,3591.2112432293293,3608.9152715121113,3547.6929702664606,3551.5859375,2177001,yfinance:TCS.NS,2026-08-02T18:42:50.192839,-1.1034,-1.5999,2.2741,0.7361,2842408.0,2737842.0,0.7659,0.7952,dry,61.22,1.7238,20.67,0.5789,65.25,70.13,1.146,1.1809,2.125,0.36,0.9,0.22,0.754,strongly_participatory
2024-06-13,3574.897910867656,3605.6712033854537,3570.448708339529,3594.687255859375,1932323,yfinance:TCS.NS,2026-08-02T18:42:50.192839,0.5536,0.5041,1.2466,3.8021,2363266.0,2778707.0,0.8176,0.6954,dry,35.22,0.9798,23.31,0.6564,57.83,70.74,1.1156,1.1644,2.3333,0.4,0.94,0.28,0.784,strongly_participatory
2024-06-14,3604.7446322415462,3604.7446322415462,3548.2032533352126,3551.957275390625,1860730,yfinance:TCS.NS,2026-08-02T18:42:50.192839,-1.4644,-0.5205,-1.5896,4.3885,1824923.0,2741774.0,1.0196,0.6787,normal,56.54,1.5918,10.06,0.2798,53.45,70.34,1.0497,1.1062,1.6316,0.24,0.92,0.26,0.742,strongly_participatory
2024-06-18,3546.395689059985,3561.179823442644,3517.661546809407,3536.24609375,1774045,yfinance:TCS.NS,2026-08-02T18:42:50.192839,-0.2862,-0.4319,-1.1299,3.0314,1832799.0,2692186.0,0.9679,0.659,normal,43.52,1.2306,-5.56,-0.1566,50.29,70.8,1.0156,1.0896,2.5714,0.44,0.92,0.3,0.786,strongly_participatory
2024-06-19,3547.8786522964565,3553.625661858595,3515.714995969622,3523.825439453125,1509050,yfinance:TCS.NS,2026-08-02T18:42:50.192839,-0.678,-1.9713,-1.3084,2.3338,1850630.0,2672232.0,0.8154,0.5647,dry,37.91,1.0758,11.63,0.329,50.66,70.27,1.0365,1.0311,0.2821,-0.56,0.84,0.16,0.54,mixed
2024-06-20,3518.5418393437685,3531.4721572718627,3503.757705904956,3510.431396484375,2846526,yfinance:TCS.NS,2026-08-02T18:42:50.192839,-0.2305,-1.1691,-1.1588,1.089,1984535.0,2749000.0,1.4344,1.0355,elevated,27.71,0.7895,-5.28,-0.1499,43.95,66.41,0.9952,0.9938,1.0833,0.04,0.8,0.14,0.642,strengthened
2024-06-21,3547.2761188024833,3594.363079879569,3520.4421834921905,3532.2138671875,4642195,yfinance:TCS.NS,2026-08-02T18:42:50.192839,-0.4246,-0.114,-1.7379,-0.513,2526509.0,2876323.0,1.8374,1.6139,spike,73.92,2.0928,36.84,1.0496,49.92,66.05,0.8617,0.9856,0.6129,-0.24,0.8,0.12,0.584,strengthened
2024-06-24,3530.359880582307,3575.0831793648726,3514.185385660008,3537.821533203125,1702154,yfinance:TCS.NS,2026-08-02T18:42:50.192839,0.2114,0.3972,-0.398,-1.9813,2494794.0,2895958.0,0.6823,0.5878,dry,60.9,1.7213,-1.85,-0.0525,50.79,65.06,0.637,0.9891,1.45,0.1837,0.78,0.06,0.6547,strengthened
2024-06-25,3538.0067905497995,3566.4164218366413,3515.668223832292,3557.888916015625,1338808,yfinance:TCS.NS,2026-08-02T18:42:50.192839,0.562,1.3519,0.612,-0.5248,2407747.0,2870822.0,0.556,0.4664,dry,50.75,1.4264,0.19,0.0052,52.24,58.52,0.6768,0.9627,1.0417,0.0204,0.84,0.16,0.6561,strengthened
2024-06-26,3563.4970839383795,3584.3061190627222,3560.2529065957383,3574.017578125,1639845,yfinance:TCS.NS,2026-08-02T18:42:50.192839,0.2952,1.1835,1.4244,0.0973,2433906.0,2862714.0,0.6738,0.5728,dry,24.05,0.673,5.61,0.1576,49.94,54.86,0.6858,0.9032,1.0,0.0,0.86,0.16,0.66,strengthened
2024-06-27,3550.9837890347926,3653.8705550444142,3539.0267689087714,3646.59423828125,4526556,yfinance:TCS.NS,2026-08-02T18:42:50.192839,2.6925,3.0746,3.8788,2.6751,2769912.0,3010637.0,1.6342,1.5035,spike,114.84,3.1493,-23.03,-0.6445,67.37,56.55,1.094,1.0441,2.3333,0.4,0.88,0.26,0.758,strongly_participatory
2024-06-28,3631.4395370159273,3670.555002133022,3612.94777109011,3618.787109375,2731571,yfinance:TCS.NS,2026-08-02T18:42:50.192839,-0.3484,1.7116,2.451,0.6704,2387787.0,3001254.0,1.144,0.9101,elevated,57.61,1.5919,-15.15,-0.4156,62.1,55.06,1.0918,1.041,1.0,0.0,0.88,0.3,0.682,strengthened
2024-07-01,3600.1098911444064,3709.206893822337,3600.1098911444064,3687.424560546875,2658723,yfinance:TCS.NS,2026-08-02T18:42:50.192839,2.4253,3.1731,4.2287,3.8139,2579101.0,2586350.0,1.0309,1.028,normal,109.1,2.9586,-18.68,-0.5161,71.74,58.62,1.1877,1.1401,1.9412,0.32,0.9,0.18,0.742,strongly_participatory
2024-07-02,3701.699052905465,3729.320724102144,3691.45667653292,3723.75927734375,2307449,yfinance:TCS.NS,2026-08-02T18:42:50.192839,0.5959,2.1161,4.662,5.3026,2772829.0,2593884.0,0.8322,0.8896,dry,37.86,1.0168,14.27,0.3871,69.97,59.03,1.1618,1.0744,0.7241,-0.16,0.86,0.24,0.636,strengthened
2024-07-03,3726.169344471108,3731.8235725519535,3665.9203376575206,3675.421142578125,1821198,yfinance:TCS.NS,2026-08-02T18:42:50.192839,-1.3619,1.565,2.8372,4.302,2809099.0,2515144.0,0.6483,0.7241,dry,65.9,1.7931,2.41,0.0647,77.87,59.37,1.2558,1.1028,3.5455,0.56,0.92,0.12,0.792,strongly_participatory
2024-07-04,3707.492671963274,3751.5207974226378,3691.0400566600383,3727.05029296875,2518001,yfinance:TCS.NS,2026-08-02T18:42:50.192839,0.5275,1.0746,2.2063,6.1707,2407388.0,2501061.0,1.0459,1.0068,normal,60.48,1.6228,32.07,0.8726,70.12,60.94,1.2334,1.1071,0.8519,-0.08,0.9,0.3,0.674,strengthened
2024-07-05,3716.90061234762,3732.426319394209,3696.5086389132935,3718.569091796875,1668616,yfinance:TCS.NS,2026-08-02T18:42:50.192839,0.0449,-0.1394,2.7573,5.2759,2194797.0,2368090.0,0.7603,0.7046,dry,35.92,0.9659,-10.15,-0.2723,65.78,59.46,1.2021,1.0771,3.1667,0.52,0.9,0.22,0.786,strongly_participatory
2024-07-08,3728.023114490228,3736.597011508885,3687.285562563459,3701.328125,1758882,yfinance:TCS.NS,2026-08-02T18:42:50.192839,-0.7161,0.7049,0.3771,4.6217,2014829.0,2228412.0,0.873,0.7893,dry,49.31,1.3323,9.45,0.2542,53.83,59.88,1.2664,1.0765,0.8148,-0.102,0.88,0.36,0.6676,strengthened
2024-07-09,3693.727219973674,3714.072798924903,3684.550924173878,3694.190673828125,1305801,yfinance:TCS.NS,2026-08-02T18:42:50.192839,0.0125,-0.8817,-0.7941,3.831,1814500.0,2206969.0,0.7196,0.5917,dry,29.52,0.7991,-7.6,-0.2054,51.35,59.28,1.2739,1.076,2.125,0.36,0.92,0.36,0.776,strongly_participatory
2024-07-10,3692.5229032169505,3710.690388315747,3616.7945741280314,3623.421875,2669716,yfinance:TCS.NS,2026-08-02T18:42:50.192839,-1.8714,-2.5587,-1.4148,1.3823,1984203.0,2269460.0,1.3455,1.1764,elevated,93.9,2.5914,-1.67,-0.0451,56.95,64.01,1.4666,1.1252,0.8519,-0.08,0.9,0.26,0.67,strengthened
2024-07-11,3643.674675535382,3689.093159153096,3610.8622289094983,3636.908203125,4872189,yfinance:TCS.NS,2026-08-02T18:42:50.192839,-0.1857,-1.7405,-2.4186,-0.2656,2455041.0,2404219.0,1.9846,2.0265,spike,78.23,2.151,20.25,0.5589,57.38,63.6,1.1769,1.1062,0.8846,-0.0612,0.9,0.18,0.6658,strengthened
2024-07-12,3689.092963601374,3892.9665108049144,3681.0289111762886,3878.135986328125,13509164,yfinance:TCS.NS,2026-08-02T18:42:50.192839,5.1244,4.9793,4.2911,7.1667,4823150.0,2983061.0,2.8009,4.5286,spike,211.94,5.4649,52.18,1.4349,101.4,77.54,2.0158,1.4359,2.3333,0.4,0.9,0.28,0.768,strongly_participatory
2024-07-15,3926.10347892008,3930.089001351756,3853.201819687219,3864.464111328125,4848030,yfinance:TCS.NS,2026-08-02T18:42:50.192839,-1.57,6.6523,4.4075,4.8012,5440980.0,3132426.0,0.891,1.5477,dry,76.89,1.9896,47.97,1.2369,106.92,79.41,1.9784,1.4234,2.125,0.36,0.9,0.28,0.76,strongly_participatory
2024-07-16,3867.059349578485,3887.960939474929,3841.940057628319,3873.0380859375,2029521,yfinance:TCS.NS,2026-08-02T18:42:50.192839,0.1546,6.4926,4.8413,4.0088,5585724.0,3145200.0,0.3633,0.6453,dry,46.02,1.1882,2.6,0.0672,110.22,80.81,1.9701,1.4114,1.3333,0.1429,0.92,0.22,0.7186,strongly_participatory
2024-07-18,3855.935904024396,4008.875669448441,3855.935904024396,4000.1162109375,5613364,yfinance:TCS.NS,2026-08-02T18:42:50.192839,3.7392,3.1453,10.3961,8.8342,6174454.0,3350415.0,0.9091,1.6754,normal,152.94,3.8234,-17.1,-0.4416,122.03,83.53,2.2184,1.5518,1.9412,0.32,0.94,0.18,0.758,strongly_participatory
2024-07-19,4011.12560439186,4049.542345765076,3981.256400846525,3997.189697265625,3903354,yfinance:TCS.NS,2026-08-02T18:42:50.192839,-0.3474,3.4345,9.9063,7.2481,5980687.0,3403257.0,0.6527,1.1469,dry,68.29,1.7083,11.01,0.2752,120.04,84.29,2.2356,1.5534,0.0889,-0.8367,0.82,0.06,0.4667,mixed
2024-07-22,3994.914017106796,4013.4952277518023,3962.4431700475134,3983.207763671875,1896386,yfinance:TCS.NS,2026-08-02T18:42:50.192839,-0.293,2.8445,2.7093,7.1167,3658131.0,3265966.0,0.5184,0.5807,dry,51.05,1.2817,-2.28,-0.0569,79.04,80.14,2.2447,1.5444,1.6316,0.24,0.84,-0.16,0.668,strengthened
2024-07-23,3979.1666292711343,4052.2838814085662,3963.6511354841136,3997.14404296875,2365208,yfinance:TCS.NS,2026-08-02T18:42:50.192839,0.4518,-0.0743,3.4333,7.9922,3161567.0,3299119.0,0.7481,0.7169,dry,88.63,2.2174,-4.04,-0.1015,81.39,83.48,2.21,1.527,0.9231,-0.04,0.82,-0.1,0.61,strengthened
2024-07-24,3983.347204111484,4031.2868203752514,3965.3235197357376,4000.76708984375,1809793,yfinance:TCS.NS,2026-08-02T18:42:50.192839,0.4373,0.0895,3.2979,8.2989,3117621.0,3322668.0,0.5805,0.5447,dry,65.96,1.6488,-13.8,-0.3452,85.37,83.49,2.2032,1.5126,0.6129,-0.24,0.76,0.04,0.56,strengthened
2024-07-25,3990.315092493855,4034.909999231854,3970.990814364529,4015.8642578125,2810342,yfinance:TCS.NS,2026-08-02T18:42:50.192839,0.6403,0.8199,0.3937,10.8307,2557017.0,3381193.0,1.0991,0.8312,normal,63.92,1.5917,-10.45,-0.2612,67.57,82.62,2.0312,1.5144,0.8519,-0.08,0.74,0.0,0.58,strengthened
2024-07-26,4041.4128530075222,4108.723462326797,4029.3813390339833,4076.577880859375,3552210,yfinance:TCS.NS,2026-08-02T18:42:50.192839,0.8701,1.9873,1.9861,12.0891,2486788.0,3332476.0,1.4284,1.0659,elevated,79.34,1.9463,25.55,0.6362,72.49,86.68,2.0006,1.4962,24.0,0.92,0.84,0.28,0.848,strongly_participatory
2024-07-29,4101.802189759301,4116.667158057409,4060.923526939503,4070.30712890625,1746803,yfinance:TCS.NS,2026-08-02T18:42:50.192839,-0.7678,1.7382,2.1867,4.9552,2456871.0,3283238.0,0.711,0.532,dry,55.74,1.3695,25.22,0.6188,73.42,87.14,1.4036,1.5084,1.0833,0.04,0.82,0.3,0.666,strengthened
2024-07-30,4079.5976241161015,4086.008050793285,4020.3232924395934,4055.67431640625,1797906,yfinance:TCS.NS,2026-08-02T18:42:50.192839,-0.5864,0.9913,1.4643,4.9479,2343411.0,3240197.0,0.7672,0.5549,dry,65.68,1.6196,9.29,0.2283,68.83,89.73,1.285,1.4818,0.8519,-0.08,0.82,0.12,0.624,strengthened
2024-07-31,4041.412993167837,4100.872862492605,4036.7676908768394,4074.25537109375,2330091,yfinance:TCS.NS,2026-08-02T18:42:50.192839,0.8126,-0.057,1.8369,5.1953,2447470.0,3241329.0,0.952,0.7189,normal,64.11,1.5734,-14.26,-0.3516,68.46,87.6,1.2861,1.4803,2.125,0.36,0.86,0.22,0.738,strongly_participatory
2024-08-01,4087.309021156136,4105.797235952523,4055.3956995339786,4085.17236328125,2202244,yfinance:TCS.NS,2026-08-02T18:42:50.192839,-0.0523,0.3652,1.7259,2.1263,2325851.0,3260381.0,0.9469,0.6755,normal,50.4,1.2338,13.05,0.3204,65.76,85.61,0.599,1.4698,1.1739,0.08,0.86,0.34,0.694,strengthened
2024-08-02,4055.349340765276,4086.0083392177967,3967.088587644382,3979.212646484375,2811282,yfinance:TCS.NS,2026-08-02T18:42:50.192839,-1.8774,-1.8853,-2.3884,-0.4497,2177665.0,3275045.0,1.291,0.8584,elevated,118.92,2.9885,-29.82,-0.73,70.97,75.82,0.8664,1.5225,0.2195,-0.64,0.74,0.02,0.47,mixed
2024-08-05,3938.2877856411073,3938.2877856411073,3818.9035015045465,3860.29296875,2787771,yfinance:TCS.NS,2026-08-02T18:42:50.192839,-1.9804,-5.2516,-5.1597,-3.0858,2385859.0,3331003.0,1.1685,0.8369,elevated,119.38,3.0926,-40.92,-1.0285,91.88,81.77,1.0638,1.5739,0.1111,-0.8,0.58,-0.22,0.35,weakened
2024-08-06,3875.065586406783,3956.172397325972,3865.6352581703713,3875.2978515625,2203067,yfinance:TCS.NS,2026-08-02T18:42:50.192839,0.006,-5.1375,-4.4475,-3.0483,2466891.0,3353212.0,0.8931,0.657,dry,90.54,2.3363,14.77,0.3827,97.92,85.34,1.0423,1.5745,0.5625,-0.28,0.52,-0.14,0.438,weakened
2024-08-07,3928.0678477776632,3943.815604925389,3883.751479863816,3902.472412109375,1237666,yfinance:TCS.NS,2026-08-02T18:42:50.192839,-0.6516,-1.9285,-4.2163,-2.4569,2248406.0,3349805.0,0.5505,0.3695,dry,60.06,1.5391,52.77,1.3617,98.81,79.31,1.0192,1.5818,6.1429,0.72,0.66,-0.02,0.706,strongly_participatory
2024-08-08,3884.402501608471,3931.7845938309138,3864.8922283404063,3876.5517578125,2441283,yfinance:TCS.NS,2026-08-02T18:42:50.192839,-0.2021,0.4212,-5.1068,-3.4691,2296214.0,3338384.0,1.0632,0.7313,normal,66.89,1.7256,-18.07,-0.463,102.1,79.21,0.9605,1.5834,0.3158,-0.52,0.58,0.0,0.428,weakened
2024-08-09,3917.848430860645,3951.898410084894,3907.210505857532,3928.764892578125,1302536,yfinance:TCS.NS,2026-08-02T18:42:50.192839,0.2786,1.3797,-1.2678,-3.6259,1994465.0,3159901.0,0.6531,0.4122,dry,44.69,1.1375,41.3,1.0653,93.39,80.94,0.886,1.5116,9.0,0.8,0.6,0.02,0.702,strongly_participatory
2024-08-12,3929.926261167776,3938.2878064043034,3889.372857499192,3898.012939453125,936912,yfinance:TCS.NS,2026-08-02T18:42:50.192839,-0.8121,-0.1143,0.9771,-4.233,1624293.0,2531288.0,0.5768,0.3701,dry,48.91,1.2549,1.16,0.0296,71.11,78.1,0.8876,1.5188,0.75,-0.1429,0.6,0.06,0.5174,mixed
2024-08-13,3914.1319429077616,3933.64221368893,3886.260127506092,3899.220703125,1495593,yfinance:TCS.NS,2026-08-02T18:42:50.192839,-0.381,0.5848,0.6173,-3.8576,1482798.0,2363667.0,1.0086,0.6327,normal,47.38,1.2152,16.12,0.4135,61.41,76.78,0.8879,1.4554,0.3889,-0.44,0.58,-0.02,0.442,weakened
2024-08-14,3910.416129361195,4000.721002615426,3891.0451248057766,3990.547607421875,3226545,yfinance:TCS.NS,2026-08-02T18:42:50.192839,2.0492,1.5726,2.2569,-2.0546,1880574.0,2423518.0,1.7157,1.3313,spike,109.68,2.7484,11.2,0.2871,69.64,80.05,1.1394,1.4994,0.7857,-0.12,0.5,-0.08,0.468,mixed
2024-08-16,4041.413561593398,4112.951226936545,4018.280043659057,4102.77783203125,3457058,yfinance:TCS.NS,2026-08-02T18:42:50.192839,1.5184,5.2531,5.8358,0.431,2083729.0,2315702.0,1.6591,1.4929,spike,94.67,2.3075,50.87,1.2747,80.74,82.16,1.2857,1.4981,15.6667,0.88,0.62,0.02,0.726,strongly_participatory
2024-08-19,4107.376754658791,4175.430440991918,4078.901139092339,4171.48193359375,2055210,yfinance:TCS.NS,2026-08-02T18:42:50.192839,1.5607,6.9825,6.1779,4.8318,2234264.0,2223295.0,0.9199,0.9244,normal,96.53,2.314,4.6,0.1121,84.98,85.07,1.248,1.5189,1.5,0.2,0.6,0.12,0.592,strengthened
2024-08-20,4185.417806867609,4241.161440255413,4180.772504085293,4202.41943359375,2212298,yfinance:TCS.NS,2026-08-02T18:42:50.192839,0.4062,5.3093,7.8093,8.8627,2489341.0,2239091.0,0.8887,0.988,dry,60.39,1.437,13.94,0.3341,89.13,85.35,1.0017,1.5193,4.0,0.6,0.68,0.14,0.706,strongly_participatory
2024-08-21,4197.495611851862,4236.516155388334,4173.8508391327405,4228.619140625,1896990,yfinance:TCS.NS,2026-08-02T18:42:50.192839,0.7415,3.0672,8.4478,9.1173,2569620.0,2215680.0,0.7382,0.8562,dry,62.67,1.4819,-4.92,-0.1172,92.19,85.25,0.9984,1.5125,2.8462,0.48,0.7,0.22,0.698,strengthened
2024-08-22,4236.516374666815,4237.39916370202,4178.171549911448,4182.630859375,1829872,yfinance:TCS.NS,2026-08-02T18:42:50.192839,-1.2719,0.2673,4.8135,7.179,2290286.0,2216684.0,0.799,0.8255,dry,59.23,1.416,7.9,0.1868,82.1,85.88,1.0896,1.5372,1.0833,0.04,0.7,0.2,0.608,strengthened
2024-08-23,4180.773068059991,4186.347432150737,4138.965337379391,4147.23388671875,1809253,yfinance:TCS.NS,2026-08-02T18:42:50.192839,-0.8022,-1.3132,1.0836,6.9825,1960725.0,2166630.0,0.9227,0.8351,normal,47.38,1.1425,-1.86,-0.0444,67.1,80.77,1.1411,1.4995,0.7241,-0.16,0.66,0.16,0.548,mixed
2024-08-26,4170.5527823500615,4229.222864979793,4166.836540173764,4183.048828125,1844164,yfinance:TCS.NS,2026-08-02T18:42:50.192839,0.2996,-1.0777,0.2773,6.4724,1918515.0,2081227.0,0.9612,0.8861,normal,62.39,1.4914,23.32,0.5623,64.19,75.18,1.141,1.4974,1.6316,0.24,0.72,0.26,0.662,strengthened
2024-08-27,4185.4182168111465,4190.06352004845,4168.509131570201,4178.125,930697,yfinance:TCS.NS,2026-08-02T18:42:50.192839,-0.1743,-0.1077,-0.5781,7.186,1662195.0,2040422.0,0.5599,0.4561,dry,21.55,0.5159,2.37,0.0566,54.56,69.87,1.0865,1.1818,0.6667,-0.2,0.7,0.32,0.572,strengthened
2024-08-28,4179.611105918801,4238.838715366386,4141.101365063979,4186.39306640625,1848058,yfinance:TCS.NS,2026-08-02T18:42:50.192839,0.1623,0.9442,-0.9986,7.3649,1652409.0,2042930.0,1.1184,0.9046,elevated,97.74,2.3346,1.49,0.0356,61.58,71.96,1.0566,1.1404,0.7241,-0.16,0.7,0.28,0.576,strengthened
2024-08-29,4143.610677557092,4232.800503800473,4143.610677557092,4191.73583984375,2133641,yfinance:TCS.NS,2026-08-02T18:42:50.192839,1.1614,0.2077,0.2177,5.0416,1713163.0,2033107.0,1.2454,1.0494,elevated,89.19,2.1278,-42.78,-1.0219,67.57,73.55,0.9378,1.1558,1.2273,0.102,0.7,0.2,0.6204,strengthened
2024-08-30,4180.77295069311,4266.478796182319,4169.438229236293,4230.7099609375,3637222,yfinance:TCS.NS,2026-08-02T18:42:50.192839,1.1944,1.2586,2.0128,3.1182,2078756.0,2104856.0,1.7497,1.728,spike,97.04,2.2937,-10.96,-0.2615,77.5,75.1,0.8981,0.9615,2.8462,0.48,0.78,0.34,0.742,strongly_participatory
2024-09-02,4251.380667040353,4262.529392565808,4191.920797571257,4200.32861328125,1216500,yfinance:TCS.NS,2026-08-02T18:42:50.192839,-1.2008,0.3329,0.4131,0.6915,1953224.0,2025117.0,0.6228,0.6007,dry,70.61,1.681,20.67,0.4886,75.23,76.65,0.9014,0.9868,1.1739,0.08,0.74,0.4,0.652,strengthened
2024-09-03,4200.329136859027,4232.706988670382,4176.9633540945715,4192.24658203125,1717263,yfinance:TCS.NS,2026-08-02T18:42:50.192839,-0.1924,0.0122,0.338,-0.2421,2110537.0,1971591.0,0.8137,0.871,dry,55.74,1.3297,0.0,0.0,82.06,77.24,0.8951,0.9858,0.7857,-0.12,0.78,0.24,0.612,strengthened
2024-09-04,4159.357971016076,4168.694848446134,4121.9632824379705,4161.49462890625,1265505,yfinance:TCS.NS,2026-08-02T18:42:50.192839,0.0514,-1.636,-0.5947,-1.5874,1994026.0,1924713.0,0.6346,0.6575,dry,46.73,1.123,-32.89,-0.7845,76.57,74.43,0.8567,0.9829,0.6897,-0.1837,0.72,0.04,0.5553,strengthened
2024-09-05,4163.120285213532,4179.843374955519,4138.1749189531665,4158.4287109375,1688793,yfinance:TCS.NS,2026-08-02T18:42:50.192839,-0.1127,-0.9975,-0.7946,-0.5786,1905057.0,1947270.0,0.8865,0.8673,dry,41.67,1.002,1.63,0.0391,67.07,68.66,0.7487,0.9804,0.5625,-0.28,0.68,0.14,0.53,mixed
2024-09-06,4156.570353890225,4198.378075871805,4125.028568849218,4140.59033203125,1649179,yfinance:TCS.NS,2026-08-02T18:42:50.192839,-0.3845,-1.2322,-2.1301,-0.1602,1507448.0,1907664.0,1.094,0.8645,normal,73.35,1.7715,-1.86,-0.0447,62.33,67.01,0.7071,0.976,0.1364,-0.76,0.52,-0.1,0.346,weakened
2024-09-09,4138.964928860649,4171.714314661398,4116.202944403391,4133.9013671875,1184938,yfinance:TCS.NS,2026-08-02T18:42:50.192839,-0.1223,-0.6631,-1.5815,-1.1749,1501136.0,1901785.0,0.7894,0.6231,dry,55.51,1.3428,-1.63,-0.0393,59.31,66.0,0.7051,0.9618,1.1739,0.08,0.58,-0.1,0.538,mixed
2024-09-10,4127.305926632389,4217.8893457264885,4125.4478052150735,4188.06640625,1385591,yfinance:TCS.NS,2026-08-02T18:42:50.192839,1.4722,0.7127,-0.0997,0.2379,1434801.0,1924218.0,0.9657,0.7201,normal,92.44,2.2073,-6.6,-0.1595,66.65,68.12,0.831,0.9902,2.125,0.36,0.64,0.06,0.634,strengthened
2024-09-11,4200.701434505407,4226.622135770557,4154.062408672436,4161.587890625,1325919,yfinance:TCS.NS,2026-08-02T18:42:50.192839,-0.9311,0.5071,0.0022,-0.5925,1446884.0,1915735.0,0.9164,0.6921,normal,72.56,1.7436,12.64,0.3017,67.11,69.08,0.9055,0.9996,0.3889,-0.44,0.58,0.04,0.448,weakened
2024-09-12,4190.296577129888,4211.061177253496,4116.947043693447,4197.21826171875,2742216,yfinance:TCS.NS,2026-08-02T18:42:50.192839,0.1652,1.5316,0.9328,0.1308,1657569.0,1891518.0,1.6544,1.4497,spike,94.11,2.2423,28.71,0.6898,77.6,72.41,0.8263,0.9888,50.0,1.0,0.74,0.22,0.818,strongly_participatory
2024-09-13,4208.644488913913,4224.43851900476,4185.417974074432,4201.76953125,1458786,yfinance:TCS.NS,2026-08-02T18:42:50.192839,-0.1634,0.3272,1.4775,-0.6841,1619490.0,1791605.0,0.9008,0.8142,normal,39.02,0.9287,11.43,0.2722,70.73,69.34,0.7106,0.9892,0.6129,-0.24,0.74,0.34,0.582,strengthened
2024-09-16,4205.8580816078,4223.556507717359,4175.617335175356,4193.08349609375,1155120,yfinance:TCS.NS,2026-08-02T18:42:50.192839,-0.3037,0.7568,1.4316,-0.1725,1613526.0,1746600.0,0.7159,0.6614,dry,47.94,1.1433,4.09,0.0973,69.22,71.23,0.6118,0.9263,1.0833,0.04,0.78,0.32,0.652,strengthened
2024-09-17,4193.0829242332575,4214.033060161901,4149.184809090063,4186.02197265625,1699364,yfinance:TCS.NS,2026-08-02T18:42:50.192839,-0.1684,-0.2668,-0.0488,-0.1485,1676281.0,1720954.0,1.0138,0.9875,normal,64.85,1.5492,-0.0,-0.0,63.7,68.88,0.6112,0.8451,0.96,-0.0204,0.78,0.32,0.6399,strengthened
2024-09-18,4178.032077529696,4178.032077529696,4014.471129091784,4037.8369140625,2961779,yfinance:TCS.NS,2026-08-02T18:42:50.192839,-3.3555,-3.9015,-2.9736,-2.9715,2003453.0,1774193.0,1.4783,1.6694,elevated,163.56,4.0507,-7.99,-0.1909,83.49,74.76,1.2074,1.0555,0.6667,-0.2,0.76,0.18,0.582,strengthened
2024-09-19,4078.622742152668,4108.492406554244,3978.051921437468,3991.384033203125,2927551,yfinance:TCS.NS,2026-08-02T18:42:50.192839,-2.1389,-4.8103,-4.9041,-4.017,2040520.0,1829077.0,1.4347,1.6006,elevated,130.44,3.2681,40.79,1.0101,90.76,77.15,1.3203,1.1199,1.0,0.0,0.74,0.08,0.604,strengthened
2024-09-20,4010.661579574174,4023.4828879317256,3927.603653363494,3980.931640625,5447908,yfinance:TCS.NS,2026-08-02T18:42:50.192839,-0.7413,-4.8994,-5.2558,-3.8559,2838344.0,2011010.0,1.9194,2.709,spike,95.88,2.4085,19.28,0.483,102.13,78.95,1.3189,1.1266,8.8,0.7959,0.76,0.3,0.7932,strongly_participatory
2024-09-23,3994.9607224434817,4003.693801666291,3951.2948726865407,3965.6953125,1702319,yfinance:TCS.NS,2026-08-02T18:42:50.192839,-0.7326,-1.7866,-5.4229,-4.0689,2947784.0,2003917.0,0.5775,0.8495,dry,52.4,1.3213,14.03,0.3524,103.02,78.71,1.3069,1.1309,2.3333,0.4,0.78,0.34,0.726,strongly_participatory
2024-09-24,3950.04043653129,3986.5990621222545,3939.216971195143,3968.29638671875,3012026,yfinance:TCS.NS,2026-08-02T18:42:50.192839,0.4622,-0.5784,-5.2013,-5.2475,3210317.0,2107984.0,0.9382,1.4289,normal,47.38,1.194,-15.65,-0.3948,99.53,77.08,1.151,1.1274,0.9231,-0.04,0.82,0.3,0.65,strengthened
2024-09-25,3950.6905998877737,3985.2981043185423,3939.216611717059,3971.50146484375,2713073,yfinance:TCS.NS,2026-08-02T18:42:50.192839,0.5268,-0.2369,-1.6428,-4.5676,3160575.0,2151235.0,0.8584,1.2612,dry,46.08,1.1603,-17.61,-0.4437,74.44,77.39,1.2214,1.1308,1.5,0.2,0.82,0.2,0.688,strengthened
2024-09-26,3957.7984481927056,4010.568912711446,3957.7984481927056,3987.992919921875,3964251,yfinance:TCS.NS,2026-08-02T18:42:50.192839,0.7629,0.5623,-0.085,-4.9849,3367915.0,2242765.0,1.1771,1.7676,elevated,52.77,1.3232,-13.7,-0.345,58.9,75.92,1.2787,1.0719,7.3333,0.76,0.86,0.34,0.83,strongly_participatory
2024-09-27,4027.4778141813817,4067.4274211040574,3995.006963841728,4003.043701171875,3012477,yfinance:TCS.NS,2026-08-02T18:42:50.192839,-0.6067,0.8756,0.5554,-4.7296,2880829.0,2211528.0,1.0457,1.3622,normal,72.42,1.8091,39.48,0.9901,55.61,77.63,1.2701,1.0323,1.5,0.2,0.88,0.46,0.738,strongly_participatory
2024-09-30,3982.789937420948,3993.799396652073,3957.844568692927,3965.6953125,2503416,yfinance:TCS.NS,2026-08-02T18:42:50.192839,-0.4292,-0.1462,0.0,-5.4229,3041049.0,2275874.0,0.8232,1.1,dry,35.95,0.9066,-20.25,-0.506,54.17,74.26,1.2672,0.9814,0.3158,-0.52,0.82,0.2,0.544,mixed
2024-10-01,3953.663791959934,3991.01221083208,3941.9579909083504,3983.718994140625,1823365,yfinance:TCS.NS,2026-08-02T18:42:50.192839,0.7602,-0.1072,0.3886,-4.8328,2803316.0,2281179.0,0.6504,0.7993,dry,49.05,1.2314,-12.03,-0.3034,54.51,72.58,1.3378,0.9912,0.6897,-0.1837,0.78,0.04,0.5793,strengthened
2024-10-03,3960.2139962956594,3975.450500145813,3911.345315637735,3932.4814453125,3350119,yfinance:TCS.NS,2026-08-02T18:42:50.192839,-0.7003,-1.7627,-0.9825,-2.6092,2930726.0,2385410.0,1.1431,1.4044,elevated,64.11,1.6301,-23.5,-0.59,59.77,71.03,0.9159,0.9788,0.0638,-0.88,0.7,-0.06,0.398,weakened
2024-10-04,3925.281484423229,3993.1029159884106,3924.3986952950054,3950.598388671875,2965463,yfinance:TCS.NS,2026-08-02T18:42:50.192839,0.645,-0.3807,-0.9377,-1.0218,2730968.0,2449243.0,1.0859,1.2108,normal,68.7,1.7391,-7.2,-0.1831,62.95,73.15,0.6828,0.9723,0.2195,-0.64,0.52,-0.2,0.36,weakened
2024-10-07,3970.7116602125193,3992.405314053108,3929.368467129649,3969.736328125,1472619,yfinance:TCS.NS,2026-08-02T18:42:50.192839,-0.0246,-0.351,-0.8321,-0.2812,2422996.0,2440415.0,0.6078,0.6034,dry,63.04,1.5879,20.11,0.5091,59.67,74.23,0.6327,0.9657,0.25,-0.6,0.5,-0.32,0.348,weakened
2024-10-08,3969.5047586663354,3975.8221898436273,3905.724833607358,3951.52734375,1541867,yfinance:TCS.NS,2026-08-02T18:42:50.192839,-0.4529,0.4843,-0.3573,-0.3573,2230687.0,2458261.0,0.6912,0.6272,dry,70.1,1.7739,-0.23,-0.0058,64.65,74.6,0.5988,0.9631,2.8462,0.48,0.52,-0.16,0.588,strengthened
2024-10-09,3957.798231053306,3990.315352669941,3945.441906296137,3951.24853515625,1082504,yfinance:TCS.NS,2026-08-02T18:42:50.192839,-0.1655,0.0165,-0.8151,-0.4296,2082514.0,2443107.0,0.5198,0.4431,dry,44.87,1.1357,6.27,0.1587,63.82,65.55,0.5887,0.9631,1.1739,0.08,0.5,0.0,0.516,mixed
2024-10-10,3951.526804113441,3989.246753361262,3900.7537355297673,3927.510498046875,2378875,yfinance:TCS.NS,2026-08-02T18:42:50.192839,-0.6078,-1.0637,-0.1264,-1.1077,1888266.0,2495755.0,1.2598,0.9532,elevated,88.49,2.2532,0.28,0.007,67.04,62.56,0.592,0.9638,0.8846,-0.0612,0.54,-0.02,0.5018,mixed
2024-10-11,3849.097553745416,3941.0282693428026,3820.714937648371,3854.85791015625,5759183,yfinance:TCS.NS,2026-08-02T18:42:50.192839,0.1497,-2.4464,-2.4234,-3.3384,2447010.0,2646603.0,2.3536,2.1761,spike,120.31,3.1211,-78.41,-1.9965,77.36,64.3,0.5224,0.9313,1.5,0.2,0.48,-0.1,0.522,mixed
2024-10-14,3846.3106857656626,3869.9087330608727,3829.7735893951135,3843.1982421875,2137590,yfinance:TCS.NS,2026-08-02T18:42:50.192839,-0.0809,-2.7346,-3.1876,-3.9931,2580004.0,2680543.0,0.8285,0.7974,dry,40.14,1.0443,-8.55,-0.2217,72.78,63.42,0.4964,0.8916,2.5714,0.44,0.52,0.0,0.596,strengthened
2024-10-15,3837.995705676313,3874.1365268299264,3804.5032516700458,3824.756591796875,2759474,yfinance:TCS.NS,2026-08-02T18:42:50.192839,-0.3449,-2.6163,-3.2081,-3.5539,2823525.0,2760761.0,0.9773,0.9995,normal,69.63,1.8206,-5.2,-0.1354,72.69,65.01,0.4907,0.8748,0.6129,-0.24,0.5,0.0,0.452,mixed
2024-10-16,3795.212679191423,3823.084498132853,3778.675354588552,3804.456787109375,2359151,yfinance:TCS.NS,2026-08-02T18:42:50.192839,0.2436,-1.3075,-3.7151,-4.4999,3078855.0,2793750.0,0.7662,0.8444,dry,44.41,1.1673,-29.54,-0.7724,72.93,65.01,0.4133,0.8796,0.5625,-0.28,0.52,-0.12,0.44,weakened
2024-10-17,3821.040502958908,3836.9742562004353,3802.598784941279,3817.51025390625,2522659,yfinance:TCS.NS,2026-08-02T18:42:50.192839,-0.0924,-0.6684,-2.8008,-2.9236,3107611.0,2771794.0,0.8118,0.9101,dry,34.38,0.9005,16.58,0.4359,62.11,63.7,0.3622,0.8783,0.25,-0.6,0.4,-0.24,0.316,weakened
2024-10-18,3809.128265067552,3861.422196631944,3799.8149930258223,3839.908447265625,2361000,yfinance:TCS.NS,2026-08-02T18:42:50.192839,0.8081,0.3962,-0.3878,-2.8019,2427975.0,2743467.0,0.9724,0.8606,normal,61.61,1.6044,-8.38,-0.2196,50.37,62.43,0.3999,0.8991,1.6316,0.24,0.44,-0.32,0.492,mixed
2024-10-21,3848.8025545031073,3855.647899798256,3790.501385728475,3799.675048828125,1595450,yfinance:TCS.NS,2026-08-02T18:42:50.192839,-1.2764,-0.1257,-1.1325,-4.2839,2319547.0,2550844.0,0.6878,0.6255,dry,65.15,1.7145,8.89,0.2316,55.37,63.85,0.5547,0.9193,0.4286,-0.4,0.38,-0.2,0.352,weakened
2024-10-22,3786.776161320197,3808.941792786158,3731.222588221232,3739.744140625,1928049,yfinance:TCS.NS,2026-08-02T18:42:50.192839,-1.242,-2.0371,-2.2227,-5.3595,2153262.0,2562131.0,0.8954,0.7525,dry,77.72,2.0782,-12.9,-0.3395,56.99,65.9,0.6461,0.9366,0.0204,-0.96,0.24,-0.36,0.168,deteriorated
2024-10-23,3724.936169449571,3831.060625608979,3720.791581721823,3787.009033203125,1966476,yfinance:TCS.NS,2026-08-02T18:42:50.192839,1.6664,-1.3776,-0.4586,-4.1566,2074727.0,2509853.0,0.9478,0.7835,normal,110.27,2.9118,-14.81,-0.396,69.82,68.61,0.8899,0.9497,0.6667,-0.2,0.2,-0.44,0.296,deteriorated
2024-10-24,3729.033775833075,3798.8833095961822,3729.033775833075,3769.9189453125,2676744,yfinance:TCS.NS,2026-08-02T18:42:50.192839,1.0964,-0.7831,-1.2467,-4.0125,2105544.0,2508037.0,1.2713,1.0673,elevated,69.85,1.8528,-57.98,-1.5309,76.92,68.69,0.9389,0.9736,0.9231,-0.04,0.18,-0.36,0.328,weakened
2024-10-25,3778.441074679716,3810.990914951962,3755.763166335102,3778.90673828125,1759676,yfinance:TCS.NS,2026-08-02T18:42:50.192839,0.0123,1.0472,-1.5886,-1.9703,1985279.0,2397808.0,0.8864,0.7339,dry,55.23,1.4615,8.52,0.2261,75.64,68.13,0.939,0.9719,0.3158,-0.52,0.16,-0.5,0.21,deteriorated
2024-10-28,3789.5234771784344,3850.106352412569,3772.8062006829505,3809.919677734375,1532534,yfinance:TCS.NS,2026-08-02T18:42:50.192839,0.5382,0.605,0.2696,-0.8659,1972696.0,2323811.0,0.7769,0.6595,dry,77.3,2.0289,10.62,0.2809,78.07,68.64,0.9476,0.9816,2.5714,0.44,0.16,-0.16,0.436,weakened
2024-10-29,3814.5762988806255,3821.700860442563,3781.281354135695,3795.390869140625,1445885,yfinance:TCS.NS,2026-08-02T18:42:50.192839,-0.503,0.6757,1.488,-0.7678,1876263.0,2270934.0,0.7706,0.6367,dry,40.42,1.065,4.66,0.1222,70.61,68.33,0.9579,0.9831,1.7222,0.2653,0.22,-0.18,0.4231,weakened
2024-10-30,3795.158047833668,3824.960515939356,3781.234752740499,3804.145263671875,1935002,yfinance:TCS.NS,2026-08-02T18:42:50.192839,0.2368,0.6679,0.4525,-0.0082,1869968.0,2276516.0,1.0348,0.85,normal,43.73,1.1494,-0.23,-0.0061,57.3,65.13,0.9578,0.9863,0.7241,-0.16,0.22,-0.1,0.346,weakened
2024-10-31,3790.501362953683,3798.23142349314,3688.055380171151,3695.925048828125,3740372,yfinance:TCS.NS,2026-08-02T18:42:50.192839,-2.4951,-2.992,-1.9627,-3.1849,2082694.0,2296029.0,1.7959,1.6291,spike,110.18,2.981,-13.64,-0.3587,66.55,64.83,1.269,0.8997,0.4286,-0.4,0.16,-0.08,0.276,deteriorated
2024-11-01,3715.855396081881,3724.330335982368,3703.003037058592,3710.59326171875,154895,yfinance:TCS.NS,2026-08-02T18:42:50.192839,-0.1416,-2.2342,-1.8078,-3.3677,1761738.0,2155500.0,0.0879,0.0719,dry,21.33,0.5748,19.93,0.5393,61.19,63.99,1.227,0.8182,7.3333,0.76,0.2,0.0,0.532,mixed
2024-11-04,3693.923144215517,3717.7649842744486,3644.5161904410857,3691.920654296875,2269192,yfinance:TCS.NS,2026-08-02T18:42:50.192839,-0.0542,-2.9501,-3.0972,-2.8359,1909069.0,2195329.0,1.1886,1.0336,elevated,73.25,1.984,-16.67,-0.4493,60.38,64.25,1.1686,0.8089,0.1905,-0.68,0.14,-0.28,0.192,deteriorated
2024-11-05,3670.453574014962,3712.2700726947464,3670.453574014962,3698.626220703125,967590,yfinance:TCS.NS,2026-08-02T18:42:50.192839,0.7676,0.0731,-2.5495,-1.0995,1813410.0,2166615.0,0.5336,0.4466,dry,41.82,1.1306,-21.47,-0.5815,60.66,63.94,1.12,0.8128,3.5455,0.56,0.18,-0.14,0.47,mixed
2024-11-06,3728.661529286281,3864.8212879793314,3702.258313204772,3855.368408203125,3792017,yfinance:TCS.NS,2026-08-02T18:42:50.192839,3.3982,3.9017,1.3465,1.8051,2184813.0,2302091.0,1.7356,1.6472,spike,162.56,4.2165,30.04,0.8121,85.15,73.36,1.4671,1.0224,4.5556,0.64,0.28,0.04,0.544,mixed
2024-11-07,3883.3551713111415,3916.975719116069,3804.518188145807,3865.845947265625,3724349,yfinance:TCS.NS,2026-08-02T18:42:50.192839,-0.4509,4.711,4.5975,2.5445,2181609.0,2369364.0,1.7072,1.5719,spike,112.46,2.909,27.99,0.7259,84.42,76.99,1.4536,1.0232,0.1364,-0.76,0.24,-0.06,0.238,deteriorated
2024-11-08,3869.6642401156896,3883.401315336317,3834.879080725745,3862.213623046875,1648039,yfinance:TCS.NS,2026-08-02T18:42:50.192839,-0.1925,4.4229,4.0861,2.2045,2480237.0,2163807.0,0.6645,0.7616,dry,48.52,1.2563,3.82,0.0988,88.45,75.8,1.4569,1.015,0.8519,-0.08,0.22,-0.08,0.364,weakened
2024-11-11,3844.7052007056577,3943.518654670436,3834.879425712483,3910.36376953125,1406487,yfinance:TCS.NS,2026-08-02T18:42:50.192839,1.7078,1.4265,5.9168,2.6364,2307696.0,2127252.0,0.6095,0.6612,dry,108.64,2.7782,-17.51,-0.4533,95.53,78.01,1.5397,1.0533,0.6667,-0.2,0.24,-0.18,0.338,weakened
2024-11-12,3926.475609493647,3928.338263957354,3878.3726489183473,3909.15283203125,1587640,yfinance:TCS.NS,2026-08-02T18:42:50.192839,-0.4412,1.1202,5.692,2.9974,2431706.0,2068660.0,0.6529,0.7675,dry,49.97,1.2782,16.11,0.412,97.16,73.7,1.5365,1.0535,0.1628,-0.72,0.2,-0.14,0.222,deteriorated
2024-11-13,3891.178560274982,3908.5477229218823,3847.3593393431142,3865.334228515625,1098813,yfinance:TCS.NS,2026-08-02T18:42:50.192839,-0.6642,0.0808,0.2585,1.6085,1893066.0,2005643.0,0.5804,0.5479,dry,61.19,1.583,-17.97,-0.4598,76.28,73.13,1.5625,1.0545,0.0638,-0.88,0.1,-0.38,0.126,deteriorated
2024-11-14,3851.0375903197846,3874.3207680121654,3833.761654371864,3861.18896484375,1825432,yfinance:TCS.NS,2026-08-02T18:42:50.192839,0.2636,-1.2576,-0.1205,4.4715,1513282.0,1970782.0,1.2063,0.9262,elevated,40.56,1.0504,-14.3,-0.3699,61.9,72.08,1.2589,1.0456,0.6667,-0.2,0.12,-0.36,0.272,deteriorated
2024-11-18,3923.681541984777,3923.681541984777,3716.181793791038,3743.4697265625,3313944,yfinance:TCS.NS,2026-08-02T18:42:50.192839,-4.5929,-4.2383,-3.0745,0.886,1846463.0,2018429.0,1.7948,1.6418,spike,207.5,5.543,62.49,1.6185,93.69,81.38,2.0301,1.3426,0.7857,-0.12,0.12,-0.32,0.292,deteriorated
2024-11-19,3743.8421064286954,3848.3835842405183,3738.440590588595,3762.142822265625,1776233,yfinance:TCS.NS,2026-08-02T18:42:50.192839,0.4888,-2.6697,-3.7905,1.902,1920412.0,2027468.0,0.9249,0.8761,normal,109.94,2.9224,0.37,0.0099,93.95,86.35,2.0365,1.3469,1.2273,0.102,0.14,-0.2,0.3564,weakened
2024-11-21,3767.124986745769,3811.409636894372,3747.660340835974,3793.15576171875,2384347,yfinance:TCS.NS,2026-08-02T18:42:50.192839,0.691,-1.762,-2.9673,2.5558,2079754.0,2050283.0,1.1465,1.1629,elevated,63.75,1.6806,4.98,0.1324,96.71,87.78,2.0335,1.3521,0.4706,-0.36,0.14,-0.42,0.242,deteriorated
2024-11-22,3791.4328432690386,3962.750655117127,3775.600281653816,3953.111328125,3096553,yfinance:TCS.NS,2026-08-02T18:42:50.192839,4.2643,5.6002,2.2709,2.5352,2479302.0,2106787.0,1.249,1.4698,elevated,187.15,4.7343,-1.72,-0.0454,121.78,92.85,2.2046,1.5636,49.0,0.96,0.28,0.06,0.61,strengthened
2024-11-25,3986.079375829224,4030.876293409353,3960.18866832527,4018.76904296875,4052167,yfinance:TCS.NS,2026-08-02T18:42:50.192839,0.8201,6.8213,4.0811,3.9557,2924649.0,2175558.0,1.3855,1.8626,elevated,70.69,1.7589,32.97,0.834,129.22,96.38,2.2055,1.5629,4.5556,0.64,0.32,0.28,0.584,strengthened
2024-11-26,4024.3109738880953,4066.733198149224,4014.0199908462,4053.787841796875,2060669,yfinance:TCS.NS,2026-08-02T18:42:50.192839,0.7325,6.8711,8.2896,4.9602,2673994.0,2190608.0,0.7706,0.9407,dry,52.71,1.3003,5.54,0.1379,98.26,94.91,2.205,1.5665,0.7857,-0.12,0.3,0.08,0.404,weakened
2024-11-27,4059.608149405842,4076.7908603023225,4027.104472178454,4035.020751953125,1558993,yfinance:TCS.NS,2026-08-02T18:42:50.192839,-0.6057,2.072,7.2533,3.1879,2630546.0,2191931.0,0.5926,0.7112,dry,49.69,1.2314,5.82,0.1436,86.21,95.47,2.165,1.5723,1.0,0.0,0.28,0.1,0.422,weakened
2024-11-28,4022.4023078590976,4041.9137952346705,3942.3081660494463,3953.390869140625,2558544,yfinance:TCS.NS,2026-08-02T18:42:50.192839,-1.7157,-1.6268,4.2243,1.1317,2665385.0,2247564.0,0.9599,1.1384,normal,99.61,2.5195,-12.62,-0.3127,93.38,90.72,2.2365,1.6069,0.087,-0.84,0.22,-0.02,0.218,deteriorated
2024-11-29,3930.201000354305,4003.4966369290128,3907.523090835983,3977.55908203125,2017425,yfinance:TCS.NS,2026-08-02T18:42:50.192839,1.205,-1.8804,0.6184,2.9034,2449560.0,2251685.0,0.8236,0.896,dry,95.97,2.4129,-23.19,-0.5866,75.15,89.54,2.2558,1.6192,7.3333,0.76,0.26,0.04,0.56,strengthened
2024-12-02,3976.766726657372,3993.717061818359,3939.5600270221935,3982.9599609375,1670944,yfinance:TCS.NS,2026-08-02T18:42:50.192839,0.1557,-1.2902,-0.891,3.1537,1973315.0,2148214.0,0.8468,0.7778,dry,54.16,1.3597,-0.79,-0.0199,70.43,89.94,2.2554,1.6186,1.9412,0.32,0.34,0.04,0.504,mixed
2024-12-03,4018.071552759184,4027.990096381856,3972.529744122267,4007.26806640625,2010905,yfinance:TCS.NS,2026-08-02T18:42:50.192839,-0.2689,1.3628,-1.1476,7.0469,1963362.0,2241014.0,1.0242,0.8973,normal,55.46,1.384,35.11,0.8815,70.98,86.14,1.5507,1.6154,4.0,0.6,0.36,0.14,0.578,strengthened
2024-12-04,4017.326528295617,4085.686313112438,3994.509010381187,4055.371337890625,3302642,yfinance:TCS.NS,2026-08-02T18:42:50.192839,0.947,1.9563,0.5043,7.7942,2312092.0,2292687.0,1.4284,1.4405,elevated,91.18,2.2483,10.06,0.251,79.27,89.09,1.5546,1.6004,0.8519,-0.08,0.32,0.16,0.428,weakened
2024-12-05,4098.584762623309,4180.728007626903,4060.586792883336,4157.4912109375,3746747,yfinance:TCS.NS,2026-08-02T18:42:50.192839,1.4372,4.3819,5.1627,9.6051,2549733.0,2431644.0,1.4695,1.5408,elevated,120.14,2.8898,43.21,1.0656,84.42,93.63,1.576,1.5926,4.0,0.6,0.38,0.24,0.596,strengthened
2024-12-06,4147.199797372343,4158.375723168091,4109.713879599103,4140.21484375,1842087,yfinance:TCS.NS,2026-08-02T18:42:50.192839,-0.1684,3.3176,4.0893,4.7331,2514665.0,2334148.0,0.7325,0.7892,dry,48.66,1.1753,-10.29,-0.2475,74.96,94.21,0.9669,1.5725,0.7241,-0.16,0.4,0.14,0.442,weakened
2024-12-09,4126.198190317889,4162.47310676674,4112.321053205062,4146.40771484375,2066639,yfinance:TCS.NS,2026-08-02T18:42:50.192839,0.4898,2.2448,4.1037,3.1761,2593804.0,2251262.0,0.7968,0.918,dry,50.15,1.2095,-14.02,-0.3385,74.16,82.97,0.9509,1.5646,0.7241,-0.16,0.38,0.06,0.426,weakened
2024-12-10,4122.194381179075,4185.198584263352,4109.109414059275,4128.15478515625,2087828,yfinance:TCS.NS,2026-08-02T18:42:50.192839,0.1446,-0.7056,3.0167,1.8345,2609189.0,2273252.0,0.8002,0.9184,dry,76.09,1.8432,-24.21,-0.584,78.29,80.55,0.9338,1.5643,0.6667,-0.2,0.4,0.12,0.432,weakened
2024-12-11,4127.502045111503,4143.148158287083,4104.358476029229,4123.404296875,1635256,yfinance:TCS.NS,2026-08-02T18:42:50.192839,-0.0993,-0.406,1.6776,2.1904,2275711.0,2284690.0,0.7186,0.7157,dry,38.79,0.9407,-0.65,-0.0158,67.81,78.77,0.9007,1.5639,1.1304,0.0612,0.42,0.12,0.4922,mixed
2024-12-12,4125.825703197917,4177.002312539005,4122.054010099808,4149.01611328125,1914642,yfinance:TCS.NS,2026-08-02T18:42:50.192839,0.5621,0.0629,-0.2039,4.9483,1909290.0,2301040.0,1.0028,0.8321,normal,54.95,1.3244,2.42,0.0587,53.73,69.32,0.595,1.56,0.5152,-0.32,0.44,-0.02,0.41,weakened
2024-12-13,4130.389146191078,4186.221930852545,4092.6235608796537,4166.6640625,1967048,yfinance:TCS.NS,2026-08-02T18:42:50.192839,0.8782,0.9328,0.6388,4.7543,1934283.0,2344452.0,1.0169,0.839,normal,93.6,2.2464,-18.63,-0.4489,62.72,70.45,0.556,1.5647,4.5556,0.64,0.44,0.02,0.606,strengthened
2024-12-16,4152.787550664486,4167.6887843067,4095.045270300907,4111.99560546875,1646224,yfinance:TCS.NS,2026-08-02T18:42:50.192839,-0.9823,-0.2767,-0.8299,3.2397,1850200.0,2335492.0,0.8898,0.7049,dry,72.64,1.7666,-13.88,-0.333,67.21,71.88,0.7088,1.4965,0.4286,-0.4,0.44,0.14,0.41,weakened
2024-12-17,4107.153419581878,4128.527563155076,4021.471307427335,4031.250244140625,3225027,yfinance:TCS.NS,2026-08-02T18:42:50.192839,-1.8481,-2.8384,-2.3474,0.5985,2077639.0,2331046.0,1.5523,1.3835,spike,107.06,2.6557,-4.84,-0.1178,73.41,75.98,0.9743,1.545,0.0204,-0.96,0.34,-0.08,0.236,deteriorated
2024-12-18,4015.6026408310418,4062.4482050833985,3995.0202240369567,4049.27001953125,1575404,yfinance:TCS.NS,2026-08-02T18:42:50.192839,0.8384,-2.8175,-1.7979,-0.1505,2065669.0,2321005.0,0.7627,0.6788,dry,67.43,1.6652,-15.65,-0.3882,79.13,73.68,0.9648,1.5479,0.5625,-0.28,0.36,-0.12,0.376,weakened
2024-12-19,3987.942627437591,4064.311449354893,3969.3160855065425,3978.5361328125,3015763,yfinance:TCS.NS,2026-08-02T18:42:50.192839,-0.2359,-3.2456,-4.1089,-4.3044,2285893.0,2352575.0,1.3193,1.2819,elevated,95.0,2.3877,-61.33,-1.5145,87.14,73.61,0.8503,1.5474,0.3889,-0.44,0.32,-0.3,0.31,weakened
2024-12-20,4031.71487338267,4081.075207937829,3867.335646043321,3883.9130859375,4116989,yfinance:TCS.NS,2026-08-02T18:42:50.192839,-3.666,-3.6549,-6.786,-6.1905,2715881.0,2403597.0,1.5159,1.7128,spike,213.74,5.5032,53.18,1.3366,111.17,85.01,1.4299,1.5849,0.1111,-0.8,0.18,-0.38,0.174,deteriorated
2024-12-23,3911.619964587505,3927.406139864291,3832.317557835385,3872.737060546875,2195338,yfinance:TCS.NS,2026-08-02T18:42:50.192839,-0.994,-4.3596,-5.8186,-6.6002,2825704.0,2310756.0,0.7769,0.9501,dry,95.09,2.4553,27.71,0.7134,115.66,87.84,1.405,1.5932,3.1667,0.52,0.26,-0.22,0.486,mixed
2024-12-24,3872.737858457334,3928.338276273141,3872.737858457334,3892.482177734375,1181886,yfinance:TCS.NS,2026-08-02T18:42:50.192839,0.5098,-2.163,-3.4423,-5.7089,2417076.0,2266817.0,0.489,0.5214,dry,55.6,1.4284,0.0,0.0,105.37,85.3,1.4293,1.5959,0.7241,-0.16,0.2,-0.14,0.334,weakened
2024-12-26,3892.482098814087,3911.527922278893,3858.628263566546,3882.79638671875,1208464,yfinance:TCS.NS,2026-08-02T18:42:50.192839,-0.2488,-0.0288,-4.1112,-5.8352,2343688.0,2249290.0,0.5156,0.5373,dry,52.9,1.3624,-0.0,-0.0,102.46,80.12,1.4254,1.5631,1.5,0.2,0.28,-0.08,0.444,weakened
2024-12-27,3877.115088515739,3893.832593461187,3862.446685286308,3878.838134765625,858100,yfinance:TCS.NS,2026-08-02T18:42:50.192839,0.0444,0.1575,-2.5059,-6.5119,1912155.0,2164268.0,0.4488,0.3965,dry,31.39,0.8092,-5.68,-0.1463,89.74,78.89,1.3907,1.5617,1.2727,0.12,0.3,-0.02,0.442,weakened
2024-12-30,3865.938955213331,3910.921874141445,3829.617196780828,3873.203125,1527169,yfinance:TCS.NS,2026-08-02T18:42:50.192839,0.1879,-0.4953,-0.2758,-7.0431,1394191.0,2139755.0,1.0954,0.7137,normal,81.3,2.0992,-12.9,-0.3326,63.26,81.11,1.3265,1.5579,0.3158,-0.52,0.3,-0.24,0.292,deteriorated
2024-12-31,3851.0379404710184,3855.6481919731177,3755.157851490963,3813.5986328125,1555429,yfinance:TCS.NS,2026-08-02T18:42:50.192839,-0.9722,-1.7822,-1.527,-7.2567,1266210.0,2133979.0,1.2284,0.7289,elevated,100.49,2.6351,-22.17,-0.5723,67.85,84.11,1.3262,1.5663,1.0833,0.04,0.26,-0.22,0.39,weakened
2025-01-01,3813.22564967337,3850.106294386638,3804.890317466962,3830.036376953125,763161,yfinance:TCS.NS,2026-08-02T18:42:50.192839,0.4409,-1.2582,-1.6043,-4.9914,1182465.0,2071592.0,0.6454,0.3684,dry,45.22,1.1806,-0.37,-0.0098,65.77,84.57,1.2913,1.3141,2.3333,0.4,0.36,-0.06,0.518,mixed
2025-01-02,3837.0680112666887,3895.7416240603297,3815.6011015015542,3888.989501953125,1720835,yfinance:TCS.NS,2026-08-02T18:42:50.192839,1.3532,0.4076,0.1595,-3.9583,1284939.0,1992502.0,1.3392,0.8637,elevated,80.14,2.0607,7.03,0.1836,71.22,86.37,1.3553,1.3322,24.0,0.92,0.48,0.16,0.692,strengthened
2025-01-03,3892.901405684608,3892.901405684608,3811.2704382055863,3818.348388671875,1791953,yfinance:TCS.NS,2026-08-02T18:42:50.192839,-1.9151,0.1245,-1.5595,-4.0263,1471709.0,1894762.0,1.2176,0.9457,elevated,81.63,2.1379,3.91,0.1006,81.27,85.51,1.4398,1.3785,0.6667,-0.2,0.44,0.18,0.454,mixed
2025-01-06,3823.563603014824,3864.681605615779,3787.148620607623,3813.78466796875,2085593,yfinance:TCS.NS,2026-08-02T18:42:50.192839,-0.2558,-0.4243,-1.5341,-1.8056,1583394.0,1906937.0,1.3172,1.0937,elevated,77.53,2.033,5.22,0.1366,80.51,85.86,0.9255,1.1249,0.087,-0.84,0.32,-0.14,0.246,deteriorated
2025-01-07,3832.364669490885,3856.020287112112,3736.065309985075,3751.6650390625,2669054,yfinance:TCS.NS,2026-08-02T18:42:50.192839,-2.1057,-3.5311,-1.624,-3.1263,1806119.0,1937058.0,1.4778,1.3779,elevated,119.95,3.1974,18.58,0.4872,80.9,86.78,1.0863,1.1677,2.125,0.36,0.32,-0.02,0.498,mixed
2025-01-08,3757.811858196047,3842.655853224678,3741.839688389106,3826.264404296875,2181277,yfinance:TCS.NS,2026-08-02T18:42:50.192839,1.8216,0.2073,-0.0985,-1.7012,2089742.0,1941731.0,1.0438,1.1234,normal,100.82,2.6348,6.15,0.1638,92.02,89.17,1.2598,1.2139,0.7857,-0.12,0.34,-0.22,0.39,weakened
2025-01-09,3819.3726136468736,3853.5988861539504,3748.871194392968,3761.49072265625,2392472,yfinance:TCS.NS,2026-08-02T18:42:50.192839,-1.5155,-1.3712,-3.2785,-3.1242,2224070.0,1979591.0,1.0757,1.2086,normal,104.73,2.7842,-6.89,-0.1801,96.93,89.86,1.3308,1.2364,0.4706,-0.36,0.32,-0.24,0.332,weakened
2025-01-10,3911.574279957844,4001.91301928068,3883.6344636724302,3972.7158203125,7894300,yfinance:TCS.NS,2026-08-02T18:42:50.192839,1.5631,5.8921,4.0428,2.4203,3444539.0,2278574.0,2.2918,3.4646,spike,118.28,2.9773,150.08,3.99,128.69,91.77,1.4543,1.2426,0.3889,-0.44,0.32,-0.34,0.306,weakened
2025-01-13,3953.483696782027,4026.0808290149944,3937.092248220012,3996.41796875,4003771,yfinance:TCS.NS,2026-08-02T18:42:50.192839,1.086,4.447,4.7888,3.1812,3828175.0,2380410.0,1.0459,1.682,normal,88.99,2.2267,-19.23,-0.4841,130.98,91.33,1.5037,1.2385,0.087,-0.84,0.3,-0.52,0.2,deteriorated
2025-01-14,4006.569685669616,4017.6523885968354,3929.3159111555674,3942.3544921875,3441709,yfinance:TCS.NS,2026-08-02T18:42:50.192839,-1.6027,4.8083,5.0828,3.3762,3982706.0,2470185.0,0.8642,1.3933,dry,88.34,2.2407,10.15,0.254,124.66,93.67,1.5589,1.2675,2.125,0.36,0.26,-0.24,0.452,mixed
2025-01-15,3928.338036632813,3964.147748525192,3918.512716805181,3957.76806640625,1653474,yfinance:TCS.NS,2026-08-02T18:42:50.192839,0.7492,-0.3763,3.4369,3.335,3877145.0,2391607.0,0.4265,0.6914,dry,45.64,1.153,-14.02,-0.3555,113.62,93.15,1.574,1.2779,1.0833,0.04,0.24,-0.06,0.398,weakened
2025-01-16,3967.453364106248,3999.118484852635,3903.9835145012657,3917.44091796875,2637705,yfinance:TCS.NS,2026-08-02T18:42:50.192839,-1.2606,-1.9762,4.146,0.7316,3926192.0,2444722.0,0.6718,1.0789,dry,95.13,2.4285,9.69,0.2447,111.7,97.71,1.5255,1.278,1.7778,0.28,0.22,-0.02,0.442,weakened
2025-01-17,3945.516150717327,3946.180260907231,3888.750475468339,3911.750732421875,1761466,yfinance:TCS.NS,2026-08-02T18:42:50.192839,-0.8558,-0.7763,-1.5346,2.4461,2699625.0,2382007.0,0.6525,0.7395,dry,57.43,1.4681,28.08,0.7167,75.1,96.0,1.4385,1.2453,1.45,0.1837,0.22,-0.08,0.4167,weakened
2025-01-20,3932.142548432362,3932.142548432362,3858.447160711793,3867.647216796875,1287799,yfinance:TCS.NS,2026-08-02T18:42:50.192839,-1.6402,-2.2771,-3.2222,1.4123,2156431.0,2240548.0,0.5972,0.5748,dry,73.7,1.9054,20.39,0.5213,72.05,92.83,1.5055,1.27,1.5,0.2,0.28,-0.08,0.444,weakened
2025-01-21,3884.245030505511,3899.135870393051,3822.3102791739225,3827.85888671875,1971591,yfinance:TCS.NS,2026-08-02T18:42:50.192839,-1.4517,-2.2867,-2.9042,2.0309,1862407.0,2229360.0,1.0586,0.8844,normal,76.83,2.007,16.6,0.4291,69.74,95.09,1.4346,1.2769,0.1905,-0.68,0.28,-0.12,0.264,deteriorated
2025-01-22,3841.279382364056,3948.5979964355506,3835.778244591171,3942.3857421875,2409223,yfinance:TCS.NS,2026-08-02T18:42:50.192839,2.6321,0.7832,-0.3887,3.0348,2013557.0,2290727.0,1.1965,1.0517,elevated,112.82,2.8617,13.42,0.3506,84.76,97.99,1.5836,1.3882,1.1739,0.08,0.26,-0.12,0.408,weakened
2025-01-23,3953.198226312215,3975.344954872413,3926.688470425829,3931.810546875,1822998,yfinance:TCS.NS,2026-08-02T18:42:50.192839,-0.541,1.659,0.3668,4.528,1850615.0,2321454.0,0.9851,0.7853,normal,48.66,1.2375,10.81,0.2743,75.47,95.64,1.5245,1.3883,1.8824,0.3061,0.3,-0.02,0.4792,mixed
2025-01-24,3892.4966488174464,3962.682991900412,3892.4966488174464,3938.35498046875,1910099,yfinance:TCS.NS,2026-08-02T18:42:50.192839,1.1781,2.8866,0.6801,-0.8649,1880342.0,2374054.0,1.0158,0.8046,normal,70.19,1.7821,-39.31,-0.9999,78.02,95.11,1.4812,1.4062,0.5806,-0.2653,0.26,-0.08,0.3429,weakened
2025-01-27,3890.599675788401,3942.148791419916,3832.7908361324735,3855.648681640625,1551782,yfinance:TCS.NS,2026-08-02T18:42:50.192839,-0.8983,-2.2001,-0.3102,-3.5224,1933139.0,2375285.0,0.8027,0.6533,dry,109.36,2.8363,-47.76,-1.2126,85.15,94.35,1.426,1.3925,0.1364,-0.76,0.18,-0.22,0.198,deteriorated
2025-01-28,3861.007745197988,3890.599779117484,3820.69802052405,3832.07958984375,2468272,yfinance:TCS.NS,2026-08-02T18:42:50.192839,-0.7492,-2.5365,0.1103,-2.7972,2032475.0,2420927.0,1.2144,1.0196,elevated,69.9,1.8241,5.36,0.139,83.77,92.15,1.3684,1.3895,1.0,0.0,0.18,-0.14,0.358,weakened
2025-01-29,3845.073468836012,3896.148353343233,3845.073468836012,3888.512939453125,1217089,yfinance:TCS.NS,2026-08-02T18:42:50.192839,1.1297,-1.2656,-1.3665,-1.7499,1794048.0,2443623.0,0.6784,0.4981,dry,51.07,1.3135,12.99,0.3391,72.43,89.24,1.4051,1.3848,4.5556,0.64,0.22,0.02,0.518,mixed
2025-01-30,3888.608067141899,3917.061991577363,3849.3417440444105,3888.750244140625,1531251,yfinance:TCS.NS,2026-08-02T18:42:50.192839,0.0037,0.8585,-1.0952,-0.7324,1735699.0,2434144.0,0.8822,0.6291,dry,67.72,1.7414,0.1,0.0024,76.25,76.91,1.3598,1.3705,2.5714,0.44,0.32,0.02,0.518,mixed
2025-01-31,3898.187401859017,3915.686749530312,3874.7129156799383,3900.463623046875,1492943,yfinance:TCS.NS,2026-08-02T18:42:50.192839,0.0584,1.7845,-0.9621,-0.2885,1652267.0,2419193.0,0.9036,0.6171,normal,40.97,1.0505,9.44,0.2427,70.4,73.48,1.3353,1.3719,5.25,0.68,0.46,0.16,0.636,strengthened
2025-02-01,3901.032960408717,3922.7526963272944,3846.970505085766,3863.236572265625,437172,yfinance:TCS.NS,2026-08-02T18:42:50.192839,-0.9689,-0.65,0.1968,-0.114,1429345.0,2336772.0,0.3059,0.1871,dry,75.78,1.9616,0.57,0.0146,63.69,72.58,1.2599,1.2214,0.7241,-0.16,0.42,0.24,0.46,mixed
2025-02-03,3823.1639848038094,3866.888274001076,3792.6234860032378,3858.968505859375,1265713,yfinance:TCS.NS,2026-08-02T18:42:50.192839,0.9365,-0.7658,0.7017,0.8127,1188834.0,2266605.0,1.0647,0.5584,normal,74.26,1.9245,-40.07,-1.0373,64.56,74.62,1.169,1.2275,0.4706,-0.36,0.34,-0.02,0.362,weakened
2025-02-04,3873.242905885086,3906.5815588564824,3856.50260668096,3895.389404296875,2547132,yfinance:TCS.NS,2026-08-02T18:42:50.192839,0.5718,-0.1301,0.1768,-1.1921,1454842.0,2284898.0,1.7508,1.1148,spike,50.08,1.2856,14.27,0.3699,61.76,71.41,0.8445,1.2286,4.0,0.6,0.46,0.18,0.622,strengthened
2025-02-05,3936.125668416328,3936.125668416328,3865.9393311963745,3880.26123046875,1693912,yfinance:TCS.NS,2026-08-02T18:42:50.192839,-1.4193,0.4407,-0.2183,-1.3111,1487374.0,2249970.0,1.1389,0.7529,elevated,70.19,1.8088,40.74,1.0458,62.26,72.32,0.954,1.2516,0.8519,-0.08,0.42,0.14,0.466,mixed
2025-02-06,3893.8244160755,3926.1671344471406,3842.749763323274,3872.341796875,2284536,yfinance:TCS.NS,2026-08-02T18:42:50.192839,-0.5517,0.3466,-0.721,-1.6762,1645693.0,1969482.0,1.3882,1.16,elevated,83.42,2.1542,13.56,0.3495,70.75,73.01,0.8662,1.2532,0.5625,-0.28,0.46,0.04,0.432,weakened
2025-02-07,3879.218476720966,3879.218476720966,3801.4444143514993,3821.741455078125,1548940,yfinance:TCS.NS,2026-08-02T18:42:50.192839,-1.4817,-1.8906,-1.0741,-0.8794,1868047.0,1846740.0,0.8292,0.8387,dry,77.77,2.035,6.88,0.1776,71.14,73.08,0.9362,1.2739,1.381,0.16,0.42,0.1,0.51,mixed
2025-02-10,3831.7949614241543,3843.176530616503,3807.466949898955,3828.902099609375,1339511,yfinance:TCS.NS,2026-08-02T18:42:50.192839,-0.0755,-1.3236,-0.7791,-0.0829,1882806.0,1741630.0,0.7114,0.7691,dry,35.71,0.9326,10.05,0.2631,63.43,67.01,0.9201,1.2661,0.2564,-0.5918,0.36,-0.02,0.3236,weakened
2025-02-11,3811.308028813468,3831.7949459001434,3751.175497780958,3759.284912109375,1810908,yfinance:TCS.NS,2026-08-02T18:42:50.192839,-1.365,-2.9196,-3.494,-3.3233,1735561.0,1749502.0,1.0434,1.0351,normal,80.62,2.1445,-17.59,-0.4595,69.54,69.29,0.862,1.2779,0.1111,-0.8,0.24,-0.16,0.22,deteriorated
2025-02-12,3766.445947952812,3814.485562859375,3737.090798282343,3746.575439453125,1678002,yfinance:TCS.NS,2026-08-02T18:42:50.192839,-0.5276,-1.9668,-3.4453,-3.6561,1732379.0,1701517.0,0.9686,0.9862,normal,77.39,2.0657,7.16,0.1905,70.98,69.8,0.8486,1.242,1.1739,0.08,0.28,-0.26,0.402,weakened
2025-02-13,3763.505953743432,3779.108143555463,3701.1444324584945,3708.63720703125,2277310,yfinance:TCS.NS,2026-08-02T18:42:50.192839,-1.4579,-3.141,-4.2275,-4.918,1730934.0,1727309.0,1.3157,1.3184,elevated,77.96,2.1022,16.93,0.4519,69.89,67.56,0.8763,1.2244,1.0833,0.04,0.32,0.02,0.438,weakened
2025-02-14,3722.721744594235,3744.536419785488,3699.010141125482,3732.064208984375,1681975,yfinance:TCS.NS,2026-08-02T18:42:50.192839,0.251,-0.7241,-2.3465,-3.3954,1757541.0,1747018.0,0.957,0.9628,normal,45.53,1.2199,14.08,0.3798,63.44,65.82,0.9088,1.2285,0.2821,-0.56,0.24,-0.2,0.264,deteriorated
2025-02-17,3657.7517993998817,3731.257767104663,3657.467213858333,3703.278076171875,1799806,yfinance:TCS.NS,2026-08-02T18:42:50.192839,1.2447,-1.1557,-3.2809,-4.0345,1849600.0,1738429.0,0.9731,1.0353,normal,73.79,1.9926,-74.31,-1.9912,71.22,66.57,0.9667,1.2092,2.3333,0.4,0.32,-0.28,0.48,mixed
2025-02-18,3697.492313192335,3722.1523795147264,3665.33947318774,3673.591064453125,2149879,yfinance:TCS.NS,2026-08-02T18:42:50.192839,-0.6464,-0.945,-2.2795,-5.6939,1917394.0,1725462.0,1.1213,1.246,elevated,56.81,1.5465,-5.79,-0.1562,66.46,65.79,0.8933,1.1516,0.9231,-0.04,0.28,-0.06,0.398,weakened
2025-02-19,3672.642803918543,3675.251080308744,3573.955063643061,3589.083251953125,4366672,yfinance:TCS.NS,2026-08-02T18:42:50.192839,-2.2752,-3.8311,-4.2036,-7.5041,2455128.0,1852645.0,1.7786,2.357,spike,101.3,2.8223,-0.95,-0.0258,71.24,70.1,1.0132,1.1881,1.1304,0.0612,0.32,-0.1,0.4302,weakened
2025-02-20,3567.647585834546,3592.781883594646,3557.973298668796,3584.625,2888572,yfinance:TCS.NS,2026-08-02T18:42:50.192839,0.4759,-3.204,-3.3439,-7.43,2577381.0,1901569.0,1.1207,1.519,elevated,34.81,0.9711,-21.44,-0.5972,62.61,67.17,1.0786,1.1458,1.1739,0.08,0.34,-0.1,0.442,weakened
2025-02-21,3581.4955514917533,3620.287642408916,3580.4521483085296,3590.88525390625,1833931,yfinance:TCS.NS,2026-08-02T18:42:50.192839,0.2622,-2.2514,-3.7829,-6.0406,2607772.0,1915676.0,0.7033,0.9573,dry,39.84,1.1094,-3.13,-0.0873,61.47,64.72,1.0584,1.1206,0.4286,-0.4,0.34,-0.02,0.354,weakened
2025-02-24,3550.2433706104594,3569.260122487774,3480.8633130033377,3486.1748046875,2508516,yfinance:TCS.NS,2026-08-02T18:42:50.192839,-1.8046,-2.8673,-5.8625,-8.9511,2749514.0,1917688.0,0.9123,1.3081,normal,88.4,2.5356,-40.64,-1.1318,68.55,69.0,1.1359,1.129,0.3158,-0.52,0.26,-0.34,0.266,deteriorated
2025-02-25,3438.1824887498096,3469.4818051991183,3434.625748244206,3442.498046875,4101954,yfinance:TCS.NS,2026-08-02T18:42:50.192839,0.1255,-3.9649,-6.2907,-8.4268,3139929.0,2061932.0,1.3064,1.9894,elevated,34.86,1.0125,-47.99,-1.3766,67.5,67.67,1.1197,1.1137,0.6667,-0.2,0.28,-0.18,0.354,weakened
2025-02-27,3425.5677363307773,3450.512388419143,3415.1346312530945,3426.3740234375,3823856,yfinance:TCS.NS,2026-08-02T18:42:50.192839,0.0235,-4.5814,-4.5334,-8.5465,3031366.0,2176562.0,1.2614,1.7568,elevated,35.38,1.0325,-16.93,-0.4918,54.32,64.23,1.1282,1.103,0.5625,-0.28,0.26,-0.2,0.328,weakened
2025-02-28,3400.196551952343,3414.4709839051175,3278.8406087111084,3303.73779296875,7085018,yfinance:TCS.NS,2026-08-02T18:42:50.192839,-2.8369,-5.2332,-7.8359,-10.9177,3870655.0,2456166.0,1.8304,2.8846,spike,135.63,4.1054,-26.18,-0.764,76.86,69.22,1.3391,1.1914,0.1111,-0.8,0.16,-0.62,0.142,deteriorated
2025-03-03,3305.3972886171223,3341.6760393458467,3297.0032889623258,3313.032470703125,4990439,yfinance:TCS.NS,2026-08-02T18:42:50.192839,0.231,-3.7608,-7.7377,-11.2279,4501957.0,2683829.0,1.1085,1.8594,elevated,44.67,1.3484,1.66,0.0502,77.83,69.86,1.3379,1.1728,1.7778,0.28,0.14,-0.42,0.37,weakened
2025-03-04,3294.964557324782,3367.9962990962294,3285.764501101665,3350.02294921875,2797737,yfinance:TCS.NS,2026-08-02T18:42:50.192839,1.671,-2.2283,-3.9055,-9.539,4559801.0,2760430.0,0.6136,1.0135,dry,82.23,2.4547,-18.07,-0.5454,72.27,69.97,1.4054,1.2079,0.8519,-0.08,0.16,-0.36,0.312,weakened
2025-03-05,3339.400041837824,3414.8029405590255,3339.400041837824,3364.249755859375,2501894,yfinance:TCS.NS,2026-08-02T18:42:50.192839,0.7441,1.8316,-2.273,-8.4207,4239789.0,2758168.0,0.5901,0.9071,dry,75.4,2.2413,-10.62,-0.3171,77.04,69.83,1.4548,1.098,7.3333,0.76,0.18,-0.04,0.52,mixed
2025-03-06,3373.6866911774378,3423.433585251506,3353.863884772035,3415.98828125,2786513,yfinance:TCS.NS,2026-08-02T18:42:50.192839,1.2539,3.1076,-0.3031,-4.8228,4032320.0,2812798.0,0.691,0.9907,dry,69.57,2.0366,9.44,0.2805,83.88,69.23,1.3575,1.1322,6.1429,0.72,0.32,0.08,0.58,strengthened
2025-03-07,3414.4707542689284,3438.1823567291294,3390.1899807262357,3425.093505859375,2051315,yfinance:TCS.NS,2026-08-02T18:42:50.192839,0.3111,2.2409,3.6733,-4.4504,3025580.0,2801137.0,0.678,0.7323,dry,47.99,1.4012,-1.52,-0.0444,63.97,69.41,1.3523,1.1058,0.8519,-0.08,0.36,0.08,0.436,weakened
2025-03-10,3420.636010676855,3435.4321442725973,3397.9678097594306,3404.654296875,1004626,yfinance:TCS.NS,2026-08-02T18:42:50.192839,-0.4672,1.201,2.7655,-5.1862,2228417.0,2773922.0,0.4508,0.3622,dry,37.46,1.1004,-4.46,-0.1301,62.53,66.75,1.3561,1.1,0.3514,-0.48,0.32,0.14,0.346,weakened
2025-03-11,3374.6354690920352,3403.8007419067008,3355.334130882291,3391.0439453125,1995450,yfinance:TCS.NS,2026-08-02T18:42:50.192839,0.4862,-0.7302,1.2245,-2.7288,2067960.0,2806719.0,0.9649,0.711,normal,48.47,1.4293,-30.02,-0.8817,55.95,66.22,1.2179,1.1035,1.5,0.2,0.38,-0.12,0.48,mixed
2025-03-12,3381.2746199098347,3385.305592458114,3307.15224085139,3325.5048828125,3174167,yfinance:TCS.NS,2026-08-02T18:42:50.192839,-1.6494,-2.9076,-1.1517,-3.3985,2202414.0,2874882.0,1.4412,1.1041,elevated,78.15,2.3501,-9.77,-0.2881,57.65,64.98,1.3452,1.1044,0.6129,-0.24,0.34,-0.06,0.382,weakened
2025-03-13,3321.806162986754,3342.6723750664873,3304.544161123429,3330.105224609375,1693004,yfinance:TCS.NS,2026-08-02T18:42:50.192839,0.2498,-2.1896,-2.5141,-2.8096,1983712.0,2875632.0,0.8535,0.5887,dry,38.13,1.145,-3.7,-0.1112,51.36,65.21,1.348,1.1076,0.4286,-0.4,0.34,0.04,0.36,weakened
2025-03-17,3309.191523182192,3348.505317121511,3298.1420081114443,3317.443115234375,2690906,yfinance:TCS.NS,2026-08-02T18:42:50.192839,0.2494,-2.1704,-3.143,0.4148,2111631.0,2896312.0,1.2743,0.9291,elevated,50.36,1.5181,-20.91,-0.628,51.83,65.97,0.908,1.1102,1.7778,0.28,0.36,-0.04,0.496,mixed
2025-03-18,3317.443115234375,3317.443115234375,3317.443115234375,3317.443115234375,0,yfinance:TCS.NS,2026-08-02T18:42:50.192839,0.0,-0.2424,-2.5615,0.1331,1910705.0,2812213.0,0.0,0.0,dry,0.0,0.0,0.0,0.0,44.34,58.11,0.9131,1.1036,1.0,1.0,0.36,0.0,0.644,strengthened
2025-03-19,3364.2020435877325,3364.2020435877325,3284.2939459919426,3316.873779296875,3051244,yfinance:TCS.NS,2026-08-02T18:42:50.192839,-1.4068,-0.3973,-2.1872,-0.9895,2121864.0,2874785.0,1.438,1.0614,elevated,79.91,2.4091,46.76,1.4095,50.46,60.13,0.9126,1.0997,6.1429,0.72,0.56,0.36,0.704,strongly_participatory
2025-03-20,3331.0061697900233,3394.505799750347,3331.0061697900233,3379.52001953125,2845192,yfinance:TCS.NS,2026-08-02T18:42:50.192839,1.4564,1.8712,1.6243,0.4539,2056069.0,2909550.0,1.3838,0.9779,elevated,63.5,1.879,14.13,0.4261,49.21,63.15,1.0025,1.1359,11.5,0.84,0.6,0.52,0.76,strongly_participatory
2025-03-21,3295.9127223046994,3429.883275405574,3286.428081377204,3393.699462890625,4161925,yfinance:TCS.NS,2026-08-02T18:42:50.192839,2.9669,2.2986,1.9097,-0.6525,2549853.0,2899313.0,1.6322,1.4355,spike,143.46,4.2271,-83.61,-2.4739,70.27,62.86,1.3257,1.2619,2.8462,0.48,0.66,0.56,0.716,strongly_participatory
2025-03-24,3414.4709640539177,3461.6570558488297,3382.7923538442037,3441.928955078125,1834751,yfinance:TCS.NS,2026-08-02T18:42:50.192839,0.8042,3.7703,3.7525,0.4915,2378622.0,2846622.0,0.7714,0.6445,dry,78.86,2.2913,20.77,0.6121,75.97,65.3,1.3386,1.2713,5.25,0.68,0.68,0.52,0.76,strongly_participatory
2025-03-25,3457.1517113972473,3518.8018790902024,3450.5124625687754,3469.24462890625,3135390,yfinance:TCS.NS,2026-08-02T18:42:50.192839,0.3498,2.655,4.5759,1.8971,3005700.0,2911695.0,1.0431,1.0768,normal,68.29,1.9684,15.22,0.4423,91.35,64.92,1.3133,1.2467,0.6333,-0.2245,0.66,0.38,0.5571,strengthened
2025-03-26,3459.7598808023267,3490.8220797184467,3438.988609875757,3448.42578125,1734499,yfinance:TCS.NS,2026-08-02T18:42:50.192839,-0.3276,1.6126,3.9661,1.6922,2742351.0,2872994.0,0.6325,0.6037,dry,51.83,1.5031,-9.48,-0.2734,85.73,63.24,1.3291,1.2478,0.2195,-0.64,0.64,0.16,0.444,weakened
2025-03-27,3428.5556939598323,3474.2241497420814,3424.4297823215356,3463.0322265625,2528474,yfinance:TCS.NS,2026-08-02T18:42:50.192839,1.0056,0.6131,2.4711,4.1355,2679008.0,2794320.0,0.9438,0.9049,normal,49.79,1.4379,-19.87,-0.5762,80.16,61.82,1.1574,1.2369,2.5714,0.44,0.66,0.18,0.67,strengthened
2025-03-28,3462.8426654904715,3472.279837617975,3406.7883407304835,3420.303955078125,2051919,yfinance:TCS.NS,2026-08-02T18:42:50.192839,-1.2284,-1.4107,0.7839,2.7086,2257007.0,2705723.0,0.9091,0.7584,normal,65.49,1.9148,-0.19,-0.0055,64.57,63.07,1.2851,1.2542,0.7857,-0.12,0.68,0.22,0.57,strengthened
2025-04-01,3388.577667798288,3399.2953585160476,3343.3359762190476,3367.806396484375,2618493,yfinance:TCS.NS,2026-08-02T18:42:50.192839,-0.613,-2.3379,-2.1535,1.5181,2413755.0,2482397.0,1.0848,1.0548,normal,55.96,1.6616,-31.73,-0.9276,64.19,65.89,1.3237,1.2295,0.3889,-0.44,0.66,0.04,0.48,mixed
2025-04-02,3361.3570398330285,3380.421262394588,3348.126010889205,3361.3095703125,1764313,yfinance:TCS.NS,2026-08-02T18:42:50.192839,-0.0014,-2.9374,-3.1112,1.3223,2139540.0,2321091.0,0.8246,0.7601,dry,32.3,0.9608,-6.45,-0.1915,55.28,64.68,1.3238,1.2288,1.6316,0.24,0.66,0.08,0.62,strengthened
2025-04-03,3311.088041352429,3321.521146037298,3221.1261324235493,3227.765380859375,4537821,yfinance:TCS.NS,2026-08-02T18:42:50.192839,-2.5165,-5.6293,-6.3989,-2.6865,2700204.0,2408095.0,1.6805,1.8844,spike,100.4,3.1104,-50.22,-1.4941,72.95,68.7,1.5154,1.2901,0.96,-0.0204,0.72,0.08,0.5919,strengthened
2025-04-04,3189.305917649939,3224.4463321821277,3125.6638750891457,3129.36279296875,5317367,yfinance:TCS.NS,2026-08-02T18:42:50.192839,-1.8795,-7.0801,-9.6352,-7.4022,3257983.0,2548868.0,1.6321,2.0862,spike,98.78,3.1566,-38.46,-1.1915,83.41,73.27,1.5717,1.3271,0.225,-0.6327,0.58,-0.12,0.3935,weakened
2025-04-07,2940.2386292720134,3121.7745604042666,2898.5536795332505,3105.31884765625,6623955,yfinance:TCS.NS,2026-08-02T18:42:50.192839,5.6145,-7.6158,-9.2093,-8.4975,4172390.0,2740741.0,1.5876,2.4168,spike,223.22,7.1883,-189.12,-6.0435,116.47,86.16,2.2364,1.6361,0.0417,-0.92,0.4,-0.54,0.222,deteriorated
2025-04-08,3131.875989149625,3176.4063332063806,3087.535291604866,3123.244873046875,5557558,yfinance:TCS.NS,2026-08-02T18:42:50.192839,-0.2756,-3.2382,-7.2617,-9.2589,4760203.0,2916053.0,1.1675,1.9058,elevated,88.87,2.8455,26.56,0.8552,118.85,92.51,2.2258,1.6362,49.0,0.96,0.54,0.1,0.718,strongly_participatory
2025-04-09,3092.5147195117684,3101.4776590955953,3046.5142098890965,3079.28369140625,2990265,yfinance:TCS.NS,2026-08-02T18:42:50.192839,-0.4278,-1.6003,-8.3904,-11.2405,5005393.0,3015335.0,0.5974,0.9917,dry,54.96,1.7849,-30.73,-0.9839,127.74,92.28,2.2263,1.6386,0.5152,-0.32,0.5,0.1,0.446,weakened
2025-04-11,3120.020055994998,3128.9355257101774,3040.7758359181594,3064.961669921875,7108961,yfinance:TCS.NS,2026-08-02T18:42:50.192839,-1.7647,-1.2996,-5.0439,-11.12,5519621.0,3271010.0,1.2879,2.1733,elevated,88.16,2.8764,40.74,1.3229,117.33,93.03,2.2906,1.637,15.6667,0.88,0.6,0.22,0.738,strongly_participatory
2025-04-15,3143.5893021337306,3143.5893021337306,3071.69590901875,3080.801025390625,3512160,yfinance:TCS.NS,2026-08-02T18:42:50.192839,-1.9973,-1.359,-1.5518,-11.0375,5158580.0,3287910.0,0.6808,1.0682,dry,71.89,2.3336,78.63,2.5654,112.64,88.4,2.3105,1.6799,24.0,0.92,0.68,0.34,0.79,strongly_participatory
2025-04-16,3080.800771527295,3109.159984550683,3062.590308725503,3105.08154296875,2384391,yfinance:TCS.NS,2026-08-02T18:42:50.192839,0.7881,0.8378,-0.0076,-9.2162,4310667.0,3322479.0,0.5531,0.7177,dry,46.57,1.4998,-0.0,-0.0,75.79,86.09,2.3286,1.6861,2.3333,0.4,0.68,0.28,0.68,strengthened
2025-04-17,3078.240292358944,3133.3461501914685,3052.1575291360596,3128.88818359375,2932346,yfinance:TCS.NS,2026-08-02T18:42:50.192839,1.6454,2.0857,0.1807,-7.0942,3785625.0,3334551.0,0.7746,0.8794,dry,81.19,2.5948,-26.84,-0.8644,74.26,86.4,2.404,1.6209,5.25,0.68,0.7,0.44,0.76,strongly_participatory
2025-04-21,3120.5418377878595,3181.148601343861,3114.851053170071,3150.41845703125,2432946,yfinance:TCS.NS,2026-08-02T18:42:50.192839,0.9574,2.2597,2.3101,-6.2741,3674161.0,3456198.0,0.6622,0.7039,dry,66.3,2.1044,-8.35,-0.2668,72.17,87.43,2.4265,1.6272,3.5455,0.56,0.8,0.46,0.778,strongly_participatory
2025-04-22,3151.3669464223676,3162.0844056249766,3125.189244347029,3143.58935546875,2710498,yfinance:TCS.NS,2026-08-02T18:42:50.192839,-0.2468,1.2402,2.5654,-2.6079,2794468.0,3439161.0,0.97,0.7881,normal,36.9,1.1737,0.95,0.0301,61.92,86.51,2.2642,1.6049,0.7857,-0.12,0.8,0.28,0.624,strengthened
2025-04-23,3191.58211565842,3244.6011731880976,3165.3097029497226,3237.1083984375,3543923,yfinance:TCS.NS,2026-08-02T18:42:50.192839,1.4264,3.4587,5.0736,3.4431,2800821.0,3474098.0,1.2653,1.0201,elevated,79.29,2.4495,47.99,1.5267,66.39,89.05,2.1591,1.6186,3.1667,0.52,0.84,0.24,0.764,strongly_participatory
2025-04-24,3225.8214222352462,3236.633820616935,3213.1118640484187,3226.295654296875,2252175,yfinance:TCS.NS,2026-08-02T18:42:50.192839,0.0147,2.4085,3.9037,3.8958,2774378.0,3378610.0,0.8118,0.6666,dry,23.52,0.7291,-11.29,-0.3487,61.88,85.27,1.2339,1.6055,0.6667,-0.2,0.84,0.28,0.624,strengthened
2025-04-25,3243.747204561521,3298.568475558524,3229.5202431380058,3270.30419921875,2742991,yfinance:TCS.NS,2026-08-02T18:42:50.192839,0.8187,4.0309,4.5197,4.7085,2736507.0,3424022.0,1.0024,0.8011,normal,69.05,2.1114,17.45,0.5409,60.09,88.12,1.2539,1.6103,0.2195,-0.64,0.82,0.2,0.52,mixed
2025-04-28,3257.9741879514845,3279.5992157727555,3229.520264912607,3266.0361328125,1593296,yfinance:TCS.NS,2026-08-02T18:42:50.192839,0.2475,0.8936,3.6699,6.0648,2568577.0,3346918.0,0.6203,0.476,dry,50.08,1.5333,-12.33,-0.377,56.85,81.69,1.2391,1.6063,4.0,0.6,0.8,0.12,0.752,strongly_participatory
2025-04-29,3276.9436254865236,3314.8821913387555,3253.6113148639492,3293.541748046875,1578332,yfinance:TCS.NS,2026-08-02T18:42:50.192839,0.5065,2.0843,4.7701,7.4578,2342143.0,3339109.0,0.6739,0.4727,dry,61.27,1.8603,10.91,0.334,61.73,78.77,1.0321,1.6065,0.6897,-0.1837,0.86,0.18,0.6253,strengthened
2025-04-30,3293.06738873724,3329.014085869881,3192.53019311335,3275.71044921875,2809332,yfinance:TCS.NS,2026-08-02T18:42:50.192839,-0.5271,0.1653,1.1925,6.3266,2195225.0,3353152.0,1.2797,0.8378,elevated,136.48,4.1665,-0.47,-0.0144,68.82,72.03,0.7021,1.5757,0.7857,-0.12,0.86,0.18,0.638,strengthened
2025-05-02,3293.0676961891577,3311.5627480542753,3243.7475578821773,3254.1806640625,1721761,yfinance:TCS.NS,2026-08-02T18:42:50.192839,-1.1809,-0.363,0.8643,4.8018,2089142.0,3336644.0,0.8241,0.516,dry,67.82,2.0839,17.36,0.5299,77.58,70.53,0.8844,1.5955,0.4286,-0.4,0.84,0.18,0.574,strengthened
2025-05-05,3272.2013429677813,3323.892639545098,3268.786779377753,3276.27978515625,1284443,yfinance:TCS.NS,2026-08-02T18:42:50.192839,0.1246,-0.5241,0.1827,4.7107,1797433.0,3269942.0,0.7146,0.3928,dry,55.11,1.682,18.02,0.5538,77.07,70.03,0.7623,1.5954,2.8462,0.48,0.84,0.16,0.748,strongly_participatory
2025-05-06,3281.685791015625,3294.01582433447,3259.871116682284,3281.685791015625,1324763,yfinance:TCS.NS,2026-08-02T18:42:50.192839,0.0,0.1824,0.4792,4.1667,1743726.0,3247964.0,0.7597,0.4079,dry,34.14,1.0405,5.41,0.165,73.89,66.17,0.7174,1.5954,0.7241,-0.16,0.84,0.08,0.612,strengthened
2025-05-07,3244.3163408615387,3281.211501134211,3244.3163408615387,3267.5537109375,1477128,yfinance:TCS.NS,2026-08-02T18:42:50.192839,0.7162,0.4109,-0.7891,3.9434,1723485.0,3094930.0,0.8571,0.4773,dry,36.9,1.1291,-37.37,-1.1387,69.11,63.22,0.7275,1.5711,0.8519,-0.08,0.82,0.02,0.614,strengthened
2025-05-08,3270.3044338611708,3297.8098945868014,3251.999029204456,3271.157958984375,2543591,yfinance:TCS.NS,2026-08-02T18:42:50.192839,0.0261,-0.1563,-0.139,1.0519,1670337.0,2956241.0,1.5228,0.8604,spike,45.81,1.4004,2.75,0.0842,50.97,63.17,0.5901,1.5538,0.3514,-0.48,0.74,0.02,0.502,mixed
2025-05-09,3223.8296054868374,3268.5970664946117,3222.976080385976,3263.001220703125,2531757,yfinance:TCS.NS,2026-08-02T18:42:50.192839,1.2151,-0.5694,0.2711,1.1377,1832336.0,2751631.0,1.3817,0.9201,elevated,45.62,1.3981,-47.33,-1.4468,47.04,60.81,0.6902,1.4759,0.3158,-0.52,0.68,0.02,0.47,mixed
2025-05-12,3324.3669077502577,3443.3991607952385,3321.7111617690016,3433.819580078125,2228678,yfinance:TCS.NS,2026-08-02T18:42:50.192839,3.2924,5.0884,4.8085,5.0,2021183.0,2585187.0,1.1027,0.8621,elevated,121.69,3.5438,61.37,1.8807,69.18,68.96,1.1964,1.5824,15.6667,0.88,0.92,0.22,0.866,strongly_participatory
2025-05-13,3433.8195935429753,3436.285693012091,3329.5834737286627,3333.8515625,3062887,yfinance:TCS.NS,2026-08-02T18:42:50.192839,-2.9113,1.9166,1.5896,2.0764,2368808.0,2588818.0,1.293,1.1831,elevated,106.7,3.2006,0.0,0.0,83.69,73.95,1.6018,1.6802,0.3514,-0.48,0.84,0.22,0.562,strengthened
2025-05-14,3339.5422865093847,3377.4808526725133,3327.7814236222675,3365.814697265625,2119499,yfinance:TCS.NS,2026-08-02T18:42:50.192839,0.7867,3.1509,3.0072,2.1944,2497282.0,2339345.0,0.8487,0.906,dry,49.7,1.4766,5.69,0.1707,86.16,70.28,1.6116,1.6831,3.1667,0.52,0.88,0.12,0.768,strongly_participatory
2025-05-15,3380.3262508294533,3414.4709604337913,3332.997982084671,3395.40673828125,3548330,yfinance:TCS.NS,2026-08-02T18:42:50.192839,0.4461,-1.1187,3.7983,3.6541,2698230.0,2341153.0,1.3151,1.5156,elevated,81.47,2.3995,14.51,0.4311,93.29,74.39,1.5952,1.676,15.6667,0.88,0.94,0.36,0.888,strongly_participatory
2025-05-16,3408.6846800710387,3408.6846800710387,3363.3482860767563,3377.764892578125,1666727,yfinance:TCS.NS,2026-08-02T18:42:50.192839,-0.9071,1.3172,3.5171,3.7977,2525224.0,2305270.0,0.66,0.723,dry,45.34,1.3422,13.28,0.3911,92.72,72.46,1.57,1.6683,1.0833,0.04,0.96,0.22,0.714,strongly_participatory
2025-05-19,3367.0476004136544,3367.0476004136544,3323.133665679634,3337.45556640625,2537377,yfinance:TCS.NS,2026-08-02T18:42:50.192839,-0.8789,-0.8426,-2.8063,1.8672,2586964.0,2285522.0,0.9808,1.1102,normal,43.91,1.3158,-10.72,-0.3173,67.57,72.79,1.6125,1.6729,0.6667,-0.2,0.94,0.16,0.652,strengthened
2025-05-20,3349.785756293493,3374.6354708973113,3313.933764844071,3318.01220703125,2038374,yfinance:TCS.NS,2026-08-02T18:42:50.192839,-0.9485,-2.2794,-0.4751,1.1069,2382061.0,2265793.0,0.8557,0.8996,dry,60.7,1.8295,12.33,0.3694,58.37,72.75,1.6515,1.6839,0.1628,-0.72,0.86,0.06,0.506,mixed
2025-05-21,3327.212019490534,3354.717478032502,3318.0119641520128,3344.0947265625,1440153,yfinance:TCS.NS,2026-08-02T18:42:50.192839,0.5074,-0.9968,-0.6453,2.3425,2246192.0,2202276.0,0.6412,0.6539,dry,36.71,1.0976,9.2,0.2773,55.77,65.62,1.644,1.6126,2.5,0.4286,0.88,0.06,0.7437,strongly_participatory
2025-05-22,3314.881923566922,3317.5376692737764,3273.4340900331863,3297.8095703125,2034383,yfinance:TCS.NS,2026-08-02T18:42:50.192839,-0.515,-1.1879,-2.8744,0.8147,1943403.0,2126799.0,1.0468,0.9565,normal,44.1,1.3374,-29.21,-0.8736,53.61,65.82,1.6542,1.5714,0.1628,-0.72,0.82,0.0,0.484,mixed
2025-05-23,3297.809582057325,3352.820498295267,3286.9971842477944,3333.471923828125,1274331,yfinance:TCS.NS,2026-08-02T18:42:50.192839,1.0814,0.4659,-1.3113,2.1597,1864924.0,2077907.0,0.6833,0.6133,dry,65.82,1.9746,0.0,0.0,57.7,65.55,1.6439,1.2114,15.6667,0.88,0.86,0.06,0.826,strongly_participatory
2025-05-26,3339.5419426934536,3362.3050800477968,3329.203777101799,3355.001953125,967470,yfinance:TCS.NS,2026-08-02T18:42:50.192839,0.4629,0.3262,0.5257,-2.2953,1550942.0,1989131.0,0.6238,0.4864,dry,33.1,0.9866,6.07,0.1821,53.4,65.47,1.1957,1.2116,4.4444,0.6327,0.88,0.24,0.8025,strongly_participatory
2025-05-27,3349.9755052710357,3357.5632187597585,3303.5956991946746,3318.3916015625,2467680,yfinance:TCS.NS,2026-08-02T18:42:50.192839,-0.9428,0.6241,0.0114,-0.4637,1636803.0,2032850.0,1.5076,1.2139,spike,53.97,1.6263,-5.03,-0.1498,52.05,66.66,0.8182,1.2229,0.25,-0.6,0.78,0.08,0.5,mixed
2025-05-28,3338.5939127547476,3347.1300903725864,3312.985379901231,3317.443115234375,1222933,yfinance:TCS.NS,2026-08-02T18:42:50.192839,-0.6335,-0.4808,-0.797,-1.4371,1593359.0,2015080.0,0.7675,0.6069,dry,34.14,1.0292,20.2,0.6088,51.54,65.82,0.7709,1.1809,0.3889,-0.44,0.78,0.04,0.528,mixed
2025-05-29,3324.0819895702,3350.449337105284,3306.819989757275,3317.822265625,3188072,yfinance:TCS.NS,2026-08-02T18:42:50.192839,-0.1883,-1.1082,0.6068,-2.285,1824097.0,2034017.0,1.7478,1.5674,spike,43.63,1.315,6.64,0.2001,46.13,65.5,0.734,1.1137,2.5,0.4286,0.76,0.04,0.6937,strengthened
2025-05-30,3310.1401295607543,3325.97943573145,3275.1418924475965,3284.910888671875,3404365,yfinance:TCS.NS,2026-08-02T18:42:50.192839,-0.7622,-1.0089,-1.4568,-2.749,2250104.0,2118147.0,1.513,1.6072,spike,50.84,1.5476,-7.68,-0.2315,43.14,56.24,0.722,1.1201,0.1905,-0.68,0.7,0.1,0.454,mixed
2025-06-02,3272.201121116267,3281.6857620470387,3242.41944121709,3272.011474609375,1877585,yfinance:TCS.NS,2026-08-02T18:42:50.192839,-0.0058,-1.3695,-2.4736,-1.9609,2432127.0,2147804.0,0.772,0.8742,dry,39.27,1.2001,-12.71,-0.3869,45.01,51.66,0.694,1.0826,0.6667,-0.2,0.7,0.02,0.542,mixed
2025-06-03,3268.407343175387,3294.490106360913,3225.252225904789,3229.7099609375,2848125,yfinance:TCS.NS,2026-08-02T18:42:50.192839,-1.184,-2.6557,-2.6724,-2.6613,2508216.0,2223972.0,1.1355,1.2806,elevated,69.24,2.1438,-3.6,-0.1102,48.07,53.05,0.7257,1.0924,0.1628,-0.72,0.66,-0.06,0.414,weakened
2025-06-04,3242.9150002967904,3248.465034332547,3224.7340073768614,3235.1640625,2544807,yfinance:TCS.NS,2026-08-02T18:42:50.192839,-0.239,-1.5144,-2.4802,-3.2574,2772591.0,2277356.0,0.9178,1.1174,normal,23.73,0.7335,13.21,0.4089,45.99,48.93,0.6797,1.0923,1.7778,0.28,0.64,-0.06,0.606,strengthened
2025-06-05,3262.0530702216233,3262.0530702216233,3218.7057063727016,3225.786865234375,3584683,yfinance:TCS.NS,2026-08-02T18:42:50.192839,-1.1118,-1.4127,-2.774,-2.184,2851913.0,2329411.0,1.2569,1.5389,elevated,43.35,1.3438,26.89,0.8311,45.93,48.79,0.726,1.0758,1.6316,0.24,0.62,-0.02,0.594,strengthened
2025-06-06,3225.786601665087,3244.732922695699,3213.920971684004,3238.32177734375,2070390,yfinance:TCS.NS,2026-08-02T18:42:50.192839,0.3886,0.2666,-1.4183,-2.8544,2585118.0,2306342.0,0.8009,0.8977,dry,30.81,0.9515,-0.0,-0.0,41.92,47.09,0.5953,1.0792,9.0,0.8,0.74,0.04,0.76,strongly_participatory
2025-06-09,3253.4410779830223,3285.975488762853,3244.7332451805223,3274.39697265625,1718678,yfinance:TCS.NS,2026-08-02T18:42:50.192839,0.6441,1.2127,0.0729,-2.4025,2553337.0,2280842.0,0.6731,0.7535,dry,41.24,1.2595,15.12,0.4669,42.96,46.15,0.6271,1.0747,4.0,0.6,0.88,0.18,0.79,strongly_participatory
2025-06-10,3291.7168496023487,3335.5426613582063,3275.6409764041855,3313.629638671875,2419874,yfinance:TCS.NS,2026-08-02T18:42:50.192839,0.6657,2.7231,2.5984,-0.1435,2467686.0,2248692.0,0.9806,1.0761,normal,59.9,1.8077,17.32,0.5289,41.34,47.9,0.6777,1.0818,1.1739,0.08,0.86,0.24,0.684,strengthened
2025-06-11,3320.423693236899,3338.604687522634,3300.424692969312,3322.24169921875,2847013,yfinance:TCS.NS,2026-08-02T18:42:50.192839,0.0548,2.5915,2.6916,0.1446,2528128.0,2285068.0,1.1261,1.2459,elevated,38.18,1.1492,6.79,0.205,44.23,45.58,0.6685,1.0766,1.2727,0.12,0.86,0.18,0.686,strengthened
2025-06-12,3322.241373890929,3324.920724772973,3275.6406661399797,3286.16650390625,4060134,yfinance:TCS.NS,2026-08-02T18:42:50.192839,-1.0859,0.3594,1.8718,-0.9541,2623218.0,2310658.0,1.5478,1.7571,spike,49.28,1.4996,-0.0,-0.0,45.41,44.4,0.7282,1.0893,0.1905,-0.68,0.8,0.08,0.492,mixed
2025-06-13,3246.934184213111,3301.7642826377164,3246.934184213111,3297.171142578125,2178493,yfinance:TCS.NS,2026-08-02T18:42:50.192839,1.5472,-0.4967,1.8173,0.3732,2644838.0,2336246.0,0.8237,0.9325,dry,54.83,1.6629,-39.23,-1.1939,50.22,45.95,0.8987,1.1099,0.25,-0.6,0.74,-0.26,0.45,mixed
2025-06-16,3291.7166438153617,3357.742355566309,3278.511454741814,3345.58984375,1934088,yfinance:TCS.NS,2026-08-02T18:42:50.192839,1.6366,0.7028,2.1742,2.2487,2687920.0,2306082.0,0.7195,0.8387,dry,79.23,2.3682,-5.45,-0.1654,56.53,47.75,1.0427,1.1499,11.5,0.84,0.8,0.16,0.804,strongly_participatory
2025-06-17,3358.6994089523137,3368.2683531373627,3337.743514633776,3363.77099609375,2111940,yfinance:TCS.NS,2026-08-02T18:42:50.192839,0.151,2.3616,1.5132,4.1509,2626334.0,2309760.0,0.8041,0.9144,dry,30.52,0.9075,13.11,0.3918,50.41,47.5,0.9355,1.1501,0.3514,-0.48,0.7,0.1,0.494,mixed
2025-06-18,3367.4071820205213,3385.4923927635227,3294.683207501011,3302.625244140625,2696327,yfinance:TCS.NS,2026-08-02T18:42:50.192839,-1.9238,0.1654,-0.5905,2.0852,2596196.0,2372569.0,1.0386,1.1365,normal,90.81,2.7496,3.64,0.1081,60.94,50.87,1.1609,1.1969,0.4706,-0.36,0.7,0.04,0.512,mixed
2025-06-19,3301.2857490610854,3302.2426434811027,3265.88065552043,3276.406494140625,2672768,yfinance:TCS.NS,2026-08-02T18:42:50.192839,-0.7536,-2.0679,-0.297,1.5692,2318723.0,2404488.0,1.1527,1.1116,elevated,36.36,1.1098,-1.34,-0.0406,58.43,49.86,1.1245,1.2037,0.6667,-0.2,0.64,-0.08,0.508,mixed
2025-06-20,3277.3630840211995,3297.7449799970086,3263.870780505962,3287.601806640625,2351248,yfinance:TCS.NS,2026-08-02T18:42:50.192839,0.3124,-2.2644,-0.2902,1.5218,2353274.0,2458334.0,0.9991,0.9564,normal,33.87,1.0304,0.96,0.0292,54.24,49.24,1.1228,1.1816,15.6667,0.88,0.74,0.14,0.786,strongly_participatory
2025-06-23,3267.7945867055305,3277.3635313225304,3224.73433592903,3247.317138671875,3123421,yfinance:TCS.NS,2026-08-02T18:42:50.192839,-0.6266,-1.6747,-2.9374,-0.827,2591141.0,2566131.0,1.2054,1.2172,elevated,52.63,1.6207,-19.81,-0.6025,50.96,48.79,1.1294,0.9955,0.4286,-0.4,0.7,0.06,0.506,mixed
2025-06-24,3286.549557502439,3293.726265410323,3236.2168192617623,3244.254638671875,3403048,yfinance:TCS.NS,2026-08-02T18:42:50.192839,-1.2869,-0.9813,-3.553,-2.0936,2849362.0,2612900.0,1.1943,1.3024,elevated,57.51,1.7727,39.23,1.2081,56.36,51.2,1.1692,0.8825,1.7778,0.28,0.72,0.2,0.664,strengthened
2025-06-25,3260.4260336385005,3301.2853740079395,3253.440658442607,3296.3095703125,1757699,yfinance:TCS.NS,2026-08-02T18:42:50.192839,1.1006,0.2649,-0.1912,-0.7806,2661637.0,2639638.0,0.6604,0.6659,dry,47.84,1.4515,16.17,0.4985,49.61,52.18,1.2389,0.896,4.5556,0.64,0.8,0.22,0.77,strongly_participatory
2025-06-26,3296.3098921986184,3302.625255099875,3268.081507258558,3293.439208984375,2879106,yfinance:TCS.NS,2026-08-02T18:42:50.192839,-0.0871,1.4203,0.5199,0.2213,2702904.0,2624190.0,1.0652,1.0971,normal,34.54,1.0489,0.0,0.0,49.17,52.44,1.1892,0.8887,5.25,0.68,0.84,0.3,0.802,strongly_participatory
2025-06-27,3306.0702704397795,3316.978773543857,3283.1048040170426,3292.76953125,1778433,yfinance:TCS.NS,2026-08-02T18:42:50.192839,-0.4023,1.4954,0.1572,-0.1335,2588341.0,2542893.0,0.6871,0.6994,dry,33.87,1.0287,12.63,0.3835,49.17,51.46,1.0617,0.8793,1.3333,0.1429,0.88,0.44,0.7246,strongly_participatory
2025-06-30,3291.6210940950255,3315.5434551196317,3282.147932576004,3312.7685546875,1468351,yfinance:TCS.NS,2026-08-02T18:42:50.192839,0.6425,0.4993,2.0156,-0.981,2257327.0,2522431.0,0.6505,0.5821,dry,33.4,1.0081,-1.15,-0.0349,43.27,49.48,0.9071,0.8807,0.6129,-0.24,0.82,0.18,0.598,strengthened
2025-07-01,3306.0700701470973,3334.776901436363,3266.35895353028,3281.860595703125,2375183,yfinance:TCS.NS,2026-08-02T18:42:50.192839,-0.7323,-0.3516,1.1592,-2.4351,2051754.0,2498784.0,1.1576,0.9505,elevated,68.42,2.0847,-6.7,-0.2022,45.45,51.64,0.9027,0.8745,1.0,0.0,0.78,0.22,0.634,strengthened
2025-07-02,3336.8820295980254,3339.4655976963195,3272.57877409358,3275.736572265625,3090585,yfinance:TCS.NS,2026-08-02T18:42:50.192839,-1.8324,-0.5173,-0.6241,-0.8142,2318332.0,2526073.0,1.3331,1.2235,elevated,66.89,2.0419,55.02,1.6765,47.42,52.9,0.8856,0.9207,0.9231,-0.04,0.74,0.18,0.606,strengthened
2025-07-03,3282.147566666478,3287.219153361651,3251.144283681705,3254.206298828125,2531870,yfinance:TCS.NS,2026-08-02T18:42:50.192839,-0.8513,-1.7678,-1.1912,-0.6776,2248884.0,2473432.0,1.1258,1.0236,elevated,36.07,1.1086,6.41,0.1957,47.73,51.56,0.8908,0.9269,0.7241,-0.16,0.7,0.18,0.566,strengthened
2025-07-04,3261.096294049881,3279.27728864699,3243.967976797223,3272.3876953125,1109320,yfinance:TCS.NS,2026-08-02T18:42:50.192839,0.3462,-0.2886,-0.619,-0.4628,2115062.0,2425379.0,0.5245,0.4574,dry,35.31,1.079,6.89,0.2117,48.02,48.42,0.8938,0.9012,1.7778,0.28,0.8,0.0,0.676,strengthened
2025-07-07,3270.952315509477,3278.416138875185,3261.4789203702617,3264.63671875,1639174,yfinance:TCS.NS,2026-08-02T18:42:50.192839,-0.1931,-0.3389,-1.4529,0.5334,2149226.0,2421404.0,0.7627,0.677,dry,16.94,0.5188,-1.44,-0.0439,44.73,47.45,0.8906,0.8919,0.8519,-0.08,0.78,0.12,0.608,strengthened
2025-07-08,3258.2253086430815,3277.363195918518,3247.125240576613,3259.37353515625,2325242,yfinance:TCS.NS,2026-08-02T18:42:50.192839,0.0352,0.1588,-0.6852,0.466,2139238.0,2416672.0,1.0869,0.9622,normal,30.24,0.9277,-6.41,-0.1964,37.09,43.12,0.8287,0.8834,1.0,0.0,0.8,0.14,0.634,strengthened
2025-07-09,3263.0097947012437,3266.837372173034,3221.8633368794976,3237.939208984375,2034938,yfinance:TCS.NS,2026-08-02T18:42:50.192839,-0.7683,-1.0527,-1.1539,-1.7708,1928109.0,2376068.0,1.0554,0.8564,normal,44.97,1.389,3.64,0.1116,32.71,43.71,0.705,0.8859,0.7857,-0.12,0.78,0.06,0.594,strengthened
2025-07-10,3234.3027641165545,3252.483755985849,3211.337300702709,3236.216552734375,3035012,yfinance:TCS.NS,2026-08-02T18:42:50.192839,0.0592,-0.8705,-0.5528,-1.7375,2028737.0,2324812.0,1.496,1.3055,elevated,41.15,1.2714,-3.64,-0.1123,33.72,44.23,0.7133,0.8874,0.2821,-0.56,0.76,0.0,0.492,mixed
2025-07-11,3157.6556670087216,3191.242753149758,3120.5283520064395,3125.217041015625,7635550,yfinance:TCS.NS,2026-08-02T18:42:50.192839,-1.0273,-4.116,-4.4973,-5.0885,3333983.0,2597665.0,2.2902,2.9394,spike,70.71,2.2627,-78.56,-2.4276,49.8,48.0,0.7432,0.8944,0.2821,-0.56,0.68,-0.22,0.438,weakened
2025-07-14,3125.217020314649,3130.958386549152,3062.0619917351123,3083.783447265625,3924009,yfinance:TCS.NS,2026-08-02T18:42:50.192839,-1.3258,-4.7609,-5.5398,-6.9122,3790950.0,2697161.0,1.0351,1.4549,normal,68.9,2.2342,-0.0,-0.0,60.19,48.82,0.6854,0.9158,0.7857,-0.12,0.6,-0.18,0.498,mixed
2025-07-15,3067.8034091107847,3118.9014760029677,3067.8034091107847,3112.107666015625,2590889,yfinance:TCS.NS,2026-08-02T18:42:50.192839,1.4442,-3.835,-4.5182,-5.1725,3844080.0,2721109.0,0.674,0.9521,dry,51.1,1.6419,-15.98,-0.5182,64.36,48.39,0.9452,0.9496,2.5714,0.44,0.72,-0.02,0.674,strengthened
2025-07-16,3098.3774165813243,3115.5638600833036,3092.2326031663256,3104.234375,2540733,yfinance:TCS.NS,2026-08-02T18:42:50.192839,0.189,-0.6714,-4.1293,-5.2355,3945239.0,2713329.0,0.644,0.9364,dry,23.33,0.7516,-13.73,-0.4412,60.03,47.59,0.8147,0.9518,0.8148,-0.102,0.72,0.12,0.5796,strengthened
2025-07-17,3095.5933632665156,3112.779808234124,3076.390526695053,3081.287109375,2947640,yfinance:TCS.NS,2026-08-02T18:42:50.192839,-0.4621,-0.081,-4.7874,-5.3137,3927764.0,2727073.0,0.7505,1.0809,dry,36.39,1.181,-8.64,-0.2784,59.08,47.77,0.7895,0.9367,0.6129,-0.24,0.66,-0.04,0.512,mixed
2025-07-18,3096.4571730230687,3100.105758589483,3059.9717861781455,3062.756103515625,3432645,yfinance:TCS.NS,2026-08-02T18:42:50.192839,-1.0884,-1.5858,-1.9986,-6.4061,3087183.0,2781142.0,1.1119,1.2343,elevated,40.13,1.3104,15.17,0.4923,43.97,48.25,0.8152,0.9468,0.4286,-0.4,0.6,-0.14,0.446,weakened
2025-07-21,3062.8523807267275,3070.1495522628406,3026.3669918654064,3032.31982421875,3844346,yfinance:TCS.NS,2026-08-02T18:42:50.192839,-0.9969,-2.3167,-1.6688,-7.1162,3071251.0,2817189.0,1.2517,1.3646,elevated,43.78,1.4439,0.1,0.0031,38.95,46.49,0.8412,0.9445,1.2727,0.12,0.68,-0.14,0.582,strengthened
2025-07-22,3033.6640625,3053.3469689942053,3028.8633535989743,3033.6640625,3198036,yfinance:TCS.NS,2026-08-02T18:42:50.192839,0.0,-1.5456,-2.5206,-6.9249,3192680.0,2806938.0,1.0017,1.1393,normal,24.48,0.8071,1.34,0.0443,33.62,43.46,0.8393,0.9301,0.5625,-0.28,0.58,-0.08,0.468,mixed
2025-07-23,3033.663954701298,3055.171036049811,3031.743671209123,3052.38671875,1922875,yfinance:TCS.NS,2026-08-02T18:42:50.192839,0.6172,-0.3386,-1.6702,-5.7306,3069108.0,2815197.0,0.6265,0.683,dry,23.43,0.7675,-0.0,-0.0,33.64,42.56,0.8844,0.9424,3.1667,0.52,0.62,-0.04,0.648,strengthened
2025-07-24,3038.945131093794,3047.2022105424912,3014.845476356516,3022.526611328125,2934778,yfinance:TCS.NS,2026-08-02T18:42:50.192839,-0.5403,-0.323,-1.907,-6.6031,3066536.0,2817980.0,0.957,1.0414,normal,32.36,1.0705,-13.44,-0.4404,33.87,42.72,0.8807,0.9308,0.3243,-0.5102,0.56,-0.2,0.402,weakened
2025-07-25,3014.845292873372,3031.0715957495104,3001.019344529776,3010.812744140625,2568917,yfinance:TCS.NS,2026-08-02T18:42:50.192839,-0.1338,-0.7533,-1.696,-3.6607,2893790.0,2857505.0,0.8877,0.899,dry,30.05,0.9981,-7.68,-0.2541,31.86,43.66,0.8455,0.8688,0.2195,-0.64,0.36,-0.38,0.278,deteriorated
2025-07-28,2986.0412502746217,2993.7223853235596,2947.5394670779647,2956.56494140625,3374473,yfinance:TCS.NS,2026-08-02T18:42:50.192839,-0.9871,-3.1392,-2.4982,-4.1254,2799816.0,2952811.0,1.2052,1.1428,elevated,46.18,1.562,-24.77,-0.8228,35.76,46.02,0.8024,0.7981,0.5625,-0.28,0.34,-0.44,0.336,weakened
2025-07-29,2938.0339265993125,2951.4759118844077,2919.9832137631183,2934.193359375,4785312,yfinance:TCS.NS,2026-08-02T18:42:50.192839,-0.1307,-2.9225,-3.2789,-5.7168,3117271.0,3073317.0,1.5351,1.5571,spike,31.49,1.0733,-18.53,-0.6268,38.18,45.42,0.5639,0.7934,2.8462,0.48,0.38,-0.38,0.51,mixed
2025-07-30,2938.0337293982366,2946.6750050729374,2925.7438682234083,2931.888916015625,2880121,yfinance:TCS.NS,2026-08-02T18:42:50.192839,-0.2091,-2.6213,-3.9477,-5.5519,3308720.0,3062794.0,0.8705,0.9404,dry,20.93,0.7139,3.84,0.1309,37.68,43.97,0.5346,0.7382,1.0,0.0,0.42,-0.02,0.466,mixed
2025-07-31,2920.4633903186314,2937.8420514011964,2894.827650050853,2915.7587890625,2968371,yfinance:TCS.NS,2026-08-02T18:42:50.192839,-0.1611,-1.3802,-3.5324,-5.3721,3315439.0,3084619.0,0.8953,0.9623,dry,43.01,1.4752,-11.43,-0.3897,38.77,38.78,0.5388,0.7342,0.3158,-0.52,0.38,-0.26,0.322,weakened
2025-08-01,2909.133383273443,2915.758501968501,2880.4252388236764,2883.3056640625,2053847,yfinance:TCS.NS,2026-08-02T18:42:50.192839,-0.8878,-1.7343,-4.235,-5.8591,3212425.0,3131845.0,0.6393,0.6558,dry,35.33,1.2254,-6.63,-0.2272,39.83,36.38,0.5118,0.7322,0.3158,-0.52,0.28,-0.36,0.272,deteriorated
2025-08-04,2889.1627911176092,2956.6605722928375,2872.360309577052,2951.85986328125,2519252,yfinance:TCS.NS,2026-08-02T18:42:50.192839,2.1701,0.6812,-0.1591,-2.6534,3041381.0,3175849.0,0.8283,0.7933,dry,84.3,2.8558,5.86,0.2031,44.03,38.76,0.8971,0.8615,6.0,0.7143,0.36,-0.18,0.5689,strengthened
2025-08-05,2951.86005402892,2954.8365875722943,2920.7515513874637,2941.778564453125,1927996,yfinance:TCS.NS,2026-08-02T18:42:50.192839,-0.3415,0.8924,0.2585,-3.0289,2469917.0,3155987.0,0.7806,0.6109,dry,34.09,1.1587,0.0,0.0,43.53,39.52,0.9024,0.8392,0.9231,-0.04,0.38,-0.02,0.442,weakened
2025-08-06,2940.9145408794843,2944.5631268588136,2905.389291773203,2911.438232421875,1487081,yfinance:TCS.NS,2026-08-02T18:42:50.192839,-1.0023,0.9757,-0.6975,-4.6176,2191309.0,3128594.0,0.6786,0.4753,dry,39.17,1.3455,-0.86,-0.0294,47.18,39.72,0.9126,0.8127,0.3889,-0.44,0.32,-0.14,0.326,weakened
2025-08-07,2895.7876067904904,2929.9687479023937,2890.890789951502,2925.552001953125,2543076,yfinance:TCS.NS,2026-08-02T18:42:50.192839,1.0279,-0.8912,0.3359,-3.2084,2106250.0,3103997.0,1.2074,0.8193,elevated,39.08,1.3357,-15.65,-0.5376,46.39,39.65,0.9838,0.847,1.6667,0.25,0.3,-0.28,0.442,weakened
2025-08-08,2926.6083584758467,2937.841970823321,2904.428988797544,2915.37451171875,2762140,yfinance:TCS.NS,2026-08-02T18:42:50.192839,-0.3839,-0.8976,1.1122,-3.1698,2247909.0,2860327.0,1.2288,0.9657,elevated,33.41,1.1461,1.06,0.0361,46.01,38.91,0.9889,0.8469,0.25,-0.6,0.24,-0.12,0.264,deteriorated
2025-08-11,2915.3743566889298,2928.3362704951187,2900.8763567070323,2919.59912109375,1884215,yfinance:TCS.NS,2026-08-02T18:42:50.192839,0.1449,0.2803,-1.0929,-1.2503,2120902.0,2758337.0,0.8884,0.6831,dry,27.46,0.9405,-0.0,-0.0,34.64,39.12,0.9384,0.8335,11.25,0.8367,0.4,-0.22,0.6053,strengthened
2025-08-12,2919.7914390398837,2972.9832050993796,2906.2533448516742,2914.41455078125,3358232,yfinance:TCS.NS,2026-08-02T18:42:50.192839,-0.1842,-0.3807,-0.9302,-0.6741,2406949.0,2796704.0,1.3952,1.2008,elevated,66.73,2.2896,0.19,0.0066,41.17,42.21,0.9395,0.829,0.6129,-0.24,0.36,0.02,0.398,weakened
2025-08-13,2915.086743648966,2923.055733419127,2907.8856798255947,2915.1826171875,2148166,yfinance:TCS.NS,2026-08-02T18:42:50.192839,0.0033,-0.0066,0.1286,-0.5698,2539166.0,2777076.0,0.846,0.7735,dry,15.17,0.5204,0.67,0.0231,36.37,40.61,0.9362,0.774,2.8462,0.48,0.4,0.04,0.56,strengthened
2025-08-14,2913.0700372499637,2934.0970475783347,2898.7640190971856,2901.83642578125,3342174,yfinance:TCS.NS,2026-08-02T18:42:50.192839,-0.3856,-0.6084,-0.8106,-0.4775,2698985.0,2796803.0,1.2383,1.195,elevated,35.33,1.2176,-2.11,-0.0725,35.62,40.99,0.9442,0.7649,0.8519,-0.08,0.4,0.02,0.446,weakened
2025-08-18,2925.072007661826,2927.4723621732833,2883.6898021204543,2891.178955078125,2945609,yfinance:TCS.NS,2026-08-02T18:42:50.192839,-1.1587,-0.7973,-0.8299,0.2731,2735679.0,2772451.0,1.0767,1.0625,normal,43.78,1.5143,23.24,0.8007,37.7,39.6,0.9764,0.7789,3.5455,0.56,0.42,0.32,0.612,strengthened
2025-08-19,2891.178783449569,2904.42878644818,2891.0829099205744,2895.9794921875,2650784,yfinance:TCS.NS,2026-08-02T18:42:50.192839,0.166,-0.6587,-0.809,-1.8931,2888993.0,2712773.0,0.9175,0.9771,normal,13.35,0.4608,-0.0,-0.0,34.87,37.94,0.6193,0.7821,1.1739,0.08,0.46,0.08,0.508,mixed
2025-08-20,2890.8905988262018,2979.7037075526887,2890.8905988262018,2975.09521484375,4952358,yfinance:TCS.NS,2026-08-02T18:42:50.192839,2.9128,2.5246,2.0821,1.1325,3207818.0,2800489.0,1.5438,1.7684,spike,88.81,2.9852,-5.09,-0.1757,39.29,42.79,1.1613,0.9677,1.0833,0.04,0.52,0.18,0.534,mixed
2025-08-21,3005.2440729447403,3005.2440729447403,2960.2135127082415,2978.936279296875,3230726,yfinance:TCS.NS,2026-08-02T18:42:50.192839,-0.8754,3.0353,2.187,2.3184,3424330.0,2865881.0,0.9435,1.1273,normal,45.03,1.5116,30.15,1.0134,45.26,42.93,1.1483,0.9704,0.96,-0.0204,0.54,0.12,0.5239,mixed
2025-08-22,2962.997732386061,2972.3110613965996,2928.432625981039,2932.273193359375,1593791,yfinance:TCS.NS,2026-08-02T18:42:50.192839,-1.0369,1.2532,1.0489,0.2297,3074654.0,2798832.0,0.5184,0.5694,dry,43.88,1.4964,-15.94,-0.535,48.3,44.02,1.1539,0.984,0.1951,-0.6735,0.46,-0.02,0.3473,weakened
2025-08-25,2964.246022642929,3026.3671543415535,2954.4526225152476,3015.421630859375,3448370,yfinance:TCS.NS,2026-08-02T18:42:50.192839,1.7264,1.3555,4.2973,3.4317,3175206.0,2842805.0,1.086,1.213,normal,71.91,2.3849,31.97,1.0904,58.36,44.72,1.2784,1.0273,1.7778,0.28,0.5,0.12,0.568,strengthened
2025-08-26,3004.283909445262,3035.9685911364395,2995.6426326203955,3031.35986328125,5522097,yfinance:TCS.NS,2026-08-02T18:42:50.192839,0.9012,1.7598,4.6748,3.8279,3749468.0,2950186.0,1.4728,1.8718,elevated,40.33,1.3303,-11.14,-0.3694,63.75,45.16,1.3014,1.0133,0.2195,-0.64,0.32,-0.04,0.296,deteriorated
2025-08-28,3019.646194165862,3021.08640697707,2963.4778945287544,2970.390869140625,3116051,yfinance:TCS.NS,2026-08-02T18:42:50.192839,-1.6312,1.2999,-0.1581,1.9207,3382207.0,2866723.0,0.9213,1.087,normal,57.61,1.9394,-11.71,-0.3864,59.57,47.21,1.4244,1.0189,0.3611,-0.4694,0.3,-0.08,0.3181,weakened
2025-08-29,2969.7187359392783,2990.8418565958136,2954.548447858567,2961.74951171875,2271789,yfinance:TCS.NS,2026-08-02T18:42:50.192839,-0.2683,-1.7799,-0.5769,1.5974,3190420.0,2836306.0,0.7121,0.801,dry,36.29,1.2254,-0.67,-0.0226,57.82,47.01,1.4282,1.018,0.9231,-0.04,0.28,-0.18,0.386,weakened
2025-09-01,2966.8380558481663,3006.2999761800884,2966.8380558481663,2988.537353515625,1246862,yfinance:TCS.NS,2026-08-02T18:42:50.192839,0.7314,-1.4127,1.9188,2.9878,3121034.0,2750231.0,0.3995,0.4534,dry,39.46,1.3204,5.09,0.1718,56.63,47.81,1.4353,1.0269,4.5556,0.64,0.38,0.02,0.582,strengthened
2025-09-02,2996.698656186325,3029.247369338668,2979.416103841445,2987.481201171875,2185229,yfinance:TCS.NS,2026-08-02T18:42:50.192839,-0.3076,0.5754,-0.9266,3.3309,2868406.0,2756800.0,0.7618,0.7927,dry,49.83,1.668,8.16,0.2731,47.78,49.41,1.3732,1.0098,1.381,0.16,0.38,0.1,0.494,mixed
2025-09-03,3005.1475613511693,3016.6692623196923,2964.917715899919,2974.0390625,1799774,yfinance:TCS.NS,2026-08-02T18:42:50.192839,-1.0352,0.4149,-1.8909,2.6954,2123941.0,2720826.0,0.8474,0.6615,dry,51.75,1.7401,17.67,0.5913,50.06,48.34,1.4309,1.0111,2.3333,0.4,0.46,0.12,0.576,strengthened
2025-09-04,2991.8017155695825,2993.721999084069,2967.6061901689773,2972.310791015625,1481391,yfinance:TCS.NS,2026-08-02T18:42:50.192839,-0.6515,-0.543,0.0646,-0.0936,1797009.0,2698496.0,0.8244,0.549,dry,26.12,0.8786,17.76,0.5973,41.71,49.12,1.0485,1.0172,0.6129,-0.24,0.46,0.32,0.468,mixed
2025-09-05,2973.655507694055,2979.704214005019,2907.885788971954,2926.800537109375,2802055,yfinance:TCS.NS,2026-08-02T18:42:50.192839,-1.5757,-2.0312,-1.18,-1.7501,1903062.0,2764244.0,1.4724,1.0137,elevated,71.82,2.4538,1.34,0.0452,48.81,51.72,1.1165,1.045,1.0,0.0,0.44,0.04,0.48,mixed
2025-09-08,2928.4321166143072,2942.7381338463906,2895.7872995766393,2898.667724609375,2626187,yfinance:TCS.NS,2026-08-02T18:42:50.192839,-1.0164,-2.5343,-3.0071,-1.1461,2178927.0,2768400.0,1.2053,0.9486,elevated,46.95,1.6197,1.63,0.0557,49.29,51.95,1.115,1.0549,0.8148,-0.102,0.4,0.08,0.4476,weakened
2025-09-09,2911.2459361835313,2938.0337976334035,2909.997705008497,2927.856201171875,2489301,yfinance:TCS.NS,2026-08-02T18:42:50.192839,0.5706,-1.4956,-1.9958,-2.9039,2239742.0,2754758.0,1.1114,0.9036,elevated,28.04,0.9576,12.58,0.4339,47.2,53.81,0.9236,1.0631,2.125,0.36,0.44,0.08,0.556,strengthened
2025-09-10,2934.57756101031,2998.2350148126434,2931.6971353578033,2986.041259765625,2079428,yfinance:TCS.NS,2026-08-02T18:42:50.192839,1.7537,2.0241,0.4036,-1.495,2295672.0,2764519.0,0.9058,0.7522,normal,66.54,2.2283,6.72,0.2296,50.93,52.49,1.0852,1.1038,3.1667,0.52,0.6,0.08,0.652,strengthened
2025-09-11,3013.8849494515116,3013.8849494515116,2986.1369466753263,2999.6748046875,2263446,yfinance:TCS.NS,2026-08-02T18:42:50.192839,-0.4715,3.4846,0.9206,0.9859,2452083.0,2709779.0,0.9231,0.8353,normal,27.75,0.925,27.84,0.9325,51.27,51.26,0.99,1.1066,0.8519,-0.08,0.52,0.1,0.502,mixed
2025-09-12,3018.685897890405,3023.198517586115,2996.6026359147436,3008.50830078125,1447167,yfinance:TCS.NS,2026-08-02T18:42:50.192839,-0.3372,2.7546,2.7917,1.5788,2181106.0,2674729.0,0.6635,0.5411,dry,26.6,0.884,19.01,0.6338,42.23,49.56,0.9906,1.1074,1.1364,0.0638,0.66,0.16,0.5928,strengthened
2025-09-15,3009.0844623500607,3009.0844623500607,2972.5990732086116,2987.865234375,1732539,yfinance:TCS.NS,2026-08-02T18:42:50.192839,-0.7052,0.0611,3.0772,-0.0225,2002376.0,2594248.0,0.8652,0.6678,dry,36.49,1.2211,0.58,0.0192,40.13,45.44,0.9378,1.1137,0.4286,-0.4,0.6,0.08,0.468,mixed
2025-09-16,3003.3236516831826,3024.4467719955323,2985.1770648150605,3020.318115234375,2573429,yfinance:TCS.NS,2026-08-02T18:42:50.192839,0.5659,0.6882,3.158,1.0992,2019202.0,2575639.0,1.2745,0.9991,elevated,39.27,1.3002,15.46,0.5174,40.11,45.37,0.9846,1.1086,4.0,0.6,0.68,0.1,0.702,strongly_participatory
2025-09-17,3026.367137231914,3055.55535595913,3017.149681628776,3046.338134765625,2418271,yfinance:TCS.NS,2026-08-02T18:42:50.192839,0.6599,1.2574,2.0193,2.431,2086970.0,2564013.0,1.1587,0.9432,elevated,38.41,1.2607,6.05,0.2003,33.72,43.26,0.988,1.0376,1.7778,0.28,0.72,0.22,0.666,strengthened
2025-09-18,3058.051743641503,3075.334296666793,3035.392302577828,3050.08251953125,2633138,yfinance:TCS.NS,2026-08-02T18:42:50.192839,-0.2606,2.0823,1.6804,2.6165,2160909.0,2448052.0,1.2185,1.0756,elevated,39.94,1.3095,11.71,0.3845,36.14,43.52,0.9722,1.037,2.5,0.4286,0.8,0.24,0.7297,strongly_participatory
2025-09-19,3043.6495079786732,3053.730996885227,3018.685821162444,3042.88134765625,4901694,yfinance:TCS.NS,2026-08-02T18:42:50.192839,-0.0252,0.747,1.1425,3.9661,2851814.0,2531600.0,1.7188,1.9362,spike,35.05,1.1517,-6.43,-0.2109,37.83,42.84,0.8191,1.0219,0.6667,-0.2,0.8,0.26,0.606,strengthened
2025-09-22,2971.6388949892716,2983.06448873766,2942.8346407567424,2951.283935546875,3634901,yfinance:TCS.NS,2026-08-02T18:42:50.192839,-0.685,-3.1203,-1.2243,1.8152,3232287.0,2633656.0,1.1246,1.3802,elevated,40.23,1.3631,-71.24,-2.3413,50.54,46.43,0.7756,1.0081,0.5625,-0.28,0.72,0.1,0.542,mixed
2025-09-23,2947.6353061603577,2957.9087764692863,2930.352753876681,2940.338134765625,3177741,yfinance:TCS.NS,2026-08-02T18:42:50.192839,-0.2476,-3.5981,-2.6481,0.4263,3353149.0,2620124.0,0.9477,1.2128,normal,27.56,0.9372,-3.65,-0.1236,48.2,44.7,0.7643,1.007,0.6129,-0.24,0.58,0.08,0.492,mixed
2025-09-24,2928.4327159064933,2935.153709024967,2912.110304047342,2914.41455078125,1625714,yfinance:TCS.NS,2026-08-02T18:42:50.192839,-0.4787,-4.2219,-4.3306,-2.3987,3194638.0,2425305.0,0.5089,0.6703,dry,23.04,0.7907,-11.91,-0.4049,46.16,44.85,0.4741,1.0084,0.4706,-0.36,0.62,0.1,0.486,mixed
2025-09-25,2901.548445826189,2908.845617084501,2833.3783797594588,2839.523193359375,4974361,yfinance:TCS.NS,2026-08-02T18:42:50.192839,-2.1377,-3.7869,-6.9034,-5.339,3662882.0,2518221.0,1.358,1.9753,elevated,75.47,2.6577,-12.87,-0.4415,54.38,45.51,0.7768,1.0742,0.225,-0.6327,0.52,-0.12,0.3695,weakened
2025-09-26,2823.7772134975207,2837.027218062639,2776.0582098827367,2783.54736328125,3934636,yfinance:TCS.NS,2026-08-02T18:42:50.192839,-1.4247,-5.3324,-8.5226,-7.4775,3469471.0,2601363.0,1.1341,1.5125,elevated,60.97,2.1903,-15.75,-0.5545,60.07,46.69,0.8456,1.0973,0.1111,-0.8,0.46,-0.28,0.296,deteriorated
2025-09-29,2799.7737218339657,2812.5436557187713,2778.6506004758216,2780.6669921875,3110035,yfinance:TCS.NS,2026-08-02T18:42:50.192839,-0.6824,-4.5892,-5.7811,-6.9347,3364497.0,2694522.0,0.9244,1.1542,normal,33.89,1.2189,16.23,0.5829,46.84,46.3,0.8449,1.1002,0.9231,-0.04,0.44,-0.22,0.446,weakened
2025-09-30,2794.9724895498107,2799.101145742985,2770.1049132760872,2773.273193359375,2253458,yfinance:TCS.NS,2026-08-02T18:42:50.192839,-0.7764,-2.3331,-5.6818,-8.1794,3179641.0,2697933.0,0.7087,0.8353,dry,29.0,1.0456,14.31,0.5145,47.12,43.34,0.7646,1.0913,1.1304,0.0612,0.44,-0.12,0.4762,mixed
2025-10-01,2775.7696811050214,2808.2225177556543,2752.3423171660024,2798.044921875,1952902,yfinance:TCS.NS,2026-08-02T18:42:50.192839,0.8025,0.5208,-3.9929,-8.1505,3245078.0,2705590.0,0.6018,0.7218,dry,55.88,1.9971,2.5,0.09,52.65,45.35,0.7917,1.1052,3.1667,0.52,0.52,-0.06,0.606,strengthened
2025-10-03,2807.454332770607,2807.454332770607,2775.8657645822723,2786.235107421875,2899519,yfinance:TCS.NS,2026-08-02T18:42:50.192839,-0.7558,0.2002,-1.8767,-8.6505,2830110.0,2776496.0,1.0245,1.0443,normal,31.59,1.1337,9.41,0.3363,42.76,45.7,0.7841,0.9394,1.381,0.16,0.56,0.02,0.558,strengthened
2025-10-06,2786.331441741774,2874.2805224330996,2780.18662812204,2869.28759765625,2112774,yfinance:TCS.NS,2026-08-02T18:42:50.192839,2.9773,3.4621,3.0803,-5.7049,2465738.0,2742032.0,0.8569,0.7705,dry,94.09,3.2793,0.1,0.0035,48.89,49.82,1.3883,1.1092,1.6316,0.24,0.56,0.08,0.58,strengthened
2025-10-07,2875.624650921264,2884.745997894136,2837.699050349848,2855.173583984375,3062943,yfinance:TCS.NS,2026-08-02T18:42:50.192839,-0.7112,2.0417,2.6795,-3.2566,2456319.0,2763870.0,1.247,1.1082,elevated,47.05,1.6478,6.34,0.2209,51.52,50.37,1.389,1.1022,0.7857,-0.12,0.62,0.04,0.528,mixed
2025-10-08,2856.4219038307547,2921.711547346886,2849.7009111158586,2906.541259765625,4121889,yfinance:TCS.NS,2026-08-02T18:42:50.192839,1.7546,4.3179,4.8054,-1.1494,2830005.0,2845499.0,1.4565,1.4486,elevated,72.01,2.4775,1.25,0.0437,60.12,52.77,1.5404,1.1039,0.4706,-0.36,0.62,-0.08,0.468,mixed
2025-10-09,2913.0703773618156,2943.794916608875,2899.628391441227,2939.666259765625,3211304,yfinance:TCS.NS,2026-08-02T18:42:50.192839,0.913,2.4528,5.0614,0.8664,3081686.0,2902093.0,1.0421,1.1065,normal,44.17,1.5024,6.53,0.2246,57.78,53.08,1.5693,1.1043,4.5556,0.64,0.72,0.04,0.72,strongly_participatory
2025-10-10,2928.432196055488,2947.635030127983,2887.049994865423,2907.59716796875,8817365,yfinance:TCS.NS,2026-08-02T18:42:50.192839,-0.7115,1.8361,4.3558,2.3974,4265255.0,3229789.0,2.0673,2.73,spike,60.59,2.0837,-11.23,-0.3822,63.58,54.9,1.4107,1.0751,2.3333,0.4,0.78,0.12,0.704,strongly_participatory
2025-10-13,2906.348987711864,2914.510192335436,2878.696859281843,2887.338134765625,2866865,yfinance:TCS.NS,2026-08-02T18:42:50.192839,-0.6541,-0.6607,0.6291,3.7287,4416073.0,3300774.0,0.6492,0.8685,dry,35.81,1.2404,-1.25,-0.0429,51.92,50.31,1.3348,1.0788,0.5625,-0.28,0.74,0.08,0.548,mixed
2025-10-14,2900.588173459837,2906.541005318549,2837.6988899902512,2842.3076171875,3611416,yfinance:TCS.NS,2026-08-02T18:42:50.192839,-2.0093,-3.3119,-0.4506,2.2168,4525768.0,3394718.0,0.798,1.0638,dry,68.84,2.4221,13.25,0.4589,56.28,53.26,1.4908,1.1158,0.5625,-0.28,0.68,0.0,0.516,mixed
2025-10-15,2863.2206293645645,2871.6049712258155,2843.946172081733,2862.064208984375,4282226,yfinance:TCS.NS,2026-08-02T18:42:50.192839,-0.0404,-1.566,-1.5302,3.2017,4557835.0,3480158.0,0.9395,1.2305,normal,27.66,0.9664,20.91,0.7358,47.74,53.34,1.4616,1.1164,3.5455,0.56,0.74,0.08,0.716,strongly_participatory
2025-10-16,2862.160371154854,2867.0754517571395,2836.332787245134,2862.931396484375,3251495,yfinance:TCS.NS,2026-08-02T18:42:50.192839,0.0269,-0.8453,-2.6103,2.319,4565873.0,3521819.0,0.7121,0.9232,dry,30.74,1.0738,0.1,0.0034,45.06,49.74,1.444,1.1074,6.1429,0.72,0.78,0.26,0.782,strongly_participatory
2025-10-17,2862.2568312933195,2880.374867719902,2848.1863837329993,2854.73974609375,4374683,yfinance:TCS.NS,2026-08-02T18:42:50.192839,-0.2626,0.4374,-1.8179,2.4587,3677337.0,3608896.0,1.1896,1.2122,elevated,32.19,1.1275,-0.67,-0.0236,39.38,47.51,1.4205,1.1043,1.7778,0.28,0.82,0.36,0.72,strongly_participatory
2025-10-20,2877.1943748710046,2913.333979311689,2870.4483153754104,2905.81689453125,3133039,yfinance:TCS.NS,2026-08-02T18:42:50.192839,0.9948,1.5287,0.64,1.2731,3730572.0,3520463.0,0.8398,0.89,dry,42.89,1.4759,22.45,0.7866,43.93,49.27,1.075,1.0934,1.9412,0.32,0.84,0.44,0.744,strongly_participatory
2025-10-21,2921.140221212513,2921.814780103732,2887.313457420898,2897.625244140625,310644,yfinance:TCS.NS,2026-08-02T18:42:50.192839,-0.805,1.2118,1.9462,1.4868,3070417.0,3354250.0,0.1012,0.0926,dry,34.5,1.1907,15.32,0.5273,37.06,49.67,1.0816,1.088,1.6316,0.24,0.84,0.16,0.7,strongly_participatory
2025-10-23,2944.1734252464703,2985.613509464342,2925.959156761946,2961.713134765625,5564758,yfinance:TCS.NS,2026-08-02T18:42:50.192839,0.5957,3.7472,3.4817,1.8982,3326924.0,3473601.0,1.6726,1.602,spike,59.65,2.0142,46.55,1.6064,48.8,51.96,0.9121,1.0886,1.0833,0.04,0.88,0.56,0.716,strongly_participatory
2025-10-24,2968.2662739630537,2977.9035021252716,2947.3535359078196,2952.07568359375,2684318,yfinance:TCS.NS,2026-08-02T18:42:50.192839,-0.5455,1.5919,3.1137,0.4221,3213488.0,3526532.0,0.8353,0.7612,dry,30.55,1.0349,6.55,0.2213,48.76,51.89,0.8279,1.0327,0.5625,-0.28,0.86,0.08,0.596,strengthened
2025-10-27,2955.2558763824863,2981.95095007438,2949.184375870237,2972.98828125,1946312,yfinance:TCS.NS,2026-08-02T18:42:50.192839,0.6,2.6009,4.1422,2.249,2727814.0,3375129.0,0.7135,0.5767,dry,32.77,1.1021,3.18,0.1077,48.88,47.51,0.8658,1.0409,2.8462,0.48,0.84,0.26,0.758,strongly_participatory
2025-10-28,2964.4114953280427,2978.096312781555,2929.9101701396817,2946.968017578125,3470737,yfinance:TCS.NS,2026-08-02T18:42:50.192839,-0.5884,-0.4979,1.4162,2.0652,2795354.0,3351934.0,1.2416,1.0354,elevated,48.19,1.6351,-8.58,-0.2885,46.8,47.59,0.8622,1.0435,0.5625,-0.28,0.84,0.18,0.598,strengthened
2025-10-29,2946.9681278582934,2964.4116062609737,2935.5963859963827,2946.67919921875,2895420,yfinance:TCS.NS,2026-08-02T18:42:50.192839,-0.0098,-0.1828,1.6929,3.6721,3312309.0,3341203.0,0.8741,0.8666,dry,28.82,0.9779,0.0,0.0,45.66,44.5,0.5838,1.0385,1.9412,0.32,0.8,0.32,0.716,strongly_participatory
2025-10-30,2938.487165302022,2952.653842834952,2922.778437237614,2925.187744140625,2241536,yfinance:TCS.NS,2026-08-02T18:42:50.192839,-0.4526,-1.6078,-1.2333,2.2055,2647665.0,3340607.0,0.8466,0.671,dry,29.88,1.0213,-8.19,-0.278,34.04,43.48,0.601,1.0316,0.3514,-0.48,0.76,0.08,0.516,mixed
2025-10-31,2924.898585437403,2956.1231088421955,2915.357824198127,2947.064208984375,1868085,yfinance:TCS.NS,2026-08-02T18:42:50.192839,0.7578,0.0033,-0.1698,2.9387,2484418.0,3336366.0,0.7519,0.5599,dry,40.77,1.3833,-0.29,-0.0099,36.08,42.07,0.6529,1.0344,0.2821,-0.56,0.74,0.1,0.494,mixed
2025-11-03,2936.3668007969727,2947.0642176101555,2900.805524854993,2907.35888671875,2194877,yfinance:TCS.NS,2026-08-02T18:42:50.192839,-0.9879,-1.3344,-2.2075,1.8432,2534131.0,3301134.0,0.8661,0.6649,dry,46.26,1.5911,-10.7,-0.363,38.78,42.81,0.7251,1.0453,1.1739,0.08,0.72,0.02,0.606,strengthened
2025-11-04,2910.0574685167057,2919.4055326440953,2868.039060214524,2881.723876953125,2670720,yfinance:TCS.NS,2026-08-02T18:42:50.192839,-0.9736,-1.4858,-2.2139,-0.8291,2374128.0,3329032.0,1.1249,0.8023,elevated,51.37,1.7825,2.7,0.0928,39.42,41.56,0.6774,1.0546,0.3158,-0.52,0.64,-0.04,0.448,weakened
2025-11-06,2881.627605776501,2914.2977142131544,2881.531139384038,2901.6728515625,2542721,yfinance:TCS.NS,2026-08-02T18:42:50.192839,0.6956,-1.5402,-1.5274,0.1397,2303588.0,3303020.0,1.1038,0.7698,elevated,32.77,1.1292,-0.1,-0.0033,40.21,41.81,0.7042,1.0635,0.5152,-0.32,0.58,-0.02,0.466,mixed
2025-11-07,2892.1320716871546,2895.023240036059,2853.1012989769483,2883.265869140625,1830520,yfinance:TCS.NS,2026-08-02T18:42:50.192839,-0.3066,-0.8287,-1.4331,-2.6487,2221385.0,3188452.0,0.824,0.5741,dry,41.92,1.454,-9.54,-0.3288,43.95,43.09,0.6631,1.0637,1.6316,0.24,0.6,-0.16,0.572,strengthened
2025-11-10,2884.422275161144,2937.3305615709287,2883.4585523829414,2915.4541015625,1556656,yfinance:TCS.NS,2026-08-02T18:42:50.192839,1.0758,1.1705,-1.0726,-1.2405,2159099.0,3105720.0,0.721,0.5012,dry,53.87,1.8478,1.16,0.0401,46.61,44.65,0.7558,1.086,1.7778,0.28,0.62,0.0,0.604,strengthened
2025-11-11,2934.5359333014544,2944.847720230334,2908.5154176367123,2936.46337890625,2806868,yfinance:TCS.NS,2026-08-02T18:42:50.192839,0.0657,1.199,1.0011,-1.2286,2281497.0,2805195.0,1.2303,1.0006,elevated,36.33,1.2373,19.08,0.6545,44.62,43.06,0.7254,1.0172,4.0,0.6,0.6,0.04,0.664,strengthened
2025-11-12,2948.991669923252,3022.619995280987,2946.1969680097523,3018.18701171875,4460315,yfinance:TCS.NS,2026-08-02T18:42:50.192839,2.3464,4.6795,4.7355,2.4167,2639416.0,2884867.0,1.6899,1.5461,spike,76.42,2.5321,12.53,0.4266,51.58,46.75,1.0252,1.0727,2.125,0.36,0.64,0.26,0.654,strengthened
2025-11-13,3018.1871954349617,3018.2834265472866,2989.4682081451956,2993.033935546875,1740435,yfinance:TCS.NS,2026-08-02T18:42:50.192839,-0.8334,2.661,3.1486,1.5731,2478959.0,2791318.0,0.7021,0.6235,dry,28.82,0.9627,0.0,0.0,50.79,42.52,1.0776,1.0768,0.6129,-0.24,0.62,0.1,0.51,mixed
2025-11-14,2977.9034333434784,3000.1655239975616,2965.6642009169345,2993.322998046875,2210794,yfinance:TCS.NS,2026-08-02T18:42:50.192839,0.5178,1.9363,3.8171,2.3293,2555014.0,2687747.0,0.8653,0.8225,dry,34.5,1.1526,-15.13,-0.5055,47.97,42.8,1.062,1.0675,1.2727,0.12,0.62,0.02,0.574,strengthened
2025-11-17,2993.323082448971,3010.188231818854,2974.626953832486,2989.660888671875,2232853,yfinance:TCS.NS,2026-08-02T18:42:50.192839,-0.1223,-0.9451,2.5453,1.4454,2690253.0,2636815.0,0.83,0.8468,dry,35.56,1.1895,0.0,0.0,44.27,43.0,1.0503,1.0603,2.5714,0.44,0.66,0.14,0.666,strengthened
2025-11-18,2989.4682629851,2992.3594315179676,2966.338914722159,2975.10888671875,2548350,yfinance:TCS.NS,2026-08-02T18:42:50.192839,-0.4803,-0.5989,1.3161,2.3303,2638549.0,2545498.0,0.9658,1.0011,normal,26.02,0.8746,-0.19,-0.0064,42.21,41.42,1.0004,1.0539,0.2821,-0.56,0.6,0.04,0.432,weakened
2025-11-19,2984.6493140956795,3040.545232796858,2971.639057156612,3033.510009765625,3151053,yfinance:TCS.NS,2026-08-02T18:42:50.192839,1.6371,1.3426,0.5077,5.2672,2376697.0,2546399.0,1.3258,1.2375,elevated,68.91,2.2715,9.54,0.3207,38.76,44.28,1.0012,0.9509,1.5789,0.2245,0.6,0.1,0.5949,strengthened
2025-11-20,3033.79944214396,3049.7008686990343,3024.2586803244717,3030.715576171875,2700767,yfinance:TCS.NS,2026-08-02T18:42:50.192839,-0.1017,1.3732,1.259,4.4472,2568763.0,2665905.0,1.0514,1.0131,normal,25.44,0.8395,0.29,0.0095,38.09,43.97,1.012,0.9405,1.45,0.1837,0.7,0.2,0.6367,strengthened
2025-11-21,3030.715536432949,3055.0013041600305,3021.463703354114,3036.30517578125,4177037,yfinance:TCS.NS,2026-08-02T18:42:50.192839,0.1844,2.0569,1.4359,5.3078,2962012.0,2596519.0,1.4102,1.6087,elevated,33.54,1.1046,-0.0,-0.0,37.89,43.45,0.9866,0.8856,0.6129,-0.24,0.56,0.04,0.48,mixed
2025-11-24,3043.4366842823783,3063.578397230728,3017.4161679823073,3027.24609375,6703764,yfinance:TCS.NS,2026-08-02T18:42:50.192839,-0.532,-0.2065,1.2572,3.8345,3856194.0,2797491.0,1.7384,2.3963,spike,46.16,1.5249,7.13,0.2349,40.01,43.44,1.0004,0.8744,0.3514,-0.48,0.58,0.06,0.442,weakened
2025-11-25,3031.197449305625,3035.534202019235,3001.996600643867,3006.044189453125,2737920,yfinance:TCS.NS,2026-08-02T18:42:50.192839,-0.8298,-0.814,1.0398,2.3695,3894108.0,2837071.0,0.7031,0.9651,dry,33.54,1.1157,3.95,0.1305,41.52,42.17,1.0589,0.8779,0.5806,-0.2653,0.58,0.02,0.4809,mixed
2025-11-26,3005.658898650244,3062.711244826224,3003.9241504478728,3048.158935546875,2508527,yfinance:TCS.NS,2026-08-02T18:42:50.192839,1.414,0.3904,0.4829,0.993,3765603.0,2788961.0,0.6662,0.8994,dry,58.79,1.9286,-0.39,-0.0128,39.49,44.03,0.8712,0.9082,9.0,0.8,0.66,0.18,0.742,strongly_participatory
2025-11-27,3064.6384631299097,3064.6384631299097,3011.6337098367826,3022.81298828125,2836233,yfinance:TCS.NS,2026-08-02T18:42:50.192839,-1.3648,-0.1464,-0.2607,0.9949,3792696.0,2786002.0,0.7478,1.018,dry,53.0,1.7535,16.48,0.5406,45.01,44.34,0.9464,0.8648,0.8519,-0.08,0.7,0.22,0.586,strengthened
2025-11-28,3026.089482694223,3033.12470593688,3011.6336412163846,3023.68017578125,1616690,yfinance:TCS.NS,2026-08-02T18:42:50.192839,-0.0796,0.5867,-0.4158,1.0142,3280627.0,2754759.0,0.4928,0.5869,dry,21.49,0.7108,3.28,0.1084,42.6,42.02,0.9311,0.865,0.7241,-0.16,0.7,0.14,0.562,strengthened
2025-12-01,3024.0657566161144,3039.581788202742,3008.935355329588,3019.72900390625,1747647,yfinance:TCS.NS,2026-08-02T18:42:50.192839,-0.1434,-0.9327,-0.2483,1.0057,2289403.0,2748737.0,0.7634,0.6358,dry,30.65,1.0149,0.39,0.0128,39.49,41.61,0.9314,0.8657,0.8846,-0.0612,0.74,0.14,0.5978,strengthened
2025-12-02,3017.4161065078188,3029.9445029896465,3007.200550647543,3021.945556640625,2512003,yfinance:TCS.NS,2026-08-02T18:42:50.192839,0.1501,-0.0287,0.529,1.5743,2244220.0,2764594.0,1.1193,0.9086,elevated,22.74,0.7526,-2.31,-0.0766,37.33,37.08,0.9187,0.8639,0.4706,-0.36,0.72,0.06,0.522,mixed
2025-12-03,3026.089516693691,3095.3810901757683,3025.125793917674,3064.638427734375,3952112,yfinance:TCS.NS,2026-08-02T18:42:50.192839,1.2739,1.3546,0.5406,1.0262,2532937.0,2828663.0,1.5603,1.3972,spike,70.26,2.2924,4.14,0.1371,40.26,40.27,0.8531,0.8757,0.3889,-0.44,0.6,-0.02,0.45,weakened
2025-12-04,3078.13047294951,3132.0989471151875,3071.769808666434,3112.053466796875,5025905,yfinance:TCS.NS,2026-08-02T18:42:50.192839,1.1021,3.0574,2.9522,2.6838,2970871.0,2952822.0,1.6917,1.7021,spike,60.33,1.9386,13.49,0.4402,43.16,42.62,0.9199,0.8791,3.0833,0.5102,0.62,0.14,0.664,strengthened
2025-12-05,3112.824571063191,3152.915532717371,3105.5001838412545,3120.72705078125,5244013,yfinance:TCS.NS,2026-08-02T18:42:50.192839,0.2539,3.2688,3.2096,2.7804,3696336.0,3123497.0,1.4187,1.6789,elevated,47.42,1.5194,0.77,0.0248,48.34,43.47,0.9208,0.8751,4.5556,0.64,0.74,0.1,0.734,strongly_participatory
2025-12-08,3125.3528208067405,3141.639640868843,3092.200852929616,3119.088623046875,2544725,yfinance:TCS.NS,2026-08-02T18:42:50.192839,-0.2004,1.7767,3.2903,3.0339,3855752.0,3172901.0,0.66,0.802,dry,49.44,1.585,4.63,0.1482,52.1,45.14,0.9002,0.8682,0.087,-0.84,0.58,-0.1,0.354,weakened
2025-12-09,3112.8248484517812,3116.3905759892023,3065.7951256660695,3091.912109375,2734893,yfinance:TCS.NS,2026-08-02T18:42:50.192839,-0.6718,-0.6472,2.3153,2.8565,3900330.0,3169302.0,0.7012,0.8629,dry,50.6,1.6364,-6.26,-0.2008,58.21,44.03,0.8822,0.8758,0.5625,-0.28,0.6,-0.32,0.452,mixed
2025-12-10,3108.0062080861744,3108.0062080861744,3062.807700289892,3073.5048828125,1386849,yfinance:TCS.NS,2026-08-02T18:42:50.192839,-1.1101,-1.5132,0.2893,0.8315,3387277.0,3015628.0,0.4094,0.4599,dry,45.2,1.4706,16.09,0.5205,52.56,45.44,0.8482,0.8948,0.9231,-0.04,0.56,-0.1,0.506,mixed
2025-12-11,3088.73179730002,3092.0083609433445,3038.714674477584,3076.10693359375,1914362,yfinance:TCS.NS,2026-08-02T18:42:50.192839,-0.4087,-1.378,-1.1551,1.7631,2764968.0,3024325.0,0.6924,0.633,dry,53.29,1.7325,15.23,0.4954,49.73,46.85,0.7333,0.899,3.0833,0.5102,0.6,-0.12,0.63,strengthened
2025-12-12,3081.696263178982,3106.078496384854,3070.131589906683,3103.669189453125,1146554,yfinance:TCS.NS,2026-08-02T18:42:50.192839,0.713,0.3803,-0.5466,2.6454,1945477.0,2971113.0,0.5893,0.3859,dry,35.95,1.1582,5.59,0.1817,47.43,46.12,0.7639,0.9012,2.8462,0.48,0.64,0.02,0.654,strengthened
2025-12-15,3094.610369719165,3120.727116365754,3081.31094805451,3113.017333984375,1562190,yfinance:TCS.NS,2026-08-02T18:42:50.192839,0.5948,1.2856,-0.1946,3.0893,1748970.0,2937580.0,0.8932,0.5318,dry,39.42,1.2662,-9.06,-0.2919,45.43,46.54,0.7738,0.8976,0.9231,-0.04,0.58,0.0,0.524,mixed
2025-12-16,3103.187500999765,3103.187500999765,3075.336005430436,3088.828125,1734623,yfinance:TCS.NS,2026-08-02T18:42:50.192839,-0.4627,0.4135,-0.0997,2.2132,1548916.0,2896893.0,1.1199,0.5988,elevated,27.85,0.9017,-9.83,-0.3158,42.31,45.03,0.7994,0.8807,0.3158,-0.52,0.6,-0.06,0.43,weakened
2025-12-17,3084.394687896739,3119.474102184826,3084.394687896739,3101.067138671875,1376350,yfinance:TCS.NS,2026-08-02T18:42:50.192839,0.5405,-0.0838,0.8968,1.1887,1546816.0,2808158.0,0.8898,0.4901,dry,35.08,1.1312,-4.43,-0.1435,40.28,43.75,0.7091,0.8594,1.0,0.0,0.54,-0.12,0.504,mixed
2025-12-18,3110.897128527372,3168.5277977297296,3104.1510690788923,3161.78173828125,2307422,yfinance:TCS.NS,2026-08-02T18:42:50.192839,1.6357,1.5665,2.7852,1.5979,1625428.0,2788491.0,1.4196,0.8275,elevated,64.38,2.0361,9.83,0.317,43.12,47.04,0.8111,0.8958,0.96,-0.0204,0.52,-0.08,0.4959,mixed
2025-12-19,3179.3215200364916,3197.5357868591873,3159.854366515901,3162.938232421875,3902511,yfinance:TCS.NS,2026-08-02T18:42:50.192839,-0.5153,2.3993,1.9096,1.3526,2176619.0,2774765.0,1.7929,1.4064,spike,37.68,1.1913,17.54,0.5547,43.46,47.54,0.8299,0.9006,6.1429,0.72,0.58,0.18,0.694,strengthened
2025-12-22,3189.9226061933546,3207.8479451634685,3171.6118722000997,3204.281982421875,2632816,yfinance:TCS.NS,2026-08-02T18:42:50.192839,0.4501,3.3284,2.9317,2.7314,2390744.0,2571217.0,1.1013,1.024,elevated,36.24,1.1309,26.98,0.8531,44.56,49.12,0.8369,0.8865,3.5455,0.56,0.6,0.16,0.668,strengthened
2025-12-23,3199.4631245744913,3199.4631245744913,3174.0209376032617,3189.92236328125,2365420,yfinance:TCS.NS,2026-08-02T18:42:50.192839,-0.2982,0.89,3.2729,3.1699,2516904.0,2552592.0,0.9398,0.9267,normal,25.44,0.7976,-4.82,-0.1504,43.08,46.04,0.8076,0.8904,1.0833,0.04,0.6,0.14,0.562,strengthened
2025-12-24,3184.236571775606,3206.4021959958864,3176.5267894381177,3198.595947265625,1367708,yfinance:TCS.NS,2026-08-02T18:42:50.192839,0.451,1.1274,3.145,4.07,2515175.0,2495551.0,0.5438,0.5481,dry,29.88,0.934,-5.69,-0.1782,42.04,43.35,0.6866,0.7913,0.7857,-0.12,0.58,0.12,0.52,mixed
2025-12-26,3192.910060559104,3199.5596536775915,3153.108262388808,3161.0107421875,1176664,yfinance:TCS.NS,2026-08-02T18:42:50.192839,-0.9991,-1.3504,-0.0244,2.7601,2289024.0,2412573.0,0.514,0.4877,dry,46.45,1.4695,-5.69,-0.1778,37.84,43.28,0.7715,0.7985,0.5625,-0.28,0.56,0.02,0.47,mixed
2025-12-29,3161.010777477703,3168.7205598617948,3125.2565675579217,3133.544677734375,2079473,yfinance:TCS.NS,2026-08-02T18:42:50.192839,-0.8689,-1.7674,-0.9293,0.9626,1924416.0,2435712.0,1.0806,0.8537,normal,43.46,1.3871,0.0,0.0,38.99,42.86,0.8179,0.8127,0.3889,-0.44,0.52,0.0,0.42,weakened
2025-12-30,3132.099002526,3148.9641510011397,3121.9799134409154,3129.01513671875,2807593,yfinance:TCS.NS,2026-08-02T18:42:50.192839,-0.0985,-2.1754,-2.3489,0.5139,1959372.0,2488709.0,1.4329,1.1281,elevated,26.98,0.8624,-1.45,-0.0461,35.41,40.98,0.796,0.8126,0.5625,-0.28,0.56,0.0,0.468,mixed
2025-12-31,3122.461816571668,3128.2441532690227,3082.4673210816295,3089.887939453125,3362634,yfinance:TCS.NS,2026-08-02T18:42:50.192839,-1.0432,-2.25,-3.136,0.0343,2158814.0,2531241.0,1.5576,1.3285,spike,45.78,1.4815,-6.55,-0.2094,38.66,41.08,0.8514,0.8313,6.1429,0.72,0.64,0.2,0.72,strongly_participatory
2026-01-01,3098.368779137981,3116.775978595714,3082.1781891606697,3110.31884765625,1255735,yfinance:TCS.NS,2026-08-02T18:42:50.192839,0.3857,-0.7412,-2.7599,0.2983,2136420.0,2396422.0,0.5878,0.524,dry,34.6,1.1124,8.48,0.2745,39.61,39.74,0.8403,0.7771,2.125,0.36,0.62,0.24,0.644,strengthened
2026-01-02,3116.6795578205924,3136.243177859361,3102.7055771191704,3132.773681640625,1184324,yfinance:TCS.NS,2026-08-02T18:42:50.192839,0.5164,0.1201,-0.8933,-0.9175,2137952.0,2204343.0,0.554,0.5373,dry,33.54,1.0705,6.36,0.2045,37.03,39.57,0.6341,0.783,3.1667,0.52,0.72,0.32,0.724,strongly_participatory
2026-01-05,3122.94369701057,3129.207895137578,3075.2394189664337,3099.428955078125,2341703,yfinance:TCS.NS,2026-08-02T18:42:50.192839,-0.753,0.3088,-1.0887,-2.0079,2190398.0,2059227.0,1.0691,1.1372,normal,53.97,1.7412,-9.83,-0.3138,39.84,40.86,0.6514,0.7941,1.0,0.0,0.76,0.46,0.65,strengthened
2026-01-06,3093.550169667909,3144.8201752673103,3088.7315556964636,3137.688720703125,2912325,yfinance:TCS.NS,2026-08-02T18:42:50.192839,1.4268,0.88,0.2772,-2.0783,2211344.0,2077607.0,1.317,1.4018,elevated,56.09,1.7876,-5.88,-0.1897,45.66,42.18,0.8163,0.8311,2.125,0.36,0.78,0.32,0.716,strongly_participatory
2026-01-07,3125.2565425983025,3180.8635358265738,3106.271250685878,3176.044921875,1989442,yfinance:TCS.NS,2026-08-02T18:42:50.192839,1.6251,1.3812,2.7884,-0.435,1936706.0,2040335.0,1.0272,0.9751,normal,74.59,2.3486,-12.43,-0.3962,51.27,45.0,0.9816,0.8632,0.6897,-0.1837,0.74,0.2,0.5793,strengthened
2026-01-08,3167.6601287029757,3167.6601287029757,3066.5657090274044,3087.671142578125,4159336,yfinance:TCS.NS,2026-08-02T18:42:50.192839,-2.5252,-0.3794,-0.7281,-3.4679,2517426.0,2178959.0,1.6522,1.9089,spike,101.09,3.2741,-8.38,-0.264,66.25,48.0,1.2624,0.9539,0.0652,-0.8776,0.62,0.0,0.3725,weakened
2026-01-09,3075.239584998998,3112.5356118812538,3075.239584998998,3091.43017578125,1938673,yfinance:TCS.NS,2026-08-02T18:42:50.192839,0.5265,-1.4743,-1.3197,-2.2012,2668296.0,2180175.0,0.7266,0.8892,dry,37.3,1.2064,-12.43,-0.4026,67.0,47.97,1.2517,0.9236,0.3514,-0.48,0.56,-0.12,0.416,weakened
2026-01-12,3086.804068110982,3134.026484388671,3059.145271347969,3122.076416015625,2228342,yfinance:TCS.NS,2026-08-02T18:42:50.192839,1.1427,-1.6992,0.7307,-0.366,2645624.0,2234264.0,0.8423,0.9973,dry,74.88,2.3984,-4.63,-0.1496,70.47,50.11,1.2724,0.9445,3.1667,0.52,0.6,-0.32,0.612,strengthened
2026-01-13,3127.2804209827063,3161.0107182814413,3094.031985073954,3149.446044921875,5645341,yfinance:TCS.NS,2026-08-02T18:42:50.192839,0.7088,2.0007,0.3747,0.653,3192227.0,2438422.0,1.7685,2.3152,spike,66.98,2.1267,5.2,0.1667,72.65,52.74,1.2826,0.95,0.6129,-0.24,0.56,-0.1,0.466,mixed
2026-01-14,3141.736098705462,3141.736098705462,3067.529448521315,3076.684814453125,3539511,yfinance:TCS.NS,2026-08-02T18:42:50.192839,-2.0706,-0.477,-3.1284,-0.4273,3502241.0,2528666.0,1.0106,1.3998,normal,74.21,2.4119,-7.71,-0.2448,74.11,56.45,1.4264,1.0305,0.6667,-0.2,0.52,-0.02,0.466,mixed
2026-01-15,3076.684814453125,3076.684814453125,3076.684814453125,3076.684814453125,0,yfinance:TCS.NS,2026-08-02T18:42:50.192839,0.0,-1.4539,-0.3558,-1.0814,2670373.0,2459849.0,0.0,0.0,dry,0.0,0.0,0.0,0.0,52.21,53.14,1.423,1.004,0.0,0.0,0.5,0.0,0.5,mixed
2026-01-16,3159.0110444402844,3161.464149941515,3111.519017760894,3146.54931640625,4293470,yfinance:TCS.NS,2026-08-02T18:42:50.192839,-0.3945,-0.092,1.783,0.4397,3141333.0,2559151.0,1.3668,1.6777,elevated,49.95,1.5873,82.33,2.6758,61.71,56.09,1.4197,0.9844,0.7241,-0.16,0.5,-0.08,0.46,mixed
2026-01-19,3128.2002715520307,3159.600023336744,3092.973770842994,3104.258056640625,3387562,yfinance:TCS.NS,2026-08-02T18:42:50.192839,-0.7654,0.8962,-0.5707,0.1558,3373177.0,2533404.0,1.0043,1.3372,normal,66.63,2.1463,-18.35,-0.5831,60.06,58.92,1.4204,0.9912,0.7241,-0.16,0.48,-0.12,0.448,weakened
2026-01-20,3092.4832014713097,3100.7255406282875,3033.118044759914,3044.10791015625,4499273,yfinance:TCS.NS,2026-08-02T18:42:50.192839,-1.5643,-1.0588,-3.3447,-2.9825,3143963.0,2626726.0,1.4311,1.7129,elevated,67.61,2.2209,-11.77,-0.3793,60.89,60.67,1.3936,1.0274,0.0417,-0.92,0.4,-0.34,0.242,deteriorated
2026-01-21,3041.8509292683366,3079.6287553253787,3024.188569033875,3064.027099609375,2015150,yfinance:TCS.NS,2026-08-02T18:42:50.192839,0.729,-2.6226,-0.4114,-3.527,2839091.0,2609213.0,0.7098,0.7723,dry,55.44,1.8094,-2.26,-0.0741,55.6,62.16,1.2778,1.0337,0.5152,-0.32,0.38,-0.5,0.338,weakened
2026-01-22,3090.9130188550284,3100.7254411371077,3063.7326570458863,3091.305419921875,2269827,yfinance:TCS.NS,2026-08-02T18:42:50.192839,0.0127,-0.4173,0.4752,0.1177,3293056.0,2654319.0,0.6893,0.8551,dry,36.99,1.1967,26.89,0.8775,63.0,62.41,1.0442,1.0153,4.0,0.6,0.44,-0.06,0.59,strengthened
2026-01-23,3130.457047950816,3134.578217290946,3092.875423666008,3103.178466796875,2068857,yfinance:TCS.NS,2026-08-02T18:42:50.192839,-0.8714,1.9405,-1.3784,0.38,2848134.0,2698929.0,0.7264,0.7665,dry,41.7,1.3439,39.15,1.2665,54.69,61.39,1.0344,1.0245,0.3158,-0.52,0.38,-0.18,0.33,weakened
2026-01-27,3115.4440572399217,3115.4440572399217,3071.2881572160486,3098.762939453125,4279874,yfinance:TCS.NS,2026-08-02T18:42:50.192839,-0.5354,1.1337,-0.177,-0.7467,3026596.0,2808949.0,1.4141,1.5237,elevated,44.16,1.425,12.27,0.3953,50.2,60.54,0.9005,1.0174,2.125,0.36,0.46,-0.2,0.536,mixed
2026-01-28,3116.425451779539,3145.0776781720924,3111.1268393421374,3140.073486328125,2751234,yfinance:TCS.NS,2026-08-02T18:42:50.192839,0.7588,1.5776,3.1525,-0.2976,2676988.0,2806131.0,1.0277,0.9804,normal,33.95,1.0812,17.66,0.57,45.24,58.52,0.9079,1.0217,2.3333,0.4,0.42,0.06,0.554,strengthened
2026-01-29,3140.07335254898,3140.07335254898,3066.9708064954257,3085.41796875,2457641,yfinance:TCS.NS,2026-08-02T18:42:50.192839,-1.7406,-0.5723,0.6981,0.2838,2765487.0,2760881.0,0.8887,0.8902,dry,73.1,2.3693,-0.0,-0.0,48.77,55.92,0.8473,1.0633,0.8462,-0.0833,0.4,0.02,0.4453,weakened
2026-01-30,3082.082073579965,3082.082073579965,3034.001200735196,3065.302734375,3022068,yfinance:TCS.NS,2026-08-02T18:42:50.192839,-0.5444,-1.0798,-0.8412,-0.3699,2915935.0,2849198.0,1.0364,1.0607,normal,48.08,1.5686,-3.34,-0.1081,51.65,56.93,0.8334,1.0579,1.0833,0.04,0.4,-0.04,0.464,mixed
2026-02-02,3138.0126916764966,3138.0126916764966,3075.2131881532646,3110.1455078125,2636272,yfinance:TCS.NS,2026-08-02T18:42:50.192839,-0.8881,-0.9531,0.2245,-1.1569,3029418.0,2921795.0,0.8702,0.9023,dry,62.8,2.0192,72.71,2.372,57.54,56.77,0.8416,1.0082,0.2821,-0.56,0.4,-0.28,0.32,weakened
2026-02-03,3287.1616459496977,3287.1616459496977,3126.532332237451,3164.80078125,4366060,yfinance:TCS.NS,2026-08-02T18:42:50.192839,-3.7224,2.5728,2.1311,1.9503,3046655.0,3023013.0,1.4331,1.4443,elevated,160.63,5.0755,177.02,5.6916,84.11,64.63,1.3154,1.1901,11.5,0.84,0.54,0.34,0.718,strongly_participatory
2026-02-04,3061.475843095512,3061.475843095512,2929.9893806035893,2942.84375,10852595,yfinance:TCS.NS,2026-08-02T18:42:50.192839,-3.875,-3.995,-6.2811,-3.3266,4666927.0,3420026.0,2.3254,3.1732,spike,131.49,4.468,-103.32,-3.2648,121.81,75.56,1.6241,1.3404,2.3333,0.4,0.56,0.0,0.604,strengthened
2026-02-05,2933.9143670738968,2972.869637012123,2916.5464269268496,2935.38623046875,3521545,yfinance:TCS.NS,2026-08-02T18:42:50.192839,0.0502,-5.619,-4.8626,-4.1984,4879708.0,3496632.0,0.7217,1.0071,dry,56.32,1.9188,-8.93,-0.3034,118.46,79.58,1.5534,1.3438,0.6129,-0.24,0.5,0.06,0.458,mixed
2026-02-06,2920.765595757455,2929.0079343210614,2861.302223276454,2886.422119140625,4687389,yfinance:TCS.NS,2026-08-02T18:42:50.192839,-1.1758,-8.7961,-5.8357,-6.6277,5212772.0,3523034.0,0.8992,1.3305,dry,67.71,2.3457,-14.62,-0.4981,122.99,78.81,1.5003,1.337,0.7857,-0.12,0.52,-0.02,0.482,mixed
2026-02-09,2903.5941220720847,2921.15826303242,2882.3991930324937,2892.8984375,2380318,yfinance:TCS.NS,2026-08-02T18:42:50.192839,-0.3684,-1.6972,-6.9851,-6.7763,5161581.0,3545116.0,0.4612,0.6714,dry,38.76,1.3398,17.17,0.5949,116.2,76.82,1.5228,1.3347,2.8462,0.48,0.56,0.34,0.654,strengthened
2026-02-10,2894.468444356794,2955.109263473934,2888.2865702537815,2928.61572265625,3547763,yfinance:TCS.NS,2026-08-02T18:42:50.192839,1.1797,-0.2307,-7.4629,-5.4908,4997922.0,3611088.0,0.7098,0.9825,dry,66.82,2.2817,1.57,0.0543,94.16,76.52,1.6935,1.3688,1.2273,0.102,0.6,0.2,0.5804,strengthened
2026-02-11,2924.1019081110685,2941.76426862986,2849.723697569715,2855.21875,3363513,yfinance:TCS.NS,2026-08-02T18:42:50.192839,-2.3557,-1.081,-2.9776,-9.0716,3500106.0,3496996.0,0.961,0.9618,normal,92.04,3.2236,-4.51,-0.1541,65.61,79.13,1.6119,1.4095,1.2727,0.12,0.64,0.2,0.6,strengthened
2026-02-12,2815.9690535680857,2825.977676593803,2688.603761759382,2698.514404296875,10612156,yfinance:TCS.NS,2026-08-02T18:42:50.192839,-4.171,-6.7194,-8.0695,-12.5397,4918228.0,3850628.0,2.1577,2.756,spike,137.37,5.0907,-39.25,-1.3747,87.66,88.39,1.8447,1.5562,0.7857,-0.12,0.62,0.1,0.534,mixed
2026-02-13,2536.5113141072056,2662.110326952746,2536.5113141072056,2641.700439453125,11168735,yfinance:TCS.NS,2026-08-02T18:42:50.192839,4.147,-9.797,-8.4784,-13.8193,6214497.0,4409065.0,1.7972,2.5331,spike,125.6,4.7545,-162.0,-6.0034,105.25,96.87,2.5867,1.7776,0.1628,-0.72,0.52,-0.08,0.356,weakened
2026-02-16,2649.3540277067937,2668.7826718221954,2620.898002964758,2655.830322265625,2918730,yfinance:TCS.NS,2026-08-02T18:42:50.192839,0.2444,-6.9833,-8.1948,-14.6075,6322179.0,4340328.0,0.4617,0.6725,dry,47.88,1.803,7.65,0.2897,107.07,97.14,2.6224,1.7729,2.8462,0.48,0.56,0.04,0.624,strengthened
2026-02-17,2665.0538469624375,2708.228504276998,2644.6439610469733,2666.427490234375,4209118,yfinance:TCS.NS,2026-08-02T18:42:50.192839,0.0515,-1.1891,-8.9526,-15.7474,6454450.0,4381406.0,0.6521,0.9607,dry,63.58,2.3846,9.22,0.3473,106.43,98.37,2.454,1.7754,1.381,0.16,0.58,0.06,0.57,strengthened
2026-02-18,2678.7913077273606,2678.7913077273606,2607.4550449905755,2644.349609375,2950820,yfinance:TCS.NS,2026-08-02T18:42:50.192839,-1.2857,0.1003,-7.3854,-10.1431,6371912.0,4303983.0,0.4631,0.6856,dry,71.34,2.6977,12.36,0.4637,102.28,98.24,2.1963,1.7427,2.5,0.4286,0.62,0.2,0.6537,strengthened
2026-02-19,2657.2039438116426,2697.140454434555,2616.5806115438327,2627.66845703125,3238849,yfinance:TCS.NS,2026-08-02T18:42:50.192839,-1.1115,-1.0604,-2.6254,-10.483,4897250.0,4365168.0,0.6614,0.742,dry,80.56,3.0658,12.85,0.4861,85.07,100.33,2.2024,1.6937,0.1111,-0.8,0.56,0.16,0.38,weakened
2026-02-20,2616.973184248376,2651.905505554349,2597.838959616639,2635.81298828125,2293482,yfinance:TCS.NS,2026-08-02T18:42:50.192839,0.7199,-1.1481,-0.2229,-8.6823,3122200.0,4366351.0,0.7346,0.5253,dry,54.07,2.0512,-10.7,-0.407,63.49,98.99,2.2179,1.6754,2.125,0.36,0.6,0.06,0.618,strengthened
2026-02-23,2635.616634548502,2653.2789947204583,2610.3005370564806,2626.0986328125,4699596,yfinance:TCS.NS,2026-08-02T18:42:50.192839,-0.3611,-0.6902,-1.1195,-9.2226,3478373.0,4497888.0,1.3511,1.0448,elevated,42.98,1.6366,-0.2,-0.0074,62.51,89.42,2.2178,1.6631,2.5714,0.44,0.66,0.18,0.67,strengthened
2026-02-24,2591.460746119642,2597.8388206557183,2513.255787797201,2525.423095703125,7798833,yfinance:TCS.NS,2026-08-02T18:42:50.192839,-2.5483,-3.8911,-5.2881,-13.7673,4196316.0,4673836.0,1.8585,1.6686,spike,84.58,3.3493,-34.64,-1.319,72.36,80.71,2.2556,1.6661,0.6667,-0.2,0.66,0.02,0.526,mixed
2026-02-25,2547.3048106742554,2604.4130601353972,2546.3235684513456,2579.980224609375,3621285,yfinance:TCS.NS,2026-08-02T18:42:50.192839,1.2827,-2.1182,-2.4342,-9.6398,4330409.0,4717338.0,0.8362,0.7677,dry,58.09,2.2515,21.88,0.8665,73.89,82.33,2.2463,1.6863,2.8462,0.48,0.68,0.28,0.696,strengthened
2026-02-26,2600.292061423079,2620.8981494569975,2585.573427113137,2598.03515625,3464267,yfinance:TCS.NS,2026-08-02T18:42:50.192839,-0.0868,-1.0686,-1.1277,-3.7235,4375493.0,4767670.0,0.7917,0.7266,dry,35.32,1.3597,20.31,0.7873,65.96,79.96,1.7899,1.6698,1.0417,0.0204,0.66,0.12,0.5801,strengthened
2026-02-27,2631.299321894741,2638.168017666852,2576.8403768444346,2587.92822265625,5083717,yfinance:TCS.NS,2026-08-02T18:42:50.192839,-1.6483,2.475,-1.8167,-2.0355,4933540.0,4870752.0,1.0304,1.0437,normal,61.33,2.3698,33.26,1.2804,67.41,81.57,1.1649,1.6751,0.0889,-0.8367,0.52,0.02,0.3427,weakened
2026-03-02,2543.37985460111,2574.5834053591284,2531.8993684474203,2564.4765625,3374385,yfinance:TCS.NS,2026-08-02T18:42:50.192839,0.8295,-0.6009,-2.3465,-3.4397,4668497.0,4907658.0,0.7228,0.6876,dry,42.68,1.6644,-44.55,-1.7214,70.02,80.8,1.2185,1.6974,0.1905,-0.68,0.46,-0.34,0.314,weakened
2026-03-04,2575.7609535201655,2585.5733762002424,2531.997452542583,2539.2587890625,3446434,yfinance:TCS.NS,2026-08-02T18:42:50.192839,-1.4171,-2.2623,0.5479,-4.7693,3798018.0,4861676.0,0.9074,0.7089,normal,53.58,2.1099,11.28,0.44,58.17,78.05,1.2441,1.7031,0.087,-0.84,0.34,-0.48,0.22,deteriorated
2026-03-05,2551.229777430436,2560.551578540278,2498.6350985020495,2530.427490234375,2960636,yfinance:TCS.NS,2026-08-02T18:42:50.192839,-0.8154,-2.2219,-1.9207,-4.3081,3665888.0,4467079.0,0.8076,0.6628,dry,61.92,2.4469,11.97,0.4714,54.75,70.57,1.2225,1.6951,3.5455,0.56,0.4,-0.12,0.56,strengthened
2026-03-06,2523.7550365456814,2570.069622274581,2505.7002751879877,2509.625244140625,3998643,yfinance:TCS.NS,2026-08-02T18:42:50.192839,-0.5599,-2.1389,-3.403,-4.4923,3772763.0,4490933.0,1.0599,0.8904,normal,64.37,2.5649,-6.67,-0.2637,59.44,63.6,1.2049,1.6751,0.2821,-0.56,0.36,-0.08,0.324,weakened
2026-03-09,2482.54302502939,2511.9802941008847,2458.0119674698108,2479.99169921875,3653428,yfinance:TCS.NS,2026-08-02T18:42:50.192839,-0.1028,-2.334,-4.1708,-5.9117,3486705.0,4439235.0,1.0478,0.823,normal,53.97,2.1761,-27.08,-1.0791,57.97,64.03,1.1418,1.6736,0.2195,-0.64,0.24,-0.66,0.202,deteriorated
2026-03-10,2493.3365235176843,2497.45769299971,2443.39138949283,2465.9599609375,4323710,yfinance:TCS.NS,2026-08-02T18:42:50.192839,-1.098,-2.5477,-3.8416,-6.098,3676570.0,4536405.0,1.176,0.9531,elevated,54.07,2.1925,13.34,0.5381,57.58,63.35,1.1525,1.6749,4.5556,0.64,0.34,0.0,0.564,strengthened
2026-03-11,2461.053921737681,2473.711851651557,2413.954291083466,2418.6640625,2720664,yfinance:TCS.NS,2026-08-02T18:42:50.192839,-1.7224,-3.6245,-4.7492,-4.2274,3531416.0,4495050.0,0.7704,0.6053,dry,59.76,2.4707,-4.91,-0.199,58.82,62.53,1.0207,1.6847,0.1905,-0.68,0.22,-0.18,0.234,deteriorated
2026-03-12,2413.6596961153996,2426.513825649523,2390.3060830242093,2396.5859375,2752075,yfinance:TCS.NS,2026-08-02T18:42:50.192839,-0.7074,-3.3631,-5.2893,-7.1084,3489704.0,4464478.0,0.7886,0.6164,dry,36.21,1.5108,-5.0,-0.2069,53.67,59.36,0.7966,1.6607,0.2895,-0.551,0.22,-0.46,0.2318,deteriorated
2026-03-13,2391.287343235487,2400.0203033629555,2352.0376535639975,2365.284423828125,2466488,yfinance:TCS.NS,2026-08-02T18:42:50.192839,-1.0874,-4.0826,-5.7515,-8.9587,3183273.0,4057195.0,0.7748,0.6079,dry,47.98,2.0286,-5.3,-0.2211,50.4,58.92,0.7688,1.6521,0.087,-0.84,0.16,-0.52,0.144,deteriorated
2026-03-16,2364.793830777467,2379.5124645789865,2321.7173916761253,2364.0087890625,3807907,yfinance:TCS.NS,2026-08-02T18:42:50.192839,-0.0332,-2.2597,-4.6767,-8.6525,3214169.0,3689153.0,1.1847,1.0322,elevated,57.8,2.4448,-0.49,-0.0207,51.16,59.98,0.7478,1.6572,2.5,0.4286,0.14,-0.54,0.3877,weakened
2026-03-17,2374.606363172278,2374.606363172278,2315.7318252423875,2346.837158203125,2993367,yfinance:TCS.NS,2026-08-02T18:42:50.192839,-1.1694,-2.0758,-4.8307,-8.4867,2948100.0,3692885.0,1.0154,0.8106,normal,58.87,2.5087,10.6,0.4483,52.12,56.13,0.5405,1.6588,2.125,0.36,0.16,-0.12,0.424,weakened
2026-03-18,2364.793804301608,2436.326267951688,2364.793804301608,2395.01611328125,3082388,yfinance:TCS.NS,2026-08-02T18:42:50.192839,1.278,1.257,-0.9777,-5.6805,3020445.0,3636549.0,1.0205,0.8476,normal,71.53,2.9867,17.96,0.7651,58.07,56.88,0.8316,1.6015,3.1667,0.52,0.16,-0.02,0.466,mixed
2026-03-19,2371.6624152761565,2378.5311107279285,2306.115387909886,2311.806640625,2757060,yfinance:TCS.NS,2026-08-02T18:42:50.192839,-2.5238,-2.2082,-3.5375,-8.6397,3021442.0,3626861.0,0.9125,0.7602,normal,72.42,3.1324,-23.35,-0.9751,68.61,60.3,1.0318,1.5232,0.0204,-0.96,0.12,-0.32,0.124,deteriorated
2026-03-20,2341.2440023374425,2362.6351312433567,2319.8528734315287,2345.7578125,4206320,yfinance:TCS.NS,2026-08-02T18:42:50.192839,0.1928,-0.046,-0.8256,-6.5296,3369408.0,3675234.0,1.2484,1.1445,elevated,42.78,1.8238,29.44,1.2733,69.18,59.55,1.0755,1.5254,2.5714,0.44,0.14,-0.16,0.428,weakened
2026-03-23,2320.6378037995523,2361.6537756859007,2303.956686393805,2339.085205078125,3860515,yfinance:TCS.NS,2026-08-02T18:42:50.192839,0.7949,-2.3353,-1.0543,-5.6817,3379930.0,3753586.0,1.1422,1.0285,elevated,57.7,2.4667,-25.12,-1.0709,69.16,59.67,1.1645,1.5397,0.087,-0.84,0.1,-0.68,0.104,deteriorated
2026-03-24,2359.0045869106293,2389.7172776589064,2334.47353068287,2353.803955078125,3420182,yfinance:TCS.NS,2026-08-02T18:42:50.192839,-0.2205,1.8166,0.2969,-4.5482,3465293.0,3689615.0,0.987,0.927,normal,55.24,2.347,19.92,0.8516,68.43,59.79,1.1564,1.5403,7.3333,0.76,0.14,-0.12,0.496,mixed
2026-03-25,2355.864368126978,2376.1762738846405,2325.3478785890734,2332.80517578125,5843778,yfinance:TCS.NS,2026-08-02T18:42:50.192839,-0.9788,-0.5522,-2.5975,-3.5498,4017571.0,3591862.0,1.4546,1.6269,elevated,50.83,2.1789,2.06,0.0875,60.7,59.0,1.0927,1.5104,9.0,0.8,0.14,0.02,0.518,mixed
2026-03-27,2358.808027526138,2376.6668272056972,2340.262645780238,2344.97265625,4979411,yfinance:TCS.NS,2026-08-02T18:42:50.192839,-0.5865,0.2517,1.4346,-2.1536,4462041.0,3659769.0,1.1159,1.3606,elevated,36.4,1.5524,26.0,1.1147,51.69,57.54,1.0901,1.4715,0.1364,-0.76,0.14,-0.04,0.2,deteriorated
2026-03-30,2330.5484146912077,2353.0187649541185,2302.1903717438945,2314.652099609375,6804756,yfinance:TCS.NS,2026-08-02T18:42:50.192839,-0.6821,-1.6633,-1.326,-2.1406,4981728.0,3826793.0,1.3659,1.7782,elevated,50.83,2.1959,-14.42,-0.6151,51.69,57.31,1.0705,1.2982,0.087,-0.84,0.12,-0.46,0.134,deteriorated
2026-04-01,2383.437228779803,2425.6306420517385,2352.9205014959025,2363.02734375,4132661,yfinance:TCS.NS,2026-08-02T18:42:50.192839,-0.8563,1.2955,1.0236,-0.0415,5036158.0,3779240.0,0.8206,1.0935,dry,72.71,3.077,68.79,2.9717,62.35,61.38,1.0714,0.9797,3.5455,0.56,0.08,-0.1,0.434,weakened
2026-04-02,2341.24390183887,2423.570027038862,2331.1370592120925,2404.730224609375,5378361,yfinance:TCS.NS,2026-08-02T18:42:50.192839,2.7116,2.5483,2.1636,2.4669,5427793.0,3879439.0,0.9909,1.3864,normal,92.43,3.8438,-21.78,-0.9218,69.79,63.71,1.4336,1.1385,1.0,0.0,0.06,-0.38,0.286,deteriorated
2026-04-06,2427.593337237373,2435.4432752720936,2402.2772391631793,2427.4951171875,2572417,yfinance:TCS.NS,2026-08-02T18:42:50.192839,-0.004,4.8752,4.0591,1.3561,4773521.0,3835738.0,0.5389,0.6706,dry,33.17,1.3663,22.86,0.9508,66.25,63.49,1.3531,1.1377,9.0,0.8,0.1,0.04,0.504,mixed
2026-04-07,2414.837240451596,2496.182129281132,2402.0810908677395,2492.1591796875,4516550,yfinance:TCS.NS,2026-08-02T18:42:50.192839,3.202,5.4647,6.2767,7.8014,4680949.0,3913534.0,0.9649,1.1541,normal,94.1,3.7759,-12.66,-0.5214,76.3,66.79,1.4737,1.3077,2.5714,0.44,0.14,0.06,0.45,weakened
2026-04-08,2523.755016821873,2531.899375247164,2492.453485493659,2511.195068359375,4769337,yfinance:TCS.NS,2026-08-02T18:42:50.192839,-0.4977,4.4273,8.4913,7.0526,4273865.0,3952069.0,1.1159,1.2068,elevated,39.45,1.5708,31.6,1.2678,74.08,65.5,1.4983,1.2995,4.5556,0.64,0.24,0.32,0.556,strengthened
2026-04-09,2506.0927992754805,2556.136155878084,2483.622446743067,2540.436279296875,5628261,yfinance:TCS.NS,2026-08-02T18:42:50.192839,1.3704,4.6526,7.5077,8.6081,4572985.0,4050810.0,1.2308,1.3894,elevated,72.51,2.8544,-5.1,-0.2032,66.39,66.47,1.5306,1.3222,0.7241,-0.16,0.28,0.1,0.39,weakened
2026-04-10,2517.671257898199,2517.671257898199,2454.1849361455575,2476.94970703125,10480239,yfinance:TCS.NS,2026-08-02T18:42:50.192839,-1.6174,-0.6103,3.0032,5.2318,5593361.0,4358637.0,1.8737,2.4045,spike,63.49,2.5631,-22.77,-0.8961,65.15,66.24,1.6473,1.3449,6.1429,0.72,0.38,0.16,0.612,strengthened
2026-04-13,2443.195026142192,2457.9136601554055,2423.6684008424363,2426.2197265625,3739587,yfinance:TCS.NS,2026-08-02T18:42:50.192839,-0.6948,-3.3839,-0.0525,4.0044,5826795.0,4409583.0,0.6418,0.8481,dry,34.25,1.4115,-33.75,-1.3628,69.18,63.7,1.6269,1.2796,0.3158,-0.52,0.32,0.1,0.334,weakened
2026-04-15,2454.9699887251027,2510.9990192902537,2446.629429262826,2506.975830078125,5261384,yfinance:TCS.NS,2026-08-02T18:42:50.192839,2.1184,-1.3171,0.5945,6.9085,5975762.0,4535048.0,0.8805,1.1602,dry,64.37,2.5676,28.75,1.185,67.31,66.12,1.6986,1.3224,15.6667,0.88,0.48,0.46,0.714,strongly_participatory
2026-04-16,2523.754997213638,2545.3423261167095,2510.0176060935014,2528.56298828125,3905403,yfinance:TCS.NS,2026-08-02T18:42:50.192839,0.1905,2.0837,0.6916,9.2416,5802975.0,4606994.0,0.673,0.8477,dry,35.32,1.397,16.78,0.6693,67.04,64.74,1.6526,1.3243,1.0,0.0,0.48,0.46,0.538,mixed
2026-04-17,2521.7923752088177,2540.435976426315,2507.9567647966655,2533.07666015625,2718206,yfinance:TCS.NS,2026-08-02T18:42:50.192839,0.4475,4.4043,-0.2897,7.1962,5220964.0,4552509.0,0.5206,0.5971,dry,32.48,1.2822,-6.77,-0.2678,59.03,63.11,1.5752,1.301,3.5455,0.56,0.52,0.28,0.648,strengthened
2026-04-20,2538.571963483115,2545.3424392975157,2513.15764504414,2531.212646484375,2288558,yfinance:TCS.NS,2026-08-02T18:42:50.192839,-0.2899,0.9668,2.1907,5.2597,3582628.0,4517269.0,0.6388,0.5066,dry,32.18,1.2715,5.5,0.2169,48.22,61.78,1.4337,1.2882,0.8519,-0.08,0.54,0.38,0.538,mixed
2026-04-21,2511.9802240950007,2564.9673069470045,2511.9802240950007,2561.532958984375,2719959,yfinance:TCS.NS,2026-08-02T18:42:50.192839,1.9727,1.3039,5.5771,5.5217,3378702.0,4499147.0,0.805,0.6045,dry,52.99,2.0686,-19.23,-0.7598,48.16,62.44,1.503,1.324,2.5714,0.44,0.66,0.4,0.692,strengthened
2026-04-22,2531.6050998221144,2531.6050998221144,2456.6382849386455,2490.883544921875,5232045,yfinance:TCS.NS,2026-08-02T18:42:50.192839,-1.6085,-1.6657,-0.6419,-0.0512,3372834.0,4622896.0,1.5512,1.1318,spike,74.97,3.0096,-29.93,-1.1684,52.18,66.3,1.3465,1.3472,0.5625,-0.28,0.58,0.24,0.5,mixed
2026-04-23,2481.5617226658205,2511.4896121641627,2469.0999936393873,2474.496826171875,2509050,yfinance:TCS.NS,2026-08-02T18:42:50.192839,-0.2847,-2.2407,-2.1382,-1.4614,3093564.0,4538033.0,0.8111,0.5529,dry,42.39,1.7131,-9.32,-0.3742,52.99,61.4,1.337,1.3448,0.4706,-0.36,0.5,0.08,0.436,weakened
2026-04-24,2441.3307179215667,2458.0118361710306,2343.991534636913,2351.939453125,5107719,yfinance:TCS.NS,2026-08-02T18:42:50.192839,-3.6616,-8.1823,-7.1509,-7.4199,3571466.0,4600393.0,1.4301,1.1103,elevated,114.02,4.8479,-33.17,-1.3403,72.59,64.12,1.7224,1.4952,0.3514,-0.48,0.48,0.04,0.4,weakened
2026-04-27,2351.9393059532576,2412.874541687738,2351.9393059532576,2401.6884765625,5853425,yfinance:TCS.NS,2026-08-02T18:42:50.192839,2.1152,-3.5809,-5.1171,-3.0385,4284440.0,4722055.0,1.3662,1.2396,elevated,60.94,2.5372,-0.0,-0.0,78.34,66.1,1.8173,1.5431,4.5556,0.64,0.54,0.26,0.67,strengthened
2026-04-28,2398.155951805419,2440.349366669426,2381.867235359066,2398.8427734375,4508363,yfinance:TCS.NS,2026-08-02T18:42:50.192839,0.0286,-3.0574,-6.3513,-1.1284,4642120.0,4655285.0,0.9712,0.9684,normal,58.48,2.4379,-3.53,-0.1471,79.44,63.56,1.7995,1.5122,0.6129,-0.24,0.54,0.2,0.488,mixed
2026-04-29,2405.024637022461,2441.2323784506298,2401.688509360205,2428.280029296875,2835961,yfinance:TCS.NS,2026-08-02T18:42:50.192839,0.967,3.2459,-2.5133,-3.1391,4162904.0,4548112.0,0.6812,0.6235,dry,39.54,1.6285,6.18,0.2577,66.94,63.75,1.6897,1.5174,2.8462,0.48,0.6,0.22,0.658,strengthened
2026-04-30,2432.4995485090735,2444.2744555611544,2392.26861608113,2427.4951171875,3970446,yfinance:TCS.NS,2026-08-02T18:42:50.192839,-0.2057,1.0745,-1.8994,-3.997,4455183.0,4406397.0,0.8912,0.9011,dry,52.01,2.1424,4.22,0.1738,68.86,62.28,1.6891,1.5037,0.3158,-0.52,0.6,0.16,0.452,mixed
2026-05-01,2427.4951171875,2427.4951171875,2427.4951171875,2427.4951171875,0,yfinance:TCS.NS,2026-08-02T18:42:50.192839,0.0,1.1944,3.2125,-4.1681,3433639.0,4199764.0,0.0,0.0,dry,0.0,0.0,0.0,0.0,42.76,56.12,1.6803,1.5037,0.0,0.0,0.58,0.0,0.532,mixed
2026-05-04,2447.2181772447047,2451.4375668418284,2379.512461835769,2385.6943359375,2632358,yfinance:TCS.NS,2026-08-02T18:42:50.192839,-2.514,-1.7537,-0.666,-5.749,2789426.0,4062463.0,0.9437,0.648,normal,71.93,3.0148,19.72,0.8125,44.96,57.45,1.8476,1.5603,2.5714,0.44,0.66,0.24,0.676,strengthened
2026-05-05,2384.418837601779,2414.248508305356,2366.9526763935437,2381.76953125,3385720,yfinance:TCS.NS,2026-08-02T18:42:50.192839,-0.1111,-1.8837,-0.7117,-7.0178,2564897.0,4103129.0,1.32,0.8252,elevated,47.3,1.9857,-1.28,-0.0535,42.72,54.77,1.6693,1.5417,0.6667,-0.2,0.64,0.12,0.528,mixed
2026-05-06,2396.0953597954776,2424.6496051586114,2361.3594798924314,2389.71728515625,3147628,yfinance:TCS.NS,2026-08-02T18:42:50.192839,-0.2662,-1.5562,-1.5881,-4.0615,2627230.0,4034682.0,1.1981,0.7801,elevated,63.29,2.6484,14.33,0.6015,46.9,56.55,1.6261,1.4697,2.125,0.36,0.72,0.18,0.678,strengthened
2026-05-07,2392.4647422177254,2393.9366055534624,2353.018852732181,2356.35498046875,5829594,yfinance:TCS.NS,2026-08-02T18:42:50.192839,-1.5093,-1.2298,-2.9306,-4.7744,2999060.0,4087695.0,1.9438,1.4261,spike,40.92,1.7365,2.75,0.115,44.69,57.16,1.6627,1.496,0.9231,-0.04,0.74,0.14,0.602,strengthened
2026-05-08,2353.018651512491,2361.8498307717123,2330.5483023329007,2349.486083984375,3792199,yfinance:TCS.NS,2026-08-02T18:42:50.192839,-0.1501,-1.3554,-3.2136,-0.1043,3757500.0,3995892.0,1.0092,0.949,normal,31.3,1.3323,-3.34,-0.1416,50.95,57.09,1.2421,1.4882,0.7857,-0.12,0.7,0.04,0.56,strengthened
2026-05-11,2326.5252955775945,2369.699953108347,2326.5252955775945,2348.014404296875,1975188,yfinance:TCS.NS,2026-08-02T18:42:50.192839,0.9237,-1.7451,-1.5794,-2.2348,3626066.0,3570640.0,0.5447,0.5532,dry,43.17,1.8388,-22.96,-0.9773,45.2,56.39,1.0398,1.4984,0.3514,-0.48,0.64,-0.04,0.456,mixed
2026-05-12,2330.450360002076,2330.450360002076,2240.176072372522,2257.151611328125,6347884,yfinance:TCS.NS,2026-08-02T18:42:50.192839,-3.1453,-4.21,-5.2322,-5.9066,4218499.0,3701054.0,1.5048,1.7152,spike,90.27,3.9995,-17.56,-0.748,57.3,56.6,1.3668,1.5954,0.0638,-0.88,0.44,-0.26,0.274,deteriorated
2026-05-13,2262.7444282326155,2265.8843552424923,2226.4384681959255,2230.167236328125,3171843,yfinance:TCS.NS,2026-08-02T18:42:50.192839,-1.4397,-5.0785,-6.6765,-8.1586,4223342.0,3596577.0,0.751,0.8819,dry,39.45,1.7687,5.59,0.2478,52.54,56.39,1.2684,1.6122,0.9231,-0.04,0.42,-0.26,0.434,weakened
2026-05-14,2222.513720137884,2222.513720137884,2165.012827845418,2203.8701171875,5633313,yfinance:TCS.NS,2026-08-02T18:42:50.192839,-0.8389,-6.139,-6.4712,-9.2122,4184085.0,3682973.0,1.3464,1.5296,elevated,57.5,2.6091,-7.65,-0.3432,57.38,51.73,1.2488,1.6143,3.1667,0.52,0.56,-0.1,0.618,strengthened
2026-05-15,2209.7575636145925,2261.665183205434,2209.7575636145925,2221.532470703125,3410637,yfinance:TCS.NS,2026-08-02T18:42:50.192839,0.5329,-1.5781,-5.446,-8.4846,4107773.0,3717594.0,0.8303,0.9174,dry,51.91,2.3366,5.89,0.2671,62.68,51.5,1.3019,1.6124,0.7241,-0.16,0.54,0.16,0.5,mixed
2026-05-18,2221.5322685970373,2249.8900714309348,2209.953563101145,2240.3720703125,3773336,yfinance:TCS.NS,2026-08-02T18:42:50.192839,0.8481,0.4576,-4.5844,-6.0914,4467403.0,3791833.0,0.8446,0.9951,dry,39.94,1.7826,-0.0,-0.0,62.03,50.18,1.2584,1.5354,0.8519,-0.08,0.56,-0.18,0.49,mixed
2026-05-19,2256.857213357978,2333.0017090765828,2254.011706609054,2283.448974609375,10394707,yfinance:TCS.NS,2026-08-02T18:42:50.192839,1.1783,3.6109,1.1651,-4.128,5276767.0,4175571.0,1.9699,2.4894,spike,78.99,3.4592,16.49,0.7358,58.99,53.77,1.3659,1.554,1.0,0.0,0.56,0.04,0.528,mixed
2026-05-20,2280.308816116464,2298.0693970332622,2274.3233820043192,2283.7431640625,2537422,yfinance:TCS.NS,2026-08-02T18:42:50.192839,0.1506,2.8004,2.4023,-4.4346,5149883.0,4040840.0,0.4927,0.6279,dry,23.75,1.0398,-3.14,-0.1375,55.85,51.75,1.3763,1.4251,0.8519,-0.08,0.56,-0.16,0.492,mixed
2026-05-21,2287.275643394801,2292.0836345084317,2270.594525446405,2283.546875,3299087,yfinance:TCS.NS,2026-08-02T18:42:50.192839,-0.163,1.9271,3.6153,-3.0899,4683038.0,4080342.0,0.7045,0.8085,dry,21.49,0.941,3.53,0.1547,47.12,53.28,1.3142,1.424,0.96,-0.0204,0.58,0.04,0.5319,mixed
2026-05-22,2287.373709336333,2296.1066687906364,2264.805139514887,2273.83251953125,2617262,yfinance:TCS.NS,2026-08-02T18:42:50.192839,-0.592,-0.4211,2.3542,-3.22,4524363.0,3955819.0,0.5785,0.6616,dry,31.3,1.3766,3.83,0.1676,41.82,50.38,1.3193,1.3947,1.1739,0.08,0.62,0.04,0.568,strengthened
2026-05-25,2312.321719007271,2313.415817804508,2280.496215777924,2295.61328125,3298364,yfinance:TCS.NS,2026-08-02T18:42:50.192839,-0.7226,0.5198,2.4657,-2.2317,4429368.0,3828066.0,0.7447,0.8616,dry,32.92,1.434,38.49,1.6927,41.75,49.83,1.2572,1.3739,4.5556,0.64,0.76,0.18,0.75,strongly_participatory
2026-05-26,2295.613098349941,2315.205623652634,2260.008270887014,2263.78759765625,3587597,yfinance:TCS.NS,2026-08-02T18:42:50.192839,-1.3864,-0.8653,-0.861,0.294,3067946.0,3782027.0,1.1694,0.9486,elevated,55.2,2.4383,-0.0,-0.0,34.26,49.25,0.908,1.3878,0.6129,-0.24,0.72,0.1,0.55,strengthened
2026-05-27,2262.5943570616037,2283.0821217701528,2248.571147658945,2271.744140625,2653950,yfinance:TCS.NS,2026-08-02T18:42:50.192839,0.4044,-0.0918,-0.5254,1.8643,3091252.0,3772927.0,0.8585,0.7034,dry,34.51,1.5191,-1.19,-0.0527,36.42,48.79,0.8211,1.3208,2.0625,0.3469,0.64,0.1,0.6354,strengthened
2026-05-28,2271.744140625,2271.744140625,2271.744140625,2271.744140625,0,yfinance:TCS.NS,2026-08-02T18:42:50.192839,0.0,-1.0398,-0.5169,3.0798,2431435.0,3574404.0,0.0,0.0,dry,0.0,0.0,0.0,0.0,32.12,46.56,0.7741,1.3188,0.0,0.0,0.64,0.0,0.556,strengthened
2026-05-29,2278.507085795833,2321.2726050840133,2222.81245602518,2246.58203125,16331582,yfinance:TCS.NS,2026-08-02T18:42:50.192839,-1.4011,-0.76,-1.1984,1.1276,5174299.0,4390984.0,3.1563,3.7193,spike,98.46,4.3827,6.76,0.2977,45.55,50.51,0.8689,1.3253,0.1111,-0.8,0.56,-0.06,0.358,weakened
2026-06-01,2271.5452382799426,2322.267132829976,2267.5670504720965,2284.8720703125,7505095,yfinance:TCS.NS,2026-08-02T18:42:50.192839,0.5867,0.5779,-0.4679,1.9863,6015645.0,4634620.0,1.2476,1.6194,elevated,54.7,2.394,24.96,1.1112,52.77,48.21,0.8383,1.3368,0.2195,-0.64,0.46,-0.22,0.334,weakened
2026-06-02,2307.34897134468,2443.9996279549005,2303.569644295269,2433.556884765625,11306127,yfinance:TCS.NS,2026-08-02T18:42:50.192839,5.4698,7.1228,7.4993,6.5737,7559351.0,5030641.0,1.4956,2.2475,elevated,140.43,5.7706,22.48,0.9837,73.56,56.76,1.9631,1.6593,1.2727,0.12,0.48,-0.36,0.48,mixed
2026-06-03,2379.9508308808004,2379.9508308808004,2212.6680838914085,2229.475830078125,15660062,yfinance:TCS.NS,2026-08-02T18:42:50.192839,-6.3226,-0.7614,-1.8606,-2.3762,10160573.0,5656262.0,1.5413,2.7686,spike,167.28,7.5032,-53.61,-2.2028,110.83,67.88,2.8574,1.9857,0.6667,-0.2,0.46,-0.14,0.43,weakened
2026-06-04,2229.4759194813155,2240.8139007540485,2204.5129359355733,2228.77978515625,4867263,yfinance:TCS.NS,2026-08-02T18:42:50.192839,-0.0312,-2.4549,-1.8912,-2.3983,11134026.0,5608146.0,0.4372,0.8679,dry,36.3,1.6287,0.0,0.0,118.09,66.35,2.859,1.9867,0.9231,-0.04,0.44,-0.06,0.462,mixed
2026-06-05,2250.560184151513,2259.4117976453776,2180.0469028924485,2186.9091796875,5019717,yfinance:TCS.NS,2026-08-02T18:42:50.192839,-2.8282,-10.1353,-2.6562,-3.8228,8871653.0,5669522.0,0.5658,0.8854,dry,79.36,3.6291,21.78,0.9772,114.27,69.16,2.9613,1.9446,0.8519,-0.08,0.38,0.0,0.436,weakened
2026-06-08,2158.1668832997775,2165.128711955583,2131.6125282744956,2139.668212890625,6536734,yfinance:TCS.NS,2026-08-02T18:42:50.192839,-0.8571,-4.0282,-6.355,-6.7932,8677981.0,5897599.0,0.7533,1.1084,dry,33.52,1.5664,-28.74,-1.3143,110.2,66.5,2.9622,1.8897,0.2195,-0.64,0.32,-0.2,0.28,deteriorated
2026-06-09,2162.145087858845,2162.145087858845,2121.169801728995,2139.2705078125,4148655,yfinance:TCS.NS,2026-08-02T18:42:50.192839,-1.058,-4.0161,-12.0928,-5.5004,7246486.0,5787638.0,0.5725,0.7168,dry,40.98,1.9154,22.48,1.0505,86.57,67.73,2.9547,1.8907,1.7778,0.28,0.38,-0.16,0.492,mixed
2026-06-10,2139.568864676436,2168.907999188303,2133.1043096144995,2142.154541015625,2848650,yfinance:TCS.NS,2026-08-02T18:42:50.192839,0.1209,-2.0465,-3.9167,-5.7044,4684204.0,5771478.0,0.6081,0.4936,dry,35.8,1.6714,0.3,0.0139,49.55,68.75,2.9453,1.8746,0.6667,-0.2,0.36,-0.1,0.394,weakened
2026-06-11,2115.4013888441136,2142.8509821277357,2098.494090484758,2123.95458984375,3079815,yfinance:TCS.NS,2026-08-02T18:42:50.192839,0.4043,-0.7344,-4.7033,-6.5056,4326714.0,5643803.0,0.7118,0.5457,dry,44.36,2.0884,-26.75,-1.2489,51.16,69.68,2.9577,1.8813,0.5625,-0.28,0.34,-0.26,0.354,weakened
2026-06-12,2138.276030955957,2156.177876796519,2126.3414670622496,2149.61376953125,2124656,yfinance:TCS.NS,2026-08-02T18:42:50.192839,0.5302,0.4835,-1.7054,-4.3163,3747702.0,5579504.0,0.5669,0.3808,dry,29.84,1.388,14.32,0.6743,41.73,69.16,2.962,1.8885,3.1667,0.52,0.42,0.0,0.572,strengthened
2026-06-15,2180.046856932239,2180.046856932239,2147.525221086398,2150.21044921875,3337083,yfinance:TCS.NS,2026-08-02T18:42:50.192839,-1.3686,0.3761,0.4927,-5.8936,3107772.0,5557691.0,1.0738,0.6004,normal,32.52,1.5125,30.43,1.4157,37.18,67.54,2.9543,1.8572,1.9412,0.32,0.5,0.24,0.588,strengthened
2026-06-16,2155.183285992923,2196.954258771743,2148.818282502735,2187.0087890625,3079898,yfinance:TCS.NS,2026-08-02T18:42:50.192839,1.4767,2.9687,2.2315,-10.1312,2894020.0,5191951.0,1.0642,0.5932,normal,48.14,2.201,4.97,0.2313,38.61,68.51,2.223,1.8891,1.6316,0.24,0.52,0.06,0.562,strengthened
2026-06-17,2196.9542720106556,2218.8343055028395,2188.6994835403766,2210.8779296875,2865010,yfinance:TCS.NS,2026-08-02T18:42:50.192839,0.6338,2.85,3.2081,-0.8342,2897292.0,5208330.0,0.9889,0.5501,normal,30.13,1.363,9.95,0.4548,37.81,70.78,1.2419,1.8981,1.8824,0.3061,0.56,0.1,0.5952,strengthened
2026-06-18,2196.9542695909468,2201.927004470057,2170.101501243751,2191.285400390625,3735188,yfinance:TCS.NS,2026-08-02T18:42:50.192839,-0.258,1.9103,3.1701,-1.6823,3028367.0,5230135.0,1.2334,0.7142,elevated,31.83,1.4524,-13.92,-0.6298,37.1,66.66,1.2386,1.8855,1.7778,0.28,0.58,0.18,0.606,strengthened
2026-06-19,2093.521413717831,2126.341464384191,2048.6672473500757,2113.412353515625,13286502,yfinance:TCS.NS,2026-08-02T18:42:50.192839,0.9501,-3.3652,-1.6841,-3.3608,5260736.0,5763597.0,2.5256,2.3052,spike,77.67,3.6753,-97.76,-4.4615,59.18,71.44,0.9253,1.8993,0.7241,-0.16,0.54,0.02,0.486,mixed
2026-06-22,2120.572930884224,2145.237743488044,2109.434053749718,2116.197021484375,4566101,yfinance:TCS.NS,2026-08-02T18:42:50.192839,-0.2064,-4.2825,-1.5819,-1.097,5506540.0,5826984.0,0.8292,0.7836,dry,35.8,1.6919,7.16,0.3388,59.83,62.64,0.8753,1.8859,1.7778,0.28,0.58,0.16,0.604,strengthened
2026-06-23,2099.4885101234904,2102.4721508294924,2043.7938836114508,2048.368896484375,6392736,yfinance:TCS.NS,2026-08-02T18:42:50.192839,-2.4349,-6.522,-6.3392,-4.2492,6169107.0,5967241.0,1.0362,1.0713,normal,58.68,2.8646,-16.71,-0.7896,64.69,52.03,1.1476,1.8533,0.2821,-0.56,0.5,0.1,0.398,weakened
2026-06-24,2049.761258251466,2109.1356624395376,2049.761258251466,2097.49951171875,4747277,yfinance:TCS.NS,2026-08-02T18:42:50.192839,2.329,-0.7529,-5.1282,-2.0846,6545561.0,6071908.0,0.7253,0.7818,dry,59.37,2.8307,1.39,0.068,70.47,53.78,1.368,1.8997,1.5,0.2,0.5,0.02,0.542,mixed
2026-06-25,2121.965363861958,2136.78401555451,2076.61392807904,2083.27734375,4738903,yfinance:TCS.NS,2026-08-02T18:42:50.192839,-1.8232,-1.5556,-4.929,-1.9152,6746304.0,6308853.0,0.7024,0.7512,dry,60.17,2.8882,24.47,1.1664,74.35,52.41,1.5064,1.9201,0.6129,-0.24,0.5,0.18,0.47,mixed
2026-06-26,2083.27734375,2083.27734375,2083.27734375,2083.27734375,0,yfinance:TCS.NS,2026-08-02T18:42:50.192839,0.0,1.7042,-1.4259,-3.086,4089003.0,5492274.0,0.0,0.0,dry,0.0,0.0,0.0,0.0,45.83,48.46,1.4943,1.9156,0.0,0.0,0.52,0.0,0.508,mixed
2026-06-29,2078.6031371123327,2093.521341445675,2059.706744956766,2086.4599609375,3412470,yfinance:TCS.NS,2026-08-02T18:42:50.192839,0.378,-0.5263,-1.4052,-2.9648,3858277.0,5287642.0,0.8845,0.6454,dry,33.81,1.6207,-4.67,-0.2244,45.43,47.94,1.4261,1.9086,0.8519,-0.08,0.42,0.06,0.458,mixed
2026-06-30,2078.60311543387,2092.8251853118586,2007.791421498655,2020.422119140625,6848411,yfinance:TCS.NS,2026-08-02T18:42:50.192839,-2.799,-3.0171,-1.3643,-7.6171,3949412.0,5064757.0,1.734,1.3522,spike,85.03,4.2087,-7.86,-0.3766,47.96,51.46,1.5995,1.9453,0.8519,-0.08,0.46,-0.16,0.452,mixed
2026-07-01,2028.776408877907,2040.8104030555385,1966.0205187179013,1971.788818359375,4658295,yfinance:TCS.NS,2026-08-02T18:42:50.192839,-2.809,-5.3516,-5.9934,-10.8142,3931616.0,4514668.0,1.1848,1.0318,elevated,74.79,3.793,8.35,0.4135,50.76,53.63,1.7354,1.993,1.9412,0.32,0.5,0.02,0.566,strengthened
2026-07-02,1997.0503819057585,2065.5745732846704,1991.580373389582,2056.82275390625,6040621,yfinance:TCS.NS,2026-08-02T18:42:50.192839,2.993,-1.4205,-1.2699,-6.1362,4191959.0,4573336.0,1.441,1.3208,elevated,73.99,3.5975,25.26,1.2811,57.48,58.03,2.089,2.0901,3.5455,0.56,0.6,0.2,0.672,strengthened
2026-07-03,2088.5485393778363,2105.0581154318793,2073.6303355251375,2082.083984375,4028819,yfinance:TCS.NS,2026-08-02T18:42:50.192839,-0.3095,3.0519,-0.0573,-1.4824,4997723.0,4523791.0,0.8061,0.8906,dry,31.43,1.5094,31.73,1.5425,67.13,59.15,2.0399,2.0896,2.125,0.36,0.62,0.34,0.654,strengthened
2026-07-06,2078.6031065753987,2081.5867473982344,2039.4180542258837,2046.3798828125,2567386,yfinance:TCS.NS,2026-08-02T18:42:50.192839,-1.5502,3.7829,-1.921,-3.2992,4828706.0,4325324.0,0.5317,0.5936,dry,42.17,2.0606,-3.48,-0.1672,68.9,58.76,2.0648,2.1002,1.2273,0.102,0.6,0.22,0.5824,strengthened
2026-07-07,2038.8212111731864,2111.124724588052,2037.826664240907,2084.669921875,4769048,yfinance:TCS.NS,2026-08-02T18:42:50.192839,2.2488,1.3539,3.1799,1.7722,4412834.0,4356343.0,1.0807,1.0947,normal,73.3,3.5161,-7.56,-0.3694,66.55,61.73,2.1331,2.1441,1.0,0.0,0.64,0.32,0.588,strengthened
2026-07-08,2082.5813599967723,2098.1956989000228,2037.627885410664,2046.2803955078125,3666985,yfinance:TCS.NS,2026-08-02T18:42:50.192839,-1.7431,-1.7196,3.7779,-2.4419,4214572.0,4397260.0,0.8701,0.8339,dry,60.57,2.9599,-2.09,-0.1002,63.71,63.14,1.9948,2.1572,0.087,-0.84,0.54,-0.02,0.346,weakened
2026-07-09,2046.280350211656,2053.7394523387943,2005.006651774823,2038.323974609375,3791498,yfinance:TCS.NS,2026-08-02T18:42:50.192839,-0.3888,-0.3937,-0.8994,-2.1578,3764747.0,4432844.0,1.0071,0.8553,normal,48.73,2.3908,-0.0,-0.0,54.7,56.43,1.9433,2.1564,1.6316,0.24,0.56,0.0,0.572,strengthened
2026-07-10,2093.7200783959847,2121.666943317309,2053.341620075063,2057.717529296875,6714551,yfinance:TCS.NS,2026-08-02T18:42:50.192839,-1.7195,-1.2929,-1.1703,-1.2269,4301894.0,4662339.0,1.5608,1.4402,spike,68.33,3.3204,55.4,2.7177,61.72,59.83,1.9799,2.1626,4.0,0.6,0.56,0.12,0.656,strengthened
2026-07-13,2063.684994131224,2192.8765503750355,2053.8390761022306,2169.604248046875,12382622,yfinance:TCS.NS,2026-08-02T18:42:50.192839,5.1325,6.0267,6.0216,3.9849,6264941.0,5114616.0,1.9765,2.421,spike,139.04,6.4084,5.97,0.29,81.0,64.59,2.6799,2.3787,0.7241,-0.16,0.58,0.02,0.502,mixed
2026-07-14,2170.996422535663,2215.850586742918,2167.1177865856457,2188.60009765625,9546290,yfinance:TCS.NS,2026-08-02T18:42:50.192839,0.8109,7.3725,4.9854,8.3239,7220389.0,5437936.0,1.3221,1.7555,elevated,48.73,2.2267,1.39,0.0642,76.08,63.73,2.5131,2.1358,0.4706,-0.36,0.52,-0.06,0.43,weakened
2026-07-15,2174.10009765625,2202.89990234375,2145.39990234375,2189.199951171875,5426489,yfinance:TCS.NS,2026-08-02T18:42:50.192839,0.6945,6.3897,6.9844,11.0261,7572290.0,5566010.0,0.7166,0.9749,dry,57.5,2.6265,-14.5,-0.6625,75.47,63.54,2.2691,1.82,1.0833,0.04,0.58,0.02,0.542,mixed
2026-07-16,2206.0,2231.39990234375,2187.800048828125,2201.0,5197595,yfinance:TCS.NS,2026-08-02T18:42:50.192839,-0.2267,1.4471,7.9809,7.0097,7853509.0,5639130.0,0.6618,0.9217,dry,43.6,1.9809,16.8,0.7674,74.44,66.65,2.1178,1.8201,1.0833,0.04,0.56,-0.02,0.53,mixed
2026-07-17,2224.800048828125,2275.0,2215.10009765625,2269.0,5615138,yfinance:TCS.NS,2026-08-02T18:42:50.192839,1.9867,3.6736,10.2678,8.9774,7633627.0,5255562.0,0.7356,1.0684,dry,59.9,2.6399,23.8,1.0813,72.57,69.52,2.1689,1.7852,3.1667,0.52,0.64,0.04,0.664,strengthened
2026-07-20,2280.10009765625,2283.39990234375,2245.10009765625,2251.10009765625,2202693,yfinance:TCS.NS,2026-08-02T18:42:50.192839,-1.2719,2.8275,3.7563,10.004,5597641.0,5137391.0,0.3935,0.4288,dry,38.3,1.7014,11.1,0.4892,52.43,66.18,2.1409,1.794,3.4545,0.551,0.62,0.2,0.6782,strengthened
2026-07-21,2245.10009765625,2259.89990234375,2218.5,2221.10009765625,2382160,yfinance:TCS.NS,2026-08-02T18:42:50.192839,-1.069,0.9132,1.485,6.5444,4164815.0,4936863.0,0.572,0.4825,dry,41.4,1.8639,-6.0,-0.2665,50.96,63.8,2.1056,1.7942,2.125,0.36,0.6,0.22,0.634,strengthened
2026-07-22,2216.0,2226.800048828125,2201.0,2208.300048828125,1599665,yfinance:TCS.NS,2026-08-02T18:42:50.192839,-0.3475,-2.6752,0.8725,7.9178,3399450.0,4779482.0,0.4706,0.3347,dry,25.8,1.1683,-5.1,-0.2296,44.62,58.94,2.0048,1.7954,0.3889,-0.44,0.62,0.12,0.472,mixed
2026-07-23,2204.0,2250.0,2193.60009765625,2242.89990234375,2503539,yfinance:TCS.NS,2026-08-02T18:42:50.192839,1.765,-0.3643,1.9037,10.0365,2860639.0,4667714.0,0.8752,0.5364,dry,56.4,2.5146,-4.3,-0.1947,47.18,59.53,2.0309,1.8227,0.5625,-0.28,0.54,-0.06,0.454,mixed
2026-07-24,2205.10009765625,2264.300048828125,2205.10009765625,2254.300048828125,3211699,yfinance:TCS.NS,2026-08-02T18:42:50.192839,2.2312,1.4948,-0.6479,9.5534,2379951.0,4828299.0,1.3495,0.6652,elevated,59.2,2.6261,-37.8,-1.6853,44.22,60.71,1.9159,1.864,0.5152,-0.32,0.48,-0.18,0.41,weakened
2026-07-27,2286.0,2315.0,2272.39990234375,2295.60009765625,4007292,yfinance:TCS.NS,2026-08-02T18:42:50.192839,0.42,3.9533,1.9768,5.8073,2740871.0,4858040.0,1.4621,0.8249,elevated,42.6,1.8557,31.7,1.4062,48.7,59.81,1.2381,1.8436,7.3333,0.76,0.56,0.14,0.69,strengthened
2026-07-28,2325.0,2417.39990234375,2323.0,2398.0,8248513,yfinance:TCS.NS,2026-08-02T18:42:50.192839,3.1398,6.9152,7.9645,9.5678,3914142.0,4928045.0,2.1074,1.6738,spike,94.4,3.9366,29.4,1.2807,64.78,64.18,1.4955,1.9081,1.6316,0.24,0.54,0.2,0.584,strengthened
2026-07-29,2440.0,2475.5,2415.10009765625,2446.60009765625,7169419,yfinance:TCS.NS,2026-08-02T18:42:50.192839,0.2705,8.5304,10.7911,11.7577,5028092.0,5053601.0,1.4259,1.4187,elevated,60.4,2.4687,42.0,1.7515,75.12,66.24,1.5027,1.9066,2.5714,0.44,0.64,0.28,0.672,strengthened
2026-07-30,2440.0,2495.0,2423.0,2431.800048828125,4901582,yfinance:TCS.NS,2026-08-02T18:42:50.192839,-0.3361,5.9331,8.4221,10.4861,5507701.0,4996649.0,0.89,0.981,dry,72.0,2.9608,-6.6,-0.2698,78.24,65.43,1.5105,1.9073,1.0833,0.04,0.64,0.28,0.592,strengthened
2026-07-31,2385.0,2391.0,2326.10009765625,2365.60009765625,4343683,yfinance:TCS.NS,2026-08-02T18:42:50.192839,-0.8134,-1.3511,4.9372,4.2574,5734098.0,5012392.0,0.7575,0.8666,dry,64.9,2.7435,-46.8,-1.9245,87.54,63.05,1.5006,1.9109,1.9412,0.32,0.64,0.2,0.64,strengthened
