date,open,high,low,close,volume,source,downloaded_at,daily_return_pct,return_3d,return_5d,return_10d,avg_5d_volume,avg_20d_volume,volume_ratio_5d,volume_ratio_20d,volume_state,range_points,range_pct,gap_points,gap_pct,atr_5,atr_14,rolling_volatility_10d,rolling_volatility_30d,sector_close,sector_rs_ratio,sector_zscore,sector_percentile,delivery_pct,delivery_pct_5d,fii_net,dii_net,advance_decline_ratio,net_advances_pct,pct_above_50dma,highs_minus_lows_pct,composite_breadth_score,market_breadth_state
2023-01-02,2877.383741729015,2882.5456478570804,2854.618749078337,2877.78076171875,709547,yfinance:TCS.NS,2026-08-05T14:32:45.912639,0.0138,,,,709547.0,709547.0,1.0,1.0,normal,27.93,0.9704,,,,,,,28737.30078125,0.100140955604167,0.0,1.0,51.97371322408986,51.97371322408986,-1549.7654730546974,-44.56889198941762,1.5,0.2,0.3,-0.06,0.454,mixed
2023-01-03,2869.4429764459805,2929.443629089992,2863.531190519576,2921.811279296875,1245178,yfinance:TCS.NS,2026-08-05T14:32:45.912639,1.825,,,,977362.0,977362.0,1.274,1.274,elevated,65.91,2.2559,-8.34,-0.2897,,,1.2807,1.2807,28962.30078125,0.10088325859761929,0.7071067811865475,1.0,46.893885590630525,49.4337994073602,542.6804033275022,-1044.0161388968909,1.2727,0.12,0.38,-0.02,0.474,mixed
2023-01-04,2917.707917742617,2935.9288318835124,2899.6194872236865,2924.72265625,1231668,yfinance:TCS.NS,2026-08-05T14:32:45.912639,0.2404,,,,1062131.0,1062131.0,1.1596,1.1596,elevated,36.31,1.2415,-4.1,-0.1404,,,0.9868,0.9868,28677.80078125,0.10198559779947387,1.0583612933797943,1.0,53.18150830480554,50.68303570650864,1353.035802563644,343.6366682943155,0.1628,-0.72,0.32,-0.04,0.28,deteriorated
2023-01-05,2938.443570763314,2944.70843071638,2895.869579901462,2921.590576171875,1826057,yfinance:TCS.NS,2026-08-05T14:32:45.912639,-0.5735,1.5223,,,1253112.0,1253112.0,1.4572,1.4572,elevated,48.84,1.6717,13.72,0.4691,,,1.0248,1.0248,28527.75,0.10241223286701107,1.0212790951209496,1.0,60.184238851264205,53.058336492697535,-52.43603652138985,-980.432582186749,1.5,0.2,0.4,-0.16,0.484,mixed
2023-01-06,2911.795886870426,2913.163591658966,2823.5596478743523,2833.7509765625,2488376,yfinance:TCS.NS,2026-08-05T14:32:45.912639,-2.6803,-3.0139,,,1500165.0,1500165.0,1.6587,1.6587,spike,89.6,3.162,-9.79,-0.3353,55.4,,1.6298,1.6298,27956.44921875,0.10136305059306111,0.006730936916827306,0.6,46.12677300221331,51.67202379460069,1181.3207869512319,-606.2676896788757,0.25,-0.6,0.24,-0.2,0.256,deteriorated
2023-01-09,2849.149060614339,2935.620602249584,2842.2224274885925,2929.39990234375,2885060,yfinance:TCS.NS,2026-08-05T14:32:45.912639,2.8167,0.1599,1.7937,,1935268.0,1730981.0,1.4908,1.6667,elevated,93.4,3.1883,15.4,0.5434,70.19,,1.9176,1.9176,28748.150390625,0.10189872609331592,0.5429437464276592,0.6666666666666666,54.13947783322327,52.105176716427366,-870.0433305682933,-375.1031881369534,6.1429,0.72,0.44,-0.02,0.618,strengthened
2023-01-10,2898.5606771633866,2910.031389127808,2850.1190643433856,2899.7958984375,3864655,yfinance:TCS.NS,2026-08-05T14:32:45.912639,0.0426,-0.746,-0.7535,,2459163.0,2035792.0,1.5715,1.8984,spike,59.91,2.0661,-30.84,-1.0527,72.87,,1.7527,1.7527,28502.69921875,0.10173758899753327,0.32445149218549946,0.5714285714285714,44.24420491252038,51.575240580805335,10.504169176824663,-228.33055521316248,0.4706,-0.36,0.32,-0.12,0.344,weakened
2023-01-11,2903.061294014139,2955.473546603415,2886.340350306403,2937.120361328125,2720512,yfinance:TCS.NS,2026-08-05T14:32:45.912639,1.1732,3.6478,0.4239,,2756932.0,2121382.0,0.9868,1.2824,normal,69.13,2.3538,3.27,0.1126,79.43,,1.6558,1.6558,28596.349609375,0.10270962557980555,1.2856418097102762,1.0,52.34048034868772,51.40703498958178,455.00144427338165,1547.0050546201326,0.5806,-0.2653,0.36,-0.14,0.3769,weakened
2023-01-12,2937.3844994888523,2955.914110329725,2925.516768010586,2942.105224609375,2250391,yfinance:TCS.NS,2026-08-05T14:32:45.912639,0.1607,0.4337,0.7022,,2841799.0,2135716.0,0.7919,1.0537,dry,30.4,1.0332,0.26,0.009,75.74,,1.5503,1.5503,28720.30078125,0.10243991687336797,0.8639839275364147,0.8888888888888888,44.2926584575003,48.228718910828995,-258.02698550262426,1304.470066763827,0.8519,-0.08,0.34,-0.02,0.418,weakened
2023-01-13,2949.649271801032,2981.502641592047,2916.207821977424,2977.576171875,1742837,yfinance:TCS.NS,2026-08-05T14:32:45.912639,0.9468,2.6823,5.0754,,2692691.0,2096428.0,0.6472,0.8313,dry,65.29,2.1929,7.54,0.2564,69.2,,1.4743,1.4743,28933.75,0.10291013684278741,1.23524491261821,1.0,44.27416197143795,47.85819670467392,635.1634881228921,-585.5593478106899,2.5714,0.44,0.34,-0.06,0.518,mixed
2023-01-16,2993.323673691548,3025.8107560710764,2976.222878557972,3008.7099609375,1843607,yfinance:TCS.NS,2026-08-05T14:32:45.912639,0.514,2.4374,2.7074,4.5497,2484400.0,2073444.0,0.7421,0.8892,dry,49.59,1.6481,15.75,0.5289,58.74,,1.4684,1.3991,29264.650390625,0.10281038456900027,1.0104877542451085,0.9090909090909091,34.20065733989574,43.870432606008414,872.720805709661,-109.32015855063963,0.5625,-0.28,0.38,0.08,0.404,weakened
2023-01-17,3005.0549468178974,3051.800290054043,2996.9331766913624,3048.73193359375,1688475,yfinance:TCS.NS,2026-08-05T14:32:45.912639,1.4535,3.6242,5.1361,4.3439,2049164.0,2041364.0,0.824,0.8271,dry,54.87,1.7997,-3.66,-0.1215,53.86,,1.4339,1.3678,29498.0,0.10335385224739813,1.4109972810531224,1.0,43.50169976607222,43.72193157671879,95.58885660937229,808.97008649798,2.3333,0.4,0.44,0.04,0.56,strengthened
2023-01-18,3050.1760059457965,3076.3009900989787,3043.182259186601,3059.2001953125,2421189,yfinance:TCS.NS,2026-08-05T14:32:45.912639,0.2959,2.7413,4.1564,4.598,1989300.0,2070581.0,1.2171,1.1693,elevated,33.12,1.0826,1.44,0.0474,46.65,,1.4333,1.3107,29617.80078125,0.1032892420982578,1.205052537911044,0.9230769230769231,39.89735103732461,41.23330571444616,-331.28037685190975,1714.0443551024653,3.1667,0.52,0.48,0.22,0.618,strengthened
2023-01-19,3050.176310188505,3056.4932433752856,3033.030348681528,3043.94970703125,1585044,yfinance:TCS.NS,2026-08-05T14:32:45.912639,-0.2041,1.1713,3.4616,4.1881,1856230.0,2035900.0,0.8539,0.7785,dry,23.46,0.7708,-9.02,-0.295,45.81,56.2,1.4096,1.2725,29632.349609375,0.10272387263101855,0.5790681468180954,0.7142857142857143,50.51397866076219,42.47756975509854,1229.7326851333462,-370.9044135665798,0.6667,-0.2,0.46,0.06,0.45,mixed
2023-01-20,3036.6398008661617,3063.3964349074176,3028.157150767711,3034.92529296875,1529349,yfinance:TCS.NS,2026-08-05T14:32:45.912639,-0.0565,-0.4529,1.926,7.0992,1813533.0,2002130.0,0.8433,0.7639,dry,35.24,1.1611,-7.31,-0.2401,39.8,56.72,0.9214,1.2326,29529.650390625,0.10277552401813299,0.6064001337537432,0.7333333333333333,40.735807395830314,41.76989883997702,-238.13562270441736,925.1094785773587,0.225,-0.6327,0.4,0.0,0.3335,weakened
2023-01-23,3057.3954283238595,3085.370416009231,3028.1571422247093,3081.67041015625,1067916,yfinance:TCS.NS,2026-08-05T14:32:45.912639,0.794,0.7345,2.425,5.198,1658395.0,1943741.0,0.6439,0.5494,dry,57.21,1.8566,22.47,0.7404,41.32,56.1,0.5596,1.1949,30086.0,0.10242871801356944,0.21473464448612636,0.5,46.19378959610771,44.16852529121941,1741.6051745134068,145.26074219905465,1.7778,0.28,0.46,0.06,0.546,mixed
2023-01-24,3090.784799878651,3115.1049457004037,3083.8362182605956,3100.982177734375,1387863,yfinance:TCS.NS,2026-08-05T14:32:45.912639,0.3299,1.8736,1.7138,6.9379,1598272.0,1911043.0,0.8684,0.7262,dry,31.27,1.0083,9.11,0.2958,37.04,55.89,0.5399,1.1572,30316.900390625,0.10228559443013846,0.049227473859919664,0.4117647058823529,48.54022563750339,45.17623046550565,-51.87913921321298,-442.3976050064616,0.6129,-0.24,0.46,0.04,0.44,weakened
2023-01-25,3091.055812758132,3099.80923290407,3072.736663184384,3095.071533203125,874110,yfinance:TCS.NS,2026-08-05T14:32:45.912639,0.1299,1.9818,1.1726,5.3778,1288856.0,1853435.0,0.6782,0.4716,dry,27.07,0.8747,-9.93,-0.3201,36.06,54.42,0.5037,1.1247,30043.900390625,0.10301829965356035,0.8711049843243382,0.8888888888888888,36.60201451029235,44.51716316009919,-642.4357382512976,1231.7094068487925,0.2821,-0.56,0.42,-0.32,0.324,weakened
2023-01-27,3091.68691825546,3109.7352948944294,3052.251259362731,3078.19580078125,1785879,yfinance:TCS.NS,2026-08-05T14:32:45.912639,-0.4364,-0.1128,1.1251,4.6256,1329023.0,1849880.0,1.3438,0.9654,elevated,57.48,1.8675,-3.38,-0.1094,42.32,51.52,0.5709,1.1098,29766.44921875,0.10341158860299275,1.2451133071468274,1.0,48.88738071767893,44.19184357148254,1137.0822011089522,25.88575283995207,0.2821,-0.56,0.32,-0.34,0.282,deteriorated
2023-01-30,3086.272646280671,3120.970609015345,3055.1843591556817,3098.590576171875,1953798,yfinance:TCS.NS,2026-08-05T14:32:45.912639,0.3991,-0.0771,2.0978,4.0642,1413913.0,1855076.0,1.3818,1.0532,elevated,65.79,2.1231,8.08,0.2624,48.43,48.95,0.5353,1.0802,30094.849609375,0.10296082606794676,0.6917292544379023,0.8,43.19489048064956,44.68366018844638,-126.23805920230254,-1608.1535413332674,1.2727,0.12,0.3,-0.22,0.422,weakened
2023-01-31,3112.4428172521584,3112.4428172521584,3024.005764167,3030.954345703125,2820375,yfinance:TCS.NS,2026-08-05T14:32:45.912639,-2.6182,-2.0716,-1.6457,0.7393,1764405.0,1960617.0,1.5985,1.4385,spike,88.44,2.9178,13.85,0.447,54.68,49.6,1.0649,1.2372,29740.349609375,0.10191387745985617,-0.8203148330280156,0.25,45.666450001653786,44.5781922695556,255.6760148547769,863.8063077998944,0.96,-0.0204,0.3,0.0,0.4159,weakened
2023-02-01,3034.8354592445226,3085.3709292765457,3027.616106382806,3075.76025390625,2205161,yfinance:TCS.NS,2026-08-05T14:32:45.912639,1.3485,-0.0791,-0.8134,0.8865,1927865.0,2008616.0,1.1438,1.0979,elevated,57.75,1.8777,3.88,0.128,59.54,48.79,1.0494,1.2312,30018.25,0.10246301013237781,-0.14557273220385653,0.5,43.186347102164824,43.50741656248789,422.3996085553049,265.08879676772716,0.9231,-0.04,0.34,-0.08,0.42,weakened
2023-02-02,3092.5892801632986,3130.490870407494,3086.362678464304,3122.72998046875,1813847,yfinance:TCS.NS,2026-08-05T14:32:45.912639,0.9746,0.779,0.8936,2.0767,2115812.0,2037725.0,0.8573,0.8901,dry,44.13,1.4131,16.83,0.5472,64.84,50.53,1.0919,1.2119,30566.75,0.10216100764617599,-0.7101701794858526,0.25,62.818225476071504,48.75065875564373,-1243.216995225337,1170.4778586441096,0.6667,-0.2,0.28,-0.12,0.36,weakened
2023-02-03,3162.076345772332,3162.076345772332,3115.9626442696253,3142.493896484375,1804469,yfinance:TCS.NS,2026-08-05T14:32:45.912639,-0.6193,3.68,2.0888,3.2374,2119530.0,2036646.0,0.8514,0.886,dry,46.11,1.4674,39.35,1.26,62.56,49.16,1.111,1.2,30597.650390625,0.10270376503965882,0.24590161376764028,0.5,47.89202220209653,48.55158705252724,-556.3523055944356,-225.18972405091108,3.5455,0.56,0.36,-0.08,0.548,mixed
2023-02-06,3134.2363491995434,3134.2363491995434,3101.4787169293004,3122.324462890625,1138714,yfinance:TCS.NS,2026-08-05T14:32:45.912639,-0.3801,1.5139,0.766,2.8798,1956513.0,1969163.0,0.582,0.5783,dry,32.76,1.0491,-8.26,-0.2628,57.61,48.54,1.1184,1.1817,30411.099609375,0.10267055460000823,0.07856488076251766,0.45,38.23325080023182,47.5592591164437,-255.9469274680022,-813.772703917699,0.6667,-0.2,0.38,-0.04,0.408,weakened
2023-02-07,3130.4011068970385,3152.149492409252,3123.632964557196,3133.695068359375,1455647,yfinance:TCS.NS,2026-08-05T14:32:45.912639,0.1052,0.3511,3.3897,1.6882,1683568.0,1897692.0,0.8646,0.7671,dry,28.52,0.91,8.08,0.2587,45.89,46.75,1.0842,1.1581,30310.69921875,0.10338577298213206,1.4445365198009703,0.95,49.670908760038046,48.36015086812054,1389.6222680291255,-530.9056705354297,0.6129,-0.24,0.3,-0.04,0.368,weakened
2023-02-08,3138.658461421749,3194.472944637688,3138.658461421749,3176.605224609375,1986946,yfinance:TCS.NS,2026-08-05T14:32:45.912639,1.209,1.0855,3.2787,2.4387,1639925.0,1803806.0,1.2116,1.1015,elevated,55.81,1.757,4.96,0.1584,46.49,48.73,1.1542,1.1511,30774.05078125,0.10322349979823961,1.0435355376108493,0.8,32.322639008961794,46.187409249479934,-1490.6168263836041,869.2996234216524,3.4545,0.551,0.32,0.02,0.5402,mixed
2023-02-09,3172.0027035874955,3201.421650359285,3163.249283575588,3195.330322265625,1655427,yfinance:TCS.NS,2026-08-05T14:32:45.912639,0.7354,2.3382,2.3249,3.2393,1608241.0,1750552.0,1.0293,0.9457,normal,38.17,1.1946,-4.6,-0.1449,43.18,49.59,1.1768,1.1331,30990.849609375,0.10310560576883991,0.7086307216905262,0.75,37.374511608812554,41.09866647602815,-1156.3990488613126,899.7532269650237,1.2727,0.12,0.38,0.08,0.484,mixed
2023-02-10,3176.5150407476153,3196.6841945451315,3165.821286929602,3192.3525390625,1187821,yfinance:TCS.NS,2026-08-05T14:32:45.912639,0.4986,1.8718,1.5866,3.7086,1484911.0,1697424.0,0.7999,0.6998,dry,30.86,0.9668,-18.82,-0.5888,40.13,49.28,1.169,1.1134,30870.19921875,0.10341211329545041,1.2750954921597817,1.0,49.57488988695299,41.435240012999444,-1032.4345139149261,912.8693213595712,0.8519,-0.08,0.36,0.06,0.434,weakened
2023-02-13,3202.684683091803,3202.684683091803,3134.4617259760194,3142.58349609375,1087939,yfinance:TCS.NS,2026-08-05T14:32:45.912639,-1.8766,-1.071,0.6488,1.4198,1474756.0,1664679.0,0.7377,0.6535,dry,68.22,2.1709,10.33,0.3237,45.57,50.06,1.329,1.1634,30289.650390625,0.1037510653165682,1.7722584540198745,1.0,47.07481374089408,43.20355260113189,207.31456322890304,-339.3048607350596,0.4706,-0.36,0.42,0.06,0.402,weakened
2023-02-14,3162.978405332995,3180.8915095356965,3153.9542158741274,3158.556640625,1579818,yfinance:TCS.NS,2026-08-05T14:32:45.912639,-0.1398,-1.1509,0.7934,4.21,1499590.0,1651489.0,1.0535,0.9566,normal,26.94,0.8528,20.39,0.649,47.27,50.41,0.9863,1.1647,30588.75,0.10325876803154754,0.7007233857963898,0.7,45.59117043528569,42.387604936181425,-412.9387354781626,2397.7609148585834,1.381,0.16,0.38,-0.04,0.48,mixed
2023-02-15,3146.7350075745903,3181.929348066534,3122.504969647513,3177.101318359375,1429449,yfinance:TCS.NS,2026-08-05T14:32:45.912639,0.965,-0.4777,0.0156,3.2948,1388091.0,1638538.0,1.0298,0.8724,normal,59.42,1.8704,-11.82,-0.3743,47.0,52.64,0.9426,1.1338,30934.349609375,0.1027046425245197,-0.3689879752615653,0.4,36.17182407706058,43.157441949801175,1499.748074755309,290.67656932004235,3.0833,0.5102,0.44,0.06,0.584,strengthened
2023-02-16,3183.011851730481,3226.147518559538,3182.831412016641,3210.8515625,1618931,yfinance:TCS.NS,2026-08-05T14:32:45.912639,0.8746,2.1724,0.4857,2.8219,1380792.0,1598425.0,1.1725,1.0128,elevated,43.32,1.3491,5.91,0.186,49.17,52.03,0.9333,1.1408,31434.849609375,0.10214305467974655,-1.367872864746278,0.1,42.24124633284233,44.130788894607136,-1533.095623653281,-354.6044725220165,1.2727,0.12,0.46,0.2,0.528,mixed
2023-02-17,3182.0646250812088,3193.570467173406,3149.442266805479,3159.504150390625,1061369,yfinance:TCS.NS,2026-08-05T14:32:45.912639,-0.709,0.03,-1.029,0.5413,1355501.0,1572241.0,0.783,0.6751,dry,44.13,1.3967,-28.79,-0.8966,55.28,51.72,0.9418,1.1442,31054.849609375,0.10173947676876907,-1.8688339999570958,0.05,44.3148898323217,43.07878888368087,-783.31009912963,1634.4364322961299,0.4286,-0.4,0.46,0.08,0.412,weakened
2023-02-20,3160.271129596154,3178.319508405955,3135.9509832133717,3147.005615234375,1296082,yfinance:TCS.NS,2026-08-05T14:32:45.912639,-0.4198,-0.9473,0.1407,0.7905,1397130.0,1560578.0,0.9277,0.8305,normal,42.37,1.3463,0.77,0.0243,50.11,48.43,0.9442,1.015,31222.349609375,0.10079336291492416,-2.65279008371373,0.05,33.895678757098125,40.44296188692168,1670.7138666121289,-144.1278828179284,0.6129,-0.24,0.46,0.06,0.442,weakened
2023-02-21,3153.0520648453344,3166.498020154709,3108.607927983963,3114.248046875,1139541,yfinance:TCS.NS,2026-08-05T14:32:45.912639,-1.2307,-3.0087,-1.4028,-0.6206,1309074.0,1564159.0,0.8705,0.7285,dry,57.89,1.8589,6.05,0.1921,54.03,48.44,1.0371,0.9314,30947.25,0.10063084916672725,-2.3171046500829124,0.05,50.592671755158364,41.44326215089622,-988.0175973177194,-1359.03069400621,0.6129,-0.24,0.42,-0.02,0.418,weakened
2023-02-22,3081.715617084995,3110.6381891326687,3063.712402699568,3069.623291015625,1218430,yfinance:TCS.NS,2026-08-05T14:32:45.912639,-0.3924,-2.8448,-3.3829,-3.3678,1266871.0,1555688.0,0.9618,0.7832,normal,46.93,1.5287,-32.53,-1.0446,52.25,48.14,0.9479,0.9363,30608.19921875,0.10028761473609438,-2.2267205539935317,0.05,44.91934175666947,43.19276568681799,-349.7461935354897,753.8576745423031,0.087,-0.84,0.36,-0.16,0.26,deteriorated
2023-02-23,3087.175351151494,3115.5112191854573,3075.443904333321,3080.677978515625,1441570,yfinance:TCS.NS,2026-08-05T14:32:45.912639,-0.2105,-2.1076,-4.0542,-3.5881,1231398.0,1584061.0,1.1707,0.91,elevated,40.07,1.3006,17.55,0.5718,51.62,48.12,0.8932,0.9169,30598.400390625,0.10068101401338318,-1.5974683685457152,0.15,42.58462399755233,43.261441219759995,-740.0461615447682,1574.9796625298193,0.7241,-0.16,0.36,-0.08,0.404,weakened
2023-02-24,3088.5289980581183,3098.861651446193,3052.2517986673643,3068.630615234375,977592,yfinance:TCS.NS,2026-08-05T14:32:45.912639,-0.6443,-1.4648,-2.8762,-3.8756,1214643.0,1543646.0,0.8048,0.6333,dry,46.61,1.5189,7.85,0.2548,48.66,48.52,0.8572,0.9262,30514.900390625,0.10056171168683024,-1.5134210593588178,0.1,52.89341031072694,44.97714531544104,-627.9323643658709,672.103567987705,0.8519,-0.08,0.34,-0.18,0.402,weakened
2023-02-27,3059.200182190444,3059.200182190444,2992.421181163278,3006.724609375,1128022,yfinance:TCS.NS,2026-08-05T14:32:45.912639,-1.7153,-2.0491,-4.4576,-4.3232,1181031.0,1502358.0,0.9551,0.7508,normal,66.78,2.221,-9.43,-0.3073,55.43,51.84,0.8268,0.9645,29919.19921875,0.10049482231766156,-1.3980331282492833,0.1,41.286259814218894,46.4552615268652,-662.2273465104797,-756.3474650626252,0.4706,-0.36,0.22,-0.4,0.276,deteriorated
2023-02-28,3003.701381280899,3061.004982816527,2977.8921119899733,2989.57861328125,4116217,yfinance:TCS.NS,2026-08-05T14:32:45.912639,-0.4702,-2.9571,-4.0032,-5.3498,1776366.0,1567150.0,2.3172,2.6266,spike,83.11,2.7801,-3.02,-0.1005,60.47,53.43,0.8236,0.962,29663.94921875,0.10078154433299785,-1.065458462663372,0.3,45.52630099319028,45.44198737447159,1449.469742726979,547.9422982316667,0.4286,-0.4,0.2,-0.28,0.272,deteriorated
2023-03-01,2998.738199575175,3058.297850845702,2991.5188479060203,3055.31982421875,1669307,yfinance:TCS.NS,2026-08-05T14:32:45.912639,1.8868,-0.4338,-0.466,-3.8331,1866542.0,1540357.0,0.8943,1.0837,dry,66.78,2.1857,9.16,0.3064,64.11,55.61,1.0207,0.9885,30097.75,0.1015132301988936,-0.40925235423707507,0.4,50.650107451228514,46.588140513383394,120.38875408260057,-45.387615069540765,6.1429,0.72,0.24,-0.04,0.536,mixed
2023-03-02,3033.0300687433623,3041.0615092127086,2994.22605417747,2997.33935546875,1556538,yfinance:TCS.NS,2026-08-05T14:32:45.912639,-1.1767,-0.3121,-2.7052,-6.6497,1889535.0,1527491.0,0.8238,1.019,dry,46.84,1.5626,-22.29,-0.7295,67.15,57.77,0.9622,1.007,29717.44921875,0.10086125943735445,-0.8833073533216238,0.4,55.80436101697887,49.2320879172687,-689.7314812650338,982.5452143710713,0.4286,-0.4,0.22,-0.1,0.298,deteriorated
2023-03-03,3026.713529386069,3030.3232056286283,3006.0482210242776,3016.019775390625,1043190,yfinance:TCS.NS,2026-08-05T14:32:45.912639,-0.3533,0.8844,-1.7145,-4.5414,1902655.0,1489428.0,0.5483,0.7004,dry,24.27,0.8049,29.37,0.98,64.42,55.26,0.9605,1.0079,29817.05078125,0.10115084142685242,-0.5822583084784569,0.45,44.16660609723768,47.48672707457085,-681.7983894830174,-63.65682685574754,4.5556,0.64,0.32,0.06,0.562,strengthened
2023-03-06,3033.842531496865,3072.691715860364,3031.2256043654165,3042.82177734375,1334132,yfinance:TCS.NS,2026-08-05T14:32:45.912639,0.296,-0.4091,1.2005,-3.3106,1943877.0,1499198.0,0.6863,0.8899,dry,41.47,1.3628,17.82,0.5909,60.52,56.57,0.9911,1.0105,30179.75,0.10082329301414857,-0.7727512898217695,0.4,38.430347007354634,46.915544513198,213.54854862861242,2250.4915566277236,3.0833,0.5102,0.32,0.08,0.538,mixed
2023-03-08,3035.736779184217,3064.614180175268,3005.8216847218846,3059.560546875,1844590,yfinance:TCS.NS,2026-08-05T14:32:45.912639,0.7848,2.0759,2.3409,-1.756,1489551.0,1518646.0,1.2384,1.2146,elevated,58.79,1.9216,-7.08,-0.2328,55.65,56.52,1.0084,1.0103,30065.75,0.10176232247241462,0.06764414799507934,0.65,58.84992022856658,49.58026836027326,-844.209877709317,899.0028580372825,1.7222,0.2653,0.36,-0.06,0.4911,mixed
2023-03-09,3054.6884491786423,3054.6884491786423,3005.82254630904,3011.237060546875,1648500,yfinance:TCS.NS,2026-08-05T14:32:45.912639,-1.4224,-0.1586,-1.4428,-1.9021,1485390.0,1501723.0,1.1098,1.0977,elevated,48.87,1.6228,-4.87,-0.1592,52.66,56.86,1.0803,1.0352,29742.349609375,0.10124408797876923,-0.3092337795200518,0.55,47.42391902735733,48.93503067549902,813.0388816875462,-302.9459069985814,0.3889,-0.44,0.34,0.02,0.35,weakened
2023-03-10,2989.6236484252595,3011.5976379632734,2968.9583426171757,3005.95751953125,1024404,yfinance:TCS.NS,2026-08-05T14:32:45.912639,0.5464,-1.2115,0.2875,-2.4255,1378963.0,1470172.0,0.7429,0.6968,dry,42.64,1.4185,-21.61,-0.7178,48.97,55.52,1.1135,1.0419,29545.5,0.10173994413806671,0.21375264762776058,0.7,56.02826318313619,48.97981110873049,936.2052133238238,-254.2775371861578,0.4286,-0.4,0.26,-0.24,0.3,weakened
2023-03-13,3007.7623794090946,3040.9714410429538,2952.7148231102783,2961.69384765625,1901233,yfinance:TCS.NS,2026-08-05T14:32:45.912639,-1.5317,-3.1987,-1.8012,-3.4848,1550572.0,1505843.0,1.2261,1.2626,elevated,88.26,2.9799,1.8,0.06,60.02,58.8,1.1836,1.0714,29267.0,0.10119567593727577,-0.22240521421114923,0.55,50.89116484406731,50.32472285809641,-1641.188300186717,-539.5375794350894,0.0426,-0.9184,0.18,-0.38,0.1503,deteriorated
2023-03-14,2959.934084802029,2981.9530185255367,2896.223220337673,2901.231689453125,2670334,yfinance:TCS.NS,2026-08-05T14:32:45.912639,-1.9832,-3.6532,-4.6532,-3.5086,1817812.0,1584962.0,1.469,1.6848,elevated,85.73,2.9549,-1.76,-0.0594,65.83,60.78,1.2212,1.1147,28784.69921875,0.10079075926432812,-0.6025384946015109,0.35,60.304292531727754,54.69951196297103,566.0932261673037,57.8749254428098,0.3514,-0.48,0.16,-0.48,0.22,deteriorated
2023-03-15,2932.861497795797,2942.2016217694713,2880.521200296672,2886.747802734375,1780522,yfinance:TCS.NS,2026-08-05T14:32:45.912639,-1.5723,-3.9658,-5.6483,-3.4396,1804999.0,1594998.0,0.9864,1.1163,normal,61.68,2.1367,31.63,1.0902,66.41,61.58,1.2823,1.0529,28716.5,0.10052575358189107,-0.9428122628936124,0.15,47.713391687120385,52.472206254681794,-131.7771350528086,158.42935795775614,0.6129,-0.24,0.2,-0.28,0.304,weakened
2023-03-16,2894.960227384223,2905.608815924938,2862.4731425382656,2874.20458984375,1901060,yfinance:TCS.NS,2026-08-05T14:32:45.912639,-0.717,-2.954,-4.5507,-5.9279,1855511.0,1618578.0,1.0245,1.1745,normal,43.14,1.5008,8.21,0.2845,64.29,61.38,0.9842,1.0136,28517.25,0.1007882804212801,-0.4623020309622038,0.4,60.51714924651205,55.09085229851273,-489.21797808975316,-265.6930879953522,1.2727,0.12,0.26,-0.32,0.396,weakened
2023-03-17,2843.0708376396906,2907.0522516200167,2837.205114597425,2869.060546875,6739966,yfinance:TCS.NS,2026-08-05T14:32:45.912639,0.9141,-1.1089,-4.5542,-4.2798,2998623.0,1874630.0,2.2477,3.5954,spike,69.85,2.4345,-31.13,-1.0832,69.73,63.04,1.091,1.011,28854.44921875,0.09943217162539518,-2.610990653886453,0.05,27.042039167282045,49.29360749534191,2234.6075615049335,-49.657006156974994,2.5714,0.44,0.32,-0.04,0.512,mixed
2023-03-20,2860.3523392948427,2860.3523392948427,2793.0320130478685,2836.57373046875,2289468,yfinance:TCS.NS,2026-08-05T14:32:45.912639,-0.8313,-1.7381,-4.2246,-5.9498,3076270.0,1936035.0,0.7442,1.1826,dry,67.32,2.3733,-8.71,-0.3035,67.28,63.03,1.0941,1.0141,28442.94921875,0.09972853759478781,-1.8353828553391118,0.1,45.60794119627306,48.23696276578306,-1106.9923390808192,-1745.184140025242,0.3514,-0.48,0.3,-0.24,0.3,weakened
2023-03-21,2836.5740979939796,2848.7115912401773,2795.1980927186637,2803.004150390625,1815297,yfinance:TCS.NS,2026-08-05T14:32:45.912639,-1.1835,-2.4772,-3.3857,-7.8814,2905263.0,1961996.0,0.6248,0.9252,dry,53.51,1.9091,0.0,0.0,60.84,60.92,1.0665,1.0269,28164.849609375,0.09952136046405916,-1.8708782604506735,0.1,48.73408621228402,45.922921501894315,780.5733357942744,-587.2646581066724,1.0417,0.0204,0.3,0.06,0.4301,weakened
2023-03-22,2824.616642779389,2836.754134299332,2803.003751733395,2825.29345703125,1123939,yfinance:TCS.NS,2026-08-05T14:32:45.912639,0.024,-1.5255,-2.1288,-7.6569,2773946.0,1961216.0,0.4052,0.5731,dry,33.75,1.1946,21.61,0.771,55.26,58.42,0.9717,1.0258,28217.599609375,0.10012522312821308,-0.8749519512376588,0.2,32.09944868319286,42.8001329011088,-904.5230926622937,1365.2026511073987,1.6667,0.25,0.32,0.02,0.48,mixed
2023-03-23,2810.9445796742175,2839.3258306983194,2798.4010449295647,2819.7431640625,1372218,yfinance:TCS.NS,2026-08-05T14:32:45.912639,0.313,-0.5933,-1.8948,-6.3593,2668178.0,1968905.0,0.5143,0.6969,dry,40.92,1.4514,-14.35,-0.5079,54.81,56.98,0.998,0.992,27999.25,0.10070781053287142,-0.021025197082411726,0.45,46.242624897299905,39.94522803126638,890.1214702247074,591.9987350932314,0.7241,-0.16,0.32,0.0,0.396,weakened
2023-03-24,2841.6271470449155,2860.668276380488,2802.9134594441,2815.99853515625,1329577,yfinance:TCS.NS,2026-08-05T14:32:45.912639,-0.9019,0.4636,-1.8495,-6.3194,1586100.0,1963305.0,0.8383,0.6772,dry,57.75,2.051,21.88,0.7761,52.39,58.75,0.9144,0.9746,27935.650390625,0.10080304184008827,0.11601409418315486,0.6,50.85690057209397,44.708200312228755,886.8900661384046,-404.1452909592718,0.2821,-0.56,0.22,-0.12,0.264,deteriorated
2023-03-27,2829.083234491425,2845.1011698701245,2802.913086548761,2817.62255859375,1524217,yfinance:TCS.NS,2026-08-05T14:32:45.912639,-0.4051,-0.2715,-0.6681,-4.8645,1433050.0,1990637.0,1.0636,0.7657,normal,42.19,1.4973,13.08,0.4647,45.63,57.71,0.8755,0.9594,27948.75,0.10081390253924594,0.11348951850057705,0.6,41.5320511768545,43.89302230834505,978.8223993230673,15.669461770010319,1.2727,0.12,0.24,-0.08,0.412,weakened
2023-03-28,2821.864351628328,2842.2139451414596,2806.6585026044622,2811.847412109375,1303530,yfinance:TCS.NS,2026-08-05T14:32:45.912639,-0.355,-0.28,0.3155,-3.0809,1330696.0,1999412.0,0.9796,0.652,normal,35.56,1.2645,4.24,0.1505,42.03,56.05,0.7373,0.9204,27702.80078125,0.10150047406082163,1.0626390735731788,0.85,43.98594365132371,42.94339379615299,628.2328705967407,757.8367254490649,0.5152,-0.32,0.24,-0.12,0.32,weakened
2023-03-29,2823.6684368917195,2842.619231770187,2801.198296805515,2832.602294921875,1740616,yfinance:TCS.NS,2026-08-05T14:32:45.912639,0.3164,0.5896,0.2587,-1.8757,1454032.0,1880632.0,1.1971,0.9255,elevated,41.42,1.4623,11.82,0.4204,43.57,55.17,0.6621,0.9284,28011.30078125,0.10112355427699173,0.4700168792654742,0.65,55.32321694161659,47.588147447837734,308.87198989791455,-16.89738548247497,8.8,0.7959,0.32,0.02,0.5892,strengthened
2023-03-31,2878.6711597054764,2899.47195965751,2844.4244061128143,2893.064697265625,2382581,yfinance:TCS.NS,2026-08-05T14:32:45.912639,0.5,2.6775,2.6003,0.6562,1656104.0,1916296.0,1.4387,1.2433,elevated,55.05,1.9027,46.07,1.6264,48.76,56.9,0.6848,0.9089,28698.599609375,0.10080856685148305,0.05560197121168491,0.5,43.76191836986369,47.09200614235049,-378.8258247909884,3.300326486272187,6.1429,0.72,0.38,0.2,0.616,strengthened
2023-04-03,2910.256032039784,2910.256032039784,2864.0522245407105,2887.74072265625,1521830,yfinance:TCS.NS,2026-08-05T14:32:45.912639,-0.7737,2.6991,2.5477,0.6511,1694555.0,1914560.0,0.8981,0.7949,dry,46.2,1.6,17.19,0.5942,46.45,53.9,0.5921,0.879,28633.0,0.10085358581553627,0.1253031990112027,0.65,55.74915992426311,48.07045801278433,569.1639571070058,556.2617408346237,1.9412,0.32,0.4,0.2,0.544,mixed
2023-04-05,2874.655829017467,2945.8116578814243,2874.655829017467,2923.6572265625,2655065,yfinance:TCS.NS,2026-08-05T14:32:45.912639,1.7046,3.2145,3.7633,3.07,1920724.0,1995154.0,1.3823,1.3308,elevated,71.16,2.4338,-13.08,-0.4531,52.24,52.86,0.8432,0.9609,28977.19921875,0.10089509356966138,0.21037531076524507,0.7,45.37870282721786,48.83978834285699,-176.90335016897475,264.36556196115663,2.8462,0.48,0.54,0.24,0.636,strengthened
2023-04-06,2910.301099826736,2939.4944408464216,2901.276910369909,2906.420654296875,1703464,yfinance:TCS.NS,2026-08-05T14:32:45.912639,-0.1333,0.4617,3.3634,3.6895,2000711.0,2013621.0,0.8514,0.846,dry,38.22,1.3149,-13.36,-0.4568,52.77,51.18,0.7503,0.9618,28764.55078125,0.10104175366407626,0.41853395783820996,0.7,44.863134774942736,49.0152265675808,2031.9360818255361,100.69794692768455,1.6316,0.24,0.54,0.24,0.588,strengthened
2023-04-10,2905.7894456494955,2952.715237939487,2901.277350236996,2944.954345703125,2203187,yfinance:TCS.NS,2026-08-05T14:32:45.912639,1.3478,1.9813,3.9664,4.2353,2093225.0,2031550.0,1.0525,1.0845,normal,51.44,1.7466,-0.63,-0.0217,54.78,51.78,0.8583,0.9956,29041.599609375,0.10140468794124054,1.0443452741095554,0.9,48.04090765313969,47.558764709885416,14.98588910288608,-127.88341094977991,1.7778,0.28,0.54,0.26,0.598,strengthened
2023-04-11,2945.4957273871946,2953.572333679193,2880.6568316583844,2900.1943359375,2348779,yfinance:TCS.NS,2026-08-05T14:32:45.912639,-1.538,-0.8025,0.2464,2.8531,2086465.0,2066564.0,1.1257,1.1366,elevated,72.92,2.5142,0.54,0.0184,55.99,52.0,1.0084,1.022,28675.75,0.10113752337558739,0.6292547295262477,0.8,46.12330293299882,48.03104162251244,-2287.1515352227693,1236.688954759433,3.1667,0.52,0.62,0.34,0.686,strengthened
2023-04-12,2912.963319978562,2942.7431464979895,2886.8383344135827,2925.326416015625,2417727,yfinance:TCS.NS,2026-08-05T14:32:45.912639,0.4244,0.6505,1.3016,3.8824,2265644.0,2136230.0,1.0671,1.1318,normal,55.9,1.9111,12.77,0.4403,57.93,50.56,0.9664,1.0307,28980.349609375,0.10094172276891016,0.40630980160873204,0.7,36.677034063596686,44.216616450379156,-1504.6512057609625,-88.4471201416285,2.125,0.36,0.68,0.34,0.678,strengthened
2023-04-13,2896.7652748184937,2914.813656593064,2869.692702156639,2877.67919921875,4174070,yfinance:TCS.NS,2026-08-05T14:32:45.912639,-0.6589,-2.2844,-1.5726,2.1315,2569445.0,2249872.0,1.6245,1.8552,spike,45.12,1.568,-28.56,-0.9763,54.82,50.71,0.9846,1.0309,28342.80078125,0.10153122203513706,1.3520043824926327,1.0,44.63483741787713,44.067843368511014,-936.2610068273628,85.93367472782006,1.2727,0.12,0.78,0.36,0.672,strengthened
2023-04-17,2828.2713129172603,2854.7120118386847,2770.651774963389,2833.144287109375,5505048,yfinance:TCS.NS,2026-08-05T14:32:45.912639,0.1723,-2.3119,-2.5212,0.7574,3329762.0,2391608.0,1.6533,2.3018,spike,84.06,2.967,-49.41,-1.7169,68.58,55.94,0.9726,0.9979,27008.19921875,0.10489941458749723,3.580232152101565,1.0,51.232406854516306,45.341697784425726,-250.17643501165082,-695.0244864034933,1.7778,0.28,0.76,0.4,0.7,strongly_participatory
2023-04-18,2847.086786804494,2848.801515098883,2807.064636248936,2825.248291015625,2617302,yfinance:TCS.NS,2026-08-05T14:32:45.912639,-0.767,-3.4211,-4.0648,-0.2596,3412585.0,2433447.0,0.767,1.0756,dry,41.74,1.4773,13.94,0.4921,66.64,56.0,1.0099,1.0019,27166.94921875,0.10399578797996589,2.2291428966172773,0.95,63.08948720968424,48.351413695734635,332.42780114877377,311.8040535203178,0.7857,-0.12,0.7,0.26,0.582,strengthened
2023-04-19,2825.2482224420037,2833.595598009388,2771.779897861731,2788.11376953125,3298034,yfinance:TCS.NS,2026-08-05T14:32:45.912639,-1.3144,-3.1124,-3.8646,-3.6277,3602436.0,2503296.0,0.9155,1.3175,normal,61.82,2.2171,-0.0,-0.0,64.42,56.29,1.0764,0.9363,26687.44921875,0.10447284589388124,2.1280801558179676,0.95,49.396622502654715,49.00607760966581,222.213928039391,-392.6007263200166,0.5806,-0.2653,0.72,0.16,0.5509,strengthened
2023-04-20,2788.474964066555,2809.2306029576653,2777.6459350798887,2801.830810546875,2419999,yfinance:TCS.NS,2026-08-05T14:32:45.912639,0.479,-1.1053,-4.2216,-2.975,3602891.0,2287297.0,0.6717,1.058,dry,31.58,1.1273,0.36,0.013,59.56,55.53,1.0691,0.9343,26637.150390625,0.10518508059078967,2.1682142746657305,1.0,50.06040312578211,51.682751422102896,517.3679759410678,132.39002636155845,1.1739,0.08,0.74,0.16,0.628,strengthened
2023-04-21,2806.523039363576,2855.6597089636048,2798.2208287767953,2852.4111328125,1929184,yfinance:TCS.NS,2026-08-05T14:32:45.912639,1.6351,0.9614,-0.8781,-2.4369,3153913.0,2269283.0,0.6117,0.8501,dry,57.44,2.0137,4.69,0.1675,59.92,57.1,1.0567,0.9978,26822.099609375,0.10634555737074029,2.3157358072910488,1.0,47.404432673870666,52.236670473301615,-552.414177725037,-1370.2957531715408,0.96,-0.0204,0.68,0.04,0.5719,strengthened
2023-04-24,2843.612470588807,2870.5495443318514,2821.09694130206,2864.999755859375,1640676,yfinance:TCS.NS,2026-08-05T14:32:45.912639,0.7521,2.7576,1.1244,-1.4252,2381039.0,2260552.0,0.6891,0.7258,dry,49.45,1.7261,-8.8,-0.3085,48.41,57.67,1.0843,1.0093,27013.650390625,0.10605748258494024,1.8727612616188616,0.95,48.48184167952821,51.686557438303986,-223.71509994342043,-271.35856211588003,2.3333,0.4,0.68,0.22,0.674,strengthened
2023-04-25,2872.399452036514,2879.799243193542,2840.363580045532,2866.08251953125,2024090,yfinance:TCS.NS,2026-08-05T14:32:45.912639,-0.2199,2.2932,1.4453,-2.6782,2262397.0,2305560.0,0.8947,0.8779,dry,39.44,1.3759,7.4,0.2583,47.95,55.71,0.9852,0.9919,26985.80078125,0.10620705839949106,1.6981317121907045,0.95,67.70593689988229,52.6098473763436,-985.983564929173,-269.5479844341736,1.9412,0.32,0.74,0.32,0.692,strengthened
2023-04-26,2870.5946482272543,2895.3208390571563,2870.5946482272543,2886.071044921875,2000029,yfinance:TCS.NS,2026-08-05T14:32:45.912639,0.5391,1.1801,3.5134,-0.487,2002796.0,2336950.0,0.9986,0.8558,normal,24.73,0.8567,4.51,0.1574,41.43,54.5,0.8602,0.9757,27065.0,0.10663480675861352,1.6533637929724079,1.0,46.46111228175102,52.022745332162856,-165.46199267662698,587.6422380599544,1.7778,0.28,0.76,0.12,0.672,strengthened
2023-04-27,2874.20436323212,2887.018668292053,2861.254563139059,2876.866455078125,2434446,yfinance:TCS.NS,2026-08-05T14:32:45.912639,0.0926,0.4142,2.6781,-1.6566,2005685.0,2392194.0,1.2138,1.0177,elevated,25.76,0.8956,-11.87,-0.4112,40.27,51.26,0.8528,0.9676,27355.25,0.10516688588399394,0.9184358229347833,0.75,50.4123787386689,52.093140454740215,-1071.023040846661,244.98554061490296,3.1667,0.52,0.78,0.26,0.742,strongly_participatory
2023-04-28,2888.101376057115,2912.3314117884297,2884.356425727405,2905.112060546875,2931312,yfinance:TCS.NS,2026-08-05T14:32:45.912639,0.589,1.3618,1.8476,0.9533,2206111.0,2462548.0,1.3287,1.1904,elevated,27.97,0.963,11.23,0.3905,35.87,51.06,0.825,0.9433,27708.19921875,0.1048466570350411,0.7009938857569162,0.65,47.722305842358054,52.15671508843769,1786.1709384232352,-1694.2579387409219,4.0,0.6,0.84,0.4,0.796,strongly_participatory
2023-05-02,2919.325382723846,2919.325382723846,2896.7649083596743,2905.24755859375,2321159,yfinance:TCS.NS,2026-08-05T14:32:45.912639,-0.4822,0.6645,1.4048,2.545,2342207.0,2513430.0,0.991,0.9235,normal,22.56,0.7765,14.21,0.4893,30.49,49.0,0.8526,0.8786,28025.0,0.10366628219781446,0.13653131363548868,0.5,54.328255576344375,53.32599786780092,-1340.6160245526137,537.749022387086,1.6316,0.24,0.88,0.6,0.76,strongly_participatory
2023-05-03,2902.1799581876826,2902.1799581876826,2863.5112098592144,2869.6025390625,2468285,yfinance:TCS.NS,2026-08-05T14:32:45.912639,-1.1225,-0.2525,0.1228,1.5699,2431046.0,2549813.0,1.0153,0.968,normal,38.67,1.3475,-3.07,-0.1056,30.95,46.77,0.9002,0.8556,27743.75,0.10343239609146204,-0.020151142183111193,0.45,40.724900361642085,47.92979056015288,2246.7139684821386,-54.8923314642054,0.6129,-0.24,0.88,0.22,0.626,strengthened
2023-05-04,2869.827521986016,2909.804725343185,2867.8874093796485,2906.420654296875,1953253,yfinance:TCS.NS,2026-08-05T14:32:45.912639,1.2751,0.045,0.7051,4.2433,2421691.0,2528347.0,0.8066,0.7725,dry,41.92,1.4422,0.22,0.0078,33.49,45.77,0.8185,0.8793,27883.19921875,0.10423555172042304,0.2817667777972058,0.55,59.22235448748879,50.482039001300436,-1196.9993449532835,1233.7010454674955,3.4545,0.551,0.92,0.28,0.8062,strongly_participatory
2023-05-05,2905.78922896011,2927.44728532503,2896.8102038222487,2915.445068359375,1710027,yfinance:TCS.NS,2026-08-05T14:32:45.912639,0.3323,0.351,1.341,4.055,2276807.0,2537757.0,0.7511,0.6738,dry,30.64,1.0509,-0.63,-0.0217,34.46,43.99,0.8174,0.865,27719.94921875,0.10517497868961982,0.6542493456918488,0.75,36.785191497661756,47.75660155309901,-897.1719846398227,1810.7604643095447,0.7241,-0.16,0.84,0.38,0.642,strengthened
2023-05-08,2928.349685732607,2937.23860110275,2915.9865893662864,2933.4033203125,928235,yfinance:TCS.NS,2026-08-05T14:32:45.912639,0.1726,2.2233,0.9738,2.8394,1876192.0,2451415.0,0.4947,0.3787,dry,21.25,0.7245,12.9,0.4426,31.73,37.9,0.6788,0.8513,27920.94921875,0.10506101699230934,0.5224998837543791,0.65,40.075709398954494,46.22728226441829,1149.0047765052598,307.2760552674842,4.5556,0.64,0.94,0.36,0.84,strongly_participatory
2023-05-09,2935.208616946209,2976.1783582506855,2929.2525624262353,2962.86767578125,1107375,yfinance:TCS.NS,2026-08-05T14:32:45.912639,0.9423,1.9421,1.9833,3.416,1633435.0,2421611.0,0.6779,0.4573,dry,46.93,1.5838,1.81,0.0615,36.6,38.27,0.6986,0.8354,28125.5,0.10534453345829407,0.5970797168628998,0.8,43.46961816317783,44.05555478178499,180.60241403753471,318.69853603058806,1.3333,0.1429,0.94,0.44,0.7486,strongly_participatory
2023-05-10,2968.9584975056696,2983.8484109430083,2947.3456066100516,2966.07080078125,1559987,yfinance:TCS.NS,2026-08-05T14:32:45.912639,-0.0973,1.7365,3.3617,3.4887,1451775.0,2389451.0,1.0745,0.6529,normal,36.5,1.2307,6.09,0.2056,35.56,36.46,0.6912,0.836,28091.75,0.10558512021434228,0.657658395909747,0.8,48.79721092070113,45.6700168935968,1094.5977057600132,-1091.9109651500028,2.8462,0.48,0.94,0.32,0.804,strongly_participatory
2023-05-11,2986.1043045039883,2986.7359537053417,2952.714803365684,2961.874267578125,1719623,yfinance:TCS.NS,2026-08-05T14:32:45.912639,-0.8114,0.9706,1.908,2.6265,1405049.0,2357993.0,1.2239,0.7293,elevated,34.02,1.1486,20.03,0.6754,33.98,36.63,0.7521,0.851,28102.0,0.10539727662010266,0.470071115872253,0.75,43.972194767070405,42.619984949513125,959.6931198502054,-738.5077376257588,1.1739,0.08,0.92,0.48,0.732,strongly_participatory
2023-05-12,2959.1668827295052,2968.958216036899,2941.885648717414,2954.790283203125,1027479,yfinance:TCS.NS,2026-08-05T14:32:45.912639,-0.1479,-0.2726,1.3495,2.7086,1268540.0,2288481.0,0.81,0.449,dry,27.07,0.9162,-2.71,-0.0914,33.26,34.47,0.7558,0.8326,28028.400390625,0.10542129561526635,0.417089215482438,0.75,35.59469255147094,42.38188516027496,-1297.7203810831697,510.35649421528177,0.7857,-0.12,0.88,0.28,0.656,strengthened
2023-05-15,2963.5436844116543,2970.7630356526083,2931.372538570999,2937.418701171875,1150390,yfinance:TCS.NS,2026-08-05T14:32:45.912639,-0.8815,-0.966,0.1369,1.1121,1312971.0,2137297.0,0.8762,0.5382,dry,39.39,1.341,8.75,0.2962,36.78,33.75,0.785,0.8466,28165.400390625,0.10429174307600506,-0.8923561179051565,0.25,51.788739445081454,44.724491169500354,1152.2756260818906,857.3374545638549,2.3333,0.4,0.9,0.26,0.766,strongly_participatory
2023-05-16,2938.4563916534416,2964.4461001565937,2933.267482954537,2940.216064453125,986306,yfinance:TCS.NS,2026-08-05T14:32:45.912639,0.0599,-0.7312,-0.7645,1.2036,1288757.0,1911360.0,0.7653,0.516,dry,31.18,1.0604,1.04,0.0353,33.63,33.16,0.7729,0.8429,28216.0,0.10420385825252074,-0.9309942997248014,0.2,40.644606126129574,44.1594887620907,-1017.2541306410147,-280.7839557259063,0.6667,-0.2,0.88,0.22,0.634,strengthened
2023-05-17,2938.2310945607733,2959.93431554151,2886.161562402632,2895.591796875,1588815,yfinance:TCS.NS,2026-08-05T14:32:45.912639,-1.4512,-2.0035,-2.3762,0.9057,1294523.0,1859935.0,1.2273,0.8542,elevated,73.77,2.5478,-1.98,-0.0675,41.09,36.34,0.8296,0.8864,27942.94921875,0.10362513184299203,-1.5132286243153263,0.1,60.39947524014032,46.47994162597854,42.734832624862065,-151.33947377079363,0.4412,-0.3878,0.82,0.08,0.5584,strengthened
2023-05-18,2911.1587181306295,2913.865975306526,2883.228892329398,2887.605712890625,1369364,yfinance:TCS.NS,2026-08-05T14:32:45.912639,-0.8091,-1.6958,-2.5075,-0.6474,1224471.0,1763502.0,1.1183,0.7765,elevated,30.64,1.061,15.57,0.5376,40.41,36.69,0.7098,0.8942,27892.55078125,0.10352605380328782,-1.4849517539166301,0.1,41.7339736613101,46.03229740482648,-1307.585160264386,-195.90909294824687,0.3514,-0.48,0.8,-0.06,0.518,mixed
2023-05-19,2896.7646688524947,2918.873931901369,2890.492901561237,2908.36083984375,1152449,yfinance:TCS.NS,2026-08-05T14:32:45.912639,0.4003,-1.0834,-1.5713,-0.243,1249465.0,1700124.0,0.9224,0.6779,normal,28.38,0.9758,9.16,0.3172,41.25,36.39,0.7165,0.8859,28303.650390625,0.1027556799107116,-1.9218896891744681,0.05,45.4235078703546,47.998060468603214,307.8841308066136,1414.5278635294512,1.5,0.2,0.84,-0.04,0.672,strengthened
2023-05-22,2914.813188789529,2985.6079108748772,2903.126907529479,2976.809326171875,1333243,yfinance:TCS.NS,2026-08-05T14:32:45.912639,2.1269,2.8049,1.341,1.4797,1286035.0,1670327.0,1.0367,0.7982,normal,82.48,2.7708,6.45,0.2219,49.87,40.67,1.0413,0.9165,29007.30078125,0.10262276206326829,-1.7942284677679117,0.05,49.81967947683304,47.60424847495352,-1215.0429208525259,140.36381051738317,2.3333,0.4,0.86,0.1,0.734,strongly_participatory
2023-05-23,2983.396917684391,3003.204968703597,2969.0485451363493,2975.3203125,1687418,yfinance:TCS.NS,2026-08-05T14:32:45.912639,-0.2707,3.0376,1.1939,0.4203,1426258.0,1672664.0,1.1831,1.0088,elevated,34.16,1.148,6.59,0.2213,50.46,40.13,0.9795,0.9176,28873.69921875,0.10304603819409072,-1.2839116251858163,0.15,58.45714203425943,51.1667556565795,-440.7599230105716,-82.8692721521922,1.1739,0.08,0.86,0.26,0.686,strengthened
2023-05-24,2956.324369747154,2993.5039850346407,2956.324369747154,2981.005615234375,1016555,yfinance:TCS.NS,2026-08-05T14:32:45.912639,0.8349,2.4978,2.9498,0.5035,1311806.0,1622288.0,0.7749,0.6266,dry,37.18,1.2472,-19.0,-0.6385,43.14,39.79,1.032,0.8967,28890.80078125,0.10318182724685963,-1.066673457953508,0.2,35.14013412351018,46.114887433253465,979.6263036636958,599.965003706458,1.381,0.16,0.84,0.04,0.672,strengthened
2023-05-25,2972.5681528543437,2983.3971807335947,2948.293170151878,2972.116943359375,1374917,yfinance:TCS.NS,2026-08-05T14:32:45.912639,-0.0152,-0.1576,2.9267,0.3458,1312916.0,1591032.0,1.0472,0.8642,normal,35.1,1.1811,-8.44,-0.283,44.04,40.11,1.0008,0.8479,28928.75,0.10273921076297368,-1.3936589958152266,0.1,49.47707086825844,47.66350687464313,-238.12091634884288,735.2508437978489,1.7222,0.2653,0.82,0.06,0.6871,strengthened
2023-05-26,2972.1167142054805,3012.8608403328844,2969.8606669045807,3004.062255859375,1791115,yfinance:TCS.NS,2026-08-05T14:32:45.912639,1.0748,0.966,3.2906,1.6675,1440650.0,1558865.0,1.2433,1.149,elevated,43.0,1.4314,-0.0,-0.0,46.38,41.62,1.056,0.8657,29355.900390625,0.10233248566338446,-1.5767388411411616,0.05,50.07906235398739,48.59461777136969,2274.7931679465655,316.4749467617333,8.8,0.7959,0.84,0.3,0.8252,strongly_participatory
2023-05-29,3032.849480091868,3042.9565276981425,2988.811393753336,2996.3466796875,1210372,yfinance:TCS.NS,2026-08-05T14:32:45.912639,-1.2036,0.5146,0.6563,2.0061,1416075.0,1472818.0,0.8547,0.8218,dry,54.15,1.807,28.79,0.9583,40.72,42.14,1.0938,0.8872,29240.19921875,0.10247353847596637,-1.2926367217845565,0.1,37.436347095325786,46.117951295068245,963.1836460599924,1382.4444247839483,2.3333,0.4,0.9,0.54,0.794,strongly_participatory
2023-05-30,2991.5187038651916,3002.302565838326,2979.200773799653,2992.6015625,1344224,yfinance:TCS.NS,2026-08-05T14:32:45.912639,0.0362,0.6892,0.5808,1.7817,1347437.0,1423972.0,0.9976,0.944,normal,23.1,0.772,-4.83,-0.1611,38.51,41.18,1.0938,0.887,29297.650390625,0.10214476323526638,-1.4333891909813232,0.05,52.17553252493518,44.861629393203394,392.9171918233065,1498.9922200604058,0.9231,-0.04,0.9,0.3,0.682,strengthened
2023-05-31,2986.1042492714746,3002.9794392550057,2946.5330909329136,2968.507080078125,5815424,yfinance:TCS.NS,2026-08-05T14:32:45.912639,-0.5893,-1.1836,-0.4193,2.5181,2307210.0,1591329.0,2.5205,3.6544,spike,56.45,1.9015,-6.5,-0.2171,42.36,42.78,0.9894,0.8818,29319.75,0.10124598879861271,-1.890960114146616,0.05,50.375877385865486,47.90877804567445,-148.4589306523706,-791.5399130063892,0.6129,-0.24,0.84,0.28,0.616,strengthened
2023-06-01,2990.6164353941035,3014.0793283694343,2975.7265225443743,2999.640625,1177314,yfinance:TCS.NS,2026-08-05T14:32:45.912639,0.3018,0.1099,0.9261,3.8799,2267690.0,1552532.0,0.5192,0.7583,dry,38.35,1.2786,22.11,0.7448,44.45,44.1,0.9292,0.8432,29446.25,0.10186834062062232,-1.2698131468618452,0.1,50.003942802767014,48.014152432576175,2498.6539407136756,-1.6222258344788854,1.2727,0.12,0.84,0.32,0.692,strengthened
2023-06-02,3001.670995775546,3010.379250409834,2975.681286269555,2983.0361328125,2030661,yfinance:TCS.NS,2026-08-05T14:32:45.912639,-0.6208,-0.3196,-0.6999,2.5676,2315599.0,1568563.0,0.8769,1.2946,dry,34.7,1.1632,2.03,0.0677,42.79,43.77,0.9685,0.8509,29328.150390625,0.1017123853049408,-1.2484973370368002,0.1,50.77158567597581,48.15265709697386,34.790447359268164,177.43088427688085,2.8462,0.48,0.92,0.36,0.8,strongly_participatory
2023-06-05,2991.5192908883414,3002.3483199956295,2964.491883138167,2967.966064453125,1861468,yfinance:TCS.NS,2026-08-05T14:32:45.912639,-0.7873,-0.0182,-0.9472,-0.2971,2445818.0,1615225.0,0.7611,1.1525,dry,37.86,1.2755,8.48,0.2844,39.53,44.24,0.72,0.8124,29238.75,0.1015079668061434,-1.2610435872652968,0.1,50.34457978638945,50.734303635186585,-119.83104711808824,928.2377988286967,1.0417,0.0204,0.9,0.28,0.6921,strengthened
2023-06-06,2959.934505084444,2967.921001860694,2906.3309012594705,2916.88916015625,2022849,yfinance:TCS.NS,2026-08-05T14:32:45.912639,-1.4543,-2.7587,-2.53,-1.9639,2581543.0,1660999.0,0.7836,1.2179,dry,61.59,2.1115,-8.03,-0.2706,47.24,43.38,0.8349,0.8414,28689.05078125,0.1016725573249921,-1.0468044020306495,0.15,42.28518865578906,48.756234861357356,-947.7415998765861,396.9402091589427,1.381,0.16,0.88,0.12,0.696,strengthened
2023-06-07,2935.5691423655453,2958.896762718088,2924.740113866195,2955.33203125,1567196,yfinance:TCS.NS,2026-08-05T14:32:45.912639,0.6732,-0.9287,-0.4438,-0.8612,1731898.0,1661359.0,0.9049,0.9433,normal,34.16,1.1558,18.68,0.6404,44.35,44.19,0.813,0.8518,28913.69921875,0.102212173160241,-0.5701682341334842,0.35,62.926196089158054,51.26629860201588,1903.623988120705,515.405440440807,5.125,0.6735,0.9,0.44,0.8387,strongly_participatory
2023-06-08,2942.7879725257776,2950.9097424591514,2917.52024384417,2920.633544921875,1759366,yfinance:TCS.NS,2026-08-05T14:32:45.912639,-0.7528,-1.5948,-2.6339,-1.7322,1848308.0,1663346.0,0.9519,1.0577,normal,33.39,1.1432,-12.54,-0.4245,42.8,44.66,0.8219,0.854,28591.099609375,0.10215184392433097,-0.5516112561522454,0.35,51.7906633672943,51.62364271492133,-522.1507700557534,-137.76286834970867,0.2821,-0.56,0.88,0.36,0.576,strengthened
2023-06-09,2928.349367716642,2932.8614622739865,2892.568546003746,2896.133056640625,1775689,yfinance:TCS.NS,2026-08-05T14:32:45.912639,-1.1002,-0.7116,-2.9132,-3.5928,1797314.0,1700757.0,0.988,1.0441,normal,40.29,1.3913,7.72,0.2642,43.92,41.64,0.6845,0.8729,28355.349609375,0.10213709569932757,-0.5076968371344136,0.3,38.46957202237881,49.16323998420193,1293.6866496587213,-528.1239290256495,0.5625,-0.28,0.82,0.16,0.588,strengthened
2023-06-12,2901.2771305591828,2936.8323515906563,2897.6674545025,2930.064208984375,2324605,yfinance:TCS.NS,2026-08-05T14:32:45.912639,0.9922,-0.855,-1.277,-2.2121,1889941.0,1759468.0,1.23,1.3212,elevated,39.16,1.3367,5.14,0.1776,44.49,42.11,0.7948,0.8873,28784.0,0.10179489330823982,-0.8459133326782536,0.25,54.296676829939614,49.95365939291197,-343.19800840717215,696.4781465362172,1.9412,0.32,0.88,0.14,0.73,strongly_participatory
2023-06-13,2941.885987673672,2946.398082746791,2922.9351883665713,2927.176513671875,1371928,yfinance:TCS.NS,2026-08-05T14:32:45.912639,-0.5,0.224,0.3527,-2.1862,1759757.0,1778749.0,0.7796,0.7713,dry,23.46,0.8016,11.82,0.4035,36.85,41.13,0.7853,0.8875,28899.30078125,0.10128883518078198,-1.459896097737814,0.1,57.26876463205923,52.95037458816601,953.0621876919788,434.94698788877935,2.5714,0.44,0.92,0.2,0.776,strongly_participatory
2023-06-14,2927.176458412748,2938.140981423725,2911.068411496085,2933.809326171875,1658544,yfinance:TCS.NS,2026-08-05T14:32:45.912639,0.2266,1.3009,-0.7283,-1.1689,1778026.0,1782235.0,0.9328,0.9306,normal,27.07,0.9228,-0.0,-0.0,33.87,40.56,0.8038,0.8686,28855.05078125,0.10167403094914194,-0.8384100170457587,0.25,41.43454145318631,48.65204366097166,-1409.4388961729544,55.224559902517946,1.1304,0.0612,0.9,0.28,0.7002,strongly_participatory
2023-06-15,2950.4006679163926,2952.3552093195044,2918.3083232724543,2924.035888671875,2273810,yfinance:TCS.NS,2026-08-05T14:32:45.912639,-0.8936,-0.2057,0.1165,-2.5205,1880915.0,1827457.0,1.2089,1.2442,elevated,34.05,1.1644,16.59,0.5655,33.11,39.92,0.7928,0.8428,28699.0,0.10188633362388498,-0.4264538397683547,0.45,55.70700903395458,49.435312794303705,2143.262263433996,48.71949509921749,0.9231,-0.04,0.92,0.2,0.68,strengthened
2023-06-16,2906.490065201059,2908.671889511213,2869.2157165388,2886.398193359375,4156189,yfinance:TCS.NS,2026-08-05T14:32:45.912639,-0.6913,-1.3931,-0.3361,-3.2396,2357015.0,1977644.0,1.7633,2.1016,spike,39.46,1.367,-17.55,-0.6001,36.02,39.97,0.7951,0.8438,28588.80078125,0.10096254877722688,-1.814830351157838,0.05,51.30224741549198,52.00184787292635,-1247.4361123195852,-133.45621782590135,3.4545,0.551,0.88,0.38,0.8002,strongly_participatory
2023-06-19,2900.1257053530403,2922.7629614182097,2886.488750625675,2918.671875,1468186,yfinance:TCS.NS,2026-08-05T14:32:45.912639,0.6395,-0.516,-0.3888,-1.6609,2185731.0,1984392.0,0.6717,0.7399,dry,36.27,1.2428,13.73,0.4756,35.15,40.91,0.8497,0.8546,28708.30078125,0.10166647957465481,-0.5510036531102115,0.25,46.036895071977035,50.349891521333824,-1815.1887171225264,-747.5913901875433,0.3889,-0.44,0.86,0.22,0.578,strengthened
2023-06-20,2921.9448612962487,2938.76377229002,2910.171667991738,2934.39990234375,1528452,yfinance:TCS.NS,2026-08-05T14:32:45.912639,0.4263,0.3544,0.2468,0.6003,2217036.0,1976443.0,0.6894,0.7733,dry,28.59,0.9744,3.27,0.1121,36.18,38.92,0.7665,0.8367,28930.80078125,0.10142822953748067,-0.892489093745827,0.2,41.970110685140085,47.290160731949996,120.459413065889,-867.4493343676943,2.5714,0.44,0.88,0.06,0.746,strongly_participatory
2023-06-21,2954.6738371268343,2965.037835034798,2930.990945518115,2962.128662109375,1645987,yfinance:TCS.NS,2026-08-05T14:32:45.912639,0.2523,2.6237,0.9653,0.23,2214525.0,2007915.0,0.7433,0.8197,dry,34.05,1.1494,20.27,0.6909,37.57,38.1,0.7301,0.8403,29025.69921875,0.1020519312828785,0.4614252547111794,0.65,40.88388456299582,47.1800293539119,501.04946378806545,-44.561852033941626,0.8148,-0.102,0.88,0.14,0.6456,strengthened
2023-06-22,2963.7650532654006,2970.7198119240816,2936.5821435529915,2944.21875,1529603,yfinance:TCS.NS,2026-08-05T14:32:45.912639,-0.6595,0.8753,0.6902,0.8075,2065683.0,2015649.0,0.7405,0.7589,dry,34.14,1.1595,1.64,0.0552,37.59,38.06,0.722,0.8367,28811.150390625,0.10219025308194683,0.9262382887420835,0.85,41.47351772027649,44.333331091176284,-1484.8999616851804,-303.31302217257905,0.3514,-0.48,0.86,0.08,0.556,strengthened
2023-06-23,2943.1277797551047,2954.1281240159633,2917.535626765662,2924.08154296875,1119505,yfinance:TCS.NS,2026-08-05T14:32:45.912639,-0.6471,-0.3516,1.3055,0.965,1458347.0,1982069.0,0.7677,0.5648,dry,36.59,1.2514,-1.09,-0.0371,33.95,37.97,0.6664,0.8414,28554.30078125,0.1024042425471973,1.4343566603025535,0.95,47.383186324687166,43.549518873015316,422.39080944544855,654.5943838156984,0.25,-0.6,0.8,-0.04,0.496,mixed
2023-06-26,2913.762857251765,2921.8540288219324,2884.670685198081,2899.8076171875,1978803,yfinance:TCS.NS,2026-08-05T14:32:45.912639,-0.4789,-2.1039,-0.6463,-1.0326,1560470.0,2020490.0,1.2681,0.9794,elevated,37.18,1.2823,-10.32,-0.3529,34.56,36.38,0.5552,0.8329,28590.099609375,0.10142698545326585,-0.8983467768672597,0.2,54.61746599228819,45.26563305707755,2190.2736497540905,-612.9901772327414,2.7692,0.4694,0.8,0.02,0.7159,strongly_participatory
2023-06-27,2911.035472947951,2917.9902315635795,2893.1256488765357,2906.80810546875,863542,yfinance:TCS.NS,2026-08-05T14:32:45.912639,-0.1452,-1.2706,-0.9403,-0.6958,1427488.0,1996456.0,0.6049,0.4325,dry,24.86,0.8554,11.23,0.3872,33.81,35.16,0.5475,0.8319,28800.150390625,0.10093030994779012,-1.8762002383150693,0.05,48.10401513502325,46.49241394705418,722.9978045207515,518.1656843511649,2.5714,0.44,0.84,0.1,0.734,strongly_participatory
2023-06-28,2916.489963200286,2937.354458913725,2903.2165722164345,2923.262939453125,1575872,yfinance:TCS.NS,2026-08-05T14:32:45.912639,0.2322,-0.028,-1.3121,-0.3595,1413465.0,1784478.0,1.1149,0.8831,elevated,34.14,1.1678,9.68,0.3331,33.83,34.9,0.548,0.7985,28843.0,0.10135086292872188,-0.8895379153568695,0.2,59.62827261725853,50.24129155790673,183.65459724251284,1478.6683224466742,5.25,0.68,0.88,0.26,0.814,strongly_participatory
2023-06-30,2927.3998078961313,3009.2215416572035,2922.036027465169,3002.17578125,2672406,yfinance:TCS.NS,2026-08-05T14:32:45.912639,2.5543,3.5302,1.9685,2.6723,1642026.0,1859233.0,1.6275,1.4374,spike,87.19,2.9041,4.14,0.1415,44.44,38.25,0.9772,0.9238,29563.0,0.10155179722118865,-0.3614198951456622,0.4,69.76135333271695,55.898858680394824,-1158.5029367598001,252.16944842162238,4.5556,0.64,0.92,0.44,0.84,strongly_participatory
2023-07-03,3013.130987303054,3017.2220741820643,2971.720052392161,2974.947509765625,1687264,yfinance:TCS.NS,2026-08-05T14:32:45.912639,-1.2672,2.3441,1.7396,3.0678,1755577.0,1842063.0,0.9611,0.916,normal,45.5,1.5295,10.96,0.3649,46.22,38.59,1.0467,0.9486,29424.80078125,0.1011034036179886,-1.312571024491627,0.15,39.4328600155111,54.3087934185596,622.380220421978,700.1007608426795,0.9231,-0.04,0.96,0.42,0.718,strongly_participatory
2023-07-04,2991.0390723859205,3013.767332814385,2979.493160479394,3008.17626953125,1656681,yfinance:TCS.NS,2026-08-05T14:32:45.912639,0.573,2.9047,3.7371,3.0666,1691153.0,1831824.0,0.9796,0.9044,normal,34.27,1.1394,16.09,0.5409,46.1,39.69,1.043,0.8639,29729.849609375,0.10118370287963559,-1.0586311749756285,0.2,51.85977932194548,53.75725608449106,-894.0429310322351,1377.6423943370482,1.381,0.16,0.94,0.3,0.738,strongly_participatory
2023-07-05,3018.31307903841,3026.495253047851,3004.676122356007,3018.267578125,1453008,yfinance:TCS.NS,2026-08-05T14:32:45.912639,-0.0015,0.536,3.8344,2.8581,1809046.0,1803332.0,0.8032,0.8057,dry,21.82,0.7229,10.14,0.337,45.49,39.31,1.0362,0.8636,29841.849609375,0.10114210806748361,-1.0582194815334598,0.2,46.21229771739319,53.37891260096505,1436.9078851902252,-679.7932232388778,1.6316,0.24,0.94,0.4,0.764,strongly_participatory
2023-07-06,3006.084827429316,3025.9946921480014,3001.948240187536,3020.948974609375,1848238,yfinance:TCS.NS,2026-08-05T14:32:45.912639,0.4945,1.5463,3.3417,1.9857,1863519.0,1817384.0,0.9918,1.017,normal,24.05,0.796,-12.18,-0.4036,43.47,38.6,1.0445,0.853,29805.19921875,0.10135644296277482,-0.5172110959907258,0.4,53.71200395273674,52.1956588680607,-30.284678427107924,-762.7735689166694,2.3333,0.4,0.96,0.3,0.794,strongly_participatory
2023-07-07,3001.9481241962812,3051.8592867824045,3001.9481241962812,3026.721923828125,1789326,yfinance:TCS.NS,2026-08-05T14:32:45.912639,0.8253,0.6165,0.8176,2.8022,1686903.0,1818882.0,1.0607,0.9838,normal,49.91,1.649,-19.0,-0.629,36.02,38.25,1.0355,0.8699,29560.44921875,0.10239093125514125,1.7307506548363842,0.95,51.78590099658836,48.60056840083497,-504.41819973502317,618.8527690137024,0.1364,-0.76,0.94,0.22,0.546,mixed
2023-07-10,3022.630783458653,3022.630783458653,2968.492032952793,2974.628662109375,1407431,yfinance:TCS.NS,2026-08-05T14:32:45.912639,-1.5881,-1.4458,-0.0107,1.7286,1630937.0,1800469.0,0.863,0.7817,dry,54.14,1.82,-4.09,-0.1352,38.57,39.81,1.1579,0.8835,29194.75,0.10188916370612439,0.6833149502836476,0.8,35.88122220251309,47.89024083823537,635.8672525149101,606.6533374377939,0.4706,-0.36,0.9,0.12,0.6,strengthened
2023-07-11,2995.58452074979,2995.58452074979,2964.4923069892843,2975.0380859375,1110172,yfinance:TCS.NS,2026-08-05T14:32:45.912639,-0.6859,-1.5198,-1.1016,2.5943,1521635.0,1739747.0,0.7296,0.6381,dry,31.09,1.0451,20.96,0.7045,37.02,39.99,1.1716,0.8675,29324.80078125,0.10145126332246769,-0.258870570001275,0.55,44.42788038346383,46.40386105053904,1975.9935855067665,879.1897822283997,2.8462,0.48,0.94,0.16,0.788,strongly_participatory
2023-07-12,2982.811311383607,2990.266136197233,2954.764772000077,2963.674072265625,1515240,yfinance:TCS.NS,2026-08-05T14:32:45.912639,-0.6416,-2.083,-1.8088,1.9563,1534081.0,1746913.0,0.9877,0.8674,normal,35.5,1.1979,7.77,0.2613,39.76,40.09,1.1934,0.8712,29118.05078125,0.10178133469614062,0.429800200679944,0.7,54.85119035458778,48.131639577977964,713.0743788396453,-91.83987169344104,0.6667,-0.2,0.92,0.04,0.632,strengthened
2023-07-13,2985.583996893055,3061.4508783669453,2975.356280703942,3036.995361328125,4585146,yfinance:TCS.NS,2026-08-05T14:32:45.912639,1.722,2.0966,0.5312,3.8906,2081463.0,1893243.0,2.2028,2.4218,spike,86.09,2.8349,21.91,0.7393,54.5,44.64,1.3064,0.9335,29628.19921875,0.1025035419434531,1.7871004472306602,1.0,49.71274995304163,47.331788778038934,1370.5269829481435,-1523.5377967605466,0.5152,-0.32,0.88,0.24,0.612,strengthened
2023-07-14,3059.223400226424,3204.547964647963,3047.4047065554155,3195.274658203125,6306101,yfinance:TCS.NS,2026-08-05T14:32:45.912639,4.4472,7.4028,5.5688,6.432,2984818.0,2094858.0,2.1127,3.0103,spike,157.14,4.918,22.23,0.7319,78.03,53.99,1.7481,1.2486,30945.5,0.10325490485541113,2.5624888862845068,1.0,38.03408977030409,44.58142653278208,2277.7122322502037,-152.67349963200405,1.7222,0.2653,0.92,0.12,0.7331,strongly_participatory
2023-07-17,3191.047530195596,3227.3217423976093,3161.0917295383088,3174.410400390625,2743228,yfinance:TCS.NS,2026-08-05T14:32:45.912639,-0.5214,7.1106,6.7162,6.7048,3251977.0,2024210.0,0.8436,1.3552,dry,66.23,2.0864,-4.23,-0.1323,79.63,55.9,1.6844,1.2469,31041.599609375,0.10226310629404253,0.8387529878548107,0.8,40.92914051039094,45.59101019435765,25.218445548501823,1040.985975554165,1.5789,0.2245,0.92,0.3,0.7429,strongly_participatory
2023-07-18,3160.137072859517,3203.775329331685,3150.136639084645,3179.092529296875,2600090,yfinance:TCS.NS,2026-08-05T14:32:45.912639,0.5998,4.6789,6.8589,5.6817,3549961.0,2080805.0,0.7324,1.2496,dry,53.64,1.6872,-14.27,-0.4496,84.14,57.96,1.6846,1.2409,31371.150390625,0.10133809215510693,-0.6858734322671863,0.25,49.22980084756422,46.55139428717773,1217.2643432511695,-386.17938095859694,0.7241,-0.16,0.92,0.18,0.654,strengthened
2023-07-19,3181.9564387643286,3197.275374973218,3132.545112140107,3154.72802734375,2405370,yfinance:TCS.NS,2026-08-05T14:32:45.912639,-0.8557,-1.269,6.4465,4.5212,3727987.0,2124651.0,0.6452,1.1321,dry,64.73,2.0518,2.86,0.0901,89.99,60.15,1.7319,1.2198,31353.55078125,0.10061788692942349,-1.6832522171029238,0.05,48.465669747568,45.27429016577378,-399.9830448488669,-133.5521430190034,2.125,0.36,0.94,0.18,0.766,strongly_participatory
2023-07-20,3147.4818530276434,3170.9982338938335,3131.940826772371,3156.779052734375,1715404,yfinance:TCS.NS,2026-08-05T14:32:45.912639,0.2954,-0.5554,3.9442,4.4963,3154039.0,2128122.0,0.5439,0.8061,dry,39.06,1.2373,-7.25,-0.2297,78.24,56.71,1.7316,1.2157,31145.94921875,0.10135440183771892,-0.4938518299006447,0.4,38.85623761735501,43.102987698636454,1776.1667243192064,1458.731100278174,2.3333,0.4,0.96,0.22,0.786,strongly_participatory
2023-07-21,3102.772447084973,3130.8919148107307,3061.7552005357065,3070.1865234375,3770223,yfinance:TCS.NS,2026-08-05T14:32:45.912639,-1.0502,-3.4257,-3.9148,1.436,2646863.0,2240152.0,1.4244,1.683,elevated,69.14,2.2519,-54.01,-1.7108,63.74,60.24,1.7765,1.2241,29871.05078125,0.10278133654958835,1.5734294936175326,0.95,50.86229888278626,45.66862952113289,804.4235385892025,2493.7287147459006,0.3514,-0.48,0.92,0.22,0.594,strengthened
2023-07-24,3081.762606135278,3111.3405552900845,3073.6503948838067,3094.295654296875,1680132,yfinance:TCS.NS,2026-08-05T14:32:45.912639,0.4067,-1.9156,-2.5238,4.0229,2434244.0,2268184.0,0.6902,0.7407,dry,37.69,1.2181,11.58,0.377,58.72,60.41,1.6654,1.2045,29843.44921875,0.10368425015540078,2.3857111468093013,1.0,56.43041641627922,48.768884702310544,-237.06441565157328,-813.7780237408896,1.3333,0.1429,0.92,0.16,0.7126,strongly_participatory
2023-07-25,3096.8022755718303,3105.2792181395616,3081.0333776826646,3098.30615234375,1272980,yfinance:TCS.NS,2026-08-05T14:32:45.912639,0.0486,-1.8523,-2.5412,4.1434,2168822.0,2232893.0,0.5869,0.5701,dry,24.25,0.7826,2.51,0.081,52.84,60.59,1.6294,1.1937,29761.150390625,0.10410572547356037,2.3129766425700145,1.0,36.97864505634327,46.31865354406635,301.77577296931656,1033.1448787816503,1.1739,0.08,0.9,0.12,0.688,strengthened
2023-07-26,3099.400300884362,3118.0859374639376,3085.408771798231,3088.416748046875,1066803,yfinance:TCS.NS,2026-08-05T14:32:45.912639,-0.3544,0.5938,-2.102,4.2091,1901108.0,2243056.0,0.5611,0.4756,dry,32.68,1.0581,1.09,0.0353,46.43,61.2,1.6106,1.1914,29800.400390625,0.10363675345175796,1.6017204072523097,0.9,40.49739968067902,44.72499953068856,1508.3468266441473,478.6471351897434,1.6316,0.24,0.92,0.18,0.734,strongly_participatory
2023-07-27,3094.4777574436316,3109.6996688694317,3085.454052221402,3096.255126953125,1701769,yfinance:TCS.NS,2026-08-05T14:32:45.912639,0.0574,0.0633,-1.9173,1.9513,1898381.0,2249351.0,0.8964,0.7566,dry,24.25,0.7831,6.06,0.1962,43.47,59.37,1.5522,1.1912,29745.0,0.1040932972584678,1.7701190886329754,0.95,52.12028213766928,47.37780843475141,1587.6018114085525,-780.6367010790868,0.5625,-0.28,0.84,0.16,0.596,strengthened
2023-07-28,3085.4082996318757,3093.3382557772507,3036.187605930215,3058.427978515625,2599831,yfinance:TCS.NS,2026-08-05T14:32:45.912639,-0.8744,-1.2871,-0.383,-4.2828,1664303.0,2245722.0,1.5621,1.1577,spike,57.15,1.8686,-10.85,-0.3503,36.48,59.5,0.5878,1.1907,29490.25,0.10370980166379143,1.2684466323408452,0.9,52.11028760729767,47.62740617965369,-1535.3911473330734,-418.9008549184824,1.6316,0.24,0.86,0.1,0.702,strongly_participatory
2023-07-31,3066.631286559437,3123.371805858388,3063.4410565586927,3118.632080078125,2743678,yfinance:TCS.NS,2026-08-05T14:32:45.912639,1.6957,0.9783,0.7865,-1.7571,1877012.0,2298543.0,1.4617,1.1937,elevated,59.93,1.9217,8.2,0.2682,41.24,61.92,0.8312,1.2152,29928.44921875,0.10420292936943489,1.5127248249666239,1.0,52.56712408554534,46.85474771350691,727.3691328244136,563.4290803897236,2.8462,0.48,0.86,0.2,0.76,strongly_participatory
2023-08-01,3112.753500683223,3153.770750326194,3112.753500683223,3146.5244140625,1956167,yfinance:TCS.NS,2026-08-05T14:32:45.912639,1.0849,1.6236,1.5563,-1.0244,2013650.0,2313517.0,0.9715,0.8455,normal,41.02,1.3036,-5.88,-0.1885,44.59,62.31,0.8829,1.2237,30288.650390625,0.1038846027631663,1.1208947784130983,0.85,57.08452512144479,50.87592372652722,-174.3028837477471,-181.51959460355823,0.6897,-0.1837,0.9,0.16,0.6393,strengthened
2023-08-02,3130.9375831694133,3141.374149337502,3111.477311631999,3136.133056640625,1914899,yfinance:TCS.NS,2026-08-05T14:32:45.912639,0.1659,2.5407,1.545,-0.5894,2183269.0,2336611.0,0.8771,0.8195,dry,29.9,0.9533,-15.59,-0.4954,45.06,57.83,0.8242,1.2229,30043.599609375,0.10438606217019367,1.3915430477451762,1.0,55.63201410794562,53.90284661198054,677.0922974176844,-299.26783540175893,0.1628,-0.72,0.76,-0.14,0.446,weakened
2023-08-03,3117.3111535491207,3129.3884555329005,3069.913440103345,3099.03564453125,2026351,yfinance:TCS.NS,2026-08-05T14:32:45.912639,-0.5863,-0.6284,0.0898,-1.8292,2248185.0,2345517.0,0.9013,0.8639,normal,59.48,1.9191,-18.82,-0.6002,53.46,50.59,0.8533,1.231,29971.150390625,0.1034006237378406,0.4907392018965034,0.6,53.21113001044638,54.12101618653596,-1229.7626622362145,424.9736260976279,0.25,-0.6,0.64,-0.16,0.42,weakened
2023-08-04,3100.2201122442098,3163.79684221967,3100.2201122442098,3138.7763671875,2248493,yfinance:TCS.NS,2026-08-05T14:32:45.912639,1.2437,-0.2462,2.6271,2.2341,2177918.0,2368475.0,1.0324,0.9493,normal,63.58,2.0255,1.18,0.0382,54.4,50.49,0.8298,1.2363,30436.099609375,0.10312676090140954,0.22111972158942553,0.5,45.47784604287723,52.79452787365187,607.7065249765084,1548.017669107413,1.6316,0.24,0.66,-0.12,0.6,strengthened
2023-08-07,3148.2563099923013,3179.292741496562,3136.680374620139,3175.6923828125,1853889,yfinance:TCS.NS,2026-08-05T14:32:45.912639,0.8715,1.2614,1.8297,2.6305,1999960.0,2390798.0,0.927,0.7754,normal,42.61,1.3418,9.48,0.302,49.93,49.7,0.85,1.2304,30779.25,0.10317640562432483,0.2124021248512375,0.5,46.10545114607993,51.50219328575879,40.48263499666928,520.4135192775195,2.5,0.4286,0.66,-0.08,0.6417,strengthened
2023-08-08,3175.692417693925,3181.070146163837,3150.6719384869994,3163.432861328125,1634225,yfinance:TCS.NS,2026-08-05T14:32:45.912639,-0.386,2.078,0.5374,2.102,1935571.0,2417001.0,0.8443,0.6761,dry,30.4,0.9609,0.0,0.0,47.81,47.25,0.8769,1.2286,30824.94921875,0.102625728233281,-0.3458264199402426,0.35,44.11709161736717,48.90870658494326,1441.0820871966046,339.90103946745865,0.7241,-0.16,0.64,0.06,0.53,mixed
2023-08-09,3158.2368139229097,3160.1510411495938,3121.913896104317,3156.04931640625,1794589,yfinance:TCS.NS,2026-08-05T14:32:45.912639,-0.0693,0.5503,0.6351,2.1899,1911509.0,2430968.0,0.9388,0.7382,normal,38.24,1.2116,-5.2,-0.1643,49.1,47.42,0.858,1.2277,30940.05078125,0.10200530499189903,-0.9459721566807432,0.2,48.65499311509058,47.51330238637226,1863.5363107373078,-323.49058180840933,2.0625,0.3469,0.66,0.02,0.6354,strengthened
2023-08-10,3144.6557951355153,3158.236973179639,3126.471525696296,3137.455078125,1096701,yfinance:TCS.NS,2026-08-05T14:32:45.912639,-0.229,-1.2041,1.2397,1.3306,1725579.0,2256546.0,0.6356,0.486,dry,31.77,1.0125,-11.39,-0.361,42.21,42.91,0.8724,1.2312,30867.0,0.10164431522742735,-1.2027242651167547,0.2,66.51726853338806,50.1745300909606,-461.937714925914,674.1364226679138,0.6333,-0.2245,0.62,0.04,0.5071,mixed
2023-08-11,3133.809552661935,3159.832544464097,3111.842444634241,3143.5625,1679974,yfinance:TCS.NS,2026-08-05T14:32:45.912639,0.3112,-0.6281,0.1525,2.7836,1611876.0,2025240.0,1.0422,0.8295,normal,47.99,1.5266,-3.65,-0.1162,38.86,43.39,0.771,1.1531,30819.150390625,0.10200029722286741,-0.8078800168856952,0.25,33.06187845926601,47.69133657423835,3665.227148479317,225.60959931427854,0.2895,-0.551,0.62,-0.14,0.4238,weakened
2023-08-14,3136.1792226802268,3149.2136391229633,3109.1078793193715,3144.51953125,1190425,yfinance:TCS.NS,2026-08-05T14:32:45.912639,0.2659,-0.3653,-0.9816,0.8301,1479183.0,1947600.0,0.8048,0.6112,dry,40.11,1.2754,-7.38,-0.2349,38.36,44.53,0.6249,1.1197,31028.900390625,0.10134163607680012,-1.3032659164895894,0.15,44.22454507368453,47.315155359759274,-111.34706056867468,-471.41516898907804,0.8846,-0.0612,0.62,-0.26,0.5098,mixed
2023-08-16,3144.655548093036,3159.2394578812937,3131.165387032337,3152.31201171875,1328445,yfinance:TCS.NS,2026-08-05T14:32:45.912639,0.2435,0.4735,-0.3515,0.1839,1418027.0,1884017.0,0.9368,0.7051,normal,28.07,0.8906,0.14,0.0043,37.89,44.2,0.5553,1.118,31212.099609375,0.10099647416131878,-1.5513144483767374,0.1,48.514240152763705,48.19458506683858,-424.87218534123224,439.9781398402081,1.0,0.0,0.62,-0.18,0.53,mixed
2023-08-17,3149.2132599891765,3154.499972197025,3111.112748256115,3131.6669921875,1843241,yfinance:TCS.NS,2026-08-05T14:32:45.912639,-0.5572,-0.3784,-0.7726,-0.1424,1427757.0,1855911.0,1.291,0.9932,elevated,43.39,1.3854,-3.1,-0.0983,38.26,45.56,0.6028,1.1266,31060.19921875,0.10082572137196782,-1.7326091139881545,0.05,39.37804177656555,46.33919479913357,90.0046040791441,494.2863148348482,0.6129,-0.24,0.56,-0.04,0.472,mixed
2023-08-18,3108.1957927852245,3108.1957927852245,3059.4308441300896,3069.0927734375,2526749,yfinance:TCS.NS,2026-08-05T14:32:45.912639,-1.2581,-2.3987,-2.1789,-0.9662,1713767.0,1896478.0,1.4744,1.3323,elevated,48.76,1.5889,-23.47,-0.7495,46.36,46.43,0.716,1.1565,30604.05078125,0.10028387403270886,-1.9921914031679595,0.05,42.27757032592025,41.49125515764001,1152.9594279919252,199.28614901274221,0.3514,-0.48,0.5,-0.04,0.4,weakened
2023-08-21,3076.293480989737,3107.967910164372,3073.558997895524,3100.584716796875,1375579,yfinance:TCS.NS,2026-08-05T14:32:45.912639,0.7896,-1.6409,-1.3672,-1.2168,1652888.0,1776746.0,0.8322,0.7742,dry,34.41,1.1098,7.2,0.2346,44.54,44.57,0.642,1.1558,30937.599609375,0.10022059745893495,-1.7653504517233818,0.05,49.7316687166558,44.82521320911796,-41.34874955198468,839.6952107436972,3.5455,0.56,0.58,-0.04,0.64,strengthened
2023-08-22,3099.081055570498,3109.1074942796968,3067.224369814653,3082.810791015625,1222012,yfinance:TCS.NS,2026-08-05T14:32:45.912639,-0.525,-1.5601,-1.9624,-2.9248,1659205.0,1753840.0,0.7365,0.6968,dry,41.88,1.3586,-1.5,-0.0485,44.89,44.63,0.5798,1.1162,30902.400390625,0.0997595899362844,-1.79928063282996,0.05,48.36457471923051,45.65321913822716,-395.11383915670166,-269.216138030491,1.6316,0.24,0.58,0.06,0.586,strengthened
2023-08-23,3088.143509067167,3100.9044326583535,3077.2055745604357,3097.486328125,1330046,yfinance:TCS.NS,2026-08-05T14:32:45.912639,0.3025,0.9251,-1.7392,-2.0847,1659525.0,1756693.0,0.8015,0.7571,dry,23.7,0.7651,5.33,0.173,44.02,43.82,0.5883,1.104,30924.099609375,0.10016415569900573,-1.3706227717846575,0.1,42.78719721915346,44.50781055150511,-782.8118947823061,594.6451777776751,1.7222,0.2653,0.64,0.06,0.6151,strengthened
2023-08-24,3106.372799977861,3110.975891033685,3079.119207441882,3087.9150390625,1152881,yfinance:TCS.NS,2026-08-05T14:32:45.912639,-0.5942,-0.4086,-1.3971,-2.1588,1521453.0,1760997.0,0.7577,0.6547,dry,31.86,1.0317,8.89,0.2869,41.71,41.37,0.611,1.1028,31112.150390625,0.09925109644600391,-1.7054953886354556,0.05,65.1515527146026,49.66251273911253,288.229934425485,-89.77268107081606,0.6129,-0.24,0.6,0.16,0.508,mixed
2023-08-25,3076.294160820315,3086.1383466415105,3053.7346703076323,3082.03662109375,1158046,yfinance:TCS.NS,2026-08-05T14:32:45.912639,0.1867,-0.0251,0.4217,-1.7664,1247713.0,1733811.0,0.9281,0.6679,normal,32.4,1.0514,-11.62,-0.3763,34.1,39.18,0.6172,1.0658,30914.55078125,0.09969533902989908,-1.2959074017576313,0.1,53.07135217854409,51.8212691096373,-402.7593698237138,-535.666040315235,0.2195,-0.64,0.54,-0.1,0.378,weakened
2023-08-28,3093.6119488049294,3093.6119488049294,3062.7123781054756,3076.794921875,1037485,yfinance:TCS.NS,2026-08-05T14:32:45.912639,-0.5436,-0.668,-0.7673,-2.1239,1180094.0,1655694.0,0.8792,0.6266,dry,30.9,1.0043,11.58,0.3756,32.5,38.35,0.6157,0.7033,30773.599609375,0.09998163883752072,-1.0172484634159704,0.2,42.70570828185289,50.41607702267671,-2069.1569946862655,-367.5696892603584,1.2727,0.12,0.54,-0.04,0.536,mixed
2023-08-29,3081.8082530524075,3089.555955621917,3067.1787231057706,3077.341796875,944517,yfinance:TCS.NS,2026-08-05T14:32:45.912639,-0.1449,-0.3424,-0.1774,-2.1363,1124595.0,1565736.0,0.8399,0.6032,dry,22.38,0.7272,5.01,0.1629,28.6,37.77,0.5969,0.6969,30866.05078125,0.09969988770783637,-1.0925959545092696,0.15,54.81946667836979,51.707055414504566,-148.17063773317437,1988.3084631980219,2.8462,0.48,0.62,-0.04,0.64,strengthened
2023-08-30,3097.258356216005,3106.464539813538,3083.6315577486384,3090.832275390625,1188200,yfinance:TCS.NS,2026-08-05T14:32:45.912639,-0.2075,0.2854,-0.2148,-1.9503,1096226.0,1527337.0,1.0839,0.778,normal,22.83,0.7387,19.92,0.6472,29.69,36.89,0.5754,0.6892,31103.900390625,0.09937121186004795,-1.1946308408643795,0.1,41.6598340925384,51.48158278918155,35.974597323943605,1170.9983567914728,1.45,0.1837,0.6,0.12,0.5887,strengthened
2023-08-31,3099.992352350308,3114.940771005091,3047.718061218018,3059.704345703125,3417652,yfinance:TCS.NS,2026-08-05T14:32:45.912639,-1.2996,-0.5555,-0.9136,-2.2979,1549180.0,1602475.0,2.2061,2.1327,spike,67.22,2.197,9.16,0.2964,36.76,39.42,0.6604,0.7124,31164.900390625,0.09817789588134036,-1.8344888497513037,0.05,47.082108468264806,47.86769393991399,1416.5805903649098,-226.0745316941507,0.3514,-0.48,0.48,-0.02,0.394,weakened
2023-09-01,3068.090387808054,3089.054760630272,3059.704683185733,3080.1220703125,1277950,yfinance:TCS.NS,2026-08-05T14:32:45.912639,0.3922,0.0903,-0.0621,0.3594,1573161.0,1565055.0,0.8123,0.8166,dry,29.35,0.9529,8.39,0.2741,35.79,38.09,0.6065,0.7141,31514.349609375,0.09773712954546314,-1.8958849602721737,0.05,52.03989823184366,47.66140315057391,-426.85390472830073,-425.3649018289805,4.0,0.6,0.62,0.16,0.684,strengthened
2023-09-04,3079.028080349797,3129.023637156642,3071.7817443830672,3115.943603515625,1828332,yfinance:TCS.NS,2026-08-05T14:32:45.912639,1.1989,0.8124,1.2724,0.4954,1731330.0,1544047.0,1.056,1.1841,normal,57.24,1.8371,-1.09,-0.0355,41.06,39.31,0.6866,0.7203,32163.94921875,0.09687689724678408,-2.1257759245641554,0.05,45.323990113272416,48.18505951685781,1359.9689740750687,-406.00790587509897,1.5,0.2,0.62,0.34,0.622,strengthened
2023-09-05,3117.311177679923,3141.921529082659,3103.7753953952833,3125.833740234375,1501842,yfinance:TCS.NS,2026-08-05T14:32:45.912639,0.2734,2.1613,1.5758,1.3956,1842795.0,1526445.0,0.815,0.9839,dry,38.15,1.2204,1.37,0.0439,44.22,40.03,0.6811,0.7185,32365.30078125,0.09657978343415384,-2.038297912396874,0.05,44.20043751071235,46.06125368332632,902.184505359777,-256.4638903052593,1.7778,0.28,0.64,0.24,0.636,strengthened
2023-09-06,3130.0716886126784,3139.0953939260744,3097.3491295124654,3126.33447265625,1314818,yfinance:TCS.NS,2026-08-05T14:32:45.912639,-0.1194,1.5003,1.1486,0.9313,1868119.0,1510474.0,0.7038,0.8705,dry,41.75,1.3353,4.24,0.1356,46.74,39.92,0.6702,0.7191,32312.30078125,0.09675369432282525,-1.7323264206774216,0.1,42.77336613941031,46.28396009270071,-1083.90481061431,826.0856788296783,1.5,0.2,0.68,0.18,0.63,strengthened
2023-09-07,3127.1551675699734,3153.770760697037,3119.407464834157,3149.441162109375,1885092,yfinance:TCS.NS,2026-08-05T14:32:45.912639,0.7127,1.075,2.9329,1.9925,1561607.0,1514999.0,1.2071,1.2443,elevated,34.36,1.0911,0.82,0.0263,40.17,37.21,0.6873,0.7251,32448.349609375,0.09706013402911057,-1.4016902566455465,0.2,62.12363392224877,49.2922651834975,1722.3077678776792,-141.3490858393621,1.9412,0.32,0.72,0.22,0.674,strengthened
2023-09-08,3149.441245179643,3158.3283161992513,3131.029101522507,3137.272705078125,1518917,yfinance:TCS.NS,2026-08-05T14:32:45.912639,-0.3864,0.3659,1.8555,1.7922,1609800.0,1536110.0,0.9435,0.9888,normal,27.3,0.8702,0.0,0.0,39.76,36.38,0.698,0.7301,32415.650390625,0.09678265489886523,-1.4112021252733666,0.15,51.23985368768764,49.1322562746663,20.036682350866545,233.32148624511294,1.9412,0.32,0.74,0.4,0.7,strongly_participatory
2023-09-11,3155.593978203435,3177.1963534783295,3140.0985716091377,3172.59326171875,1783604,yfinance:TCS.NS,2026-08-05T14:32:45.912639,0.5387,1.4796,1.8181,3.1136,1600855.0,1541292.0,1.1142,1.1572,elevated,37.1,1.1693,18.32,0.584,36.3,36.24,0.6903,0.7127,32642.80078125,0.09719120865208004,-1.0812120913759393,0.3,64.97724957610106,53.06290816723204,1655.421460737774,1353.043732269769,9.0,0.8,0.82,0.44,0.832,strongly_participatory
2023-09-12,3182.9384041965895,3272.1736158051285,3174.7349547012377,3263.879150390625,4476016,yfinance:TCS.NS,2026-08-05T14:32:45.912639,2.543,3.6336,4.4163,6.0616,2195689.0,1705571.0,2.0385,2.6244,spike,97.44,2.9854,10.35,0.3261,48.58,41.67,1.0272,0.7902,32977.8984375,0.09897171454319192,0.10089785598690637,0.45,56.25972208440918,55.4747650819714,441.5068878754467,-136.2326755037761,0.6129,-0.24,0.78,0.54,0.618,strengthened
2023-09-13,3255.0380406666054,3271.2170677568156,3231.247945622234,3252.07568359375,1754929,yfinance:TCS.NS,2026-08-05T14:32:45.912639,-0.091,3.6593,4.022,5.2168,2283712.0,1726895.0,0.7685,1.0162,dry,39.97,1.229,-8.84,-0.2709,48.23,42.24,1.0207,0.7707,32886.69921875,0.09888726326598364,0.12194168038830222,0.45,35.845040272367896,54.089099908562915,162.33332940276088,501.4008589553437,1.5,0.2,0.76,0.32,0.676,strengthened
2023-09-14,3254.081009523971,3279.283743631725,3231.79501333232,3244.966064453125,2604721,yfinance:TCS.NS,2026-08-05T14:32:45.912639,-0.2801,2.2812,3.0331,6.0549,2427637.0,1764969.0,1.0729,1.4758,normal,47.49,1.4635,2.01,0.0617,50.85,43.2,0.8752,0.7737,33045.3984375,0.09819721407173986,-0.2877255855428116,0.45,44.12612741706999,50.48959860752716,1031.5330299051434,930.9414345443881,1.7778,0.28,0.82,0.4,0.724,strongly_participatory
2023-09-15,3252.075846625595,3288.079880546778,3247.153642645778,3279.830810546875,2952897,yfinance:TCS.NS,2026-08-05T14:32:45.912639,0.8535,0.4887,4.544,6.4838,2714433.0,1786277.0,1.0879,1.6531,normal,40.93,1.2478,7.11,0.2191,54.02,44.07,0.8823,0.7752,33355.05078125,0.0983308594568406,-0.12031243118237542,0.5,58.13528919349298,51.868685708688226,2499.369468755593,588.8453284060678,1.5,0.2,0.82,0.38,0.706,strongly_participatory
2023-09-18,3263.195724267092,3298.971881144957,3258.820506435336,3286.985595703125,1395753,yfinance:TCS.NS,2026-08-05T14:32:45.912639,0.729,1.0735,3.6056,5.4893,2636863.0,1787286.0,0.5293,0.7809,dry,40.15,1.2215,-16.64,-0.5072,54.06,45.34,0.8545,0.7552,33129.5,0.099216275395135,0.6390013540001304,0.65,54.19707242743469,49.712650278954946,2739.4320331114614,-1302.479655356258,1.1739,0.08,0.84,0.26,0.678,strengthened
2023-09-20,3263.150299237373,3304.167551602088,3263.150299237373,3286.894775390625,1649396,yfinance:TCS.NS,2026-08-05T14:32:45.912639,0.7277,1.2921,0.7052,5.1526,2071539.0,1808655.0,0.7962,0.9119,dry,41.02,1.2479,-23.84,-0.7251,42.35,46.19,0.8545,0.7507,32949.19921875,0.09975643880049721,1.080680045907261,0.9,47.5237971515056,47.965465292374226,-1684.8343873195797,417.2730736464887,0.3158,-0.52,0.78,0.14,0.522,mixed
2023-09-21,3270.9430695057613,3285.937106943507,3215.7520425233542,3267.980712890625,2004073,yfinance:TCS.NS,2026-08-05T14:32:45.912639,-0.0906,-0.3613,0.4891,4.5307,2121368.0,1842356.0,0.9447,1.0878,normal,70.19,2.1477,-15.95,-0.4853,48.58,46.47,0.8522,0.7459,32919.94921875,0.09927052715589557,0.7515618134848354,0.75,22.06986127944742,45.21042949379014,1477.4520318648947,-759.3007301653179,0.3889,-0.44,0.7,-0.08,0.484,mixed
2023-09-22,3266.7957679083775,3312.1426120639135,3249.5229943898644,3284.70654296875,1989083,yfinance:TCS.NS,2026-08-05T14:32:45.912639,0.5483,-0.0693,1.2247,4.2949,1998240.0,1884166.0,0.9954,1.0557,normal,62.62,1.9064,-1.18,-0.0363,51.61,48.84,0.8497,0.7489,32906.30078125,0.09981998781340912,1.1675432989366936,0.95,39.80489886932568,44.346183784241276,-245.58826380657595,419.49664494951594,0.6667,-0.2,0.7,-0.06,0.534,mixed
2023-09-25,3283.658719154224,3299.6098718496296,3243.689598958607,3260.55224609375,1238778,yfinance:TCS.NS,2026-08-05T14:32:45.912639,-0.7037,-0.8014,-0.5878,3.9295,1655417.0,1888203.0,0.7483,0.6561,dry,55.92,1.7151,-1.05,-0.0319,54.17,48.75,0.8918,0.762,32648.599609375,0.09986805820478398,1.1902245489773415,0.95,61.05929043145308,44.93098403183329,-98.43567109232738,87.24634972934261,1.0833,0.04,0.64,0.08,0.572,strengthened
2023-09-26,3251.847543695411,3276.7767822705646,3223.0442313478416,3268.345458984375,1726062,yfinance:TCS.NS,2026-08-05T14:32:45.912639,0.5073,0.0112,-0.5671,3.0181,1721478.0,1922632.0,1.0027,0.8978,normal,53.73,1.644,-8.7,-0.267,56.89,49.86,0.8916,0.7644,32471.0,0.10065429025851914,1.734828984935525,1.0,36.55886897631494,41.40334334160934,-202.2899215971822,-400.8327181262474,1.0,0.0,0.64,0.08,0.564,strengthened
2023-09-27,3272.264954709884,3294.1408207023737,3241.000651722388,3271.626953125,1541134,yfinance:TCS.NS,2026-08-05T14:32:45.912639,-0.0195,-0.3982,-0.4645,0.2374,1699826.0,1952462.0,0.9066,0.7893,normal,53.14,1.6243,3.92,0.1199,59.31,50.68,0.5231,0.7645,32594.650390625,0.1003731260779529,1.437090334344061,0.95,44.47964410642413,40.79451273259305,-336.64042681232473,-428.44783002976567,1.5,0.2,0.68,-0.02,0.61,strengthened
2023-09-28,3281.37980335937,3283.9320321574332,3215.159824951922,3223.727783203125,1755753,yfinance:TCS.NS,2026-08-05T14:32:45.912639,-1.7569,-1.1294,-1.3541,-0.8717,1650162.0,1980840.0,1.064,0.8864,normal,68.77,2.1333,9.75,0.2981,58.84,53.13,0.8158,0.8375,31879.599609375,0.10112196585602996,1.7853250760356523,1.0,49.04592461828873,46.18972540036131,1023.1244016664832,801.4596908299144,0.1364,-0.76,0.6,-0.12,0.376,weakened
2023-09-29,3224.138524411228,3252.6227295109343,3195.2898104993865,3216.2998046875,2243791,yfinance:TCS.NS,2026-08-05T14:32:45.912639,-0.2431,-1.5924,-2.0826,-0.8834,1701104.0,1922147.0,1.319,1.1673,elevated,57.33,1.7826,0.41,0.0127,57.78,55.28,0.8142,0.8315,31784.400390625,0.10119114298711662,1.603784835020926,1.0,59.530186312528926,50.13478288900196,225.19190327454402,1121.2476136972139,4.0,0.6,0.66,0.02,0.686,strengthened
2023-10-03,3221.4042508008492,3221.4042508008492,3172.0925252361567,3202.85546875,1948148,yfinance:TCS.NS,2026-08-05T14:32:45.912639,-0.5758,-2.1021,-1.7695,-2.3469,1842978.0,1955657.0,1.0571,0.9962,normal,49.31,1.5396,5.1,0.1587,56.46,55.95,0.7834,0.8028,31717.25,0.10098149961771591,1.3102797458904,0.9,40.14793079161639,45.952510961034626,1242.3327430213355,408.81005312686017,0.3889,-0.44,0.62,-0.1,0.45,mixed
2023-10-04,3177.7430606044213,3233.982222159653,3169.539610773689,3224.639404296875,1788138,yfinance:TCS.NS,2026-08-05T14:32:45.912639,1.4758,0.0283,-1.3373,-1.8968,1855393.0,1953647.0,0.9638,0.9153,normal,64.44,1.9984,-25.11,-0.7841,58.6,53.44,0.8972,0.8326,31811.5,0.10136709693968769,1.3964606881780548,1.0,51.69682779410616,48.98010272459287,1298.875986566869,292.07260421697805,0.2564,-0.5918,0.52,-0.36,0.3536,weakened
2023-10-05,3239.451432181438,3303.256046771394,3236.8992030912727,3271.6728515625,2990768,yfinance:TCS.NS,2026-08-05T14:32:45.912639,0.9947,1.7216,0.0014,-0.4631,2145320.0,2028094.0,1.3941,1.4747,elevated,66.36,2.0282,14.81,0.4593,63.7,56.2,0.9252,0.8386,32125.400390625,0.10184068717528752,1.5338042531366691,1.0,49.59247756458776,50.002669416225594,-1932.910373907718,168.18062609696275,1.5,0.2,0.54,-0.1,0.546,mixed
2023-10-06,3273.176401347944,3313.236535855373,3258.63811012588,3300.8857421875,2075691,yfinance:TCS.NS,2026-08-05T14:32:45.912639,0.8466,3.0607,2.3934,1.0069,2209307.0,2066137.0,0.9395,1.0046,normal,54.6,1.6541,1.5,0.046,60.86,56.71,0.9603,0.8476,32341.69921875,0.10206284214880774,1.52450771716166,1.0,43.19826498272964,48.83313748911378,959.2043314019562,1037.419084179421,4.5556,0.64,0.58,0.08,0.668,strengthened
2023-10-09,3322.4429058385053,3353.388098061812,3309.636364246382,3316.3359375,4233074,yfinance:TCS.NS,2026-08-05T14:32:45.912639,-0.1838,2.8436,3.1103,0.9629,2607164.0,2183536.0,1.6236,1.9386,spike,43.75,1.3193,21.56,0.6531,59.89,57.38,0.9508,0.8378,32308.55078125,0.10264576582075009,1.7030171447124265,1.0,48.90813876200998,46.708727979009986,668.0006882027642,-423.75770273691904,0.1667,-0.7143,0.52,-0.22,0.3431,weakened
2023-10-10,3317.885464751515,3325.13180122624,3282.610673537835,3307.72216796875,1848148,yfinance:TCS.NS,2026-08-05T14:32:45.912639,-0.3063,1.1019,3.2742,1.4467,2587164.0,2199998.0,0.7144,0.8401,dry,42.52,1.2855,1.55,0.0467,58.54,57.55,0.9245,0.8429,32569.44921875,0.10155904528052374,0.959566860595285,0.85,53.29704539616837,49.338550899920385,2909.0019473659186,651.7565052418031,7.3333,0.76,0.6,0.04,0.696,strengthened
2023-10-11,3326.954825968897,3326.954825968897,3285.937574689828,3290.40380859375,2426417,yfinance:TCS.NS,2026-08-05T14:32:45.912639,-1.0986,-0.3175,2.0394,0.6749,2714820.0,2232138.0,0.8938,1.087,dry,41.02,1.2466,19.23,0.5814,53.85,57.55,0.9787,0.8651,32548.05078125,0.10109372849108547,0.5709645492870734,0.65,60.68813452916282,51.13681224693172,2219.0861167298613,-525.6869350376488,3.5455,0.56,0.72,0.06,0.706,strongly_participatory
2023-10-12,3258.5923519076296,3271.0341609654283,3224.9582988828793,3229.014404296875,4241281,yfinance:TCS.NS,2026-08-05T14:32:45.912639,-0.9077,-2.6331,-1.3039,-1.3025,2964922.0,2220402.0,1.4305,1.9101,elevated,46.08,1.4269,-31.81,-0.9668,51.22,57.14,1.0117,0.8854,32003.650390625,0.10089519054497506,0.351896792005063,0.55,38.097476009385204,48.8378119358912,947.4034182399546,250.38952036099977,1.5,0.2,0.7,0.04,0.624,strengthened
2023-10-13,3217.575421151711,3260.4156604701616,3213.0179488837907,3254.81005859375,2890357,yfinance:TCS.NS,2026-08-05T14:32:45.912639,1.1572,-1.5997,-1.3959,0.9642,3127855.0,2277173.0,0.9241,1.2693,normal,47.4,1.4562,-11.44,-0.3543,49.78,56.05,0.9212,0.902,31807.94921875,0.10232693834518322,1.3526406413474519,0.95,65.06426699725013,53.2110123387953,-389.70858674771887,165.76885329016403,1.0,0.0,0.68,0.0,0.572,strengthened
2023-10-16,3250.389000692715,3258.27333816753,3207.640002736549,3212.15185546875,1671104,yfinance:TCS.NS,2026-08-05T14:32:45.912639,-1.1764,-2.3782,-3.1415,-0.129,2615461.0,2230492.0,0.6389,0.7492,dry,50.63,1.5763,-4.42,-0.1358,49.4,55.68,1.0051,0.8953,31750.400390625,0.10116886136709029,0.34926934473879134,0.65,52.70653765187661,53.970692116768625,707.0475019762871,-142.64047419263682,0.9231,-0.04,0.64,0.04,0.552,strengthened
2023-10-17,3217.575737682961,3221.3583510243216,3193.2844971184086,3196.656982421875,1672065,yfinance:TCS.NS,2026-08-05T14:32:45.912639,-0.6501,-1.0021,-3.3578,-0.1935,2580245.0,2166451.0,0.648,0.7718,dry,28.07,0.8782,5.42,0.1689,46.51,53.84,1.0103,0.9071,31794.900390625,0.10053992757166923,-0.36010580617884097,0.35,50.24793494188026,53.360870025911005,-66.77816423725592,1970.0863874247218,3.5455,0.56,0.7,0.08,0.7,strongly_participatory
2023-10-18,3200.257370600043,3210.9218123469677,3175.6470177073625,3178.609375,1408245,yfinance:TCS.NS,2026-08-05T14:32:45.912639,-0.6764,-2.3412,-3.3976,-1.4274,2376610.0,2167075.0,0.5925,0.6498,dry,35.27,1.1098,3.6,0.1126,45.37,52.57,0.8862,0.897,31606.650390625,0.10056773924840902,-0.43706602669054484,0.35,43.01840384143525,49.82692388836549,-656.0620219978579,-178.7190660001712,0.2195,-0.64,0.6,0.02,0.414,weakened
2023-10-19,3170.612517840815,3177.3294256477784,3154.528618159557,3157.95556640625,1514545,yfinance:TCS.NS,2026-08-05T14:32:45.912639,-0.3992,-1.6872,-2.2006,-3.4758,1831263.0,2160333.0,0.827,0.7011,dry,22.8,0.722,-8.0,-0.2516,37.09,49.37,0.7807,0.9006,31540.05078125,0.10012525307294681,-0.9820929314944511,0.2,46.335021997141794,51.4744330859168,1759.3148568891022,-540.9561077686784,0.4706,-0.36,0.68,-0.06,0.494,mixed
2023-10-20,3153.158141056141,3198.0284103099434,3147.3553086674356,3193.5048828125,1481211,yfinance:TCS.NS,2026-08-05T14:32:45.912639,1.2796,-0.0986,-1.8835,-3.2531,1549434.0,2134190.0,0.956,0.694,normal,50.67,1.5868,-4.8,-0.1519,37.75,48.9,0.8616,0.9265,31469.349609375,0.1014798501542951,0.5132938934728006,0.75,44.05599252272933,47.27277819101265,-892.6888646283135,637.2845683586243,0.4706,-0.36,0.5,-0.04,0.424,weakened
2023-10-23,3173.810985687688,3179.248365587948,3108.2877801873806,3116.375244140625,1106272,yfinance:TCS.NS,2026-08-05T14:32:45.912639,-1.8097,-1.9579,-2.9817,-6.0296,1436468.0,2090049.0,0.7701,0.5293,dry,70.96,2.277,-19.69,-0.6167,44.66,51.46,0.9829,0.9829,30848.400390625,0.10102226386713098,-0.1714095895153771,0.45,50.85612388772038,46.9026954381814,376.37047815504246,-333.61403428852674,0.0638,-0.88,0.42,-0.3,0.262,deteriorated
2023-10-25,3098.4179421137346,3129.9458639550335,3086.263655158993,3098.052490234375,1518537,yfinance:TCS.NS,2026-08-05T14:32:45.912639,-0.0118,-1.8969,-3.0846,-6.3388,1405762.0,2104037.0,1.0802,0.7217,normal,43.68,1.41,-17.96,-0.5762,47.79,49.98,0.9924,0.9798,30530.5,0.10147401746562863,0.385012857387949,0.7,55.196799003466005,47.89246825049855,317.60845626656425,205.094096848566,0.25,-0.6,0.3,-0.42,0.258,deteriorated
2023-10-26,3077.9024700555783,3083.065649974906,3043.1303207181386,3049.298828125,1984471,yfinance:TCS.NS,2026-08-05T14:32:45.912639,-0.9293,-4.5156,-4.0681,-7.3275,1521007.0,2116958.0,1.3047,0.9374,elevated,39.94,1.3097,-20.15,-0.6504,51.72,48.29,0.981,0.9907,30225.650390625,0.10088447357515894,-0.5500247688110188,0.25,50.45839616701287,49.38046671561408,-758.1683355813459,886.4982909092016,0.1364,-0.76,0.2,-0.66,0.162,deteriorated
2023-10-27,3061.4075190461313,3072.3737549352513,3049.5274301662507,3062.275634765625,1108851,yfinance:TCS.NS,2026-08-05T14:32:45.912639,0.0284,-1.736,-3.0298,-5.1638,1439868.0,2095343.0,0.7701,0.5292,dry,22.85,0.7461,12.11,0.3971,51.51,46.04,0.9732,0.8659,30599.69921875,0.10007535083512233,-1.7271923274335306,0.05,54.50289695071168,51.01404170632806,-1681.1146489414054,844.9202093928053,7.1667,0.7551,0.34,0.0,0.587,strengthened
2023-10-30,3061.407257455826,3091.427414880595,3046.5571476248833,3087.497802734375,910972,yfinance:TCS.NS,2026-08-05T14:32:45.912639,0.8522,-0.3407,-3.3195,-5.1405,1325821.0,2053104.0,0.6871,0.4437,dry,44.87,1.4533,-0.87,-0.0284,50.35,45.49,0.9254,0.8829,30641.0,0.10076361093744901,-0.6551984217466366,0.25,43.518551678424245,50.90655353746704,147.3650302275477,362.5920987313203,1.0833,0.04,0.36,-0.14,0.438,weakened
2023-10-31,3106.1860427295915,3106.1860427295915,3061.452987383203,3078.5419921875,999811,yfinance:TCS.NS,2026-08-05T14:32:45.912639,-0.89,0.959,-1.214,-4.1595,1304528.0,1990905.0,0.7664,0.5022,dry,44.73,1.4531,18.69,0.6053,42.26,45.65,0.901,0.8951,30582.25,0.10066433935330134,-0.751835947624334,0.25,53.978348840986094,51.53099852812018,3373.3905239619794,558.5554391161475,1.0,0.0,0.36,-0.04,0.44,weakened
2023-11-01,3065.976774735599,3081.146823579833,3025.7672432636564,3043.724365234375,1563475,yfinance:TCS.NS,2026-08-05T14:32:45.912639,-0.7258,-0.6058,-1.7536,-4.7841,1313516.0,1971672.0,1.1903,0.793,elevated,55.38,1.8195,-12.57,-0.4082,44.6,46.68,0.9044,0.8846,30344.849609375,0.10030448014789371,-1.1839797206412852,0.15,52.88296212346772,51.06823115212052,3534.203517597432,-350.4267204263549,0.3889,-0.44,0.32,-0.14,0.326,weakened
2023-11-02,3055.193202126613,3085.1218868690776,3055.193202126613,3070.637451171875,1245384,yfinance:TCS.NS,2026-08-05T14:32:45.912639,0.5055,-0.5461,0.6998,-3.3968,1165699.0,1944534.0,1.0684,0.6405,normal,29.93,0.9747,11.47,0.3768,41.89,44.96,0.9307,0.878,30582.75,0.10040422954678291,-0.9529710042246352,0.2,47.83278724828681,50.54310936837531,1803.3719963489918,1102.585286900705,4.5556,0.64,0.46,0.02,0.614,strengthened
2023-11-03,3090.6506520884154,3096.0422952066797,3056.1984407717223,3062.229736328125,1402598,yfinance:TCS.NS,2026-08-05T14:32:45.912639,-0.9196,-0.5299,-0.0015,-3.0313,1224448.0,1865125.0,1.1455,0.752,elevated,39.84,1.3011,20.01,0.6518,45.24,44.42,0.9566,0.8733,30779.94921875,0.09948780989095098,-1.8955939838723632,0.05,48.93861906647025,49.43025379152702,1212.8962309550168,686.125240265715,1.9412,0.32,0.48,0.06,0.562,strengthened
2023-11-06,3084.2537855610026,3100.063486624272,3069.6321379850096,3089.051513671875,1099852,yfinance:TCS.NS,2026-08-05T14:32:45.912639,0.1556,1.4892,0.0503,-3.2708,1262224.0,1816334.0,0.8714,0.6055,dry,30.43,0.9851,22.02,0.7192,43.84,43.5,0.8102,0.8755,30972.94921875,0.09973385136349448,-1.4284044602329673,0.1,52.3767790493603,51.20189926571423,698.7504888042279,-955.6277808181729,7.3333,0.76,0.58,0.12,0.696,strengthened
2023-11-07,3086.995582368968,3110.8927502240704,3076.0293458419023,3080.095947265625,1191144,yfinance:TCS.NS,2026-08-05T14:32:45.912639,-0.2235,0.308,0.0505,-1.1642,1300491.0,1664237.0,0.9159,0.7157,normal,34.86,1.1319,-2.06,-0.0666,41.86,43.99,0.6341,0.8643,30981.599609375,0.09941694380213961,-1.749897217227359,0.05,46.38245878052885,49.68272125362279,-877.8260770671822,-1945.4244828728058,1.2727,0.12,0.58,0.16,0.572,strengthened
2023-11-08,3081.009254460664,3108.8817673622384,3079.273023228274,3090.2392578125,992899,yfinance:TCS.NS,2026-08-05T14:32:45.912639,0.2996,0.9147,1.5282,-0.2522,1186375.0,1621475.0,0.8369,0.6123,dry,29.61,0.9581,0.91,0.0297,36.71,43.58,0.6526,0.8641,30917.19921875,0.09995210872588996,-0.9241652847922655,0.2,46.258550374182235,48.35783890376568,776.9340599430342,618.9322617358923,1.9412,0.32,0.6,0.22,0.626,strengthened
2023-11-09,3098.053359598878,3099.332664644226,3054.142675279032,3059.077392578125,2112352,yfinance:TCS.NS,2026-08-05T14:32:45.912639,-1.2581,-0.9703,-0.3765,0.3207,1359769.0,1605771.0,1.5535,1.3155,spike,45.19,1.4772,7.81,0.2529,37.47,45.09,0.7008,0.8757,30717.69921875,0.09958680078196978,-1.2797998457505502,0.15,56.79021481589752,50.149324417287836,286.5248486075729,-459.99260750680406,0.6667,-0.2,0.56,0.18,0.502,mixed
2023-11-10,3050.441278848814,3059.0771449775716,3036.139568807074,3046.283203125,1338557,yfinance:TCS.NS,2026-08-05T14:32:45.912639,-0.1363,-1.0978,-0.5207,-0.5222,1346961.0,1460635.0,0.9938,0.9164,normal,22.94,0.753,-8.64,-0.2823,34.09,43.11,0.6963,0.875,30639.05078125,0.09942485571352021,-1.335408316247071,0.1,54.60333079190424,51.282266762374626,583.7888483818751,661.8164539351502,1.6316,0.24,0.56,0.1,0.582,strengthened
2023-11-13,3066.890289328859,3066.890289328859,3040.388555601047,3044.546630859375,1030990,yfinance:TCS.NS,2026-08-05T14:32:45.912639,-0.7285,-1.4786,-1.4407,-1.3911,1333188.0,1367667.0,0.7733,0.7538,dry,26.5,0.8705,20.61,0.6765,31.82,38.92,0.5943,0.8328,30635.849609375,0.09937856040159242,-1.3756046806611868,0.05,48.168030733062075,50.440517099114984,-113.00773157575368,-1113.6790591191836,1.5,0.2,0.58,0.18,0.59,strengthened
2023-11-15,3091.6559037281313,3118.9800168000415,3066.936137613749,3111.029541015625,2059802,yfinance:TCS.NS,2026-08-05T14:32:45.912639,0.6266,1.6983,1.0043,1.0553,1506920.0,1387102.0,1.3669,1.485,elevated,52.04,1.6729,47.11,1.5473,39.73,41.11,0.6445,0.8465,31429.349609375,0.09898485268329071,-1.7119756556197145,0.05,45.51786594725235,50.26759853245969,1747.7291028255866,64.57305684557426,9.0,0.8,0.68,0.3,0.762,strongly_participatory
2023-11-16,3134.5614749653105,3225.307120972767,3120.076815913559,3196.520751953125,3951984,yfinance:TCS.NS,2026-08-05T14:32:45.912639,1.9766,4.9318,3.4393,5.02,2098737.0,1501098.0,1.883,2.6327,spike,105.23,3.292,23.53,0.7564,56.67,45.35,0.9242,0.9295,32273.349609375,0.09904521193624649,-1.4416237451704434,0.1,50.593330819907536,51.13455462160474,92.11082320276476,-547.0421176189427,1.5789,0.2245,0.8,0.42,0.7069,strongly_participatory
2023-11-17,3196.520287698974,3220.874376961997,3191.6768229615204,3200.723876953125,2021292,yfinance:TCS.NS,2026-08-05T14:32:45.912639,0.1315,5.1297,4.6304,4.2365,2080525.0,1531750.0,0.9715,1.3196,normal,29.2,0.9122,-0.0,-0.0,53.47,45.79,0.9103,0.8824,32191.349609375,0.0994280735598916,-0.8518883093393897,0.3,46.95885556505852,49.16828277143694,1203.397557221391,716.8210641059826,1.2727,0.12,0.78,0.42,0.678,strengthened
2023-11-20,3190.4889097792343,3229.464646386725,3190.4889097792343,3216.396728515625,1475621,yfinance:TCS.NS,2026-08-05T14:32:45.912639,0.812,3.3869,5.5843,5.0345,2107938.0,1529804.0,0.7,0.9646,dry,38.98,1.2118,-10.23,-0.3198,56.68,45.37,0.8818,0.8749,32383.19921875,0.09932300718001076,-0.9146462647597688,0.15,41.45423453413222,46.53846351988254,-1124.5780959402302,544.8544006320436,0.6897,-0.1837,0.78,0.28,0.6033,strengthened
2023-11-21,3216.396992381275,3234.171387970376,3199.39923794906,3207.806640625,1807236,yfinance:TCS.NS,2026-08-05T14:32:45.912639,-0.2671,0.3531,5.3624,3.8444,2263187.0,1546105.0,0.7985,1.1689,dry,34.77,1.084,0.0,0.0,58.33,44.66,0.8924,0.8548,32325.69921875,0.09923394445136591,-0.9556088958986942,0.15,64.73909820548369,49.85267701436686,438.3846452550063,-1663.5079646358613,1.381,0.16,0.8,0.28,0.68,strengthened
2023-11-22,3198.485265113703,3228.3224741290987,3181.2135339255397,3226.037841796875,1798051,yfinance:TCS.NS,2026-08-05T14:32:45.912639,0.8614,0.7909,3.6968,4.7382,2210837.0,1580694.0,0.8133,1.1375,dry,47.11,1.4603,-9.32,-0.2906,52.87,44.07,0.9113,0.8758,32564.400390625,0.09906639775641693,-1.086605622611688,0.15,39.951860948002384,48.73947601451687,1396.6614601200113,917.4265313327019,1.0833,0.04,0.76,0.26,0.638,strengthened
2023-11-23,3225.9009601530765,3238.694901638103,3198.485371256592,3206.024658203125,2729804,yfinance:TCS.NS,2026-08-05T14:32:45.912639,-0.6161,-0.3225,0.2973,3.7468,1966401.0,1641257.0,1.3882,1.6632,elevated,40.21,1.2542,-0.14,-0.0042,38.05,43.98,0.949,0.8795,32370.650390625,0.09904109492750987,-1.0977089769089117,0.1,38.286491097698146,46.27810807007499,-264.84257027188,947.9141863081106,1.0,0.0,0.74,0.36,0.632,strengthened
2023-11-24,3193.230552452981,3202.6432821116277,3155.5341196594813,3159.281005859375,1989733,yfinance:TCS.NS,2026-08-05T14:32:45.912639,-1.0632,-1.5127,-1.2948,3.2756,1960089.0,1641520.0,1.0151,1.2121,normal,47.11,1.4911,-12.79,-0.3991,42.31,44.74,0.9186,0.8782,32055.150390625,0.09855767224175474,-1.7403183429947275,0.05,57.26488698800054,48.3393143546634,-936.6727112923867,248.98303416043765,0.6667,-0.2,0.8,0.2,0.6,strengthened
2023-11-28,3159.28118436596,3181.350644295862,3137.2572385975423,3171.206787109375,1689195,yfinance:TCS.NS,2026-08-05T14:32:45.912639,0.3775,-1.6996,-1.405,4.1009,2002804.0,1670538.0,0.8434,1.0112,dry,44.09,1.3904,0.0,0.0,43.33,45.19,0.9145,0.8717,32118.5,0.0987345855849238,-1.2912121043413771,0.1,47.90202581722468,49.62887261128189,-325.64519481547325,1306.494715279311,3.1667,0.52,0.84,0.28,0.768,strongly_participatory
2023-11-29,3181.122097340804,3214.934656261117,3176.37010665481,3211.05078125,1441634,yfinance:TCS.NS,2026-08-05T14:32:45.912639,0.9408,0.1568,0.1011,5.4689,1929683.0,1697071.0,0.7471,0.8495,dry,38.56,1.201,9.92,0.3127,45.13,45.82,0.8755,0.8616,32608.400390625,0.09847311560162225,-1.6095346444760323,0.05,40.82196502811335,44.84544597580782,-384.88933245994804,545.9922181060911,3.9,0.5918,0.92,0.46,0.8324,strongly_participatory
2023-11-30,3197.982587796699,3213.7008135539186,3181.1220458782195,3187.153564453125,3266235,yfinance:TCS.NS,2026-08-05T14:32:45.912639,-0.3386,0.8822,-1.2053,2.4469,2223320.0,1810392.0,1.4691,1.8042,elevated,32.58,1.0222,-13.07,-0.407,42.22,46.04,0.898,0.8395,32582.19921875,0.09781885940403376,-2.385043783281634,0.05,48.60643646554981,46.57636107931731,-729.2471979014249,-526.133172430481,2.125,0.36,0.9,0.54,0.786,strongly_participatory
2023-12-01,3198.48480761372,3213.9745679888733,3189.3920168537943,3209.131103515625,1172141,yfinance:TCS.NS,2026-08-05T14:32:45.912639,0.3329,1.1959,0.0969,0.3945,1911788.0,1790825.0,0.6131,0.6545,dry,24.58,0.766,11.33,0.3555,39.54,44.72,0.6763,0.8362,32598.69921875,0.09844353242382778,-1.2564319191449314,0.1,42.58270630790311,47.435604121358296,598.4164196096816,-60.25042703876662,1.5789,0.2245,0.96,0.62,0.7909,strongly_participatory
2023-12-04,3239.2888137345485,3242.167584431117,3196.657662284584,3209.86279296875,1625213,yfinance:TCS.NS,2026-08-05T14:32:45.912639,-0.9084,-0.037,1.6011,0.2855,1838884.0,1809817.0,0.8838,0.898,dry,45.51,1.4178,30.16,0.9397,38.55,46.34,0.7498,0.8432,32665.55078125,0.09826446259743488,-1.487675198707641,0.1,41.39602242565991,44.26183120889017,358.59859636139106,-152.63796218027852,9.0,0.8,0.98,0.74,0.926,strongly_participatory
2023-12-05,3233.2116065096975,3233.2116065096975,3201.044028590681,3227.363037109375,1377656,yfinance:TCS.NS,2026-08-05T14:32:45.912639,-0.1809,1.2616,1.7708,0.341,1776576.0,1808570.0,0.7755,0.7617,dry,32.17,0.9967,23.35,0.7274,36.16,46.74,0.696,0.8412,32479.150390625,0.09936722476709067,0.565026186789262,0.65,45.42891326677605,43.767208698800445,2332.4867288289615,958.8086530123771,1.8824,0.3061,0.98,0.52,0.8052,strongly_participatory
2023-12-06,3228.277425791993,3301.614134238469,3221.469041972652,3293.617919921875,1896572,yfinance:TCS.NS,2026-08-05T14:32:45.912639,2.024,2.6327,2.5713,2.6751,1867563.0,1848406.0,1.0155,1.0261,normal,80.15,2.4333,0.91,0.0283,43.44,47.15,0.9577,0.8915,33022.6015625,0.09973829329249641,1.254822978701784,0.95,51.303451634205,45.863506020018775,2921.3336098665636,-356.74404030682075,1.2727,0.12,0.98,0.52,0.768,strongly_participatory
2023-12-07,3294.440005254403,3317.788993602691,3282.285715953096,3303.487060546875,1967653,yfinance:TCS.NS,2026-08-05T14:32:45.912639,0.2746,2.9168,3.6501,2.4008,1607847.0,1887231.0,1.2238,1.0426,elevated,35.5,1.0747,0.82,0.025,44.03,41.52,0.9263,0.8275,32961.6015625,0.10022228605254457,1.886801134057222,1.0,43.4902035775682,44.84025944242245,-1772.8640480783795,-318.4849316553796,1.0833,0.04,0.98,0.3,0.73,strongly_participatory
2023-12-08,3320.027826121142,3330.9940617152665,3291.74412143969,3314.2705078125,1641155,yfinance:TCS.NS,2026-08-05T14:32:45.912639,-0.1734,2.6928,3.2763,3.3763,1701650.0,1919644.0,0.9644,0.8549,normal,39.25,1.1843,16.54,0.5007,46.52,42.24,0.8993,0.8283,33392.8984375,0.099250758780813,0.3244945308061355,0.6,41.422236835468546,44.60816554793554,739.8129189913053,771.7157813644387,0.7857,-0.12,0.98,0.36,0.704,strongly_participatory
2023-12-11,3310.797648664154,3338.304710750083,3303.5782998526,3329.07470703125,1102503,yfinance:TCS.NS,2026-08-05T14:32:45.912639,0.552,1.0765,3.7139,5.3744,1597108.0,1869151.0,0.6903,0.5898,dry,34.73,1.0431,-3.47,-0.1048,44.36,41.94,0.8011,0.8133,33514.25,0.09933311075232923,0.5029208517627933,0.7,43.94445459703096,45.11785198220976,1453.7261342634506,740.0565340263031,1.7778,0.28,0.94,0.16,0.748,strongly_participatory
2023-12-12,3325.4654041320105,3379.7939215758247,3318.2003172411905,3355.759765625,2236866,yfinance:TCS.NS,2026-08-05T14:32:45.912639,0.911,1.5823,3.9784,5.8196,1768950.0,1914067.0,1.2645,1.1686,elevated,61.59,1.8355,-3.61,-0.1084,50.24,43.85,0.825,0.8273,33493.8984375,0.10019018156058741,1.8219544982250215,0.95,44.23169355505342,44.87840803986522,-20.13056376799178,752.3347436192131,0.6897,-0.1837,0.92,0.22,0.6533,strengthened
2023-12-13,3329.6687183950803,3335.563024872104,3256.0578240052896,3283.97607421875,3850968,yfinance:TCS.NS,2026-08-05T14:32:45.912639,-1.3723,-0.9141,-0.2927,2.2711,2159829.0,2055066.0,1.783,1.8739,spike,79.51,2.421,-26.09,-0.7775,54.16,47.61,0.9532,0.8573,33066.6484375,0.09931384731736165,0.3706607171539694,0.65,49.85639949886109,44.58899761279644,-52.27004044698115,-1694.946352918091,1.7778,0.28,0.96,0.12,0.752,strongly_participatory
2023-12-14,3317.2866102090293,3361.1515571208843,3315.0934521069,3351.32763671875,3290396,yfinance:TCS.NS,2026-08-05T14:32:45.912639,1.0262,0.6684,1.4482,5.1511,2424378.0,2116595.0,1.3572,1.5546,elevated,46.06,1.3743,33.31,1.0143,62.49,50.25,0.9789,0.8576,34223.3515625,0.0979251734184604,-1.7022250767138933,0.1,36.415325268021405,43.17402195088708,210.03713940839754,-497.41842671767597,3.1667,0.52,0.96,0.42,0.83,strongly_participatory
2023-12-15,3350.824789993706,3560.3255927142964,3350.824789993706,3528.386474609375,8531230,yfinance:TCS.NS,2026-08-05T14:32:45.912639,5.299,5.1442,6.4604,9.9483,3802393.0,2345558.0,2.2436,3.6372,spike,209.5,5.9376,-0.5,-0.015,96.54,61.61,1.8755,1.2664,35782.44921875,0.09860662284571904,-0.6201200436857696,0.35,36.740289804987555,42.237632544790884,680.2883822852721,-39.54723637357822,3.1667,0.52,0.96,0.5,0.838,strongly_participatory
2023-12-18,3525.73586250062,3590.5279420252045,3500.193496184867,3526.740966796875,2521612,yfinance:TCS.NS,2026-08-05T14:32:45.912639,0.0285,7.3924,5.9376,9.872,4086214.0,2370574.0,0.6171,1.0637,dry,90.33,2.5614,-2.65,-0.0751,107.66,64.91,1.8058,1.2667,35685.55078125,0.09882826212815257,-0.24174272318316314,0.45,50.487260524784034,43.5461937303415,-963.235822180662,219.16019202878144,0.6129,-0.24,0.98,0.36,0.68,strengthened
2023-12-19,3513.764812005255,3522.9948166196496,3463.502896618964,3487.44580078125,2004435,yfinance:TCS.NS,2026-08-05T14:32:45.912639,-0.749,4.0616,3.9242,8.0587,4039728.0,2397014.0,0.4962,0.8362,dry,59.49,1.7059,-12.98,-0.3679,107.99,66.3,1.8499,1.2615,35345.0,0.09866871695519168,-0.43625231712755486,0.4,59.80284973559642,46.660424966450094,178.82422569950327,248.95979032313002,1.1739,0.08,0.98,0.28,0.736,strongly_participatory
2023-12-20,3497.543727025331,3562.929950670811,3442.072897199233,3454.409912109375,2586083,yfinance:TCS.NS,2026-08-05T14:32:45.912639,-1.2333,-2.0966,5.1899,4.8819,3786751.0,2435957.0,0.6829,1.0616,dry,120.86,3.4986,10.1,0.2896,112.22,72.61,1.8932,1.2916,34741.05078125,0.0994330866346088,0.7112590961455477,0.85,54.86127698561616,47.661400463801115,531.0716826144583,-699.7834675593926,0.087,-0.84,0.96,0.24,0.54,mixed
2023-12-21,3432.6598710163985,3478.7637040633026,3420.871258140413,3461.2177734375,1517562,yfinance:TCS.NS,2026-08-05T14:32:45.912639,0.8319,-1.8579,3.279,4.7747,3432184.0,2421932.0,0.4422,0.6266,dry,57.89,1.6726,-21.75,-0.6296,108.36,74.83,1.8954,1.2929,34846.05078125,0.09932883916073255,0.5295427270247874,0.7,46.72049176029258,49.72243376225535,-166.49624944706005,-517.763187802811,2.3333,0.4,0.94,-0.06,0.75,strongly_participatory
2023-12-22,3472.6412593570217,3514.632758384625,3437.9148467634514,3494.57373046875,2413058,yfinance:TCS.NS,2026-08-05T14:32:45.912639,0.6316,0.2044,-0.9583,5.4402,2208550.0,2406095.0,1.0926,1.0029,normal,76.72,2.1953,11.42,0.33,81.81,77.06,1.8801,1.2945,35637.80078125,0.09805806345680396,-1.2512778071566841,0.15,47.84787033677849,51.94394986861354,1060.4754069049109,868.7056580019254,3.5455,0.56,0.94,0.08,0.796,strongly_participatory
2023-12-26,3490.7813789656334,3503.712309330165,3463.639767096589,3468.57470703125,1285231,yfinance:TCS.NS,2026-08-05T14:32:45.912639,-0.6362,0.41,-1.6493,4.1904,1961274.0,2370870.0,0.6553,0.5421,dry,40.07,1.1553,-3.79,-0.1085,71.76,77.62,1.9201,1.2737,35493.44921875,0.09772436275928117,-1.5660633013994512,0.05,50.58174848270472,51.96284746019768,525.2062923168107,-887.9774042874168,5.25,0.68,0.94,0.18,0.83,strongly_participatory
2023-12-27,3471.7275030067567,3489.273435762688,3443.3980603657433,3482.87646484375,1293976,yfinance:TCS.NS,2026-08-05T14:32:45.912639,0.3211,0.6258,-0.131,3.788,1819182.0,2351109.0,0.7113,0.5504,dry,45.88,1.3172,3.15,0.0909,68.28,75.17,1.9142,1.2709,35741.0,0.09744765017329537,-1.6996108599428799,0.05,41.38215245158142,48.27870800339467,-454.28085380793266,-195.76940244245966,4.0,0.6,0.94,0.4,0.836,strongly_participatory
2023-12-28,3494.5739961540417,3507.3679386085805,3465.4221736618024,3472.550048828125,1682889,yfinance:TCS.NS,2026-08-05T14:32:45.912639,-0.6302,-0.6302,0.5251,5.7422,1638543.0,2363172.0,1.0271,0.7121,normal,41.95,1.2079,11.7,0.3359,52.5,75.63,1.8505,1.2683,35691.6484375,0.09729306997150726,-1.6785940216111077,0.05,52.154772113929376,47.737407029057316,180.87724870095033,997.5644134495465,3.1667,0.52,0.94,0.52,0.832,strongly_participatory
2023-12-29,3465.33055833123,3493.2945492321064,3441.0219794117156,3466.60986328125,1574996,yfinance:TCS.NS,2026-08-05T14:32:45.912639,0.0369,-0.0566,0.1558,3.4399,1650030.0,2278610.0,0.9545,0.6912,normal,52.27,1.5079,-7.22,-0.2079,51.38,76.56,1.8451,1.268,35515.0,0.0976097385127763,-1.2858690948363007,0.15,60.26191130402062,50.44569093780292,1192.9416493373553,-1577.6736403745854,0.7241,-0.16,0.94,0.36,0.68,strengthened
2024-01-01,3463.5027692673525,3501.8845941510544,3447.967268719188,3482.78515625,825907,yfinance:TCS.NS,2026-08-05T14:32:45.912639,0.5567,-0.0026,-0.3373,-1.2924,1332600.0,2261298.0,0.6198,0.3652,dry,53.92,1.5481,-3.11,-0.0896,46.82,77.94,0.6928,1.2295,35695.8984375,0.09756821676159835,-1.2323032912094796,0.15,53.5211519336889,51.58034725718501,990.4280904722739,1010.7527345226945,1.0,0.0,0.94,0.18,0.694,strengthened
2024-01-02,3482.7854523506976,3482.7854523506976,3442.71290681581,3457.288818359375,1344068,yfinance:TCS.NS,2026-08-05T14:32:45.912639,-0.7321,-0.4395,-0.3254,-1.9693,1344367.0,2247241.0,0.9998,0.5981,normal,40.07,1.1591,0.0,0.0,46.82,76.4,0.7202,1.2426,35283.1015625,0.0979871004887476,-0.7572713245722652,0.35,44.79023622491331,50.422044805626726,1291.8159072154613,205.49606716522996,0.6129,-0.24,0.96,0.2,0.656,strengthened
2024-01-03,3442.484483918429,3446.9167605117736,3369.4219762467496,3373.717041015625,1803075,yfinance:TCS.NS,2026-08-05T14:32:45.912639,-1.9976,-2.6796,-3.1342,-3.2611,1446187.0,2268512.0,1.2468,0.7948,elevated,77.49,2.297,-14.8,-0.4282,55.22,75.55,0.9154,1.3017,34395.44921875,0.09808614562814054,-0.5856310165592388,0.45,49.79273985448334,52.104162286207114,-205.08326392063543,523.3215971056261,0.7857,-0.12,0.96,0.2,0.68,strengthened
2024-01-04,3382.8551313574153,3398.6190946223346,3336.477094505551,3350.916015625,3598144,yfinance:TCS.NS,2026-08-05T14:32:45.912639,-0.9441,-3.7863,-3.5027,-2.996,1829238.0,2353590.0,1.967,1.5288,spike,62.14,1.8545,9.14,0.2709,59.25,74.48,0.8862,1.3148,34409.3984375,0.0973837430407708,-1.2125617663143335,0.1,48.10073920625436,51.2933557046721,736.4439368681258,-1073.0295957902533,1.2727,0.12,0.96,0.3,0.738,strongly_participatory
2024-01-05,3358.4093675177683,3424.892165201283,3358.2723788278463,3415.890625,1963127,yfinance:TCS.NS,2026-08-05T14:32:45.912639,1.7116,-1.1974,-1.4631,-1.3096,1906864.0,2353364.0,1.0295,0.8342,normal,66.62,1.9503,7.49,0.2236,63.59,64.8,1.0371,1.3404,34851.75,0.09801202593843925,-0.4620936942867758,0.45,48.78140878839066,48.99725520154611,-1931.3146599852018,-590.5107136782332,1.0,0.0,0.96,0.22,0.706,strongly_participatory
2024-01-08,3415.890297796739,3417.581014723107,3356.032939292999,3361.4248046875,1067805,yfinance:TCS.NS,2026-08-05T14:32:45.912639,-1.5945,-0.3644,-3.4846,-3.8102,1955244.0,2324697.0,0.5461,0.4593,dry,61.55,1.831,-0.0,-0.0,65.12,62.74,1.0841,1.371,34514.6484375,0.09739125145007498,-1.0816331923290123,0.15,51.9839863299636,48.68982208080105,1129.1001132966915,1083.4384227978787,0.3514,-0.48,0.96,0.1,0.598,strengthened
2024-01-09,3390.348920468523,3429.096421850745,3365.4921632868704,3372.026123046875,1370944,yfinance:TCS.NS,2026-08-05T14:32:45.912639,-0.5404,0.63,-2.4662,-2.7835,1960619.0,2338119.0,0.6992,0.5863,dry,63.6,1.8862,28.92,0.8605,70.64,63.06,1.0822,1.3588,34662.44921875,0.09728181934768883,-1.0978595850230861,0.05,59.609148862360335,51.65360460829046,-1731.4128569290476,-429.94646210790694,1.1739,0.08,0.96,0.14,0.714,strongly_participatory
2024-01-10,3372.1170435014856,3407.9857681511967,3370.289337786851,3393.181396484375,1292227,yfinance:TCS.NS,2026-08-05T14:32:45.912639,0.6247,-0.6648,0.5769,-2.5753,1858449.0,2290887.0,0.6953,0.5641,dry,37.7,1.1109,0.09,0.0027,60.61,57.12,1.108,1.3612,34834.3515625,0.09740905871023059,-0.9169823571649117,0.25,55.67416660868165,52.829889959130114,224.2153406040634,742.9124143878835,1.1739,0.08,0.94,0.06,0.698,strengthened
2024-01-11,3403.1881186966993,3447.966909732182,3387.6526197660214,3413.7431640625,1777909,yfinance:TCS.NS,2026-08-05T14:32:45.912639,0.3102,1.5564,1.8749,-1.6935,1494402.0,2187234.0,1.1897,0.8129,elevated,60.31,1.7668,10.01,0.2949,60.24,57.29,1.1215,1.3531,34735.25,0.09827892887088764,0.39899335739290775,0.75,65.22545966009245,56.25483404989774,-1013.6915393452139,-651.6107314085796,0.9231,-0.04,0.94,0.14,0.682,strengthened
2024-01-12,3516.5062216937445,3568.824304124089,3492.3805925763054,3548.308349609375,6813450,yfinance:TCS.NS,2026-08-05T14:32:45.912639,0.9044,5.2278,3.8765,2.3567,2464467.0,2363386.0,2.7647,2.8829,spike,76.44,2.1544,102.76,3.0103,76.46,62.89,1.1788,1.3578,36521.69921875,0.0971561681277879,-1.197132693537621,0.05,41.8612194968956,54.87079619159873,388.1369570559398,-435.3320334866191,1.5,0.2,0.92,0.14,0.722,strongly_participatory
2024-01-15,3618.85751219593,3623.4267767315314,3550.3185441619166,3567.4990234375,2801505,yfinance:TCS.NS,2026-08-05T14:32:45.912639,-1.4192,5.1373,6.1306,2.4324,2811207.0,2076900.0,0.9965,1.3489,normal,73.11,2.0493,70.55,1.9882,79.18,65.39,1.2087,1.3873,37201.94921875,0.09589548661712219,-2.398122063473015,0.05,65.51842346574138,57.57768361875428,324.95397935004155,-953.3804929079375,1.6667,0.25,0.92,0.26,0.744,strongly_participatory
2024-01-16,3563.1128581170137,3563.1128581170137,3523.4059897648553,3528.66064453125,1432672,yfinance:TCS.NS,2026-08-05T14:32:45.912639,-0.9669,3.3663,4.6451,2.0644,2823553.0,2022453.0,0.5074,0.7084,dry,39.71,1.1253,-4.39,-0.1229,74.46,65.27,1.2188,1.3888,36727.1015625,0.09607784155050691,-1.8763636786090685,0.1,41.53361371715879,53.962576589713976,-865.2461548210313,261.2694004435785,0.4706,-0.36,0.88,0.1,0.59,strengthened
2024-01-17,3490.0045245140536,3573.1194082779125,3484.1102174250937,3549.953369140625,3458696,yfinance:TCS.NS,2026-08-05T14:32:45.912639,1.7177,0.0464,4.6202,5.2238,3256846.0,2095166.0,1.062,1.6508,normal,89.01,2.5073,-38.66,-1.0955,84.72,68.63,1.2408,1.4187,36960.3984375,0.09604748647782012,-1.6759036644925582,0.1,41.282225262553794,51.084188320488394,803.0536979033266,98.38952358907389,0.2195,-0.64,0.78,-0.12,0.472,mixed
2024-01-18,3562.199262811189,3572.068920577703,3529.300552328582,3566.403076171875,2239110,yfinance:TCS.NS,2026-08-05T14:32:45.912639,0.118,-0.0307,4.4719,6.4307,3349087.0,2077818.0,0.6686,1.0776,dry,42.77,1.1992,12.25,0.345,81.21,67.95,1.1975,1.3743,36730.5,0.09709650225757545,-0.4485605352008715,0.2,43.204858836447826,46.68006815575948,-861.4676369216434,73.78167812582329,0.8148,-0.102,0.7,-0.14,0.5456,mixed
2024-01-19,3630.2663071081665,3647.336425550741,3602.705775133821,3628.471923828125,2941975,yfinance:TCS.NS,2026-08-05T14:32:45.912639,-0.0494,2.8286,2.2592,6.2233,2574792.0,2149038.0,1.1426,1.369,elevated,44.63,1.23,63.86,1.7907,66.38,69.88,1.0528,1.3741,37069.25,0.09788360767558353,0.7325619208310017,0.75,31.008834205521545,44.50959109748466,-1316.4304957203024,420.36285599466515,4.5556,0.64,0.78,0.12,0.752,strongly_participatory
2024-01-23,3588.8559304230384,3620.051280568456,3536.173365803367,3550.436767578125,2618854,yfinance:TCS.NS,2026-08-05T14:32:45.912639,-1.0705,0.0136,-0.4783,5.623,2538261.0,2159328.0,1.0318,1.2128,normal,83.88,2.3625,-39.62,-1.0918,69.82,73.61,0.9801,1.3896,36521.3515625,0.09721537171213843,-0.19129655893890912,0.3,50.734047806217276,41.55271596557985,21.106000481257897,470.35049190358006,0.2195,-0.64,0.62,0.0,0.42,weakened
2024-01-24,3570.4511632012504,3573.809874043728,3501.9869317926677,3535.298828125,2657709,yfinance:TCS.NS,2026-08-05T14:32:45.912639,-0.9845,-0.8721,0.1881,4.842,2783269.0,2227952.0,0.9549,1.1929,normal,71.82,2.0316,20.01,0.5637,75.37,72.46,1.0148,1.3989,37090.1484375,0.09531638392017422,-2.3946690150412513,0.05,63.00936671372709,45.84786656489351,1378.2391592003062,-363.4516700469932,5.25,0.68,0.68,-0.1,0.698,strengthened
2024-01-25,3533.550617096936,3552.9673375819,3477.2332310375527,3506.312255859375,2205154,yfinance:TCS.NS,2026-08-05T14:32:45.912639,-0.7708,-3.3667,-1.2293,3.3341,2532560.0,2273511.0,0.8707,0.9699,dry,75.73,2.1599,-1.75,-0.0495,72.71,73.43,1.0028,1.395,36496.19921875,0.0960733536893343,-1.2953013888816522,0.2,55.6033907054884,48.71209965348043,-243.40798605665753,-404.09775800163976,0.6129,-0.24,0.66,0.02,0.518,mixed
2024-01-29,3497.5703955598956,3515.2385654063073,3479.212061073679,3497.75439453125,1646747,yfinance:TCS.NS,2026-08-05T14:32:45.912639,0.0053,-1.4838,-1.9249,2.461,2414088.0,2271704.0,0.6821,0.7249,dry,36.03,1.03,-8.74,-0.2493,71.36,70.72,0.9894,1.3725,36531.8984375,0.09574521292714436,-1.4951529962721408,0.1,37.43813434383486,47.55875475495783,-135.7568385230854,-136.92252076333986,3.5455,0.56,0.7,0.2,0.712,strongly_participatory
2024-01-30,3503.6897568365657,3540.8207042314343,3484.871312637016,3497.34033203125,1411621,yfinance:TCS.NS,2026-08-05T14:32:45.912639,-0.1812,-1.0737,-3.614,-1.4364,2108017.0,2263535.0,0.6696,0.6236,dry,55.95,1.5998,5.94,0.1697,66.37,70.32,0.9044,1.3589,36381.94921875,0.09612844850624006,-0.9652950097245009,0.35,62.65167012683483,53.887321939220485,63.37062071760881,615.0873384004707,0.3889,-0.44,0.68,0.14,0.498,mixed
2024-01-31,3507.140432085803,3528.12148113154,3493.5671947757637,3511.511474609375,2459358,yfinance:TCS.NS,2026-08-05T14:32:45.912639,0.1246,0.1483,-1.0964,-1.5694,2076118.0,2345208.0,1.1846,1.0487,elevated,34.55,0.984,9.8,0.2802,54.82,67.96,0.8324,0.9118,36638.3984375,0.09584238461185808,-1.154124136172649,0.15,57.435520965770294,55.227616571131094,292.77642496734967,239.76661817428436,9.0,0.8,0.7,0.06,0.746,strongly_participatory
2024-02-01,3515.2381710106256,3593.364709605868,3501.4809356666156,3546.66357421875,2363107,yfinance:TCS.NS,2026-08-05T14:32:45.912639,0.894,1.3983,0.3215,0.5102,2017197.0,2396159.0,1.1715,0.9862,elevated,91.88,2.5907,3.73,0.1061,58.83,71.83,0.8511,0.9333,36534.55078125,0.09707697230094159,0.23104772665024972,0.45,44.246594783162365,51.475062185018146,389.71879197958594,1429.050168176459,0.7241,-0.16,0.72,0.12,0.568,strengthened
2024-02-02,3565.8969071842384,3666.5227828604343,3563.09019254935,3649.866943359375,2826510,yfinance:TCS.NS,2026-08-05T14:32:45.912639,2.3548,4.3612,4.0942,2.8145,2141469.0,2447331.0,1.3199,1.1549,elevated,103.43,2.8339,19.23,0.5423,67.65,76.08,1.0055,1.0357,37323.25,0.09779070534745433,1.0663882811845273,0.85,34.29492376727298,47.21336879737506,-1848.671922604096,393.4445436761019,3.5455,0.56,0.7,0.26,0.718,strongly_participatory
2024-02-05,3665.233944757109,3701.1225020871434,3646.001448771063,3656.307861328125,1691523,yfinance:TCS.NS,2026-08-05T14:32:45.912639,-0.2435,4.1235,4.533,2.5209,2150424.0,2352000.0,0.7866,0.7192,dry,55.12,1.5076,15.37,0.421,71.47,68.94,1.009,1.0134,37162.1484375,0.09838795696856366,1.5840737297882657,1.0,57.902530495787694,51.306248027765626,-984.4114274105708,942.9475671665074,0.4706,-0.36,0.66,0.14,0.506,mixed
2024-02-06,3678.1170862666418,3818.818548187844,3671.675550213635,3806.027587890625,4474396,yfinance:TCS.NS,2026-08-05T14:32:45.912639,3.4776,7.3129,8.8263,4.8934,2762979.0,2477564.0,1.6194,1.806,spike,147.14,3.8661,21.81,0.5965,92.79,75.18,1.489,1.1925,38246.30078125,0.09951361334679733,2.348304098962624,1.0,35.24457872964506,45.82482974832768,2.2027097388043924,588.0878541044881,2.5714,0.44,0.66,0.14,0.666,strengthened
2024-02-07,3821.671387213115,3823.511826118587,3748.927994541734,3757.6240234375,2124267,yfinance:TCS.NS,2026-08-05T14:32:45.912639,-1.6759,2.9524,7.0087,5.8355,2695961.0,2530387.0,0.7879,0.8395,dry,74.58,1.9849,15.64,0.411,100.79,77.36,1.5641,1.2265,37767.75,0.0994929277872656,1.9819689153763718,0.95,43.20499981636982,42.97872551844758,-654.6727892795732,1259.9520491331796,1.381,0.16,0.72,0.32,0.652,strengthened
2024-02-08,3763.697529491343,3826.272451742055,3760.062707616723,3804.279296875,2345173,yfinance:TCS.NS,2026-08-05T14:32:45.912639,1.0782,4.047,7.2636,7.6084,2692374.0,2579098.0,0.871,0.9093,dry,66.21,1.7404,6.07,0.1616,96.14,75.91,1.511,1.2378,37851.6015625,0.10050510783786601,2.269441020873323,1.0,48.041949597745464,43.73779648136421,223.59749586524578,845.7251717603178,0.5152,-0.32,0.62,0.1,0.494,mixed
2024-02-09,3806.533398655103,3850.8881536905233,3772.8995591447865,3803.9111328125,2100596,yfinance:TCS.NS,2026-08-05T14:32:45.912639,-0.0689,-0.0556,4.2205,8.4875,2547191.0,2619517.0,0.8247,0.8019,dry,77.99,2.0502,2.25,0.0593,87.77,78.42,1.4605,1.2365,37699.25,0.10090150686850534,2.105917848494625,1.0,48.375844750117935,46.5539806779332,29.543531590352213,583.4714600829863,1.0833,0.04,0.64,0.08,0.572,strengthened
2024-02-12,3800.5065922172184,3827.745179692485,3778.007045373113,3791.94873046875,1013716,yfinance:TCS.NS,2026-08-05T14:32:45.912639,-0.2252,0.9135,3.7098,8.4109,2411630.0,2581307.0,0.4203,0.3927,dry,49.74,1.3117,-3.4,-0.0895,86.69,76.19,1.4723,1.2316,37998.0,0.09979337676900758,1.3297002021661675,0.9,39.45903656493925,42.8652818917635,-667.6594983663888,463.94188439686303,0.3889,-0.44,0.62,0.02,0.462,mixed
2024-02-13,3796.319585112178,3837.3151826933217,3755.875759751269,3818.45068359375,1257415,yfinance:TCS.NS,2026-08-05T14:32:45.912639,0.583,0.3725,0.3264,9.1816,1768233.0,2303505.0,0.7111,0.5459,dry,81.44,2.1328,4.37,0.1153,70.48,75.42,1.4496,1.236,38204.0,0.09994897611752042,1.2782792750033312,0.9,46.86096411982965,45.18855896980042,618.4152388377469,-420.10403111866117,2.8462,0.48,0.56,0.0,0.62,strengthened
2024-02-14,3779.341123293365,3786.610766779544,3726.428507128435,3772.99169921875,1391283,yfinance:TCS.NS,2026-08-05T14:32:45.912639,-0.168,-0.8128,0.409,7.4464,1621637.0,2232994.0,0.8579,0.6231,dry,60.18,1.5951,-39.11,-1.0242,73.97,76.86,1.4638,1.2325,37775.3984375,0.09987960035580366,1.1190078830003543,0.85,48.962365053695194,46.3400320172655,-2105.258151983712,-850.8660158475857,2.3333,0.4,0.58,0.06,0.618,strengthened
2024-02-15,3798.665989794075,3815.505826442883,3757.2561134518432,3775.8447265625,1091582,yfinance:TCS.NS,2026-08-05T14:32:45.912639,-0.6008,-0.4247,-0.7474,6.4619,1370918.0,2215940.0,0.7962,0.4926,dry,58.25,1.5427,25.67,0.6805,71.89,75.61,1.5062,1.23,37999.55078125,0.09936550956348682,0.7552556410499339,0.65,52.115510672469995,47.154744232210405,362.1555997620361,1581.5169648018718,1.0417,0.0204,0.62,0.2,0.5721,strengthened
2024-02-16,3785.092527855322,3817.0243214473626,3772.9917323521654,3798.941650390625,1307556,yfinance:TCS.NS,2026-08-05T14:32:45.912639,0.3659,-0.5109,-0.1306,4.0844,1212310.0,2108383.0,1.0786,0.6202,normal,44.03,1.1591,9.25,0.2449,65.1,76.18,1.3502,1.171,38477.05078125,0.09873266202205556,0.3410363755622089,0.6,53.69291902471112,48.218159087129045,-378.8411209471955,-158.34190001923685,3.5455,0.56,0.64,0.24,0.692,strengthened
2024-02-19,3794.110709187132,3798.941861408623,3731.489953932272,3776.396484375,772291,yfinance:TCS.NS,2026-08-05T14:32:45.912639,-0.4669,0.0902,-0.4101,3.2844,1164025.0,2035042.0,0.6635,0.3795,dry,67.45,1.7861,-4.83,-0.1272,68.64,77.01,1.3611,1.1596,38363.19921875,0.0984379968636528,0.136048016090045,0.55,58.22141457518807,51.9706346891788,-157.81685235193555,-533.5184603482542,1.381,0.16,0.66,0.22,0.618,strengthened
2024-02-20,3756.427991026826,3771.059390745061,3690.0800773274023,3709.08251953125,1193648,yfinance:TCS.NS,2026-08-05T14:32:45.912639,-1.2604,-1.7681,-2.8642,-2.5471,1151272.0,1947625.0,1.0368,0.6129,normal,80.98,2.1833,-19.97,-0.5288,69.61,80.7,0.8234,1.1448,38029.69921875,0.09753120839048182,-0.3745245301614987,0.4,50.658512095836734,52.730144284380216,556.4308939540895,292.7220794025357,1.0833,0.04,0.66,0.16,0.588,strengthened
2024-02-21,3692.840871691211,3739.174013609637,3663.0258496095257,3673.05615234375,1885939,yfinance:TCS.NS,2026-08-05T14:32:45.912639,-0.5358,-3.3137,-2.6487,-2.2506,1250203.0,1910980.0,1.5085,0.9869,spike,76.15,2.0732,-16.24,-0.4379,66.44,79.58,0.6672,1.1094,37405.8984375,0.0981945710642644,-0.022195629055715767,0.45,42.01210770754757,51.3400928151507,1231.2821968019673,339.84931817669263,0.4706,-0.36,0.64,0.2,0.504,mixed
2024-02-22,3654.191483338692,3768.252640712782,3654.191483338692,3761.029052734375,2982052,yfinance:TCS.NS,2026-08-05T14:32:45.912639,2.9237,-0.4069,-0.3924,-1.1369,1628297.0,1927197.0,1.8314,1.5474,spike,114.06,3.0327,-18.86,-0.5136,77.6,79.17,1.1319,1.2211,38130.1484375,0.09863662238029741,0.1497985225408433,0.55,60.409215804180185,52.99883384149274,1722.5430928104695,744.2289328850384,2.5714,0.44,0.68,0.16,0.676,strengthened
2024-02-23,3800.5062936958448,3800.5062936958448,3723.5758585151752,3728.8212890625,2538072,yfinance:TCS.NS,2026-08-05T14:32:45.912639,-1.8862,0.5322,-1.8458,-1.974,1874400.0,1943843.0,1.3541,1.3057,elevated,76.93,2.0631,39.48,1.0496,84.18,80.72,1.2889,1.2731,38045.6484375,0.09800914013039023,-0.3257586126300675,0.35,48.92539707434287,52.04532945141908,-816.4811121806232,349.44798878006077,0.9231,-0.04,0.7,0.26,0.598,strengthened
2024-02-26,3714.0056182761105,3726.8886902919344,3665.0039336444943,3681.843994140625,1379284,yfinance:TCS.NS,2026-08-05T14:32:45.912639,-0.866,0.2393,-2.5038,-2.9036,1995799.0,1930469.0,0.6911,0.7145,dry,61.88,1.6808,-14.82,-0.3973,83.45,73.67,1.3101,1.2837,37598.6484375,0.09792490281295434,-0.5014866563198457,0.3,64.4859833990559,53.298243216192645,-992.7713830291693,-1080.1478581195197,0.3889,-0.44,0.66,0.14,0.49,mixed
2024-02-27,3679.957687485479,3794.985122078048,3679.957687485479,3776.94873046875,2960475,yfinance:TCS.NS,2026-08-05T14:32:45.912639,2.6357,0.4233,1.8297,-1.0869,2349164.0,2007912.0,1.2602,1.4744,elevated,115.03,3.0455,-1.89,-0.0512,89.2,76.56,1.5782,1.3606,37870.25,0.09973392651141068,0.7627564042790881,0.75,62.042726739545635,55.575086144934424,1574.8594175398903,1261.7714351206898,1.6316,0.24,0.66,0.14,0.626,strengthened
2024-02-28,3768.8511632078385,3823.420001118155,3762.777624498999,3790.33837890625,1939225,yfinance:TCS.NS,2026-08-05T14:32:45.912639,0.5701,1.6498,3.193,0.4598,2359822.0,1981906.0,0.8218,0.9785,dry,60.64,1.5999,-8.1,-0.2144,86.1,75.99,1.586,1.3325,37741.75,0.10042826257145601,1.3023255078105562,0.9,46.00828681216741,56.37432196585841,-503.23695106614525,1096.9247415643347,0.1111,-0.8,0.64,0.04,0.4,weakened
2024-02-29,3771.979635234801,3807.9603066412583,3740.278119193048,3768.390869140625,3772719,yfinance:TCS.NS,2026-08-05T14:32:45.912639,-0.0951,2.3506,0.1957,-0.1974,2517955.0,2052386.0,1.4983,1.8382,elevated,67.68,1.7961,-18.36,-0.4844,76.82,75.25,1.5696,1.3165,37720.3984375,0.09990326256453995,0.746973395336707,0.8,55.77256760763484,55.446992326549335,444.207070795968,-840.296316016448,1.9412,0.32,0.62,-0.12,0.6,strengthened
2024-03-01,3779.525593669568,3809.708612609149,3760.752981650241,3767.70068359375,2043265,yfinance:TCS.NS,2026-08-05T14:32:45.912639,-0.3129,-0.2449,1.0427,-0.8224,2418994.0,2013224.0,0.8447,1.0149,dry,48.96,1.2994,11.13,0.2955,71.22,75.2,1.5733,1.2871,37516.05078125,0.10042903251098045,1.1585336086193228,0.9,53.16300759668118,56.294514431017,1232.3459107790159,1858.4364812760903,3.1667,0.52,0.7,0.24,0.708,strongly_participatory
2024-03-04,3777.501027099328,3789.371768720034,3750.722549928762,3755.1396484375,1749271,yfinance:TCS.NS,2026-08-05T14:32:45.912639,-0.592,-0.9286,1.9907,-0.5629,2492991.0,2016111.0,0.7017,0.8676,dry,38.65,1.0292,9.8,0.2601,66.19,72.14,1.5786,1.2937,37314.80078125,0.10063405323938882,1.2278611587815316,0.95,53.488411679987514,54.095000087203324,-48.01134827199994,-205.08305565032137,1.45,0.1837,0.68,0.24,0.6327,strengthened
2024-03-05,3737.931310692107,3739.77174954523,3662.473317714078,3692.012451171875,2070859,yfinance:TCS.NS,2026-08-05T14:32:45.912639,-1.2285,-2.0268,-2.2488,-0.4602,2315068.0,1895934.0,0.8945,1.0923,dry,77.3,2.0937,-17.21,-0.4583,61.72,72.19,1.5756,1.316,36720.75,0.10054294782028894,1.0525436342603942,0.9,56.4673958947967,52.97993391825353,-196.72494986314112,656.0358375779982,0.6129,-0.24,0.64,0.08,0.516,mixed
2024-03-06,3675.402676918432,3747.1337408010263,3642.642773405773,3740.048095703125,1744204,yfinance:TCS.NS,2026-08-05T14:32:45.912639,1.7589,-0.7339,-1.3268,1.8239,2276064.0,1876931.0,0.7663,0.9293,dry,104.49,2.7938,-16.61,-0.4499,70.49,75.49,1.6446,1.3335,37001.80078125,0.1010774615487992,1.4073651675104357,1.0,33.930084108615084,50.564293377543066,166.45297266133534,-146.39100414217455,1.7778,0.28,0.66,0.0,0.62,strengthened
2024-03-07,3740.692062833141,3794.985010362576,3715.570026925066,3780.813720703125,2688905,yfinance:TCS.NS,2026-08-05T14:32:45.912639,1.0726,0.6837,0.3297,0.526,2059301.0,1894118.0,1.3057,1.4196,elevated,79.41,2.1005,0.64,0.0172,72.84,78.02,1.4015,1.3259,37099.8984375,0.10190900460475485,1.9164262603486257,1.0,38.5339318986738,47.11656623575086,1232.9180459160618,-1390.8706121430441,1.6316,0.24,0.7,0.24,0.652,strengthened
2024-03-11,3762.778114385271,3821.6721714458376,3762.778114385271,3793.467529296875,2304068,yfinance:TCS.NS,2026-08-05T14:32:45.912639,0.8156,2.748,0.6839,1.7337,2111461.0,1904291.0,1.0912,1.2099,normal,58.89,1.5525,-18.04,-0.477,74.82,77.41,1.2241,1.3165,36988.30078125,0.10255857796040872,2.134058931632263,1.0,60.01885641676822,48.48773599976827,944.1495680026682,-1667.9515022795044,0.6667,-0.2,0.7,0.2,0.56,strengthened
2024-03-12,3793.4670286122578,3892.482738841845,3792.270473640545,3857.790283203125,4039801,yfinance:TCS.NS,2026-08-05T14:32:45.912639,1.6956,3.1481,2.7336,4.7788,2569567.0,2055596.0,1.5722,1.9653,spike,100.21,2.5977,-0.0,-0.0,87.14,78.4,1.2032,1.3405,37224.25,0.10363648114342465,2.3332865429214285,1.0,48.592758243358205,47.508605312442405,-1523.1933239653433,2206.611608612835,0.3158,-0.52,0.64,0.02,0.454,mixed
2024-03-13,3869.5232623236584,3902.651166590877,3802.2551224047543,3817.990966796875,2837260,yfinance:TCS.NS,2026-08-05T14:32:45.912639,-1.3317,0.9833,3.4122,1.0867,2722848.0,2134588.0,1.042,1.3292,normal,100.4,2.6296,11.73,0.3041,88.68,80.13,1.1203,1.3718,36946.44921875,0.10333850877499963,1.8414665249293976,0.95,61.02892436457034,48.420911006397134,1230.3924263130787,105.52085848573694,0.1628,-0.72,0.5,-0.12,0.344,weakened
2024-03-14,3822.0854919676153,3887.9270110877537,3760.0165129714937,3871.915283203125,2919608,yfinance:TCS.NS,2026-08-05T14:32:45.912639,1.3037,2.068,3.5258,2.1522,2957928.0,2211004.0,0.987,1.3205,normal,127.91,3.3035,4.09,0.1072,93.37,81.12,1.1677,1.3836,37679.6015625,0.10275892320094447,1.3614409015246143,0.9,36.95918833428087,49.026731851530286,259.71477069293667,-417.31207557061384,2.3333,0.4,0.58,-0.28,0.584,strengthened
2024-03-15,3858.1119847979994,3900.810075518827,3843.756472149597,3882.6357421875,3373143,yfinance:TCS.NS,2026-08-05T14:32:45.912639,0.6356,0.644,2.6931,3.0317,3094776.0,2325082.0,1.0899,1.4508,normal,57.05,1.4695,-13.8,-0.3565,88.89,79.7,1.1625,1.3808,37500.69921875,0.10353502262822391,1.555044446186382,0.95,34.372940485158765,48.19453356882728,-734.2158375564429,-445.9113386638866,0.3514,-0.48,0.5,-0.16,0.388,weakened
2024-03-18,3878.954703021523,3915.30336817053,3789.325426164842,3821.2109375,1526904,yfinance:TCS.NS,2026-08-05T14:32:45.912639,-1.4886,0.0843,0.7313,1.4202,2939343.0,2336050.0,0.5195,0.6536,dry,125.98,3.2968,-3.68,-0.0948,102.31,84.14,1.2927,1.3641,36886.05078125,0.10359501374005607,1.4083127681548515,0.95,47.73844201524726,45.73845068852309,-102.28442486169882,-657.9322908640579,1.0,0.0,0.54,0.02,0.518,mixed
2024-03-19,3728.0389511805306,3734.250432308693,3650.1424666014186,3659.98876953125,8931209,yfinance:TCS.NS,2026-08-05T14:32:45.912639,-1.8254,-5.4734,-5.1273,-2.5339,3917625.0,2743996.0,2.2798,3.2548,spike,84.11,2.298,-93.17,-2.4383,116.48,88.14,1.4345,1.4114,35814.6484375,0.1021925086300451,0.6628446615967026,0.7,31.460463199680987,42.311991679787646,1239.6388948858853,82.75273379805037,0.25,-0.6,0.32,-0.28,0.28,deteriorated
2024-03-20,3667.994768950826,3697.441791681991,3644.253061941232,3654.099365234375,1817913,yfinance:TCS.NS,2026-08-05T14:32:45.912639,-0.3788,-5.8861,-4.2926,-1.0269,3713755.0,2775209.0,0.4895,0.6551,dry,53.19,1.4556,8.01,0.2187,107.04,87.61,1.368,1.2652,35748.8984375,0.10221571922342887,0.5989348993088046,0.7,47.287039683897696,39.56361474365311,-730.9696527726209,659.1300172275479,1.381,0.16,0.4,-0.26,0.466,mixed
2024-03-21,3671.721682393882,3688.607574600137,3633.026409367597,3655.98583984375,3829582,yfinance:TCS.NS,2026-08-05T14:32:45.912639,-0.4286,-4.3239,-5.5768,-2.2476,3895750.0,2872391.0,0.983,1.3332,normal,55.58,1.5203,17.62,0.4823,92.57,86.75,1.2668,1.2277,36026.80078125,0.10147961408070663,0.14006950951767458,0.55,37.56424399596118,39.68462587598918,-1077.629080640249,53.746857276476746,5.25,0.68,0.56,0.02,0.662,strengthened
2024-03-22,3586.095269718309,3623.824267937054,3547.4460520308135,3598.88623046875,5852485,yfinance:TCS.NS,2026-08-05T14:32:45.912639,0.3567,-1.6695,-7.3082,-4.8119,4391619.0,3015913.0,1.3326,1.9405,elevated,76.38,2.1223,-69.89,-1.9117,102.87,91.0,1.2192,1.214,35188.3984375,0.10227479482650864,0.5064310108402412,0.7,53.35738039064031,43.48151385708549,-744.3200259389776,-87.38380730009605,2.8462,0.48,0.62,0.0,0.644,strengthened
2024-03-26,3565.850086322836,3631.829770729435,3562.583262601489,3568.150634765625,3440925,yfinance:TCS.NS,2026-08-05T14:32:45.912639,0.0645,-2.3521,-6.6225,-5.9396,4774423.0,3061055.0,0.7207,1.1241,dry,69.25,1.9407,-33.04,-0.918,91.52,93.19,1.1815,1.2139,34969.1015625,0.10203724074489867,0.28194211297833827,0.55,39.52629182488839,41.83908381901371,230.87775298063806,967.5401568916761,0.7241,-0.16,0.64,-0.06,0.518,mixed
2024-03-27,3578.273237663649,3584.254663932085,3523.888179726998,3534.470703125,1968575,yfinance:TCS.NS,2026-08-05T14:32:45.912639,-1.2241,-3.3237,-3.4295,-8.381,3381896.0,3090520.0,0.5821,0.637,dry,60.37,1.7079,10.12,0.2837,69.38,90.88,1.0284,1.2348,34744.3515625,0.10172792250179155,-0.05839082008260157,0.45,47.498567221814625,45.04670462344044,853.1758521433047,304.3960047186404,1.0,0.0,0.66,0.0,0.564,strengthened
2024-03-28,3542.937169152786,3602.659324539871,3534.102972131641,3567.046875,4311783,yfinance:TCS.NS,2026-08-05T14:32:45.912639,0.6805,-0.8847,-2.3823,-6.5727,3880670.0,3158085.0,1.1111,1.3653,elevated,68.56,1.9219,8.47,0.2395,72.46,88.31,1.0296,1.2365,34898.1484375,0.10221306959560668,0.25230237645601067,0.6,55.64113856400991,46.71752439946288,758.3469022840239,-231.83511942625725,6.1429,0.72,0.72,0.24,0.756,strongly_participatory
2024-04-01,3586.7397916990376,3619.499698426505,3577.8597626675746,3604.27001953125,1569676,yfinance:TCS.NS,2026-08-05T14:32:45.912639,0.4888,1.0123,-1.4146,-6.9125,3428689.0,3139608.0,0.4578,0.5,dry,41.64,1.1553,19.69,0.5521,71.83,86.39,0.9212,1.2391,35042.80078125,0.10285336614588611,0.7308560173061304,0.8,41.657017341901245,47.53607906865089,-211.49095236240473,-498.8178324322485,1.7778,0.28,0.78,0.22,0.69,strengthened
2024-04-02,3579.6533131506735,3597.9197573258816,3564.0095840186523,3573.947998046875,2142666,yfinance:TCS.NS,2026-08-05T14:32:45.912639,-0.1594,1.1169,-0.6929,-7.9505,2686725.0,3058105.0,0.7975,0.7007,dry,33.91,0.9488,-24.62,-0.683,58.18,85.06,0.8628,1.234,34793.94921875,0.10271751492127032,0.535800217924528,0.7,47.14375712036354,46.29335441459555,92.22380603683771,66.21115360853538,1.2727,0.12,0.76,0.1,0.638,strengthened
2024-04-03,3543.7656215392976,3663.3941675793153,3543.7656215392976,3632.3828125,3973090,yfinance:TCS.NS,2026-08-05T14:32:45.912639,2.5007,1.8317,1.8002,-4.9416,2793158.0,3154596.0,1.4224,1.2595,elevated,119.63,3.2934,-30.18,-0.8445,68.25,86.44,1.1676,1.3123,35047.3984375,0.1036420098050252,1.3615682015154038,1.0,39.71806142064501,46.33170833374687,722.9173631509836,121.25730964682305,0.6667,-0.2,0.72,0.14,0.562,strengthened
2024-04-04,3658.700645648611,3707.24222461145,3621.293812578453,3683.914794921875,3394637,yfinance:TCS.NS,2026-08-05T14:32:45.912639,0.6892,2.2097,4.2282,0.6537,3078370.0,3236865.0,1.1027,1.0487,elevated,85.95,2.3331,26.32,0.7245,73.37,85.41,0.9856,1.3117,35426.69921875,0.10398696113839812,1.5856437522158504,1.0,43.57080555722254,45.54615600082845,1156.1499786482655,-372.77785780904605,1.0833,0.04,0.74,0.14,0.618,strengthened
2024-04-05,3660.633172890031,3682.718440901434,3644.529331631717,3661.783447265625,1636819,yfinance:TCS.NS,2026-08-05T14:32:45.912639,0.0314,2.4577,2.6559,0.2103,2543378.0,3215163.0,0.6436,0.5091,dry,38.19,1.0429,-23.28,-0.632,67.54,79.09,0.9644,1.2846,35247.8984375,0.10388657507506542,1.412761898998492,0.95,38.416976859289214,42.10132365988431,1403.3205926353626,-502.3662953737902,0.7241,-0.16,0.72,0.12,0.568,strengthened
2024-04-08,3665.2341685019233,3710.922975565216,3644.0691205793664,3655.617919921875,2302538,yfinance:TCS.NS,2026-08-05T14:32:45.912639,-0.2624,0.6397,1.4246,-0.0101,2689950.0,3243079.0,0.856,0.71,dry,66.85,1.8288,3.45,0.0942,70.42,79.79,0.9518,1.2802,35064.1484375,0.10425514614843197,1.6961030857451707,1.0,42.402195936059314,42.25035937871592,552.806582843127,-1126.705095225632,2.5714,0.44,0.72,0.2,0.696,strengthened
2024-04-09,3666.154805277973,3695.463888754638,3611.907905990907,3631.692626953125,1876992,yfinance:TCS.NS,2026-08-05T14:32:45.912639,-0.94,-1.4176,1.6157,0.9116,2636815.0,3202484.0,0.7118,0.5861,dry,83.56,2.3007,10.54,0.2882,79.07,76.76,1.0308,1.1883,35079.3515625,0.10352792925726205,0.7419531591399084,0.65,49.71183928587378,42.76397581181798,249.03746154801692,-607.7114129383557,0.6129,-0.24,0.72,0.22,0.562,strengthened
2024-04-10,3640.756483645732,3671.8599489060657,3605.420143316093,3666.752685546875,2101965,yfinance:TCS.NS,2026-08-05T14:32:45.912639,0.714,0.1357,0.9462,2.7634,2262590.0,3192379.0,0.929,0.6584,normal,66.44,1.812,9.06,0.2496,68.44,69.29,1.0426,1.1338,35293.1484375,0.10389417912205427,1.0780677292484173,0.9,47.10137560247336,44.24063864818364,1486.0174671016282,-222.92456177290032,1.6316,0.24,0.72,0.18,0.654,strengthened
2024-04-12,3654.1914342233986,3693.162817777665,3630.725838259486,3682.166015625,4354821,yfinance:TCS.NS,2026-08-05T14:32:45.912639,0.7655,0.7262,-0.0475,4.1787,2454627.0,3208130.0,1.7741,1.3574,spike,62.44,1.6957,-12.56,-0.3426,63.73,69.95,0.9112,1.1218,35018.1015625,0.10515036085131864,2.170650776603931,1.0,52.9133336003474,46.10914425680861,1524.2380220962732,-393.0481681276062,0.1905,-0.68,0.62,0.02,0.414,weakened
2024-04-15,3682.165963982411,3739.95578953719,3606.386028171306,3626.768798828125,4200329,yfinance:TCS.NS,2026-08-05T14:32:45.912639,-1.5045,-0.1356,-0.9562,1.6743,2967329.0,3276283.0,1.4155,1.282,elevated,133.57,3.6829,-0.0,-0.0,82.57,75.52,1.0937,1.0674,34463.6015625,0.10523475882957133,1.9287735477323689,1.0,43.39345407484256,47.10443969991928,-1225.7562814463447,-499.3135965959291,0.1628,-0.72,0.58,-0.14,0.374,weakened
2024-04-16,3590.6965366993572,3615.2663527431537,3554.670032660961,3563.826171875,3051420,yfinance:TCS.NS,2026-08-05T14:32:45.912639,-0.7483,-2.807,-2.511,-1.1221,3117105.0,3282874.0,0.9789,0.9295,normal,60.6,1.7003,-36.07,-0.9946,83.62,72.91,1.1308,1.0736,33574.94921875,0.1061453927645786,2.2347577919175126,1.0,45.799586422786845,47.78391779726479,1005.4921061469411,75.46117844631681,0.4848,-0.3469,0.52,-0.16,0.4226,weakened
2024-04-18,3567.5069887926393,3621.983938050233,3542.84506135503,3553.8876953125,3476284,yfinance:TCS.NS,2026-08-05T14:32:45.912639,-0.3818,-3.4838,-2.1424,-0.5613,3436964.0,3288031.0,1.0114,1.0573,normal,79.14,2.2268,3.68,0.1033,82.74,73.62,1.1388,1.0761,33498.6484375,0.10609048009632852,1.8763731335266396,0.95,35.878471502411585,45.017244240572346,1025.5591814670258,223.66323890051524,0.1951,-0.6735,0.4,-0.18,0.3073,weakened
2024-04-19,3531.8022379238537,3545.191475811575,3497.6620065717075,3520.943603515625,2957749,yfinance:TCS.NS,2026-08-05T14:32:45.912639,-0.3075,-2.9179,-3.9765,-3.0679,3608121.0,3359573.0,0.8197,0.8804,dry,47.53,1.3499,-22.09,-0.6214,80.69,73.33,0.7608,1.076,33368.30078125,0.10551761765148318,1.329896543505689,0.9,58.934994139556196,47.383967947988914,-58.68959047151458,-959.3717220923091,1.6316,0.24,0.48,-0.38,0.502,mixed
2024-04-22,3530.8823684558647,3568.6113695261515,3507.8768799983727,3556.280517578125,1728883,yfinance:TCS.NS,2026-08-05T14:32:45.912639,0.7193,-0.2117,-3.4188,-3.4646,3082933.0,2999457.0,0.5608,0.5764,dry,60.73,1.7078,9.94,0.2823,80.35,72.77,0.7648,1.0767,33538.80078125,0.1060348144459082,1.4870973502573008,0.9,52.612455704446134,47.32379236880867,1411.3185073849615,457.3314919690524,7.1667,0.7551,0.54,0.12,0.679,strengthened
2024-04-23,3567.737557164992,3584.2554545711737,3552.599989202162,3565.574951171875,1807586,yfinance:TCS.NS,2026-08-05T14:32:45.912639,-0.0606,0.3289,-1.6873,-2.6274,2604384.0,2998940.0,0.6941,0.6027,dry,31.66,0.8878,11.46,0.3222,59.97,71.28,0.7623,1.0489,33714.55078125,0.10575774757630266,1.1780734536758395,0.85,50.49000123634829,48.74310180110981,-1642.2341740345996,776.497624657168,1.3333,0.1429,0.52,0.08,0.5446,mixed
2024-04-24,3579.653877353025,3587.0156333989953,3519.3334438187635,3525.406982421875,1317312,yfinance:TCS.NS,2026-08-05T14:32:45.912639,-1.5154,0.1268,-1.078,-3.5619,2257563.0,2873327.0,0.5835,0.4585,dry,67.68,1.9198,14.08,0.3949,59.09,73.24,0.8691,1.0415,33442.55078125,0.10541680882782542,0.8769059842610031,0.75,72.63104646764191,54.109393810080824,-168.24556412752162,127.05770683210443,1.2727,0.12,0.52,0.18,0.55,strengthened
2024-04-25,3507.1401450879403,3564.6078018941175,3506.95614613986,3544.869140625,2856271,yfinance:TCS.NS,2026-08-05T14:32:45.912639,1.0758,-0.3209,-0.2538,-2.3907,2133560.0,2723516.0,1.3387,1.0487,elevated,57.65,1.6263,-18.27,-0.5181,54.79,68.81,0.9416,1.0417,33554.44921875,0.10564527873830071,0.9359266007006777,0.8,56.956599291476614,58.32501936789383,-1347.9925634100814,609.8567450109274,4.5556,0.64,0.56,0.16,0.668,strengthened
2024-04-26,3547.583950815871,3567.5068368634634,3499.1805421614235,3516.480712890625,2039178,yfinance:TCS.NS,2026-08-05T14:32:45.912639,-0.8767,-1.3769,-0.1268,-4.0982,1949846.0,2653429.0,1.0458,0.7685,normal,68.33,1.943,2.71,0.0766,57.21,67.55,0.9183,1.0417,33666.25,0.10445121487812349,0.03237584801044681,0.55,46.97665926815387,55.93335239361337,-251.67227065102006,-26.68118770004595,0.4706,-0.36,0.54,0.2,0.464,mixed
2024-04-29,3531.8023275934233,3568.42710744999,3514.502156616341,3561.433349609375,1110693,yfinance:TCS.NS,2026-08-05T14:32:45.912639,0.839,1.0219,0.1449,-3.2788,1826208.0,2610535.0,0.6082,0.4255,dry,53.92,1.5141,15.32,0.4357,55.85,68.59,0.9279,1.0031,33579.3984375,0.1060600700229377,1.1559869043811764,0.9,49.627709086937784,55.33640307011169,834.3790937890926,-1399.891702249224,1.7778,0.28,0.58,0.1,0.598,strengthened
2024-04-30,3563.0900328204652,3572.0621732698455,3506.0364217577408,3515.836669921875,2203078,yfinance:TCS.NS,2026-08-05T14:32:45.912639,-1.3262,-0.819,-1.395,-3.0587,1905306.0,2505099.0,1.1563,0.8794,elevated,66.03,1.878,1.66,0.0465,62.72,68.53,0.9031,1.0028,33200.94921875,0.10589566722195795,0.9587242225783481,0.8,41.949194037725576,53.62824163038715,186.44208196954898,-469.395697650185,0.9231,-0.04,0.58,0.16,0.54,mixed
2024-05-02,3476.635273211625,3562.261741296734,3476.635273211625,3555.083984375,2491044,yfinance:TCS.NS,2026-08-05T14:32:45.912639,2.2565,1.0978,0.8418,-0.2453,2140053.0,2551168.0,1.164,0.9764,elevated,85.63,2.4086,-39.2,-1.115,66.31,68.68,1.1795,1.0617,33203.3515625,0.10707003411035548,1.7933682284832224,1.0,42.82741692605978,47.667515722070725,-36.58235285975457,1060.0302256667626,1.381,0.16,0.64,0.06,0.594,strengthened
2024-05-03,3579.7917453667596,3582.966682325397,3494.625611625741,3536.771484375,2962234,yfinance:TCS.NS,2026-08-05T14:32:45.912639,-1.2018,-0.6925,-0.2284,-0.4816,2161245.0,2592146.0,1.3706,1.1428,elevated,88.34,2.4978,24.71,0.695,72.45,70.25,1.2392,1.0735,32908.3984375,0.10747321815408538,1.9539678129281879,1.0,39.347615971084835,44.145719057992366,1179.141336046242,-912.7871748145648,0.4286,-0.4,0.6,0.2,0.48,mixed
2024-05-06,3545.605583246127,3625.618620447782,3545.605583246127,3608.2265625,2053831,yfinance:TCS.NS,2026-08-05T14:32:45.912639,1.7662,2.6278,2.609,2.479,2164176.0,2496183.0,0.949,0.8228,normal,80.01,2.2175,8.83,0.2498,76.55,72.13,1.3573,1.0942,33217.1484375,0.1086254158537747,2.4057638798972625,1.0,47.93621886946706,44.33763097825501,1210.1338828657192,2202.7338881420865,0.7857,-0.12,0.56,-0.02,0.498,mixed
2024-05-07,3617.198604098228,3669.8351109068294,3601.278762922236,3661.507080078125,2062112,yfinance:TCS.NS,2026-08-05T14:32:45.912639,1.2249,2.9935,2.8099,2.9589,2354460.0,2429557.0,0.8758,0.8488,dry,68.56,1.8724,8.97,0.2487,79.48,67.49,1.3892,1.0605,33473.0,0.10938688136940594,2.3935706031187176,1.0,59.83955311112021,46.37999978309149,1072.663126231865,1198.872734857542,0.4286,-0.4,0.56,-0.04,0.44,weakened
2024-05-08,3644.989535707688,3666.43069555621,3624.3767082288086,3659.6669921875,1247685,yfinance:TCS.NS,2026-08-05T14:32:45.912639,0.4027,3.4748,4.0909,2.6389,2163381.0,2410100.0,0.5767,0.5177,dry,42.05,1.1491,-16.52,-0.4511,74.69,65.34,1.3866,1.0581,33335.1484375,0.10978403168202482,2.202625608457558,1.0,48.61894646118095,47.713950267782565,1237.6123351490437,-13.436407952467967,1.0,0.0,0.54,-0.1,0.506,mixed
2024-05-09,3645.909369588605,3654.191344431184,3598.104015290975,3644.2529296875,1726486,yfinance:TCS.NS,2026-08-05T14:32:45.912639,-0.0454,0.9985,2.5082,3.3711,2010470.0,2381298.0,0.8587,0.725,dry,56.09,1.5391,-13.76,-0.3759,69.87,64.09,1.2479,1.0535,33205.8515625,0.10974731133843361,1.872542550749808,0.95,41.10972638937389,47.37041216044538,502.5477016355275,-272.22643225755417,0.1364,-0.76,0.42,-0.18,0.298,deteriorated
2024-05-10,3646.461687676862,3656.584101641413,3575.0986242941894,3583.242431640625,1672489,yfinance:TCS.NS,2026-08-05T14:32:45.912639,-1.7337,-2.1375,1.3139,1.0825,1752521.0,2371072.0,0.9543,0.7054,normal,81.49,2.2741,2.21,0.0606,68.5,65.89,1.3899,1.1061,32935.1484375,0.10879691155606698,1.2375571604393683,0.85,60.18499261815726,51.53788748985987,-1098.1174812942934,105.00286085009475,3.1667,0.52,0.48,-0.16,0.58,strengthened
2024-05-13,3574.5925909400316,3639.468064658985,3561.2494084020914,3632.842529296875,931326,yfinance:TCS.NS,2026-08-05T14:32:45.912639,1.6296,-0.733,0.6822,3.309,1528020.0,2312541.0,0.6095,0.4027,dry,78.22,2.1531,-8.65,-0.2414,66.38,67.14,1.4139,1.1424,33074.6015625,0.10983783198210297,1.6405049184671856,1.0,46.47729057533113,51.24610183103268,501.98299200599746,5.741340409660789,1.0833,0.04,0.48,-0.14,0.486,mixed
2024-05-14,3621.984134363707,3631.0023308503582,3582.3225820515972,3589.96044921875,1058317,yfinance:TCS.NS,2026-08-05T14:32:45.912639,-0.8841,-1.4898,-1.954,0.801,1327261.0,2147715.0,0.7974,0.4928,dry,48.68,1.356,-10.86,-0.2989,62.77,68.49,1.4562,1.1303,33122.8515625,0.10838319407508741,0.7448758563645977,0.7,40.99505397292194,47.47720200339303,-2071.9054986176684,-840.2058494248877,2.125,0.36,0.56,0.06,0.602,strengthened
2024-05-15,3592.9969594097643,3613.6558418017335,3566.310594491623,3570.819580078125,1115021,yfinance:TCS.NS,2026-08-05T14:32:45.912639,-0.6172,-0.3467,-2.4277,1.5639,1300728.0,1993450.0,0.8572,0.5593,dry,47.35,1.3259,3.04,0.0846,63.83,67.03,1.3889,1.1332,33117.3984375,0.10782307030599239,0.3641556955117859,0.65,36.93760215228531,45.14093314161391,957.6049876525334,477.55845278816207,0.8519,-0.08,0.52,0.02,0.494,mixed
2024-05-16,3606.691138597264,3623.746152107256,3562.5702354838822,3615.821044921875,2599399,yfinance:TCS.NS,2026-08-05T14:32:45.912639,0.2531,-0.4685,-0.7802,1.7085,1475310.0,1970849.0,1.7619,1.3189,spike,61.18,1.6919,35.87,1.0046,63.75,67.29,1.2043,1.1311,33668.44921875,0.10739493884702654,0.07953889580129922,0.55,55.40942038025313,48.000871939789754,1076.0511854123076,926.8120591518724,4.5556,0.64,0.54,0.08,0.652,strengthened
2024-05-17,3632.5515570276343,3633.4784647992665,3550.0567653523444,3553.857177734375,2765804,yfinance:TCS.NS,2026-08-05T14:32:45.912639,-2.1664,-1.0057,-0.8201,0.4831,1693973.0,1935325.0,1.6327,1.4291,spike,83.42,2.3474,16.73,0.4627,64.14,68.36,1.3483,1.2027,33381.8515625,0.10646075671029145,-0.48372000891982375,0.45,63.275333123761044,48.61894004091051,2356.2199933480133,194.71468808280594,1.0833,0.04,0.54,0.12,0.536,mixed
2024-05-21,3550.613121462056,3563.728776359017,3531.5651208470945,3540.97314453125,1908117,yfinance:TCS.NS,2026-08-05T14:32:45.912639,-0.2715,-0.8358,-2.5289,-1.8639,1889332.0,1882843.0,1.0099,1.0134,normal,32.16,0.9083,-3.24,-0.0913,54.93,66.81,1.1941,1.1074,33379.75,0.10608147588077352,-0.7363731020237867,0.4,44.10299692988243,48.14408131182077,-1180.114296433079,-765.7186317025886,1.381,0.16,0.56,0.24,0.58,strengthened
2024-05-22,3554.6913678959663,3560.484541572459,3538.5168722503677,3551.91064453125,1311168,yfinance:TCS.NS,2026-08-05T14:32:45.912639,-0.0782,-1.7675,-1.0599,-2.9932,1939902.0,1861958.0,0.6759,0.7042,dry,21.97,0.6185,13.72,0.3874,49.21,63.66,1.0849,1.0978,33613.1015625,0.1056704225263726,-0.9629463708833487,0.2,43.26084860608905,48.59724023845419,4057.93967348964,-588.2796745544808,1.6316,0.24,0.6,0.22,0.61,strengthened
2024-05-23,3560.206480963538,3619.574971009692,3545.8858006651926,3608.869140625,2095742,yfinance:TCS.NS,2026-08-05T14:32:45.912639,1.3668,1.548,1.0656,-1.388,2136046.0,1876365.0,0.9811,1.1169,normal,73.69,2.0419,8.3,0.2336,54.48,62.81,1.1964,1.1302,34042.8515625,0.10600960186896799,-0.7736861314433756,0.3,41.08807384256147,49.42733457650942,3275.573893432424,-1095.8992204633319,7.3333,0.76,0.66,0.26,0.742,strongly_participatory
2024-05-24,3594.7801911641072,3599.924574735908,3563.3117164748414,3568.131591796875,1309452,yfinance:TCS.NS,2026-08-05T14:32:45.912639,-0.7413,0.767,-1.3189,-2.0888,1878057.0,1875972.0,0.6972,0.698,dry,36.61,1.0261,-14.09,-0.3904,51.36,59.75,1.2031,1.1365,33824.30078125,0.10549018041415999,-1.0899426655156335,0.1,48.388173023558615,48.02308510517052,1030.819563694863,-773.1086341764575,0.4286,-0.4,0.66,0.26,0.51,mixed
2024-05-27,3573.2294672441094,3622.6800874842297,3560.5772666527496,3565.860595703125,1841538,yfinance:TCS.NS,2026-08-05T14:32:45.912639,-0.2062,0.3927,0.3378,-0.4851,1693203.0,1825236.0,1.0876,1.0089,normal,62.1,1.7416,5.1,0.1429,47.1,57.84,1.0965,1.1252,33995.25,0.10489290697091873,-1.3867671504051882,0.1,47.5980951244069,44.88763750529969,912.5389403746353,-468.8767786643251,0.6129,-0.24,0.68,0.22,0.546,mixed
2024-05-28,3576.009785335031,3587.132677357846,3550.0563706151297,3559.232666015625,1801993,yfinance:TCS.NS,2026-08-05T14:32:45.912639,-0.4692,-1.3754,0.5157,-2.0262,1671979.0,1813376.0,1.0778,0.9937,normal,37.08,1.0417,10.15,0.2846,48.08,55.6,0.896,1.118,33880.8515625,0.10505145242438518,-1.3489983351370616,0.1,46.08841562506872,45.28472124433695,559.6237434172795,694.5731453079334,0.7241,-0.16,0.66,0.04,0.536,mixed
2024-05-29,3567.57539103945,3567.57539103945,3522.2496895007944,3525.6328125,1568095,yfinance:TCS.NS,2026-08-05T14:32:45.912639,-1.1757,-1.1911,-0.7398,-1.7919,1723364.0,1836247.0,0.9099,0.854,normal,45.33,1.2856,8.34,0.2344,52.75,55.83,0.9186,1.1227,33542.69921875,0.10510879847526433,-1.2484345387581315,0.15,40.739490703667215,44.780449663852586,912.7480011897636,-426.82227617710834,0.4286,-0.4,0.6,0.04,0.464,mixed
2024-05-30,3500.9307015339277,3517.058806463482,3443.8794821472993,3463.020263671875,2919230,yfinance:TCS.NS,2026-08-05T14:32:45.912639,-1.0829,-2.884,-4.0414,-3.0189,1888062.0,1872054.0,1.5462,1.5594,spike,73.18,2.1132,-24.7,-0.7006,54.36,57.27,0.9418,1.1078,32806.75,0.10555816298999063,-0.9676783453797861,0.25,43.38582935545334,45.24000076643095,1268.7856807518747,648.5773392249812,0.1364,-0.76,0.58,-0.18,0.362,weakened
2024-05-31,3466.6348590080306,3475.718599887057,3386.689068476094,3402.6318359375,10956800,yfinance:TCS.NS,2026-08-05T14:32:45.912639,-1.8463,-4.3998,-4.6383,-5.896,3817531.0,2295342.0,2.8701,4.7735,spike,89.03,2.6165,3.61,0.1044,63.06,57.81,0.9982,1.1459,32386.099609375,0.10506457637623394,-1.1506349579538473,0.15,54.043129806606046,46.370992123040445,-295.1739548431621,-912.6598984769171,1.0,0.0,0.54,-0.12,0.504,mixed
2024-06-03,3459.961527315394,3477.34104879754,3425.8512745605985,3432.20068359375,2156773,yfinance:TCS.NS,2026-08-05T14:32:45.912639,-0.8023,-2.6501,-3.7483,-3.4232,3880578.0,2255069.0,0.5558,0.9564,dry,51.49,1.5002,57.33,1.6849,65.58,57.56,0.8532,1.151,32511.400390625,0.10556914320379324,-0.8029211345571621,0.35,48.7946584434338,46.61030478684582,414.21904746683117,1043.559782401616,6.1429,0.72,0.66,0.42,0.75,strongly_participatory
2024-06-04,3429.5587856451884,3471.269635740873,3328.989291525593,3443.46240234375,3395997,yfinance:TCS.NS,2026-08-05T14:32:45.912639,0.4054,-0.5648,-3.2527,-2.7538,4199379.0,2322177.0,0.8087,1.4624,dry,142.28,4.1319,-2.64,-0.077,86.62,64.11,0.9015,1.156,32315.55078125,0.10655744120387087,-0.20988737433836746,0.6,54.01109698697431,48.194841059226945,892.696057131838,912.2944727820344,0.1905,-0.68,0.32,-0.7,0.222,deteriorated
2024-06-05,3444.389229413079,3507.2336206771465,3429.5587052821297,3472.613525390625,2799670,yfinance:TCS.NS,2026-08-05T14:32:45.912639,0.8194,2.0567,-1.5038,-2.2325,4445694.0,2359055.0,0.6297,1.1868,dry,77.67,2.2368,0.93,0.0269,93.09,66.28,0.9849,1.1588,33087.94921875,0.10495100504514779,-1.008523170842066,0.1,34.644757751029026,46.97589446869931,-1708.1847831366038,-286.63808226142936,50.0,1.0,0.6,0.12,0.752,strongly_participatory
2024-06-06,3504.638336159672,3559.233114194575,3468.0254786409455,3550.427490234375,4328036,yfinance:TCS.NS,2026-08-05T14:32:45.912639,1.3065,3.4446,2.524,-1.6194,4727455.0,2513073.0,0.9155,1.7222,normal,91.21,2.5689,32.02,0.9222,94.98,68.43,0.9732,1.1896,34023.80078125,0.10435128964753879,-1.2557969556653836,0.05,52.34688153903948,48.768104905416536,316.53331605849326,586.0627772154583,2.3333,0.4,0.62,0.12,0.64,strengthened
2024-06-07,3556.823043507588,3628.8437281793376,3556.823043507588,3609.332275390625,4552445,yfinance:TCS.NS,2026-08-05T14:32:45.912639,1.4763,4.817,6.0747,1.1547,3446584.0,2654371.0,1.3209,1.7151,elevated,72.02,1.9954,6.4,0.1801,92.86,68.07,1.1227,1.1943,35169.8984375,0.10262560984657734,-2.0582762050225036,0.05,42.69900992843323,46.49928092978197,1955.1741656764832,-592.0256026303915,24.0,0.92,0.82,0.28,0.84,strongly_participatory
2024-06-10,3610.305978999996,3620.409183775903,3561.0870829656333,3576.6591796875,1734661,yfinance:TCS.NS,2026-08-05T14:32:45.912639,-0.932,2.9962,4.2089,0.3028,3362162.0,2657479.0,0.5159,0.6527,dry,59.32,1.6586,0.97,0.027,89.78,70.01,1.1493,1.1868,34526.25,0.10359246022048442,-1.360131954734105,0.1,33.560943194683844,43.45253788003198,-473.5645547992268,-49.430098906126865,1.6316,0.24,0.82,0.3,0.706,strongly_participatory
2024-06-11,3563.960855615868,3596.3562412809524,3560.253224036554,3570.5419921875,1419898,yfinance:TCS.NS,2026-08-05T14:32:45.912639,0.1847,0.5665,3.6905,0.3177,2966942.0,2681908.0,0.4786,0.5294,dry,36.1,1.0111,-12.7,-0.355,68.54,71.02,1.1528,1.1783,34531.44921875,0.10339971454915814,-1.47058773698289,0.1,34.9796604969347,39.64625058202405,914.532047991697,-1876.9719205495537,1.2727,0.12,0.86,0.16,0.684,strengthened
2024-06-12,3591.211490093849,3608.9155195936296,3547.693214139478,3551.586181640625,2177001,yfinance:TCS.NS,2026-08-05T14:32:45.912639,-1.1034,-1.5999,2.2742,0.7361,2842408.0,2737842.0,0.7659,0.7952,dry,61.22,1.7238,20.67,0.5789,65.25,70.13,1.146,1.1809,34547.44921875,0.10280313777009813,-1.7518860314523115,0.1,48.38467957329106,42.39423494647646,-1590.003919076157,314.83332518795663,2.125,0.36,0.9,0.22,0.754,strongly_participatory
2024-06-13,3574.897910867656,3605.6712033854537,3570.448708339529,3594.687255859375,1932323,yfinance:TCS.NS,2026-08-05T14:32:45.912639,0.5536,0.504,1.2466,3.8021,2363266.0,2778707.0,0.8176,0.6954,dry,35.22,0.9798,23.31,0.6564,57.83,70.74,1.1156,1.1644,34902.05078125,0.10299358276650336,-1.5017542062662113,0.15,50.07778001377186,41.94041464142294,424.3028529547773,583.2928933334784,2.3333,0.4,0.94,0.28,0.784,strongly_participatory
2024-06-14,3604.7443844726295,3604.7443844726295,3548.2030094526167,3551.95703125,1860730,yfinance:TCS.NS,2026-08-05T14:32:45.912639,-1.4644,-0.5205,-1.5896,4.3885,1824923.0,2741774.0,1.0196,0.6787,normal,56.54,1.5918,10.06,0.2798,53.45,70.34,1.0497,1.1062,34598.55078125,0.10266201765811858,-1.6118446023575115,0.1,40.76546699916473,41.553706055569236,-3009.955381978046,567.5983764666564,1.6316,0.24,0.92,0.26,0.742,strongly_participatory
2024-06-18,3546.395689059985,3561.179823442644,3517.661546809407,3536.24609375,1774045,yfinance:TCS.NS,2026-08-05T14:32:45.912639,-0.2862,-0.4319,-1.1299,3.0314,1832799.0,2692186.0,0.9679,0.659,normal,43.52,1.2306,-5.56,-0.1566,50.29,70.8,1.0156,1.0896,34802.94921875,0.10160765605016188,-2.0618954760332135,0.05,38.31187040190035,42.50389149701254,-358.6953357167566,693.310450934487,2.5714,0.44,0.92,0.3,0.786,strongly_participatory
2024-06-19,3547.8786522964565,3553.625661858595,3515.714995969622,3523.825439453125,1509050,yfinance:TCS.NS,2026-08-05T14:32:45.912639,-0.678,-1.9713,-1.3084,2.3338,1850630.0,2672232.0,0.8154,0.5647,dry,37.91,1.0758,11.63,0.329,50.66,70.27,1.0365,1.0311,34927.1015625,0.10089086359334587,-2.1392552357730747,0.05,42.785311137582724,44.065021625142144,475.39347594117805,544.0498016216477,0.2821,-0.56,0.84,0.16,0.54,mixed
2024-06-20,3518.542084048452,3531.4724028758133,3503.757949581445,3510.431640625,2846526,yfinance:TCS.NS,2026-08-05T14:32:45.912639,-0.2305,-1.1691,-1.1588,1.089,1984535.0,2749000.0,1.4344,1.0355,elevated,27.71,0.7895,-5.28,-0.1499,43.95,66.41,0.9952,0.9938,34936.44921875,0.10048049298441557,-2.0150256209873927,0.05,48.379189370531314,44.06392358459019,2600.9183113212807,66.7586835399521,1.0833,0.04,0.8,0.14,0.642,strengthened
2024-06-21,3547.275628439079,3594.362583007023,3520.441696838218,3532.21337890625,4642195,yfinance:TCS.NS,2026-08-05T14:32:45.912639,-0.4246,-0.114,-1.738,-0.513,2526509.0,2876323.0,1.8374,1.6139,spike,73.92,2.0928,36.84,1.0496,49.92,66.05,0.8617,0.9856,35200.30078125,0.10034611354195415,-1.8143008516488393,0.05,41.11669307772838,42.271706197381505,-811.0351209554707,210.24190064863168,0.6129,-0.24,0.8,0.12,0.584,strengthened
2024-06-24,3530.3601242080126,3575.083426076877,3514.185628169532,3537.82177734375,1702154,yfinance:TCS.NS,2026-08-05T14:32:45.912639,0.2114,0.3972,-0.398,-1.9813,2494794.0,2895958.0,0.6823,0.5878,dry,60.9,1.7213,-1.85,-0.0525,50.79,65.06,0.637,0.9891,35143.80078125,0.10066702231112284,-1.4570120875656403,0.15,43.38486504381481,42.795585806311514,-2385.767588999438,462.46740860899604,1.45,0.1837,0.78,0.06,0.6547,strengthened
2024-06-25,3538.007033326123,3566.41666656242,3515.668465075754,3557.88916015625,1338808,yfinance:TCS.NS,2026-08-05T14:32:45.912639,0.562,1.3519,0.612,-0.5248,2407747.0,2870822.0,0.556,0.4664,dry,50.75,1.4264,0.19,0.0052,52.24,58.52,0.6768,0.9627,35426.8984375,0.10042903322268147,-1.404367158566873,0.1,54.685536896521135,46.07031910523567,888.9213621579444,1264.0208623924946,1.0417,0.0204,0.84,0.16,0.6561,strengthened
2024-06-26,3563.496840516408,3584.3058742192884,3560.252663395376,3574.017333984375,1639845,yfinance:TCS.NS,2026-08-05T14:32:45.912639,0.2952,1.1835,1.4244,0.0973,2433906.0,2862714.0,0.6738,0.5728,dry,24.05,0.673,5.61,0.1576,49.94,54.86,0.6858,0.9032,35406.6015625,0.10094211746573567,-1.0371893223922153,0.3,38.962345162739055,45.305725910266936,241.27457420269985,284.73161116725873,1.0,0.0,0.86,0.16,0.66,strengthened
2024-06-27,3550.983551295317,3653.870310416638,3539.0265319698215,3646.593994140625,4526556,yfinance:TCS.NS,2026-08-05T14:32:45.912639,2.6925,3.0746,3.8788,2.6751,2769912.0,3010637.0,1.6342,1.5035,spike,114.84,3.1493,-23.03,-0.6445,67.37,56.55,1.094,1.0441,36123.69921875,0.10094741327731632,-0.9363804511882374,0.35,52.23843342332226,46.077574720825126,-297.7266844568492,-164.05502070368,2.3333,0.4,0.88,0.26,0.758,strongly_participatory
2024-06-28,3631.439292021709,3670.554754499888,3612.947527343435,3618.786865234375,2731571,yfinance:TCS.NS,2026-08-05T14:32:45.912639,-0.3484,1.7116,2.451,0.6704,2387787.0,3001254.0,1.144,0.9101,elevated,57.61,1.5919,-15.15,-0.4156,62.1,55.06,1.0918,1.041,36157.5,0.10008398991175758,-1.2431735848306456,0.05,59.5325489652632,49.7607458983321,190.15271252851858,-91.83945521840275,1.0,0.0,0.88,0.3,0.682,strengthened
2024-07-01,3600.1098911444064,3709.206893822337,3600.1098911444064,3687.424560546875,2658723,yfinance:TCS.NS,2026-08-05T14:32:45.912639,2.4253,3.1731,4.2287,3.8139,2579101.0,2586350.0,1.0309,1.028,normal,109.1,2.9586,-18.68,-0.5161,71.74,58.62,1.1877,1.1401,36869.19921875,0.10001368726966053,-1.1604715627915592,0.05,52.61657701744432,51.607088293058,973.4409975442094,1996.7339290117734,1.9412,0.32,0.9,0.18,0.742,strongly_participatory
2024-07-02,3701.699295599757,3729.320968607394,3691.456918555691,3723.759521484375,2307449,yfinance:TCS.NS,2026-08-05T14:32:45.912639,0.5959,2.1161,4.662,5.3026,2772829.0,2593884.0,0.8322,0.8896,dry,37.86,1.0168,14.27,0.3871,69.97,59.03,1.1618,1.0744,37299.1484375,0.0998349741877904,-1.1562736989550966,0.05,46.37563691165606,49.94510829608498,1188.208848486463,-779.1855601893695,0.7241,-0.16,0.86,0.24,0.636,strengthened
2024-07-03,3726.1695919826934,3731.8238204391223,3665.9205811670527,3675.42138671875,1821198,yfinance:TCS.NS,2026-08-05T14:32:45.912639,-1.3619,1.565,2.8373,4.302,2809099.0,2515144.0,0.6483,0.7241,dry,65.9,1.7931,2.41,0.0647,77.87,59.37,1.2558,1.1028,37314.3515625,0.0984988679372485,-1.8171618593322643,0.05,50.96916698697047,52.34647266093126,217.60020692309797,442.1838491522408,3.5455,0.56,0.92,0.12,0.792,strongly_participatory
2024-07-04,3707.4921862442698,3751.520305935503,3691.039573096493,3727.0498046875,2518001,yfinance:TCS.NS,2026-08-05T14:32:45.912639,0.5275,1.0746,2.2063,6.1707,2407388.0,2501061.0,1.0459,1.0068,normal,60.48,1.6228,32.07,0.8726,70.12,60.94,1.2334,1.1071,37725.8984375,0.0987928706552093,-1.5385008684511097,0.1,43.16811850627344,50.5324096775215,1019.806154019779,-160.11721577848616,0.8519,-0.08,0.9,0.3,0.674,strengthened
2024-07-05,3716.900368316538,3732.4260743437953,3696.508396221036,3718.56884765625,1668616,yfinance:TCS.NS,2026-08-05T14:32:45.912639,0.0449,-0.1394,2.7573,5.2759,2194797.0,2368090.0,0.7603,0.7046,dry,35.92,0.9659,-10.15,-0.2723,65.78,59.46,1.2021,1.0771,37720.75,0.09858151939333788,-1.5475430138011017,0.1,48.6927182997832,48.3644435444255,887.759695794799,-106.86057220175948,3.1667,0.52,0.9,0.22,0.786,strongly_participatory
2024-07-08,3728.023606293096,3736.597504442825,3687.2860489922064,3701.32861328125,1758882,yfinance:TCS.NS,2026-08-05T14:32:45.912639,-0.7161,0.7049,0.3771,4.6217,2014829.0,2228412.0,0.873,0.7893,dry,49.31,1.3323,9.45,0.2543,53.83,59.88,1.2664,1.0765,37742.25,0.0980685733701952,-1.6436213978833965,0.05,50.03536674640971,47.84820149021857,-2552.0376626779266,2113.255989258076,0.8148,-0.102,0.88,0.36,0.6676,strengthened
2024-07-09,3693.727708193667,3714.0732898340816,3684.551411180989,3694.191162109375,1305801,yfinance:TCS.NS,2026-08-05T14:32:45.912639,0.0125,-0.8816,-0.794,3.831,1814500.0,2206969.0,0.7196,0.5917,dry,29.52,0.7991,-7.6,-0.2054,51.35,59.28,1.2739,1.076,37668.6484375,0.09807071172831684,-1.5055437393162296,0.1,50.70082129660162,48.713238367207694,7.930917760780131,1335.3239944559118,2.125,0.36,0.92,0.36,0.776,strongly_participatory
2024-07-10,3692.522654420404,3710.690138295104,3616.794330433944,3623.421630859375,2669716,yfinance:TCS.NS,2026-08-05T14:32:45.912639,-1.8714,-2.5587,-1.4148,1.3823,1984203.0,2269460.0,1.3455,1.1764,elevated,93.9,2.5914,-1.67,-0.0452,56.95,64.01,1.4666,1.1252,37280.75,0.09719283090762323,-1.8439906210052999,0.05,44.70498427102026,47.46040182401764,-34.06889069910161,1263.0050791911985,0.8519,-0.08,0.9,0.26,0.67,strengthened
2024-07-11,3643.6744309405326,3689.092911509367,3610.861986517304,3636.907958984375,4872189,yfinance:TCS.NS,2026-08-05T14:32:45.912639,-0.1857,-1.7405,-2.4186,-0.2656,2455041.0,2404219.0,1.9846,2.0265,spike,78.23,2.151,20.25,0.5589,57.38,63.6,1.1769,1.1062,37332.6015625,0.09741908698475465,-1.5480597449400588,0.1,44.09915020742005,47.64660816424696,-1401.4139415281857,635.2538085522665,0.8846,-0.0612,0.9,0.18,0.6658,strengthened
2024-07-12,3689.093428080941,3892.967000953419,3681.0293746405414,3878.136474609375,13509164,yfinance:TCS.NS,2026-08-05T14:32:45.912639,5.1244,4.9793,4.2911,7.1668,4823150.0,2983061.0,2.8009,4.5286,spike,211.94,5.4649,52.19,1.4349,101.4,77.54,2.0158,1.4359,39023.0,0.09938078760242357,-0.2511667860400856,0.4,44.539534497443036,46.81597140377893,991.0261496852212,-911.6387991175369,2.3333,0.4,0.9,0.28,0.768,strongly_participatory
2024-07-15,3926.103726954822,3930.089249638286,3853.20206311634,3864.46435546875,4848030,yfinance:TCS.NS,2026-08-05T14:32:45.912639,-1.57,6.6524,4.4075,4.8012,5440980.0,3132426.0,0.891,1.5477,dry,76.89,1.9896,47.97,1.2369,106.92,79.41,1.9784,1.4234,38911.3515625,0.09931457531773444,-0.20573129337402005,0.4,50.3181988551713,46.87253782553125,1066.0591728218055,-480.2961527750771,2.125,0.36,0.9,0.28,0.76,strongly_participatory
2024-07-16,3867.059105814736,3887.960694393628,3841.939815447988,3873.037841796875,2029521,yfinance:TCS.NS,2026-08-05T14:32:45.912639,0.1546,6.4926,4.8413,4.0088,5585724.0,3145200.0,0.3633,0.6453,dry,46.02,1.1882,2.59,0.0671,110.22,80.81,1.9701,1.4114,39141.5,0.09894965297182977,-0.414896131529136,0.4,64.6032063891635,49.65301484404363,991.2949804001552,-683.145611636828,1.3333,0.1429,0.92,0.22,0.7186,strongly_participatory
2024-07-18,3855.936610046835,4008.8764034741735,3855.936610046835,4000.116943359375,5613364,yfinance:TCS.NS,2026-08-05T14:32:45.912639,3.7392,3.1453,10.3961,8.8342,6174454.0,3350415.0,0.9091,1.6754,normal,152.94,3.8234,-17.1,-0.4415,122.03,83.53,2.2184,1.5518,40010.3984375,0.09997693348662681,0.5007200307045432,0.6,45.39181174265727,49.79038033837104,-965.4317335035704,830.7341523299592,1.9412,0.32,0.94,0.18,0.758,strongly_participatory
2024-07-19,4011.1260943754664,4049.5428404415234,3981.2568871814256,3997.190185546875,3903354,yfinance:TCS.NS,2026-08-05T14:32:45.912639,-0.3474,3.4345,9.9063,7.2481,5980687.0,3403257.0,0.6527,1.1469,dry,68.29,1.7083,11.01,0.2752,120.04,84.29,2.2356,1.5534,39923.30078125,0.1001217361121643,0.6503194261363076,0.75,57.609711377311555,52.49249257234933,738.2460975045577,119.8841347157561,0.0889,-0.8367,0.82,0.06,0.4667,mixed
2024-07-22,3994.914506823056,4013.495719745839,3962.443655783337,3983.208251953125,1896386,yfinance:TCS.NS,2026-08-05T14:32:45.912639,-0.293,2.8445,2.7093,7.1167,3658131.0,3265966.0,0.5184,0.5807,dry,51.05,1.2817,-2.28,-0.0569,79.04,80.14,2.2447,1.5444,39773.1484375,0.10014817555146246,0.6870748445487886,0.8,39.935309512660766,51.57164757539287,-328.5056361126661,335.3714070882514,1.6316,0.24,0.84,-0.16,0.668,strengthened
2024-07-23,3979.167115356308,4052.284376425562,3963.6516196739526,3997.14453125,2365208,yfinance:TCS.NS,2026-08-05T14:32:45.912639,0.4518,-0.0743,3.4333,7.9922,3161567.0,3299119.0,0.7481,0.7169,dry,88.63,2.2174,-4.04,-0.1015,81.39,83.48,2.21,1.527,40044.69921875,0.09981706965546217,0.4458348655191598,0.55,33.03366463179316,48.114740730717244,-121.08899071015246,-1073.112911240047,0.9231,-0.04,0.82,-0.1,0.61,strengthened
2024-07-24,3983.3469610338807,4031.2865743722073,3965.323277758002,4000.766845703125,1809793,yfinance:TCS.NS,2026-08-05T14:32:45.912639,0.4373,0.0895,3.2979,8.2989,3117621.0,3322668.0,0.5805,0.5447,dry,65.96,1.6488,-13.8,-0.3452,85.37,83.49,2.2032,1.5126,40115.05078125,0.09973231412617595,0.409984081276937,0.55,45.18789212766953,44.23167787841845,2382.2759108345017,1339.1250552288147,0.6129,-0.24,0.76,0.04,0.56,strengthened
2024-07-25,3990.315092493855,4034.909999231854,3970.990814364529,4015.8642578125,2810342,yfinance:TCS.NS,2026-08-05T14:32:45.912639,0.6403,0.8198,0.3937,10.8307,2557017.0,3381193.0,1.0991,0.8312,normal,63.92,1.5917,-10.45,-0.2612,67.57,82.62,2.0312,1.5144,40055.5,0.10025749916522075,0.9753403781300916,0.95,48.14734703351641,44.78278493659028,528.7024560728353,-1152.5742174476948,0.8519,-0.08,0.74,0.0,0.58,strengthened
2024-07-26,4041.4133370768022,4108.723954458355,4029.3818216621617,4076.578369140625,3552210,yfinance:TCS.NS,2026-08-05T14:32:45.912639,0.8701,1.9873,1.9861,12.0891,2486788.0,3332476.0,1.4284,1.0659,elevated,79.34,1.9463,25.55,0.6362,72.49,86.68,2.0006,1.4962,40977.3515625,0.09948369559518491,0.31403197378881614,0.55,61.41149849820226,45.54314236076842,1648.0014208760495,831.2135539238178,24.0,0.92,0.84,0.28,0.848,strongly_participatory
2024-07-29,4101.802927848481,4116.667898821432,4060.924257672867,4070.307861328125,1746803,yfinance:TCS.NS,2026-08-05T14:32:45.912639,-0.7678,1.7382,2.1867,4.9553,2456871.0,3283238.0,0.711,0.532,dry,55.74,1.3695,25.22,0.6188,73.42,87.14,1.4036,1.5084,40820.1015625,0.0997133202889278,0.5859760211408105,0.6,54.635244649467914,48.48312938812985,-926.8282836571295,-383.96491205173317,1.0833,0.04,0.82,0.3,0.666,strengthened
2024-07-30,4079.598360858332,4086.008788693186,4020.32401847736,4055.675048828125,1797906,yfinance:TCS.NS,2026-08-05T14:32:45.912639,-0.5864,0.9913,1.4643,4.9479,2343411.0,3240197.0,0.7672,0.5549,dry,65.68,1.6196,9.29,0.2283,68.83,89.73,1.285,1.4818,40776.3515625,0.09946144991936771,0.3517635877381058,0.55,30.31091752793692,47.938579967358606,1314.7338926315572,648.2528564078752,0.8519,-0.08,0.82,0.12,0.624,strengthened
2024-07-31,4041.414204030933,4100.874091170698,4036.7689003481382,4074.256591796875,2330091,yfinance:TCS.NS,2026-08-05T14:32:45.912639,0.8126,-0.057,1.8369,5.1954,2447470.0,3241329.0,0.952,0.7189,normal,64.11,1.5734,-14.26,-0.3516,68.46,87.6,1.2861,1.4803,40851.1015625,0.09973431403222947,0.6593800407756589,0.75,49.884916464868525,48.877984834798404,-1026.5674316518073,-951.3854160907041,2.125,0.36,0.86,0.22,0.738,strongly_participatory
2024-08-01,4087.309021156136,4105.797235952523,4055.3956995339786,4085.17236328125,2202244,yfinance:TCS.NS,2026-08-05T14:32:45.912639,-0.0523,0.3652,1.7259,2.1263,2325851.0,3260381.0,0.9469,0.6755,normal,50.4,1.2338,13.05,0.3204,65.76,85.61,0.599,1.4698,40709.3984375,0.1003496126220853,1.201384715726341,1.0,54.16692155109573,50.08189973831428,1555.2725615328402,1955.6845218600376,1.1739,0.08,0.86,0.34,0.694,strengthened
2024-08-02,4055.349589577192,4086.0085899107657,3967.0888310411474,3979.212890625,2811282,yfinance:TCS.NS,2026-08-05T14:32:45.912639,-1.8774,-1.8853,-2.3884,-0.4497,2177665.0,3275045.0,1.291,0.8584,elevated,118.92,2.9885,-29.82,-0.73,70.97,75.82,0.8664,1.5225,39730.30078125,0.10015561957444123,0.9048784893546836,0.9,36.171310033761266,45.03386204542606,111.14233291611194,441.9407041392439,0.2195,-0.64,0.74,0.02,0.47,mixed
2024-08-05,3938.2880347144414,3938.2880347144414,3818.903743027533,3860.293212890625,2787771,yfinance:TCS.NS,2026-08-05T14:32:45.912639,-1.9804,-5.2516,-5.1597,-3.0858,2385859.0,3331003.0,1.1685,0.8369,elevated,119.38,3.0926,-40.92,-1.0285,91.88,81.77,1.0638,1.5739,38435.94921875,0.10043444461123076,1.081805641005477,1.0,44.67769668879359,43.04235245329121,1071.2160137184646,15.157983019235676,0.1111,-0.8,0.58,-0.22,0.35,weakened
2024-08-06,3875.0653422807904,3956.172148090316,3865.6350146384816,3875.297607421875,2203067,yfinance:TCS.NS,2026-08-05T14:32:45.912639,0.006,-5.1375,-4.4475,-3.0483,2466891.0,3353212.0,0.8931,0.657,dry,90.54,2.3363,14.77,0.3827,97.92,85.34,1.0423,1.5745,38624.19921875,0.10033340977437336,0.8882533855416964,0.9,53.06225492885028,47.59261993347387,-719.4792276680201,-692.7262295230172,0.5625,-0.28,0.52,-0.14,0.438,weakened
2024-08-07,3928.068585003328,3943.816345106616,3883.752208772118,3902.47314453125,1237666,yfinance:TCS.NS,2026-08-05T14:32:45.912639,-0.6516,-1.9285,-4.2163,-2.4569,2248406.0,3349805.0,0.5505,0.3695,dry,60.06,1.5391,52.77,1.3617,98.81,79.31,1.0192,1.5818,39194.80078125,0.0995660921026575,-0.012647561437085652,0.4,66.16554286243516,50.848745212987204,487.6311214263635,503.6830992953184,6.1429,0.72,0.66,-0.02,0.706,strongly_participatory
2024-08-08,3884.40201233836,3931.784098592667,3864.8917415277633,3876.55126953125,2441283,yfinance:TCS.NS,2026-08-05T14:32:45.912639,-0.2021,0.4212,-5.1068,-3.4691,2296214.0,3338384.0,1.0632,0.7313,normal,66.89,1.7256,-18.07,-0.4631,102.1,79.21,0.9605,1.5834,38448.30078125,0.10082503493682923,1.493350383863655,1.0,49.454930040467964,49.90634691086165,-332.7923727826095,1685.7940468121044,0.3158,-0.52,0.58,0.0,0.428,weakened
2024-08-09,3917.848430860645,3951.898410084894,3907.210505857532,3928.764892578125,1302536,yfinance:TCS.NS,2026-08-05T14:32:45.912639,0.2786,1.3797,-1.2678,-3.6259,1994465.0,3159901.0,0.6531,0.4122,dry,44.69,1.1375,41.3,1.0653,93.39,80.94,0.886,1.5116,39043.30078125,0.10062583884979467,1.4602925895349226,0.95,49.98576469040269,52.66923784218993,365.6417860553989,928.3462794660817,9.0,0.8,0.6,0.02,0.702,strongly_participatory
2024-08-12,3929.926507307199,3938.288053067427,3889.3731010986703,3898.01318359375,936912,yfinance:TCS.NS,2026-08-05T14:32:45.912639,-0.8121,-0.1143,0.9771,-4.233,1624293.0,2531288.0,0.5768,0.3701,dry,48.91,1.2549,1.16,0.0296,71.11,78.1,0.8876,1.5188,39109.55078125,0.09966908608580964,-0.5610958203311123,0.3,54.64268653235396,54.66223581090202,-804.0158066788205,670.0169515661743,0.75,-0.1429,0.6,0.06,0.5174,mixed
2024-08-13,3914.132187982019,3933.642459984778,3886.260370835221,3899.220947265625,1495593,yfinance:TCS.NS,2026-08-05T14:32:45.912639,-0.381,0.5848,0.6173,-3.8577,1482798.0,2363667.0,1.0086,0.6327,normal,47.38,1.2152,16.12,0.4135,61.41,76.78,0.8879,1.4554,39114.8515625,0.0996864564610509,-0.5870411949367816,0.3,41.15132939272906,52.28005070367777,-1112.0985315266446,-683.062974894243,0.3889,-0.44,0.58,-0.02,0.442,weakened
2024-08-14,3910.4163685993976,4000.7212473784566,3891.0453628588666,3990.5478515625,3226545,yfinance:TCS.NS,2026-08-05T14:32:45.912639,2.0492,1.5726,2.2569,-2.0546,1880574.0,2423518.0,1.7157,1.3313,spike,109.68,2.7484,11.2,0.2871,69.64,80.05,1.1394,1.4994,39731.25,0.10043851757904672,1.034892061047466,0.9,48.57252989775514,48.76144811074176,646.8262467964789,-1369.5477918574197,0.7857,-0.12,0.5,-0.08,0.468,mixed
2024-08-16,4041.414042571542,4112.951716428554,4018.2805218840263,4102.7783203125,3457058,yfinance:TCS.NS,2026-08-05T14:32:45.912639,1.5184,5.2531,5.8358,0.431,2083729.0,2315702.0,1.6591,1.4929,spike,94.67,2.3075,50.87,1.2747,80.74,82.16,1.2857,1.4981,40878.25,0.10036580138123574,0.7897292673155603,0.8,51.831838605971136,49.2368298238424,2036.3081603106132,-257.30017429478096,15.6667,0.88,0.62,0.02,0.726,strongly_participatory
2024-08-19,4107.377235436386,4175.430929735349,4078.901616536801,4171.482421875,2055210,yfinance:TCS.NS,2026-08-05T14:32:45.912639,1.5607,6.9825,6.178,4.8318,2234264.0,2223295.0,0.9199,0.9244,normal,96.53,2.314,4.6,0.1121,84.98,85.07,1.248,1.5189,41236.8515625,0.10115909105118165,2.2319126786291568,1.0,43.919868809162026,48.023650647594266,1647.6040528943543,327.6379591247179,1.5,0.2,0.6,0.12,0.592,strengthened
2024-08-20,4185.417806867609,4241.161440255413,4180.772504085293,4202.41943359375,2212298,yfinance:TCS.NS,2026-08-05T14:32:45.912639,0.4062,5.3093,7.8093,8.8627,2489341.0,2239091.0,0.8887,0.988,dry,60.39,1.437,13.94,0.3341,89.13,85.35,1.0017,1.5193,41572.80078125,0.10108579057990985,1.7945026766590286,0.95,45.84100051765303,46.26331344465408,-941.7786944082575,871.8428260204846,4.0,0.6,0.68,0.14,0.706,strongly_participatory
2024-08-21,4197.496096539259,4236.516644581457,4173.851321089861,4228.61962890625,1896990,yfinance:TCS.NS,2026-08-05T14:32:45.912639,0.7415,3.0672,8.4478,9.1173,2569620.0,2215680.0,0.7382,0.8562,dry,62.67,1.4819,-4.92,-0.1172,92.19,85.25,0.9984,1.5125,41570.8515625,0.10172078439501536,2.369595677709402,1.0,40.169890273741544,46.067025620856576,946.4021537026985,553.7841571646297,2.8462,0.48,0.7,0.22,0.698,strengthened
2024-08-22,4236.516374666815,4237.39916370202,4178.171549911448,4182.630859375,1829872,yfinance:TCS.NS,2026-08-05T14:32:45.912639,-1.2719,0.2673,4.8134,7.179,2290286.0,2216684.0,0.799,0.8255,dry,59.23,1.416,7.9,0.1867,82.1,85.88,1.0896,1.5372,41506.19921875,0.10077123268578009,0.768587539690595,0.8,44.445653919391106,45.24165042518377,-269.027803747609,1172.165407226576,1.0833,0.04,0.7,0.2,0.608,strengthened
2024-08-23,4180.772575829952,4186.346939264392,4138.964850071652,4147.2333984375,1809253,yfinance:TCS.NS,2026-08-05T14:32:45.912639,-0.8022,-1.3132,1.0835,6.9825,1960725.0,2166630.0,0.9227,0.8351,normal,47.38,1.1425,-1.86,-0.0444,67.1,80.77,1.1411,1.4995,41089.8515625,0.10093084400972639,0.9462172464032851,0.85,51.018403944358816,45.078963492861305,986.9814652437135,-1384.936411707984,0.7241,-0.16,0.66,0.16,0.548,mixed
2024-08-26,4170.553269172667,4229.223358650871,4166.837026562577,4183.04931640625,1844164,yfinance:TCS.NS,2026-08-05T14:32:45.912639,0.2996,-1.0777,0.2773,6.4724,1918515.0,2081227.0,0.9612,0.8861,normal,62.39,1.4914,23.32,0.5623,64.19,75.18,1.141,1.4974,41662.1015625,0.10040418412717343,0.053652704992548456,0.55,54.95684736084528,47.286359203197954,-736.9221110721804,-597.3309942906808,1.6316,0.24,0.72,0.26,0.662,strengthened
2024-08-27,4185.4182168111465,4190.06352004845,4168.509131570201,4178.125,930697,yfinance:TCS.NS,2026-08-05T14:32:45.912639,-0.1743,-0.1077,-0.5781,7.186,1662195.0,2040422.0,0.5599,0.4561,dry,21.55,0.5159,2.37,0.0566,54.56,69.87,1.0865,1.1818,41709.25,0.10017262357870256,-0.3757173562065014,0.35,58.845102870439604,49.88717967375527,-744.2706004373587,-390.289114258774,0.6667,-0.2,0.7,0.32,0.572,strengthened
2024-08-28,4179.610618428567,4238.838220968121,4141.100882065341,4186.392578125,1848058,yfinance:TCS.NS,2026-08-05T14:32:45.912639,0.1623,0.9442,-0.9986,7.3648,1652409.0,2042930.0,1.1184,0.9046,elevated,97.74,2.3346,1.49,0.0356,61.58,71.96,1.0566,1.1404,42394.3984375,0.09874871993517717,-2.415962992592761,0.05,51.307479225789606,52.114697464164884,-527.5212508545039,-743.877487339898,0.7241,-0.16,0.7,0.28,0.576,strengthened
2024-08-29,4143.609712206469,4232.799517671003,4143.609712206469,4191.73486328125,2133641,yfinance:TCS.NS,2026-08-05T14:32:45.912639,1.1614,0.2076,0.2177,5.0416,1713163.0,2033107.0,1.2454,1.0494,elevated,89.19,2.1278,-42.78,-1.022,67.57,73.55,0.9378,1.1558,42591.6484375,0.09841682623372283,-2.3874069175641206,0.05,63.014366500464526,55.828439980379564,2265.4861372867294,-585.4709468172745,1.2273,0.102,0.7,0.2,0.6204,strengthened
2024-08-30,4180.772468175268,4266.47830377286,4169.437748026632,4230.70947265625,3637222,yfinance:TCS.NS,2026-08-05T14:32:45.912639,1.1944,1.2586,2.0128,3.1182,2078756.0,2104856.0,1.7497,1.728,spike,97.04,2.2937,-10.96,-0.2615,77.5,75.1,0.8981,0.9615,42787.80078125,0.09887653479283715,-1.5854945917701584,0.15,41.80968640717141,53.986696472942086,336.0612935062583,-1166.0478002992,2.8462,0.48,0.78,0.34,0.742,strongly_participatory
2024-09-02,4251.380667040353,4262.529392565808,4191.920797571257,4200.32861328125,1216500,yfinance:TCS.NS,2026-08-05T14:32:45.912639,-1.2008,0.3329,0.4131,0.6915,1953224.0,2025117.0,0.6228,0.6007,dry,70.61,1.681,20.67,0.4886,75.23,76.65,0.9014,0.9868,42975.6015625,0.09773751758128749,-2.3309521402076263,0.05,59.968354491913466,54.98899789915572,-803.4745347115274,790.8105620513244,1.1739,0.08,0.74,0.4,0.652,strengthened
2024-09-03,4200.329136859027,4232.706988670382,4176.9633540945715,4192.24658203125,1717263,yfinance:TCS.NS,2026-08-05T14:32:45.912639,-0.1924,0.0122,0.338,-0.2421,2110537.0,1971591.0,0.8137,0.871,dry,55.74,1.3297,0.0,0.0,82.06,77.24,0.8951,0.9858,42851.30078125,0.09783242295098794,-1.8935488705878474,0.1,53.23492525083246,53.86696237523429,-532.3378102483928,-374.93471313510423,0.7857,-0.12,0.78,0.24,0.612,strengthened
2024-09-04,4159.357971016076,4168.694848446134,4121.9632824379705,4161.49462890625,1265505,yfinance:TCS.NS,2026-08-05T14:32:45.912639,0.0514,-1.636,-0.5947,-1.5874,1994026.0,1924713.0,0.6346,0.6575,dry,46.73,1.123,-32.89,-0.7845,76.57,74.43,0.8567,0.9829,42450.5,0.09803169877636894,-1.5133359121978835,0.15,47.55532263271636,53.11653105661965,-447.9921130452116,-434.2745707735901,0.6897,-0.1837,0.72,0.04,0.5553,strengthened
2024-09-05,4163.120774045665,4179.843865751271,4138.1754048562225,4158.42919921875,1688793,yfinance:TCS.NS,2026-08-05T14:32:45.912639,-0.1127,-0.9975,-0.7946,-0.5786,1905057.0,1947270.0,0.8865,0.8673,dry,41.67,1.002,1.63,0.0391,67.07,68.66,0.7487,0.9804,42644.6484375,0.09751350642070233,-1.7050340333759406,0.05,50.23974901055856,50.56160755863845,-585.5214383236936,992.0897710385248,0.5625,-0.28,0.68,0.14,0.53,mixed
2024-09-06,4156.5713342216295,4198.379066063604,4125.02954174146,4140.59130859375,1649179,yfinance:TCS.NS,2026-08-05T14:32:45.912639,-0.3845,-1.2322,-2.1301,-0.1602,1507448.0,1907664.0,1.094,0.8645,normal,73.35,1.7715,-1.86,-0.0447,62.33,67.01,0.7071,0.976,42228.8984375,0.0980511323240398,-1.1657715720531057,0.25,38.996087621612986,49.99888780152677,1934.7311831934774,314.7056369610412,0.1364,-0.76,0.52,-0.1,0.346,weakened
2024-09-09,4138.964928860649,4171.714314661398,4116.202944403391,4133.9013671875,1184938,yfinance:TCS.NS,2026-08-05T14:32:45.912639,-0.1223,-0.6631,-1.5815,-1.1749,1501136.0,1901785.0,0.7894,0.6231,dry,55.51,1.3428,-1.63,-0.0393,59.31,66.0,0.7051,0.9618,41919.05078125,0.09861629235737741,-0.6709568272405407,0.35,48.875158356839144,47.7802485745119,-91.78644639701496,570.2566924904215,1.1739,0.08,0.58,-0.1,0.538,mixed
2024-09-10,4127.305445435125,4217.88885396822,4125.447324234446,4188.06591796875,1385591,yfinance:TCS.NS,2026-08-05T14:32:45.912639,1.4722,0.7127,-0.0997,0.2379,1434801.0,1924218.0,0.9657,0.7201,normal,92.44,2.2073,-6.6,-0.1596,66.65,68.12,0.831,0.9902,42644.19921875,0.09820951019587493,-0.9005707345822225,0.3,53.806132991189536,47.89449012258332,-460.1392708428152,67.89007719356694,2.125,0.36,0.64,0.06,0.634,strengthened
2024-09-11,4200.700941634944,4226.621639858806,4154.061921274154,4161.58740234375,1325919,yfinance:TCS.NS,2026-08-05T14:32:45.912639,-0.9311,0.5071,0.0022,-0.5925,1446884.0,1915735.0,0.9164,0.6921,normal,72.56,1.7436,12.64,0.3017,67.11,69.08,0.9055,0.9996,42473.30078125,0.09798125706728446,-0.9791843974685775,0.2,51.84807385389371,48.75304036681879,-891.7976649357448,-1027.4419217763382,0.3889,-0.44,0.58,0.04,0.448,weakened
2024-09-12,4190.29462722581,4211.059217686861,4116.945127921692,4197.21630859375,2742216,yfinance:TCS.NS,2026-08-05T14:32:45.912639,0.1652,1.5316,0.9327,0.1308,1657569.0,1891518.0,1.6544,1.4497,spike,94.11,2.2423,28.71,0.6898,77.6,72.41,0.8263,0.9888,43152.1015625,0.09726562917253631,-1.329821211027308,0.05,49.79107219423305,48.66330500355368,764.8569127221107,12.398687382358563,50.0,1.0,0.74,0.22,0.818,strongly_participatory
2024-09-13,4208.644977994091,4224.439009920338,4185.418460455492,4201.77001953125,1458786,yfinance:TCS.NS,2026-08-05T14:32:45.912639,-0.1634,0.3272,1.4775,-0.684,1619490.0,1791605.0,0.9008,0.8142,normal,39.02,0.9287,11.43,0.2723,70.73,69.34,0.7106,0.9892,43394.3515625,0.09682757935625623,-1.446058910406644,0.05,41.6762043564375,49.19932835051859,-1744.5402822954807,122.11784783958693,0.6129,-0.24,0.74,0.34,0.582,strengthened
2024-09-16,4205.857591838961,4223.556015887551,4175.616848928026,4193.0830078125,1155120,yfinance:TCS.NS,2026-08-05T14:32:45.912639,-0.3037,0.7568,1.4316,-0.1725,1613526.0,1746600.0,0.7159,0.6614,dry,47.94,1.1433,4.09,0.0973,69.22,71.23,0.6118,0.9263,43352.6484375,0.0967203425612514,-1.3749575511166732,0.05,58.76336036923982,51.176968752998725,2597.073067233959,-1291.7870497907356,1.0833,0.04,0.78,0.32,0.652,strengthened
2024-09-17,4193.0829242332575,4214.033060161901,4149.184809090063,4186.02197265625,1699364,yfinance:TCS.NS,2026-08-05T14:32:45.912639,-0.1684,-0.2667,-0.0488,-0.1485,1676281.0,1720954.0,1.0138,0.9875,normal,64.85,1.5492,-0.0,-0.0,63.7,68.88,0.6112,0.8451,43415.0,0.09641879471740758,-1.4314885775211739,0.05,60.74549301311518,52.564840757383855,1756.208370983244,212.35631871484608,0.96,-0.0204,0.78,0.32,0.6399,strengthened
2024-09-18,4178.03182491242,4178.03182491242,4014.47088636393,4037.836669921875,2961779,yfinance:TCS.NS,2026-08-05T14:32:45.912639,-3.3555,-3.9015,-2.9736,-2.9715,2003453.0,1774193.0,1.4783,1.6694,elevated,163.56,4.0507,-7.99,-0.1909,83.49,74.76,1.2074,1.0555,42089.30078125,0.09593499048386796,-1.6563706079455303,0.05,43.91027458855052,50.977280904315215,-2.682822724430556,-1166.450473935598,0.6667,-0.2,0.76,0.18,0.582,strengthened
2024-09-19,4078.622742152668,4108.492406554244,3978.051921437468,3991.384033203125,2927551,yfinance:TCS.NS,2026-08-05T14:32:45.912639,-2.1389,-4.8103,-4.904,-4.017,2040520.0,1829077.0,1.4347,1.6006,elevated,130.44,3.2681,40.79,1.0101,90.76,77.15,1.3203,1.1199,41945.6015625,0.09515619956614194,-1.9606546807425214,0.05,40.08316143793135,49.03569875305488,91.0937383618907,-716.6179684884556,1.0,0.0,0.74,0.08,0.604,strengthened
2024-09-20,4010.6610876463974,4023.4823944313503,3927.603171623188,3980.93115234375,5447908,yfinance:TCS.NS,2026-08-05T14:32:45.912639,-0.7413,-4.8994,-5.2559,-3.856,2838344.0,2011010.0,1.9194,2.709,spike,95.88,2.4085,19.28,0.483,102.13,78.95,1.3189,1.1266,42204.3984375,0.09432503008517144,-2.234139208935133,0.05,46.99370463920282,50.099198809607934,1335.2016674683757,369.1357672601712,8.8,0.7959,0.76,0.3,0.7932,strongly_participatory
2024-09-23,3994.960476501186,4003.693555186361,3951.294629432452,3965.695068359375,1702319,yfinance:TCS.NS,2026-08-05T14:32:45.912639,-0.7326,-1.7866,-5.4229,-4.0689,2947784.0,2003917.0,0.5775,0.8495,dry,52.4,1.3213,14.03,0.3524,103.02,78.71,1.3069,1.1309,41987.44921875,0.09444953532896316,-1.9282098318030823,0.1,34.46028296228145,45.23858332821626,-2029.2589330885985,-189.9097665985871,2.3333,0.4,0.78,0.34,0.726,strongly_participatory
2024-09-24,3950.040922566227,3986.599552655567,3939.2174558983,3968.296875,3012026,yfinance:TCS.NS,2026-08-05T14:32:45.912639,0.4622,-0.5784,-5.2012,-5.2475,3210317.0,2107984.0,0.9382,1.4289,normal,47.38,1.194,-15.65,-0.3947,99.53,77.08,1.151,1.1274,42243.94921875,0.09393763955285386,-2.0166928399326345,0.05,60.23640255568491,45.136765236730206,-262.7303136421743,-35.252809873304344,0.9231,-0.04,0.82,0.3,0.65,strengthened
2024-09-25,3950.6905998877737,3985.2981043185423,3939.216611717059,3971.50146484375,2713073,yfinance:TCS.NS,2026-08-05T14:32:45.912639,0.5268,-0.2369,-1.6428,-4.5676,3160575.0,2151235.0,0.8584,1.2612,dry,46.08,1.1603,-17.61,-0.4437,74.44,77.39,1.2214,1.1308,41960.94921875,0.09464756014311297,-1.3929167562736327,0.2,46.735936811368084,45.70189768129372,1828.2076357873104,-51.63207960044307,1.5,0.2,0.82,0.2,0.688,strengthened
2024-09-26,3957.7984481927056,4010.568912711446,3957.7984481927056,3987.992919921875,3964251,yfinance:TCS.NS,2026-08-05T14:32:45.912639,0.7629,0.5623,-0.085,-4.9848,3367915.0,2242765.0,1.1771,1.7676,elevated,52.77,1.3232,-13.7,-0.345,58.9,75.92,1.2787,1.0719,42160.8984375,0.0945898466996319,-1.2828173970177408,0.2,44.58495144042064,46.602255681791576,124.1002329514551,118.01177814484801,7.3333,0.76,0.86,0.34,0.83,strongly_participatory
2024-09-27,4027.478059812212,4067.427669171365,3995.007207492202,4003.0439453125,3012477,yfinance:TCS.NS,2026-08-05T14:32:45.912639,-0.6067,0.8756,0.5555,-4.7296,2880829.0,2211528.0,1.0457,1.3622,normal,72.42,1.8091,39.49,0.9901,55.61,77.63,1.2701,1.0323,42312.6015625,0.09460642450452021,-1.1594297577013626,0.25,39.90316499791866,45.18414775353475,-1194.5327153213618,220.760156539339,1.5,0.2,0.88,0.46,0.738,strongly_participatory
2024-09-30,3982.7896922279247,3993.799150781273,3957.8443250356186,3965.695068359375,2503416,yfinance:TCS.NS,2026-08-05T14:32:45.912639,-0.4292,-0.1462,0.0,-5.4229,3041049.0,2275874.0,0.8232,1.1,dry,35.95,0.9066,-20.25,-0.506,54.17,74.26,1.2672,0.9814,41946.1015625,0.09454263735213772,-1.0827935892685498,0.2,48.58654373750723,48.00939990857991,672.9134646484038,-538.6672416697411,0.3158,-0.52,0.82,0.2,0.544,mixed
2024-10-01,3953.664276557342,3991.012700007254,3941.958474070988,3983.719482421875,1823365,yfinance:TCS.NS,2026-08-05T14:32:45.912639,0.7602,-0.1072,0.3886,-4.8328,2803316.0,2281179.0,0.6504,0.7993,dry,49.05,1.2314,-12.03,-0.3034,54.51,72.58,1.3378,0.9912,42434.80078125,0.09387859514076236,-1.3379997927716436,0.05,37.68031280207157,43.498181957857234,-72.45180877096342,-137.4275659184925,0.6897,-0.1837,0.78,0.04,0.5793,strengthened
2024-10-03,3960.213504570964,3975.450006529258,3911.3448299808783,3932.48095703125,3350119,yfinance:TCS.NS,2026-08-05T14:32:45.912639,-0.7003,-1.7627,-0.9825,-2.6092,2930726.0,2385410.0,1.1431,1.4044,elevated,64.11,1.6301,-23.51,-0.5901,59.77,71.03,0.9159,0.9788,41762.6015625,0.09416273914703514,-1.0570482173550888,0.15,45.31372240567897,43.21373907671942,-138.9835320929106,210.5437559312831,0.0638,-0.88,0.7,-0.06,0.398,weakened
2024-10-04,3925.280756694985,3993.1021756864016,3924.3979677304274,3950.59765625,2965463,yfinance:TCS.NS,2026-08-05T14:32:45.912639,0.645,-0.3807,-0.9377,-1.0219,2730968.0,2449243.0,1.0859,1.2108,normal,68.7,1.7391,-7.2,-0.1831,62.95,73.15,0.6828,0.9723,41912.5,0.09425822025052193,-0.9035464183834869,0.2,61.352172202315145,46.56718322909831,57.68769246449797,403.3740772718313,0.2195,-0.64,0.52,-0.2,0.36,weakened
2024-10-07,3970.7126370149526,3992.406296192221,3929.3694337615807,3969.7373046875,1472619,yfinance:TCS.NS,2026-08-05T14:32:45.912639,-0.0246,-0.351,-0.832,-0.2812,2422996.0,2440415.0,0.6078,0.6034,dry,63.04,1.5879,20.11,0.5092,59.67,74.23,0.6327,0.9657,42190.6015625,0.09409055945331427,-0.9172758815923453,0.15,46.03405548731245,47.79336132697707,-510.90242259896706,-6.621170516317831,0.25,-0.6,0.5,-0.32,0.348,weakened
2024-10-08,3969.504513414997,3975.8219442019727,3905.724592296589,3951.527099609375,1541867,yfinance:TCS.NS,2026-08-05T14:32:45.912639,-0.4529,0.4843,-0.3573,-0.3573,2230687.0,2458261.0,0.6912,0.6272,dry,70.1,1.7739,-0.23,-0.0059,64.65,74.6,0.5988,0.9631,42387.55078125,0.09322376562878269,-1.3836717730663117,0.05,45.81821144201864,47.23969486787936,-406.18411010976104,403.1308794303522,2.8462,0.48,0.52,-0.16,0.588,strengthened
2024-10-09,3957.7984755986254,3990.315599224435,3945.442150077981,3951.248779296875,1082504,yfinance:TCS.NS,2026-08-05T14:32:45.912639,-0.1655,0.0165,-0.8151,-0.4296,2082514.0,2443107.0,0.5198,0.4431,dry,44.87,1.1357,6.27,0.1587,63.82,65.55,0.5887,0.9631,42622.75,0.09270281197944466,-1.6243258880073228,0.05,26.424906856467427,44.988613678758526,-872.2422723792841,-522.3967774085953,1.1739,0.08,0.5,0.0,0.516,mixed
2024-10-10,3951.526804113441,3989.246753361262,3900.7537355297673,3927.510498046875,2378875,yfinance:TCS.NS,2026-08-05T14:32:45.912639,-0.6078,-1.0637,-0.1264,-1.1077,1888266.0,2495755.0,1.2598,0.9532,elevated,88.49,2.2532,0.28,0.007,67.04,62.56,0.592,0.9638,42088.80078125,0.09331485870693965,-1.1390969098043502,0.15,47.565641067857506,45.43899741119423,745.4540297228882,706.0367322391028,0.8846,-0.0612,0.54,-0.02,0.5018,mixed
2024-10-11,3849.0977975212186,3941.028518940875,3820.7151796266103,3854.858154296875,5759183,yfinance:TCS.NS,2026-08-05T14:32:45.912639,0.1497,-2.4464,-2.4234,-3.3384,2447010.0,2646603.0,2.3536,2.1761,spike,120.31,3.1211,-78.41,-1.9965,77.36,64.3,0.5224,0.9313,42335.69921875,0.09105455266910065,-2.47117144462556,0.05,46.152523758330574,42.39906772239732,739.1724452767099,2209.501933645811,1.5,0.2,0.48,-0.1,0.522,mixed
2024-10-14,3846.3104414273184,3869.908487223454,3829.773346107295,3843.197998046875,2137590,yfinance:TCS.NS,2026-08-05T14:32:45.912639,-0.0809,-2.7346,-3.1876,-3.9931,2580004.0,2680543.0,0.8285,0.7974,dry,40.14,1.0443,-8.55,-0.2217,72.78,63.43,0.4964,0.8916,42872.75,0.0896419753350759,-2.724646445818143,0.05,57.01252023638206,44.59476067221124,-493.38785111048475,43.908276946235134,2.5714,0.44,0.52,0.0,0.596,strengthened
2024-10-15,3837.995705676313,3874.1365268299264,3804.5032516700458,3824.756591796875,2759474,yfinance:TCS.NS,2026-08-05T14:32:45.912639,-0.3449,-2.6163,-3.2081,-3.5539,2823525.0,2760761.0,0.9773,0.9995,normal,69.63,1.8206,-5.2,-0.1354,72.69,65.01,0.4907,0.8748,42731.30078125,0.08950714164720991,-2.3361300076980105,0.05,45.848890475561355,44.60089647891978,-746.9760525902353,1146.7418617589424,0.6129,-0.24,0.5,0.0,0.452,mixed
2024-10-16,3795.2124356440127,3823.084252796845,3778.67511210238,3804.45654296875,2359151,yfinance:TCS.NS,2026-08-05T14:32:45.912639,0.2436,-1.3075,-3.7151,-4.4999,3078855.0,2793750.0,0.7662,0.8444,dry,44.41,1.1673,-29.54,-0.7724,72.93,65.01,0.4133,0.8796,42230.69921875,0.09008746275457381,-1.7831918521137256,0.15,39.14779273006664,47.14547365363963,-2068.6199622461013,126.62771950712363,0.5625,-0.28,0.52,-0.12,0.44,weakened
2024-10-17,3821.040014226119,3836.9737654296287,3802.5982985672913,3817.509765625,2522659,yfinance:TCS.NS,2026-08-05T14:32:45.912639,-0.0924,-0.6684,-2.8008,-2.9236,3107611.0,2771794.0,0.8118,0.9101,dry,34.38,0.9005,16.58,0.4359,62.11,63.7,0.3622,0.8783,42734.3515625,0.08933117330777329,-1.8996768803877515,0.05,68.58687842599889,51.34972112526791,413.5901008301998,-845.8044238250018,0.25,-0.6,0.4,-0.24,0.316,weakened
2024-10-18,3809.128022883925,3861.4219511234783,3799.814751434331,3839.908203125,2361000,yfinance:TCS.NS,2026-08-05T14:32:45.912639,0.8081,0.3961,-0.3878,-2.8018,2427975.0,2743467.0,0.9724,0.8606,normal,61.61,1.6044,-8.38,-0.2196,50.37,62.43,0.3999,0.8991,42106.5,0.09119514096695285,-0.8627725898743951,0.3,48.4737474721159,51.813965868024965,-1065.057694018798,717.205731824588,1.6316,0.24,0.44,-0.32,0.492,mixed
2024-10-21,3848.8023072058913,3855.647652061206,3790.5011421772856,3799.6748046875,1595450,yfinance:TCS.NS,2026-08-05T14:32:45.912639,-1.2764,-0.1257,-1.1325,-4.284,2319547.0,2550844.0,0.6878,0.6255,dry,65.15,1.7145,8.89,0.2316,55.37,63.85,0.5547,0.9193,41562.69921875,0.09142030898160168,-0.6746480002399331,0.35,49.584678086142844,50.32839743797713,790.0261263151266,593.6825710228422,0.4286,-0.4,0.38,-0.2,0.352,weakened
2024-10-22,3786.776161320197,3808.941792786158,3731.222588221232,3739.744140625,1928049,yfinance:TCS.NS,2026-08-05T14:32:45.912639,-1.242,-2.0371,-2.2227,-5.3595,2153262.0,2562131.0,0.8954,0.7525,dry,77.72,2.0782,-12.9,-0.3395,56.99,65.9,0.6461,0.9366,41238.80078125,0.09068508467213589,-0.9524349375556154,0.25,46.84511670460846,50.527642683786546,1331.1811909202247,449.04360056095436,0.0204,-0.96,0.24,-0.36,0.168,deteriorated
2024-10-23,3724.936409588487,3831.060872589519,3720.7918215935465,3787.00927734375,1966476,yfinance:TCS.NS,2026-08-05T14:32:45.912639,1.6664,-1.3776,-0.4586,-4.1566,2074727.0,2509853.0,0.9478,0.7835,normal,110.27,2.9118,-14.81,-0.396,69.82,68.61,0.8899,0.9497,42222.1015625,0.08969258130692438,-1.3053822196160993,0.2,43.41070394495811,51.380224926764846,90.92603743237481,-605.8019177491673,0.6667,-0.2,0.2,-0.44,0.296,deteriorated
2024-10-24,3729.033534340181,3798.88306357982,3729.033534340181,3769.918701171875,2676744,yfinance:TCS.NS,2026-08-05T14:32:45.912639,1.0964,-0.7831,-1.2467,-4.0125,2105544.0,2508037.0,1.2713,1.0673,elevated,69.85,1.8528,-57.98,-1.5309,76.92,68.69,0.9389,0.9736,42139.8515625,0.0894620783269845,-1.2786430981169252,0.1,43.62512847007686,46.387874935580435,141.83388284743947,676.325077324455,0.9231,-0.04,0.18,-0.36,0.328,weakened
2024-10-25,3778.440830569176,3810.990668738502,3755.762923689694,3778.906494140625,1759676,yfinance:TCS.NS,2026-08-05T14:32:45.912639,0.0123,1.0472,-1.5886,-1.9703,1985279.0,2397808.0,0.8864,0.7339,dry,55.23,1.4615,8.52,0.2261,75.64,68.13,0.939,0.9719,42038.8515625,0.08989081180113707,-0.9701146617635259,0.3,47.73797383827201,46.24072020881166,-642.5159924738272,1502.581725903817,0.3158,-0.52,0.16,-0.5,0.21,deteriorated
2024-10-28,3789.523720012066,3850.1065991283663,3772.8064424453346,3809.919921875,1532534,yfinance:TCS.NS,2026-08-05T14:32:45.912639,0.5382,0.605,0.2696,-0.8659,1972696.0,2323811.0,0.7769,0.6595,dry,77.3,2.0289,10.62,0.281,78.07,68.64,0.9476,0.9816,42205.3984375,0.09027091469156326,-0.7014575386266256,0.4,48.851441821535175,46.09407295589013,724.5478462345327,284.44415259800803,2.5714,0.44,0.16,-0.16,0.436,weakened
2024-10-29,3814.576053505887,3821.700614609533,3781.281110902673,3795.390625,1445885,yfinance:TCS.NS,2026-08-05T14:32:45.912639,-0.503,0.6757,1.488,-0.7678,1876263.0,2270934.0,0.7706,0.6367,dry,40.42,1.065,4.66,0.1222,70.61,68.33,0.9579,0.9831,42031.44921875,0.09029882850927008,-0.6110457354396841,0.45,45.96018226063316,45.91708606709506,-64.5836803644654,264.6987849403931,1.7222,0.2653,0.22,-0.18,0.4231,weakened
2024-10-30,3795.157804269821,3824.96027046286,3781.234510070215,3804.14501953125,1935002,yfinance:TCS.NS,2026-08-05T14:32:45.912639,0.2368,0.6679,0.4525,-0.0082,1869968.0,2276516.0,1.0348,0.85,normal,43.73,1.1494,-0.23,-0.0061,57.3,65.13,0.9578,0.9863,41668.6015625,0.09129524094599857,0.009258509995915114,0.65,60.0319439086615,49.241334059835744,553.0051834614322,-1532.0580556522889,0.7241,-0.16,0.22,-0.1,0.346,weakened
2024-10-31,3790.501362953683,3798.23142349314,3688.055380171151,3695.925048828125,3740372,yfinance:TCS.NS,2026-08-05T14:32:45.912639,-2.4951,-2.9921,-1.9627,-3.1849,2082694.0,2296029.0,1.7959,1.6291,spike,110.18,2.981,-13.64,-0.3587,66.55,64.83,1.269,0.8997,40407.55078125,0.09146619820726962,0.2032694004959923,0.75,26.792241532855904,45.87475667239155,423.8241190906629,-1077.6148703848914,0.4286,-0.4,0.16,-0.08,0.276,deteriorated
2024-11-01,3715.8558850555814,3724.330826071296,3703.003524341036,3710.59375,154895,yfinance:TCS.NS,2026-08-05T14:32:45.912639,-0.1416,-2.2342,-1.8077,-3.3676,1761738.0,2155500.0,0.0879,0.0719,dry,21.33,0.5748,19.93,0.5393,61.19,63.99,1.227,0.8182,40433.6484375,0.09176994640331855,0.5303837794063326,0.8,56.7320548153797,47.673572867813085,-172.19899010144252,583.7607901235806,7.3333,0.76,0.2,0.0,0.532,mixed
2024-11-04,3693.922655669424,3717.764492575113,3644.5157084293937,3691.920166015625,2269192,yfinance:TCS.NS,2026-08-05T14:32:45.912639,-0.0542,-2.9501,-3.0972,-2.8359,1909069.0,2195329.0,1.1886,1.0336,elevated,73.25,1.984,-16.67,-0.4493,60.38,64.25,1.1686,0.8089,40421.80078125,0.09133487609805237,0.37102977569229917,0.7,45.25849924735721,46.9549843529775,1010.0978673990902,1090.3376389062164,0.1905,-0.68,0.14,-0.28,0.192,deteriorated
2024-11-05,3670.45333173397,3712.269827653512,3670.45333173397,3698.6259765625,967590,yfinance:TCS.NS,2026-08-05T14:32:45.912639,0.7676,0.0731,-2.5495,-1.0995,1813410.0,2166615.0,0.5336,0.4466,dry,41.82,1.1306,-21.47,-0.5815,60.66,63.94,1.12,0.8128,40424.6015625,0.09149443243971367,0.63477294538753,0.85,45.02847307203367,46.768642515257596,-1866.453723784956,20.06970931098997,3.5455,0.56,0.18,-0.14,0.47,mixed
2024-11-06,3728.661529286281,3864.8212879793314,3702.258313204772,3855.368408203125,3792017,yfinance:TCS.NS,2026-08-05T14:32:45.912639,3.3982,3.9017,1.3465,1.8051,2184813.0,2302091.0,1.7356,1.6472,spike,162.56,4.2165,30.04,0.8121,85.15,73.36,1.4671,1.0224,42039.5,0.09170823649670251,0.9340483668482545,0.9,36.73990644225743,42.11023502197678,-128.40807939172979,-113.74079206007646,4.5556,0.64,0.28,0.04,0.544,mixed
2024-11-07,3883.354926064752,3916.975471746434,3804.517947878227,3865.845703125,3724349,yfinance:TCS.NS,2026-08-05T14:32:45.912639,-0.4509,4.711,4.5975,2.5445,2181609.0,2369364.0,1.7072,1.5719,spike,112.46,2.909,27.99,0.7259,84.42,76.99,1.4536,1.0232,41752.3984375,0.09258978760015096,1.991294846064325,1.0,41.777466499273,45.1072800152602,485.4489945462638,-385.9199308404075,0.1364,-0.76,0.24,-0.06,0.238,deteriorated
2024-11-08,3869.663995504092,3883.401069856363,3834.878838313008,3862.21337890625,1648039,yfinance:TCS.NS,2026-08-05T14:32:45.912639,-0.1925,4.4229,4.0861,2.2045,2480237.0,2163807.0,0.6645,0.7616,dry,48.52,1.2563,3.82,0.0988,88.45,75.8,1.4569,1.015,42050.1484375,0.09184779417953154,1.125913744711995,0.95,39.11539323627337,41.58394769943894,1112.7282586749043,786.6030893466235,0.8519,-0.08,0.22,-0.08,0.364,weakened
2024-11-11,3844.7052007056577,3943.518654670436,3834.879425712483,3910.36376953125,1406487,yfinance:TCS.NS,2026-08-05T14:32:45.912639,1.7078,1.4265,5.9168,2.6364,2307696.0,2127252.0,0.6095,0.6612,dry,108.64,2.7782,-17.51,-0.4533,95.53,78.01,1.5397,1.0533,42590.30078125,0.09181348095228181,0.988504059992345,0.9,58.17244075995327,44.16673600195815,-1348.0774110414231,783.3254895448559,0.6667,-0.2,0.24,-0.18,0.338,weakened
2024-11-12,3926.4751190486577,3928.3377732797057,3878.3721644817633,3909.15234375,1587640,yfinance:TCS.NS,2026-08-05T14:32:45.912639,-0.4412,1.1202,5.692,2.9974,2431706.0,2068660.0,0.6529,0.7675,dry,49.97,1.2782,16.11,0.412,97.16,73.7,1.5365,1.0535,42609.55078125,0.09174357091486146,0.8312797638028738,0.8,53.77337651234588,45.91571669002059,-355.8744255462802,170.8383597801736,0.1628,-0.72,0.2,-0.14,0.222,deteriorated
2024-11-13,3891.1780687289943,3908.5472291817673,3847.358853332509,3865.333740234375,1098813,yfinance:TCS.NS,2026-08-05T14:32:45.912639,-0.6642,0.0808,0.2585,1.6085,1893066.0,2005643.0,0.5804,0.5479,dry,61.19,1.583,-17.97,-0.4598,76.28,73.13,1.5625,1.0545,42369.5,0.09122915635620847,0.22254206111648017,0.45,38.967585830262166,46.361252567621534,-9.398780243558068,245.84323115991367,0.0638,-0.88,0.1,-0.38,0.126,deteriorated
2024-11-14,3851.0375903197846,3874.3207680121654,3833.761654371864,3861.18896484375,1825432,yfinance:TCS.NS,2026-08-05T14:32:45.912639,0.2636,-1.2576,-0.1205,4.4715,1513282.0,1970782.0,1.2063,0.9262,elevated,40.56,1.0504,-14.3,-0.3699,61.9,72.08,1.2589,1.0456,42390.8515625,0.0910854305238693,-0.03585800955162181,0.35,43.80383786976181,46.7665268417193,2039.8709351830921,470.2679561670574,0.6667,-0.2,0.12,-0.36,0.272,deteriorated
2024-11-18,3923.681541984777,3923.681541984777,3716.181793791038,3743.4697265625,3313944,yfinance:TCS.NS,2026-08-05T14:32:45.912639,-4.5929,-4.2383,-3.0745,0.886,1846463.0,2018429.0,1.7948,1.6418,spike,207.5,5.543,62.49,1.6185,93.69,81.38,2.0301,1.3426,41406.55078125,0.09040766873674597,-0.8035313070310135,0.3,46.07739681473492,48.15892755741161,-705.2536407792096,818.817295865459,0.7857,-0.12,0.12,-0.32,0.292,deteriorated
2024-11-19,3743.841620522659,3848.3830847662466,3738.440105383612,3762.142333984375,1776233,yfinance:TCS.NS,2026-08-05T14:32:45.912639,0.4888,-2.6697,-3.7905,1.9021,1920412.0,2027468.0,0.9249,0.8761,normal,109.94,2.9224,0.37,0.0099,93.95,86.35,2.0365,1.3469,41748.3515625,0.09011475167713395,-1.049150485650788,0.2,45.00143353960322,45.5247261133416,413.0659190962045,-731.5263702415972,1.2273,0.102,0.14,-0.2,0.3564,weakened
2024-11-21,3767.1247442805743,3811.409391578864,3747.660099623591,3793.155517578125,2384347,yfinance:TCS.NS,2026-08-05T14:32:45.912639,0.691,-1.762,-2.9673,2.5558,2079754.0,2050283.0,1.1465,1.1629,elevated,63.75,1.6806,4.98,0.1324,96.71,87.78,2.0335,1.3521,41952.80078125,0.09041483397869834,-0.6757065304437796,0.4,51.55410649188832,45.08087210925009,1209.489771868408,-521.4229757387616,0.4706,-0.36,0.14,-0.42,0.242,deteriorated
2024-11-22,3791.4323749580262,3962.750165645244,3775.599815298413,3953.11083984375,3096553,yfinance:TCS.NS,2026-08-05T14:32:45.912639,4.2643,5.6002,2.2709,2.5352,2479302.0,2106787.0,1.249,1.4698,elevated,187.15,4.7343,-1.72,-0.0454,121.78,92.85,2.2046,1.5636,43332.1015625,0.09122822797186482,0.19240979915631426,0.45,45.11227067344736,46.309809077887124,-812.2112207459872,-572.6090236182522,49.0,0.96,0.28,0.06,0.61,strengthened
2024-11-25,3986.0801022933974,4030.8770280377776,3960.1893900708537,4018.769775390625,4052167,yfinance:TCS.NS,2026-08-05T14:32:45.912639,0.8201,6.8213,4.0811,3.9558,2924649.0,2175558.0,1.3855,1.8626,elevated,70.69,1.7589,32.97,0.834,129.22,96.38,2.2055,1.5629,43618.1484375,0.09213526752858571,1.2492771180354685,0.95,52.92748485555411,48.13453847504559,-250.36832301510677,1439.0622522347662,4.5556,0.64,0.32,0.28,0.584,strengthened
2024-11-26,4024.310489157352,4066.7327083086975,4014.019507355012,4053.787353515625,2060669,yfinance:TCS.NS,2026-08-05T14:32:45.912639,0.7325,6.8711,8.2896,4.9602,2673994.0,2190608.0,0.7706,0.9407,dry,52.71,1.3003,5.54,0.1379,98.26,94.91,2.205,1.5665,44085.94921875,0.09195191269220822,0.9274460767652907,0.9,52.74481006374707,49.46802112484802,1240.7174952822522,-748.2971270831046,0.7857,-0.12,0.3,0.08,0.404,weakened
2024-11-27,4059.6083950341376,4076.7911069702654,4027.104715840101,4035.02099609375,1558993,yfinance:TCS.NS,2026-08-05T14:32:45.912639,-0.6057,2.072,7.2533,3.1879,2630546.0,2191931.0,0.5926,0.7112,dry,49.69,1.2314,5.82,0.1436,86.21,95.47,2.165,1.5723,44018.69921875,0.09166606618795795,0.43979650491262307,0.6,45.523628485488075,49.57246011402499,-555.525089284661,145.410963068282,1.0,0.0,0.28,0.1,0.422,weakened
2024-11-28,4022.401811054281,4041.91329602,3942.307679137016,3953.390380859375,2558544,yfinance:TCS.NS,2026-08-05T14:32:45.912639,-1.7157,-1.6269,4.2243,1.1317,2665385.0,2247564.0,0.9599,1.1384,normal,99.61,2.5195,-12.62,-0.3127,93.38,90.72,2.2365,1.6069,42968.75,0.09200617613636364,0.8832482039692126,0.9,50.60906417793694,49.383451651234715,624.4182482781035,692.8780057156098,0.087,-0.84,0.22,-0.02,0.218,deteriorated
2024-11-29,3930.2002766528776,4003.4958997310346,3907.522371310432,3977.558349609375,2017425,yfinance:TCS.NS,2026-08-05T14:32:45.912639,1.205,-1.8804,0.6184,2.9034,2449560.0,2251685.0,0.8236,0.896,dry,95.97,2.4129,-23.19,-0.5866,75.15,89.54,2.2558,1.6192,43146.25,0.0921878112144016,1.073303546466547,0.95,37.991091388917575,47.959215794328756,266.4443023310696,738.4113095718895,7.3333,0.76,0.26,0.04,0.56,strengthened
2024-12-02,3976.766726657372,3993.717061818359,3939.5600270221935,3982.9599609375,1670944,yfinance:TCS.NS,2026-08-05T14:32:45.912639,0.1557,-1.2902,-0.8911,3.1537,1973315.0,2148214.0,0.8468,0.7778,dry,54.16,1.3597,-0.79,-0.0199,70.43,89.94,2.2554,1.6186,43547.0,0.09146347534703883,-0.07308444377898785,0.4,43.81821583584768,46.13736199038747,767.9433816499358,-498.9527876122325,1.9412,0.32,0.34,0.04,0.504,mixed
2024-12-03,4018.071307960362,4027.9898509787527,3972.529502098055,4007.267822265625,2010905,yfinance:TCS.NS,2026-08-05T14:32:45.912639,-0.2689,1.3628,-1.1476,7.0469,1963362.0,2241014.0,1.0242,0.8973,normal,55.46,1.384,35.11,0.8815,70.98,86.14,1.5507,1.6154,43754.94921875,0.09158433260273145,0.13348082252251336,0.5,56.392073806695116,46.86681473897708,98.36202561815651,560.6812965443728,4.0,0.6,0.36,0.14,0.578,strengthened
2024-12-04,4017.326044595098,4085.685821181155,3994.50852942798,4055.370849609375,3302642,yfinance:TCS.NS,2026-08-05T14:32:45.912639,0.947,1.9563,0.5043,7.7942,2312092.0,2292687.0,1.4284,1.4405,elevated,91.18,2.2483,10.06,0.251,79.27,89.09,1.5546,1.6004,43949.25,0.09227394892084335,1.1166292975265637,0.95,42.36525047565792,46.235139137011046,269.25096183452644,597.683996917247,0.8519,-0.08,0.32,0.16,0.428,weakened
2024-12-05,4098.584281260393,4180.727516616581,4060.586315983135,4157.49072265625,3746747,yfinance:TCS.NS,2026-08-05T14:32:45.912639,1.4372,4.3819,5.1627,9.6051,2549733.0,2431644.0,1.4695,1.5408,elevated,120.14,2.8898,43.21,1.0656,84.42,93.63,1.576,1.5926,44806.3984375,0.09278788002690046,1.663113482877223,1.0,36.732309629091525,43.459788227241965,-961.6019467282767,1139.765862161374,4.0,0.6,0.38,0.24,0.596,strengthened
2024-12-06,4147.198819162285,4158.37474232194,4109.712910230939,4140.2138671875,1842087,yfinance:TCS.NS,2026-08-05T14:32:45.912639,-0.1684,3.3176,4.0893,4.7331,2514665.0,2334148.0,0.7325,0.7892,dry,48.66,1.1753,-10.29,-0.2476,74.96,94.21,0.9669,1.5725,44716.05078125,0.09258898750789378,1.2607373617312145,0.9,35.54696661180877,42.970963271820196,527.0261565272187,126.18600743328084,0.7241,-0.16,0.4,0.14,0.442,weakened
2024-12-09,4126.198676219265,4162.473596939852,4112.321537472264,4146.408203125,2066639,yfinance:TCS.NS,2026-08-05T14:32:45.912639,0.4898,2.2449,4.1037,3.1761,2593804.0,2251262.0,0.7968,0.918,dry,50.15,1.2095,-14.02,-0.3385,74.16,82.97,0.9509,1.5646,44832.0,0.09248769189697091,1.1407039507052985,0.9,62.03835345587492,46.61499079582565,2077.1428706377924,167.14148002322779,0.7241,-0.16,0.38,0.06,0.426,weakened
2024-12-10,4122.193893602826,4185.198089234919,4109.108928030726,4128.154296875,2087828,yfinance:TCS.NS,2026-08-05T14:32:45.912639,0.1446,-0.7056,3.0167,1.8345,2609189.0,2273252.0,0.8002,0.9184,dry,76.09,1.8432,-24.21,-0.584,78.29,80.55,0.9338,1.5643,45199.75,0.09133135242728112,-0.3994694297867344,0.35,31.344564736930224,41.605488981872675,630.6132751340652,-59.8322711902326,0.6667,-0.2,0.4,0.12,0.432,weakened
2024-12-11,4127.502045111503,4143.148158287083,4104.358476029229,4123.404296875,1635256,yfinance:TCS.NS,2026-08-05T14:32:45.912639,-0.0993,-0.406,1.6776,2.1904,2275711.0,2284690.0,0.7186,0.7157,dry,38.79,0.9407,-0.65,-0.0158,67.81,78.77,0.9007,1.5639,45350.3515625,0.09092331492055343,-0.8762118349208624,0.2,61.571650946320304,45.44676907600515,-990.784254860191,-563.2726127921707,1.1304,0.0612,0.42,0.12,0.4922,mixed
2024-12-12,4125.825703197917,4177.002312539005,4122.054010099808,4149.01611328125,1914642,yfinance:TCS.NS,2026-08-05T14:32:45.912639,0.5621,0.0629,-0.2038,4.9483,1909290.0,2301040.0,1.0028,0.8321,normal,54.95,1.3244,2.42,0.0587,53.73,69.32,0.595,1.56,45701.6484375,0.09078482407380341,-0.9717705673946755,0.2,49.68813973762095,48.037935097711035,426.2121311410065,-687.6683075608642,0.5152,-0.32,0.44,-0.02,0.41,weakened
2024-12-13,4130.389630221359,4186.222421425734,4092.624040484277,4166.66455078125,1967048,yfinance:TCS.NS,2026-08-05T14:32:45.912639,0.8782,0.9329,0.6389,4.7543,1934283.0,2344452.0,1.0169,0.839,normal,93.6,2.2464,-18.63,-0.4489,62.72,70.45,0.556,1.5647,45995.80078125,0.09058793368110625,-1.1468814393826918,0.2,47.22629510503686,50.37380079635665,-369.31657031587457,730.5258336373573,4.5556,0.64,0.44,0.02,0.606,strengthened
2024-12-16,4152.787550664486,4167.6887843067,4095.045270300907,4111.99560546875,1646224,yfinance:TCS.NS,2026-08-05T14:32:45.912639,-0.9823,-0.2767,-0.8299,3.2397,1850200.0,2335492.0,0.8898,0.7049,dry,72.64,1.7666,-13.88,-0.333,67.21,71.88,0.7088,1.4965,45653.6015625,0.09006946800986573,-1.6163632184052483,0.05,47.69892238060121,47.50591458130191,256.8721612262601,-390.63889486267857,0.4286,-0.4,0.44,0.14,0.41,weakened
2024-12-17,4107.152673369455,4128.52681305927,4021.470576782156,4031.24951171875,3225027,yfinance:TCS.NS,2026-08-05T14:32:45.912639,-1.8481,-2.8384,-2.3474,0.5985,2077639.0,2331046.0,1.5523,1.3835,spike,107.06,2.6557,-4.84,-0.1178,73.41,75.98,0.9743,1.545,45413.75,0.08876715778192178,-2.54547508760587,0.05,56.82641505613218,52.6022846451423,-623.4988716333305,1168.6369352555591,0.0204,-0.96,0.34,-0.08,0.236,deteriorated
2024-12-18,4015.60360927398,4062.449184824082,3995.021187516033,4049.27099609375,1575404,yfinance:TCS.NS,2026-08-05T14:32:45.912639,0.8384,-2.8174,-1.7979,-0.1504,2065669.0,2321005.0,0.7627,0.6788,dry,67.43,1.6652,-15.65,-0.3881,79.13,73.68,0.9648,1.5479,45526.8515625,0.08894247805681983,-2.102471773009327,0.1,48.913821189296314,50.070718693737504,506.6358525786898,-1163.7927247404239,0.5625,-0.28,0.36,-0.12,0.376,weakened
2024-12-19,3987.942872155441,4064.311698759071,3969.316329081385,3978.536376953125,3015763,yfinance:TCS.NS,2026-08-05T14:32:45.912639,-0.2359,-3.2456,-4.1089,-4.3044,2285893.0,2352575.0,1.3193,1.2819,elevated,95.0,2.3877,-61.33,-1.5145,87.14,73.61,0.8503,1.5474,44954.19921875,0.08850199638955447,-2.1237327066574205,0.05,49.20241409169502,49.97357356455232,-1633.8737352874384,240.74061567406181,0.3889,-0.44,0.32,-0.3,0.31,weakened
2024-12-20,4031.715380245397,4081.075721006082,3867.3361322404735,3883.91357421875,4116989,yfinance:TCS.NS,2026-08-05T14:32:45.912639,-3.666,-3.6548,-6.786,-6.1905,2715881.0,2403597.0,1.5159,1.7128,spike,213.74,5.5032,53.18,1.3366,111.17,85.01,1.4299,1.5849,43771.05078125,0.08873247283070672,-1.6926885665611289,0.1,45.09110230228915,49.54653500400278,-2692.24040536514,-465.6127837545741,0.1111,-0.8,0.18,-0.38,0.174,deteriorated
2024-12-23,3911.620211179341,3927.4063874513017,3832.31779942793,3872.7373046875,2195338,yfinance:TCS.NS,2026-08-05T14:32:45.912639,-0.994,-4.3596,-5.8185,-6.6002,2825704.0,2310756.0,0.7769,0.9501,dry,95.09,2.4553,27.71,0.7134,115.66,87.84,1.405,1.5932,43828.3515625,0.08836146390687107,-1.6984066640042024,0.05,34.318652858747,46.87048109963193,-377.94626699179287,-667.9512113226018,3.1667,0.52,0.26,-0.22,0.486,mixed
2024-12-24,3872.7376155550937,3928.338029883583,3872.7376155550937,3892.48193359375,1181886,yfinance:TCS.NS,2026-08-05T14:32:45.912639,0.5098,-2.163,-3.4423,-5.7089,2417076.0,2266817.0,0.489,0.5214,dry,55.6,1.4284,0.0,0.0,105.37,85.3,1.4293,1.5959,43668.8984375,0.08913625195205613,-1.0658511298113336,0.3,37.214516623154296,42.948101413036355,-1705.9055368464785,655.9041350424544,0.7241,-0.16,0.2,-0.14,0.334,weakened
2024-12-26,3892.4818540644487,3911.5276763317006,3858.628020945553,3882.796142578125,1208464,yfinance:TCS.NS,2026-08-05T14:32:45.912639,-0.2488,-0.0288,-4.1112,-5.8352,2343688.0,2249290.0,0.5156,0.5373,dry,52.9,1.3624,-0.0,-0.0,102.46,80.12,1.4254,1.5631,43664.25,0.08892391699337845,-1.0887601751554314,0.25,49.366923505023536,43.038721876181796,438.8959830296435,-619.7029329973658,1.5,0.2,0.28,-0.08,0.444,weakened
2024-12-27,3877.115088515739,3893.832593461187,3862.446685286308,3878.838134765625,858100,yfinance:TCS.NS,2026-08-05T14:32:45.912639,0.0444,0.1575,-2.5059,-6.5119,1912155.0,2164268.0,0.4488,0.3965,dry,31.39,0.8092,-5.68,-0.1463,89.74,78.89,1.3907,1.5617,43721.3984375,0.08871715620694172,-1.101996374186908,0.15,46.528133309178564,42.50386571967851,-308.45288515225485,859.2792482615134,1.2727,0.12,0.3,-0.02,0.442,weakened
2024-12-30,3865.938711530591,3910.9216276232846,3829.6169553875666,3873.202880859375,1527169,yfinance:TCS.NS,2026-08-05T14:32:45.912639,0.1879,-0.4953,-0.2758,-7.0431,1394191.0,2139755.0,1.0954,0.7137,normal,81.3,2.0992,-12.9,-0.3326,63.26,81.11,1.3265,1.5579,43971.44921875,0.08808449459081714,-1.3473564566075933,0.05,43.681922557525105,42.2220297707257,-527.3069057149364,-1605.6070424357574,0.3158,-0.52,0.3,-0.24,0.292,deteriorated
2024-12-31,3851.037693933587,3855.6479451405457,3755.1576110916258,3813.598388671875,1555429,yfinance:TCS.NS,2026-08-05T14:32:45.912639,-0.9722,-1.7822,-1.5271,-7.2567,1266210.0,2133979.0,1.2284,0.7289,elevated,100.49,2.6351,-22.17,-0.5723,67.85,84.11,1.3262,1.5663,43337.80078125,0.08799704461057516,-1.256012075347263,0.05,41.7735621967815,43.7130116383326,1718.362069926177,104.05322130120757,1.0833,0.04,0.26,-0.22,0.39,weakened
2025-01-01,3813.2258927424177,3850.1065398065944,3804.8905600046846,3830.03662109375,763161,yfinance:TCS.NS,2026-08-05T14:32:45.912639,0.4409,-1.2581,-1.6043,-4.9913,1182465.0,2071592.0,0.6454,0.3684,dry,45.22,1.1806,-0.37,-0.0098,65.77,84.57,1.2913,1.3141,43373.1015625,0.08830442101482468,-0.9684601855777822,0.15,49.566762040781455,46.183460721858026,561.0254163453791,-269.61364889186365,2.3333,0.4,0.36,-0.06,0.518,mixed
2025-01-02,3837.067770385559,3895.741379495824,3815.6008619680624,3888.9892578125,1720835,yfinance:TCS.NS,2026-08-05T14:32:45.912639,1.3532,0.4076,0.1595,-3.9583,1284939.0,1992502.0,1.3392,0.8637,elevated,80.14,2.0607,7.03,0.1836,71.22,86.37,1.3553,1.3322,44351.75,0.08768513661383147,-1.222102131071614,0.05,40.17301777907974,44.34467957666927,2776.9776790311553,461.80922141354165,24.0,0.92,0.48,0.16,0.692,strengthened
2025-01-03,3892.9011567771527,3892.9011567771527,3811.270194517517,3818.34814453125,1791953,yfinance:TCS.NS,2026-08-05T14:32:45.912639,-1.9151,0.1245,-1.5595,-4.0263,1471709.0,1894762.0,1.2176,0.9457,elevated,81.63,2.1379,3.91,0.1006,81.27,85.51,1.4398,1.3785,43726.55078125,0.08732333276487389,-1.3517954831943089,0.05,51.26602204571577,45.29225732397671,1787.3212424728583,-1363.218537035904,0.6667,-0.2,0.44,0.18,0.454,mixed
2025-01-06,3823.563358248198,3864.6813582169702,3787.148378172113,3813.784423828125,2085593,yfinance:TCS.NS,2026-08-05T14:32:45.912639,-0.2558,-0.4243,-1.5341,-1.8056,1583394.0,1906937.0,1.3172,1.0937,elevated,77.53,2.033,5.22,0.1366,80.51,85.86,0.9255,1.1249,43674.8515625,0.08732220688536256,-1.2872148283218505,0.05,51.780779859304346,46.91202878433256,-389.5820679190702,992.6773180378026,0.087,-0.84,0.32,-0.14,0.246,deteriorated
2025-01-07,3832.364918883061,3856.0205380436832,3736.065553110543,3751.665283203125,2669054,yfinance:TCS.NS,2026-08-05T14:32:45.912639,-2.1057,-3.5311,-1.624,-3.1263,1806119.0,1937058.0,1.4778,1.3779,elevated,119.95,3.1974,18.58,0.4872,80.9,86.78,1.0863,1.1677,43375.8515625,0.08649202604811973,-1.8054195116816099,0.05,50.048237874511,48.56696391987846,-530.1662802248374,492.72048184423613,2.125,0.36,0.32,-0.02,0.498,mixed
2025-01-08,3757.811858196047,3842.655853224678,3741.839688389106,3826.264404296875,2181277,yfinance:TCS.NS,2026-08-05T14:32:45.912639,1.8216,0.2073,-0.0985,-1.7012,2089742.0,1941731.0,1.0438,1.1234,normal,100.82,2.6348,6.15,0.1638,92.02,89.17,1.2598,1.2139,43634.25,0.08768947339067075,-0.8215698825273455,0.25,55.861527871564114,49.825917086035,334.3828114436167,-244.36457349265487,0.7857,-0.12,0.34,-0.22,0.39,weakened
2025-01-09,3819.372365749407,3853.5986360350184,3748.870951071417,3761.490478515625,2392472,yfinance:TCS.NS,2026-08-05T14:32:45.912639,-1.5155,-1.3712,-3.2785,-3.1242,2224070.0,1979591.0,1.0757,1.2086,normal,104.73,2.7842,-6.89,-0.1801,96.93,89.86,1.3308,1.2364,43126.44921875,0.08722003658210399,-1.1413076284006625,0.1,61.32379555570061,54.05607264135917,1171.553563249305,-554.5047270777394,0.4706,-0.36,0.32,-0.24,0.332,weakened
2025-01-10,3911.574039574632,4001.91277334576,3883.6342250062416,3972.715576171875,7894300,yfinance:TCS.NS,2026-08-05T14:32:45.912639,1.5631,5.8921,4.0428,2.4202,3444539.0,2278574.0,2.2918,3.4646,spike,118.28,2.9773,150.08,3.99,128.69,91.77,1.4543,1.2426,44609.5,0.08905537107952062,0.6756489881771626,0.85,56.11496052014505,55.025860336245024,-858.3794427218744,623.7671108518186,0.3889,-0.44,0.32,-0.34,0.306,weakened
2025-01-13,3953.483696782027,4026.0808290149944,3937.092248220012,3996.41796875,4003771,yfinance:TCS.NS,2026-08-05T14:32:45.912639,1.086,4.447,4.7888,3.1812,3828175.0,2380410.0,1.0459,1.682,normal,88.99,2.2267,-19.23,-0.4841,130.98,91.33,1.5037,1.2385,43999.1015625,0.09082953575934168,2.4074134971582697,1.0,43.00145137843457,53.26999464007107,306.5976222993099,374.74965180012674,0.087,-0.84,0.3,-0.52,0.2,deteriorated
2025-01-14,4006.569685669616,4017.6523885968354,3929.3159111555674,3942.3544921875,3441709,yfinance:TCS.NS,2026-08-05T14:32:45.912639,-1.6027,4.8083,5.0828,3.3762,3982706.0,2470185.0,0.8642,1.3933,dry,88.34,2.2407,10.15,0.254,124.66,93.67,1.5589,1.2675,43061.19921875,0.09155236184111874,2.6125186551400046,1.0,48.20872840168667,52.90209274550621,742.2573331869173,1394.7110398271552,2.125,0.36,0.26,-0.24,0.452,mixed
2025-01-15,3928.338036632813,3964.147748525192,3918.512716805181,3957.76806640625,1653474,yfinance:TCS.NS,2026-08-05T14:32:45.912639,0.7492,-0.3763,3.4369,3.335,3877145.0,2391607.0,0.4265,0.6914,dry,45.64,1.153,-14.02,-0.3555,113.62,93.15,1.574,1.2779,43401.25,0.0911901861445523,1.9570239928776778,0.95,52.14127216375299,52.15804160394398,1191.218850802641,746.6948679809525,1.0833,0.04,0.24,-0.06,0.398,weakened
2025-01-16,3967.453364106248,3999.118484852635,3903.9835145012657,3917.44091796875,2637705,yfinance:TCS.NS,2026-08-05T14:32:45.912639,-1.2606,-1.9762,4.146,0.7316,3926192.0,2444722.0,0.6718,1.0789,dry,95.13,2.4285,9.69,0.2447,111.7,97.71,1.5255,1.278,43188.8515625,0.09070491055544029,1.4362236571660547,0.85,42.19404949477227,48.33209239175831,487.2129861981349,42.8506735663214,1.7778,0.28,0.22,-0.02,0.442,weakened
2025-01-17,3945.5156582213353,3946.179768328342,3888.7499900580783,3911.750244140625,1761466,yfinance:TCS.NS,2026-08-05T14:32:45.912639,-0.8558,-0.7763,-1.5346,2.4461,2699625.0,2382007.0,0.6525,0.7395,dry,57.43,1.4681,28.07,0.7167,75.1,96.0,1.4385,1.2453,42032.19921875,0.09306556204167508,2.427919096909205,1.0,49.49413411581663,47.00792711089262,-435.9698186412605,-27.714166651020065,1.45,0.1837,0.22,-0.08,0.4167,weakened
2025-01-20,3932.142300220547,3932.142300220547,3858.446917151911,3867.64697265625,1287799,yfinance:TCS.NS,2026-08-05T14:32:45.912639,-1.6402,-2.2771,-3.2222,1.4123,2156431.0,2240548.0,0.5972,0.5748,dry,73.7,1.9054,20.39,0.5213,72.05,92.83,1.5055,1.27,42192.80078125,0.0916660402021709,1.4336694173601319,0.95,36.74671122521422,45.756979080248556,-9.587952456148585,1316.3132358453367,1.5,0.2,0.28,-0.08,0.444,weakened
2025-01-21,3884.245030505511,3899.135870393051,3822.3102791739225,3827.85888671875,1971591,yfinance:TCS.NS,2026-08-05T14:32:45.912639,-1.4517,-2.2867,-2.9042,2.0309,1862407.0,2229360.0,1.0586,0.8844,normal,76.83,2.007,16.6,0.4292,69.74,95.09,1.4346,1.2769,41697.94921875,0.09179969179389537,1.3455001183824173,0.95,40.61413403111277,44.238060206133774,521.4442712943701,-851.8787253577734,0.1905,-0.68,0.28,-0.12,0.264,deteriorated
2025-01-22,3841.2798581228535,3948.598485486215,3835.77871966863,3942.38623046875,2409223,yfinance:TCS.NS,2026-08-05T14:32:45.912639,2.6321,0.7832,-0.3886,3.0349,2013557.0,2290727.0,1.1965,1.0517,elevated,112.82,2.8617,13.42,0.3506,84.77,97.99,1.5836,1.3882,42590.69921875,0.09256448714824493,1.5439803807435797,0.95,37.18652315506933,41.24711040439704,433.51936921649144,1196.250465371729,1.1739,0.08,0.26,-0.12,0.408,weakened
2025-01-23,3953.19847178088,3975.3452017162494,3926.6887142484056,3931.810791015625,1822998,yfinance:TCS.NS,2026-08-05T14:32:45.912639,-0.541,1.659,0.3668,4.528,1850615.0,2321454.0,0.9851,0.7853,normal,48.66,1.2375,10.81,0.2743,75.47,95.64,1.5245,1.3883,43351.75,0.09069554956871695,0.5814489480467661,0.6,40.19301397618134,40.846903300678854,1214.952288747201,626.5472418688429,1.8824,0.3061,0.3,-0.02,0.4792,mixed
2025-01-24,3892.49689011529,3962.683237549143,3892.49689011529,3938.355224609375,1910099,yfinance:TCS.NS,2026-08-05T14:32:45.912639,1.1781,2.8866,0.6801,-0.8649,1880342.0,2374054.0,1.0158,0.8046,normal,70.19,1.7821,-39.31,-0.9999,78.02,95.11,1.4812,1.4062,43524.1015625,0.09048676671599877,0.43655138683588385,0.55,56.42913437286272,42.23390335208808,-1165.3432418230161,-1327.8460527913853,0.5806,-0.2653,0.26,-0.08,0.3429,weakened
2025-01-27,3890.59942943467,3942.1485418020825,3832.790593439213,3855.6484375,1551782,yfinance:TCS.NS,2026-08-05T14:32:45.912639,-0.8983,-2.2001,-0.3102,-3.5224,1933139.0,2375285.0,0.8027,0.6533,dry,109.36,2.8363,-47.76,-1.2126,85.15,94.35,1.426,1.3925,42060.69921875,0.09166867192215417,0.9146361778944406,0.85,51.946543207047114,45.27386974845466,-60.512620797651806,-450.1058944137247,0.1364,-0.76,0.18,-0.22,0.198,deteriorated
2025-01-28,3861.007745197988,3890.599779117484,3820.69802052405,3832.07958984375,2468272,yfinance:TCS.NS,2026-08-05T14:32:45.912639,-0.7492,-2.5365,0.1103,-2.7972,2032475.0,2420927.0,1.2144,1.0196,elevated,69.9,1.8241,5.36,0.139,83.77,92.15,1.3684,1.3895,41820.6484375,0.09163128103024766,0.8108489751034011,0.75,49.47868898955899,47.0467807401439,-1127.4909827312888,-132.71797076304276,1.0,0.0,0.18,-0.14,0.358,weakened
2025-01-29,3845.073710249286,3896.148597963248,3845.073710249286,3888.51318359375,1217089,yfinance:TCS.NS,2026-08-05T14:32:45.912639,1.1297,-1.2656,-1.3665,-1.7498,1794048.0,2443623.0,0.6784,0.4981,dry,51.07,1.3135,12.99,0.3391,72.43,89.24,1.4051,1.3848,42914.5,0.09061070695438023,0.26805591614190527,0.45,41.13313775855029,47.836103660840095,237.3076558546499,-285.8152909347121,4.5556,0.64,0.22,0.02,0.518,mixed
2025-01-30,3888.6078230102007,3917.061745659292,3849.3415023779007,3888.75,1531251,yfinance:TCS.NS,2026-08-05T14:32:45.912639,0.0037,0.8585,-1.0952,-0.7324,1735699.0,2434144.0,0.8822,0.6291,dry,67.72,1.7414,0.09,0.0024,76.25,76.91,1.3598,1.3705,42426.6484375,0.09165819463040163,0.7006378555591211,0.75,53.60247903527193,50.51799667265821,-1252.6406739111428,-402.700596056747,2.5714,0.44,0.32,0.02,0.518,mixed
2025-01-31,3898.187645857167,3915.6869946237944,3874.713158208757,3900.4638671875,1492943,yfinance:TCS.NS,2026-08-05T14:32:45.912639,0.0584,1.7845,-0.9621,-0.2885,1652267.0,2419193.0,0.9036,0.6171,normal,40.97,1.0505,9.44,0.2427,70.4,73.48,1.3353,1.3719,42662.75,0.09142551446373007,0.5091975527822995,0.6,43.39489739009781,47.91114927610523,-627.6017374999237,3106.239822680106,5.25,0.68,0.46,0.16,0.636,strengthened
2025-02-01,3901.032960408717,3922.7526963272944,3846.970505085766,3863.236572265625,437172,yfinance:TCS.NS,2026-08-05T14:32:45.912639,-0.9689,-0.65,0.1968,-0.114,1429345.0,2336772.0,0.3059,0.1871,dry,75.78,1.9616,0.57,0.0146,63.69,72.58,1.2599,1.2214,42662.75,0.09055291963752043,-0.043325179400601925,0.3,48.97607851716289,47.31705633812838,2492.19364581099,353.2546706201377,0.7241,-0.16,0.42,0.24,0.46,mixed
2025-02-03,3823.163501052961,3866.887784717726,3792.6230061167257,3858.968017578125,1265713,yfinance:TCS.NS,2026-08-05T14:32:45.912639,0.9365,-0.7658,0.7017,0.8127,1188834.0,2266605.0,1.0647,0.5584,normal,74.26,1.9245,-40.07,-1.0373,64.56,74.62,1.169,1.2275,42314.25,0.09119783566004655,0.23318324273122876,0.55,47.2315208022028,46.86762270065715,1152.7052435093046,618.4588856874144,0.4706,-0.36,0.34,-0.02,0.362,weakened
2025-02-04,3873.242905885086,3906.5815588564824,3856.50260668096,3895.389404296875,2547132,yfinance:TCS.NS,2026-08-05T14:32:45.912639,0.5718,-0.1301,0.1768,-1.1921,1454842.0,2284898.0,1.7508,1.1148,spike,50.08,1.2856,14.27,0.3699,61.76,71.41,0.8445,1.2286,42860.19921875,0.0908859378934656,-0.11190904764948827,0.45,57.194186610285406,50.07983247100417,-629.62773861004,-62.77722115588307,4.0,0.6,0.46,0.18,0.622,strengthened
2025-02-05,3936.1259160718655,3936.1259160718655,3865.939574435886,3880.261474609375,1693912,yfinance:TCS.NS,2026-08-05T14:32:45.912639,-1.4193,0.4407,-0.2183,-1.3111,1487374.0,2249970.0,1.1389,0.7529,elevated,70.19,1.8088,40.74,1.0458,62.26,72.32,0.954,1.2516,42888.30078125,0.09047365840862961,-0.8342699625808949,0.1,42.3745885989929,47.83425438374836,1360.4663708722946,86.93664165409855,0.8519,-0.08,0.42,0.14,0.466,mixed
2025-02-06,3893.824170580454,3926.166886912974,3842.7495210483457,3872.341552734375,2284536,yfinance:TCS.NS,2026-08-05T14:32:45.912639,-0.5517,0.3466,-0.721,-1.6762,1645693.0,1969482.0,1.3882,1.16,elevated,83.42,2.1542,13.56,0.3495,70.75,73.01,0.8662,1.2532,43020.94921875,0.0900106023473484,-1.6342244677137352,0.05,47.72009207602431,48.69929332093366,-111.5251054922687,732.3512287004601,0.5625,-0.28,0.46,0.04,0.432,weakened
2025-02-07,3879.218228908592,3879.218228908592,3801.444171507491,3821.7412109375,1548940,yfinance:TCS.NS,2026-08-05T14:32:45.912639,-1.4817,-1.8907,-1.0741,-0.8794,1868047.0,1846740.0,0.8292,0.8387,dry,77.77,2.035,6.88,0.1776,71.14,73.08,0.9362,1.2739,42921.6484375,0.08903994487775782,-2.3580399077511762,0.05,62.16640508508408,51.3373586345179,-339.39102282004734,1243.5597943647128,1.381,0.16,0.42,0.1,0.51,mixed
2025-02-10,3831.7949614241543,3843.176530616503,3807.466949898955,3828.902099609375,1339511,yfinance:TCS.NS,2026-08-05T14:32:45.912639,-0.0755,-1.3236,-0.7791,-0.0829,1882806.0,1741630.0,0.7114,0.7691,dry,35.71,0.9326,10.05,0.2631,63.43,67.01,0.9201,1.2661,42596.55078125,0.08988760895858187,-1.262719543351555,0.1,53.662015483643806,52.6234575708061,1438.2624131362388,316.33226771899035,0.2564,-0.5918,0.36,-0.02,0.3236,weakened
2025-02-11,3811.308028813468,3831.7949459001434,3751.175497780958,3759.284912109375,1810908,yfinance:TCS.NS,2026-08-05T14:32:45.912639,-1.365,-2.9196,-3.494,-3.3233,1735561.0,1749502.0,1.0434,1.0351,normal,80.62,2.1445,-17.59,-0.4595,69.54,69.29,0.862,1.2779,41968.30078125,0.08957438929214152,-1.425899679203892,0.1,43.50026579284586,49.884673407318196,-1085.5738604138573,-1049.0840432819932,0.1111,-0.8,0.24,-0.16,0.22,deteriorated
2025-02-12,3766.445702517351,3814.485314293477,3737.090554759772,3746.5751953125,1678002,yfinance:TCS.NS,2026-08-05T14:32:45.912639,-0.5276,-1.9668,-3.4453,-3.6561,1732379.0,1701517.0,0.9686,0.9862,normal,77.39,2.0657,7.16,0.1905,70.98,69.8,0.8486,1.242,41733.0,0.08977488307364676,-1.135069575752662,0.15,53.059261912444164,52.02160807000844,-580.434179513625,889.2740528080317,1.1739,0.08,0.28,-0.26,0.402,weakened
2025-02-13,3763.505458238132,3779.10764599597,3701.143945163747,3708.63671875,2277310,yfinance:TCS.NS,2026-08-05T14:32:45.912639,-1.4579,-3.141,-4.2275,-4.9181,1730934.0,1727309.0,1.3157,1.3184,elevated,77.96,2.1022,16.93,0.4519,69.89,67.56,0.8763,1.2244,41315.55078125,0.0897637003167599,-1.0923225610392682,0.15,55.780435597013835,53.63367677420634,-266.172126385244,1037.359813768168,1.0833,0.04,0.32,0.02,0.438,weakened
2025-02-14,3722.7215010647665,3744.536174828968,3699.009899147157,3732.06396484375,1681975,yfinance:TCS.NS,2026-08-05T14:32:45.912639,0.251,-0.7241,-2.3465,-3.3954,1757541.0,1747018.0,0.957,0.9628,normal,45.53,1.2199,14.08,0.3798,63.44,65.82,0.9088,1.2285,41311.1484375,0.0903403586199019,-0.40231038399656005,0.35,52.97447969773757,51.795291696737046,296.940343318409,-511.89807420221564,0.2821,-0.56,0.24,-0.2,0.264,deteriorated
2025-02-17,3657.7517993998817,3731.257767104663,3657.467213858333,3703.278076171875,1799806,yfinance:TCS.NS,2026-08-05T14:32:45.912639,1.2447,-1.1556,-3.2809,-4.0345,1849600.0,1738429.0,0.9731,1.0353,normal,73.79,1.9926,-74.31,-1.9912,71.22,66.57,0.9667,1.2092,41073.19921875,0.09016288350095994,-0.5269453736289431,0.35,46.01985091558796,50.26685878312587,-118.28531361553452,1793.6261482249924,2.3333,0.4,0.32,-0.28,0.48,mixed
2025-02-18,3697.4925589213967,3722.152626882654,3665.3397167799785,3673.59130859375,2149879,yfinance:TCS.NS,2026-08-05T14:32:45.912639,-0.6464,-0.945,-2.2795,-5.6939,1917394.0,1725462.0,1.1213,1.246,elevated,56.81,1.5465,-5.79,-0.1562,66.46,65.79,0.8933,1.1516,41464.3515625,0.0885963766503493,-2.138487312487848,0.05,47.40453256719963,51.04771213799663,1119.5436457578191,1262.8691870839173,0.9231,-0.04,0.28,-0.06,0.398,weakened
2025-02-19,3672.642803918543,3675.251080308744,3573.955063643061,3589.083251953125,4366672,yfinance:TCS.NS,2026-08-05T14:32:45.912639,-2.2752,-3.8311,-4.2036,-7.5041,2455128.0,1852645.0,1.7786,2.357,spike,101.3,2.8223,-0.95,-0.0258,71.24,70.1,1.0132,1.1881,40924.25,0.08770064819643915,-2.4620164682421457,0.05,52.96537678040542,51.028935111588886,-361.17734271976695,-74.73856489613154,1.1304,0.0612,0.32,-0.1,0.4302,weakened
2025-02-20,3567.6478288188787,3592.782128290818,3557.9735409942346,3584.625244140625,2888572,yfinance:TCS.NS,2026-08-05T14:32:45.912639,0.4759,-3.204,-3.3439,-7.43,2577381.0,1901569.0,1.1207,1.519,elevated,34.81,0.9711,-21.44,-0.5972,62.61,67.17,1.0786,1.1458,40865.94921875,0.08771667641812507,-2.0340076552989563,0.1,49.421608007466034,49.75716959367933,-210.11200920817208,-234.4607700252603,1.1739,0.08,0.34,-0.1,0.442,weakened
2025-02-21,3581.4955514917533,3620.287642408916,3580.4521483085296,3590.88525390625,1833931,yfinance:TCS.NS,2026-08-05T14:32:45.912639,0.2622,-2.2514,-3.7829,-6.0406,2607772.0,1915676.0,0.7033,0.9573,dry,39.84,1.1094,-3.13,-0.0873,61.47,64.72,1.0584,1.1206,40544.55078125,0.08856640867178803,-1.196911337176356,0.15,37.31724513031919,46.62572268019564,268.125708235849,-45.15222638693523,0.4286,-0.4,0.34,-0.02,0.354,weakened
2025-02-24,3550.2431219830423,3569.2598725285934,3480.863069234682,3486.174560546875,2508516,yfinance:TCS.NS,2026-08-05T14:32:45.912639,-1.8046,-2.8673,-5.8625,-8.9511,2749514.0,1917688.0,0.9123,1.3081,normal,88.4,2.5356,-40.64,-1.1318,68.56,69.0,1.1359,1.129,39446.6015625,0.08837705714707283,-1.2358716679830617,0.15,52.478323583448315,47.91741721376772,-1067.4959941594357,-1827.1084338261232,0.3158,-0.52,0.26,-0.34,0.266,deteriorated
2025-02-25,3438.1822449152423,3469.4815591448155,3434.6255046618817,3442.497802734375,4101954,yfinance:TCS.NS,2026-08-05T14:32:45.912639,0.1255,-3.9649,-6.2907,-8.4268,3139929.0,2061932.0,1.3064,1.9894,elevated,34.86,1.0125,-47.99,-1.3766,67.5,67.67,1.1197,1.1137,39131.30078125,0.08797299691054146,-1.4052153014837307,0.15,56.64624580443697,49.76575986121519,291.5712442891479,293.898509723626,0.6667,-0.2,0.28,-0.18,0.354,weakened
2025-02-27,3425.567980413952,3450.512634279707,3415.134874592875,3426.374267578125,3823856,yfinance:TCS.NS,2026-08-05T14:32:45.912639,0.0235,-4.5813,-4.5334,-8.5465,3031366.0,2176562.0,1.2614,1.7568,elevated,35.38,1.0325,-16.93,-0.4918,54.32,64.23,1.1282,1.103,38946.6484375,0.08797610076966267,-1.290023953959321,0.2,51.6734406338275,49.5073726318996,-685.6978941958283,-548.8156223648175,0.5625,-0.28,0.26,-0.2,0.328,weakened
2025-02-28,3400.196049414815,3414.470479257877,3278.840124109578,3303.7373046875,7085018,yfinance:TCS.NS,2026-08-05T14:32:45.912639,-2.8369,-5.2332,-7.8359,-10.9177,3870655.0,2456166.0,1.8304,2.8846,spike,135.63,4.1054,-26.18,-0.764,76.86,69.22,1.3391,1.1914,37318.30078125,0.0885286102401375,-0.7458627516854744,0.3,47.438674308330825,49.110785892072556,-1445.607964622266,282.7780245763554,0.1111,-0.8,0.16,-0.62,0.142,deteriorated
2025-03-03,3305.397532195103,3341.6762855972443,3297.0035319217445,3313.03271484375,4990439,yfinance:TCS.NS,2026-08-05T14:32:45.912639,0.231,-3.7608,-7.7377,-11.2279,4501957.0,2683829.0,1.1085,1.8594,elevated,44.67,1.3484,1.66,0.0503,77.83,69.86,1.3379,1.1728,37614.44921875,0.08807872462990296,-1.042775611698294,0.25,49.66150149730489,51.579637165469705,128.50588225470267,34.36403452953978,1.7778,0.28,0.14,-0.42,0.37,weakened
2025-03-04,3294.964077068546,3367.995808195281,3285.764022186379,3350.0224609375,2797737,yfinance:TCS.NS,2026-08-05T14:32:45.912639,1.671,-2.2284,-3.9055,-9.539,4559801.0,2760430.0,0.6136,1.0135,dry,82.23,2.4547,-18.07,-0.5454,72.27,69.97,1.4054,1.2079,37276.94921875,0.08986847183439749,0.691740579896187,0.7,50.17263069756299,51.11849858829264,-186.21990548929043,-614.2308516761374,0.8519,-0.08,0.16,-0.36,0.312,weakened
2025-03-05,3339.400041837824,3414.8029405590255,3339.400041837824,3364.249755859375,2501894,yfinance:TCS.NS,2026-08-05T14:32:45.912639,0.7441,1.8316,-2.273,-8.4207,4239789.0,2758168.0,0.5901,0.9071,dry,75.4,2.2413,-10.62,-0.3171,77.04,69.83,1.4548,1.098,38072.30078125,0.08836476091080406,-0.7120881675982856,0.3,37.78601139343752,47.34645170609274,1544.9502719441991,1328.9724179782324,7.3333,0.76,0.18,-0.04,0.52,mixed
2025-03-06,3373.6869322947687,3423.4338299242468,3353.8641244726305,3415.988525390625,2786513,yfinance:TCS.NS,2026-08-05T14:32:45.912639,1.2539,3.1076,-0.3031,-4.8228,4032320.0,2812798.0,0.691,0.9907,dry,69.57,2.0366,9.44,0.2805,83.88,69.23,1.3575,1.1322,38145.30078125,0.08955201441404613,0.6257281489348998,0.6,39.3515476767339,44.88207311467402,-881.258571215189,-1196.3426374430671,6.1429,0.72,0.32,0.08,0.58,strengthened
2025-03-07,3414.4707542689284,3438.1823567291294,3390.1899807262357,3425.093505859375,2051315,yfinance:TCS.NS,2026-08-05T14:32:45.912639,0.3111,2.2409,3.6733,-4.4504,3025580.0,2801137.0,0.678,0.7323,dry,47.99,1.4012,-1.52,-0.0444,63.97,69.41,1.3523,1.1058,37820.44921875,0.09056194668786056,1.649697199251195,1.0,56.42522282666323,46.6793828183405,136.92120329493085,726.4133923604169,0.8519,-0.08,0.36,0.08,0.436,weakened
2025-03-10,3420.635765390215,3435.4318979249574,3397.9675660982793,3404.654052734375,1004626,yfinance:TCS.NS,2026-08-05T14:32:45.912639,-0.4672,1.201,2.7655,-5.1862,2228417.0,2773922.0,0.4508,0.3622,dry,37.46,1.1004,-4.46,-0.1301,62.53,66.76,1.3561,1.1,37644.3984375,0.09044251453206331,1.369630822623676,0.95,48.22654700904368,46.39239192068827,287.257980752205,-242.290574812681,0.3514,-0.48,0.32,0.14,0.346,weakened
2025-03-11,3374.6352261327497,3403.8004968476407,3355.3338893126197,3391.043701171875,1995450,yfinance:TCS.NS,2026-08-05T14:32:45.912639,0.4862,-0.7302,1.2245,-2.7288,2067960.0,2806719.0,0.9649,0.711,normal,48.47,1.4293,-30.02,-0.8817,55.95,66.22,1.2179,1.1035,37400.1015625,0.0906693714589261,1.4881386993454795,1.0,48.23804911596594,46.005475604368854,-1129.4456177962388,274.5724463186824,1.5,0.2,0.38,-0.12,0.48,mixed
2025-03-12,3381.2746199098347,3385.305592458114,3307.15224085139,3325.5048828125,3174167,yfinance:TCS.NS,2026-08-05T14:32:45.912639,-1.6494,-2.9076,-1.1517,-3.3985,2202414.0,2874882.0,1.4412,1.1041,elevated,78.15,2.3501,-9.77,-0.2881,57.65,64.98,1.3452,1.1044,36310.6484375,0.09158483877082373,2.0140578154145468,1.0,55.50627044780798,49.54952741524295,956.3768879274201,265.7998517688075,0.6129,-0.24,0.34,-0.06,0.382,weakened
2025-03-13,3321.805919454559,3342.672130004524,3304.5439188567675,3330.10498046875,1693004,yfinance:TCS.NS,2026-08-05T14:32:45.912639,0.2498,-2.1896,-2.5142,-2.8097,1983712.0,2875632.0,0.8535,0.5887,dry,38.13,1.145,-3.7,-0.1112,51.36,65.21,1.348,1.1076,36122.5,0.09218921670617344,2.1174798377127684,1.0,43.87164217426101,50.45354631474837,1024.2892015046334,-294.8093063095638,0.4286,-0.4,0.34,0.04,0.36,weakened
2025-03-17,3309.1912796488264,3348.505070694925,3298.141765391246,3317.44287109375,2690906,yfinance:TCS.NS,2026-08-05T14:32:45.912639,0.2494,-2.1704,-3.143,0.4149,2111631.0,2896312.0,1.2743,0.9291,elevated,50.36,1.5181,-20.91,-0.628,51.83,65.97,0.908,1.1102,36137.19921875,0.0918013277955552,1.6234353575915517,0.95,45.52662301225089,48.2738263518659,887.592786751324,-31.797661894458074,1.7778,0.28,0.36,-0.04,0.496,mixed
2025-03-18,3317.44287109375,3317.44287109375,3317.44287109375,3317.44287109375,0,yfinance:TCS.NS,2026-08-05T14:32:45.912639,0.0,-0.2424,-2.5615,0.1331,1910705.0,2812213.0,0.0,0.0,dry,0.0,0.0,0.0,0.0,44.34,58.11,0.9131,1.1036,36619.3515625,0.09059261645940703,0.774338112984039,0.8,49.7770701730697,48.583930984671106,1116.7469515279245,-766.4484062124434,1.0,1.0,0.36,0.0,0.644,strengthened
2025-03-19,3364.2022912119846,3364.2022912119846,3284.294187734508,3316.8740234375,3051244,yfinance:TCS.NS,2026-08-05T14:32:45.912639,-1.4068,-0.3973,-2.1872,-0.9895,2121864.0,2874785.0,1.438,1.0614,elevated,79.91,2.4091,46.76,1.4095,50.46,60.13,0.9126,1.0997,36223.5,0.09156691163022623,1.3332995959282896,0.85,44.17001102669218,47.770323366816356,1319.7161016785874,74.94126703492728,6.1429,0.72,0.56,0.36,0.704,strongly_participatory
2025-03-20,3331.0059291540974,3394.505554527131,3331.0059291540974,3379.519775390625,2845192,yfinance:TCS.NS,2026-08-05T14:32:45.912639,1.4564,1.8712,1.6243,0.4539,2056069.0,2909550.0,1.3838,0.9779,elevated,63.5,1.879,14.13,0.4261,49.21,63.15,1.0025,1.1359,36676.6484375,0.09214363687427989,1.507531153048273,0.95,58.04604900458817,48.27827907817239,1463.5448363305384,-159.7114875554106,11.5,0.84,0.6,0.52,0.76,strongly_participatory
2025-03-21,3295.912959410607,3429.8835221492395,3286.428317800792,3393.69970703125,4161925,yfinance:TCS.NS,2026-08-05T14:32:45.912639,2.9669,2.2987,1.9097,-0.6525,2549853.0,2899313.0,1.6322,1.4355,spike,143.46,4.2271,-83.61,-2.4739,70.27,62.86,1.3257,1.2619,36702.80078125,0.09246432519572065,1.5223373688581512,1.0,40.843141582243966,47.67257895976898,-1256.1055975293318,-483.3777815696375,2.8462,0.48,0.66,0.56,0.716,strongly_participatory
2025-03-24,3414.470721860925,3461.6568103088644,3382.792113898217,3441.9287109375,1834751,yfinance:TCS.NS,2026-08-05T14:32:45.912639,0.8042,3.7703,3.7525,0.4915,2378622.0,2846622.0,0.7714,0.6445,dry,78.86,2.2913,20.77,0.612,75.97,65.3,1.3386,1.2713,37217.05078125,0.09248257555839294,1.3852967178265145,1.0,59.57582307482986,50.482418972284776,1173.3737109300644,245.55559873784202,5.25,0.68,0.68,0.52,0.76,strongly_participatory
2025-03-25,3457.1517113972473,3518.8018790902024,3450.5124625687754,3469.24462890625,3135390,yfinance:TCS.NS,2026-08-05T14:32:45.912639,0.3498,2.655,4.5759,1.8971,3005700.0,2911695.0,1.0431,1.0768,normal,68.29,1.9684,15.22,0.4423,91.35,64.92,1.3133,1.2467,37706.8984375,0.09200556854753243,0.9925835287599374,0.8,49.5724382120926,50.44149258008936,-442.481126749871,-325.7705205112605,0.6333,-0.2245,0.66,0.38,0.5571,strengthened
2025-03-26,3459.7601257453803,3490.822326860632,3438.9888533482517,3448.426025390625,1734499,yfinance:TCS.NS,2026-08-05T14:32:45.912639,-0.3276,1.6126,3.9661,1.6922,2742351.0,2872994.0,0.6325,0.6037,dry,51.83,1.5031,-9.48,-0.2734,85.73,63.24,1.3291,1.2478,37336.69921875,0.09236022727094394,1.0941723908522325,0.9,56.25475631574908,52.858441637900725,492.83256357177913,-578.8715655990333,0.2195,-0.64,0.64,0.16,0.444,weakened
2025-03-27,3428.5556939598323,3474.2241497420814,3424.4297823215356,3463.0322265625,2528474,yfinance:TCS.NS,2026-08-05T14:32:45.912639,1.0056,0.6131,2.4711,4.1355,2679008.0,2794320.0,0.9438,0.9049,normal,49.79,1.4379,-19.87,-0.5762,80.16,61.82,1.1574,1.2369,37548.30078125,0.09222873351147194,0.9294878378207303,0.85,36.11551701570423,48.47233524012395,-263.98126201591685,-21.251443863457098,2.5714,0.44,0.66,0.18,0.67,strengthened
2025-03-28,3462.8426654904715,3472.279837617975,3406.7883407304835,3420.303955078125,2051919,yfinance:TCS.NS,2026-08-05T14:32:45.912639,-1.2284,-1.4107,0.7839,2.7086,2257007.0,2705723.0,0.9091,0.7584,normal,65.49,1.9148,-0.19,-0.0055,64.57,63.07,1.2851,1.2542,36886.1484375,0.0927259716712765,1.1612381459819354,1.0,50.13640212695407,50.33098734906597,586.7336402032545,975.6140657207302,0.7857,-0.12,0.68,0.22,0.57,strengthened
2025-04-01,3388.577422151902,3399.2951120927096,3343.335733852344,3367.80615234375,2618493,yfinance:TCS.NS,2026-08-05T14:32:45.912639,-0.613,-2.3379,-2.1535,1.5181,2413755.0,2482397.0,1.0848,1.0548,normal,55.96,1.6616,-31.73,-0.9276,64.19,65.89,1.3237,1.2295,35980.6484375,0.09360048522176526,1.595870455085439,1.0,43.861692399197025,47.188161213939395,-104.40284592936968,-447.6682436850397,0.3889,-0.44,0.66,0.04,0.48,mixed
2025-04-02,3361.3570398330285,3380.421262394588,3348.126010889205,3361.3095703125,1764313,yfinance:TCS.NS,2026-08-05T14:32:45.912639,-0.0014,-2.9374,-3.1112,1.3223,2139540.0,2321091.0,0.8246,0.7601,dry,32.3,0.9608,-6.45,-0.1915,55.28,64.68,1.3238,1.2288,36283.5,0.09264016895593039,0.8925545736491837,0.9,59.27477952148464,49.1286294758178,970.818433376395,1581.031985057026,1.6316,0.24,0.66,0.08,0.62,strengthened
2025-04-03,3311.088041352429,3321.521146037298,3221.1261324235493,3227.765380859375,4537821,yfinance:TCS.NS,2026-08-05T14:32:45.912639,-2.5165,-5.6293,-6.3989,-2.6865,2700204.0,2408095.0,1.6805,1.8844,spike,100.4,3.1104,-50.22,-1.4941,72.95,68.7,1.5154,1.2901,34757.25,0.09286595978851535,0.9702748340107202,0.95,66.391184988954,51.15591521045879,-35.75096986827987,-409.9184009297149,0.96,-0.0204,0.72,0.08,0.5919,strengthened
2025-04-04,3189.305420015634,3224.445829064787,3125.663387385046,3129.3623046875,5317367,yfinance:TCS.NS,2026-08-05T14:32:45.912639,-1.8795,-7.0801,-9.6352,-7.4022,3257983.0,2548868.0,1.6321,2.0862,spike,98.78,3.1566,-38.46,-1.1915,83.41,73.27,1.5717,1.3271,33511.44921875,0.09338188522556015,1.4077405609334381,0.95,45.09729151648273,52.95227011061449,22.217074826158218,971.0613737893235,0.225,-0.6327,0.58,-0.12,0.3935,weakened
2025-04-07,2940.2386292720134,3121.7745604042666,2898.5536795332505,3105.31884765625,6623955,yfinance:TCS.NS,2026-08-05T14:32:45.912639,5.6145,-7.6158,-9.2093,-8.4975,4172390.0,2740741.0,1.5876,2.4168,spike,223.22,7.1883,-189.12,-6.0435,116.47,86.16,2.2364,1.6361,32668.80078125,0.09505457113193219,2.554717304797306,1.0,60.6365771658457,55.052305118392816,767.7535540962639,704.435180614701,0.0417,-0.92,0.4,-0.54,0.222,deteriorated
2025-04-08,3131.875989149625,3176.4063332063806,3087.535291604866,3123.244873046875,5557558,yfinance:TCS.NS,2026-08-05T14:32:45.912639,-0.2756,-3.2382,-7.2617,-9.2589,4760203.0,2916053.0,1.1675,1.9058,elevated,88.87,2.8455,26.56,0.8552,118.85,92.51,2.2258,1.6362,33244.3984375,0.09394800386954287,1.4250375517893867,0.95,43.81711978277385,55.04339059510819,273.55255089438106,-438.318778679252,49.0,0.96,0.54,0.1,0.718,strongly_participatory
2025-04-09,3092.5147195117684,3101.4776590955953,3046.5142098890965,3079.28369140625,2990265,yfinance:TCS.NS,2026-08-05T14:32:45.912639,-0.4278,-1.6003,-8.3904,-11.2405,5005393.0,3015335.0,0.5974,0.9917,dry,54.96,1.7849,-30.73,-0.9839,127.74,92.28,2.2263,1.6386,32517.349609375,0.09469663820689952,1.8586943679591006,0.95,44.63850546323314,52.11613578345788,948.3241867237762,1295.9561383048178,0.5152,-0.32,0.5,0.1,0.446,weakened
2025-04-11,3120.020055994998,3128.9355257101774,3040.7758359181594,3064.961669921875,7108961,yfinance:TCS.NS,2026-08-05T14:32:45.912639,-1.7647,-1.2996,-5.0439,-11.12,5519621.0,3271010.0,1.2879,2.1733,elevated,88.16,2.8764,40.74,1.3229,117.33,93.03,2.2906,1.637,32740.849609375,0.09361277139992895,0.841279334844011,0.85,37.24439591172578,46.28677796801224,1452.231562627302,108.06154074598749,15.6667,0.88,0.6,0.22,0.738,strongly_participatory
2025-04-15,3143.5895512500647,3143.5895512500647,3071.696152437833,3080.80126953125,3512160,yfinance:TCS.NS,2026-08-05T14:32:45.912639,-1.9973,-1.359,-1.5518,-11.0375,5158580.0,3287910.0,0.6808,1.0682,dry,71.89,2.3336,78.63,2.5654,112.64,88.4,2.3105,1.6799,33275.30078125,0.09258522679582278,-0.15338984303654948,0.55,47.72252090090575,46.81182384489684,-389.96743406612364,600.9119520302386,24.0,0.92,0.68,0.34,0.79,strongly_participatory
2025-04-16,3080.8012559903377,3109.1604734732773,3062.590790324908,3105.08203125,2384391,yfinance:TCS.NS,2026-08-05T14:32:45.912639,0.7881,0.8378,-0.0076,-9.2162,4310667.0,3322479.0,0.5531,0.7177,dry,46.57,1.4998,-0.0,-0.0,75.79,86.09,2.3286,1.6861,33295.5,0.09325830911834933,0.43399274535749716,0.7,49.87371786029216,44.659251983786135,1062.1689184981026,256.2770465015827,2.3333,0.4,0.68,0.28,0.68,strengthened
2025-04-17,3078.240292358944,3133.3461501914685,3052.1575291360596,3128.88818359375,2932346,yfinance:TCS.NS,2026-08-05T14:32:45.912639,1.6454,2.0857,0.1807,-7.0942,3785625.0,3334551.0,0.7746,0.8794,dry,81.19,2.5948,-26.84,-0.8644,74.26,86.4,2.404,1.6209,33372.3515625,0.09375689866307275,0.8195724414825968,0.85,60.40400394251262,47.97662881573389,-1272.6571262457678,662.0522216967989,5.25,0.68,0.7,0.44,0.76,strongly_participatory
2025-04-21,3120.5420796132057,3181.1488478659085,3114.8512945544117,3150.418701171875,2432946,yfinance:TCS.NS,2026-08-05T14:32:45.912639,0.9574,2.2597,2.3101,-6.2741,3674161.0,3456198.0,0.6622,0.7039,dry,66.3,2.1044,-8.35,-0.2667,72.17,87.43,2.4265,1.6272,34135.05078125,0.09229277909562579,-0.7588747753177241,0.25,47.604290322780535,48.56978578764337,-459.4840624629351,956.1772663661748,3.5455,0.56,0.8,0.46,0.778,strongly_participatory
2025-04-22,3151.3667016777117,3162.0841600479707,3125.1890016354123,3143.589111328125,2710498,yfinance:TCS.NS,2026-08-05T14:32:45.912639,-0.2468,1.2401,2.5654,-2.6079,2794468.0,3439161.0,0.97,0.7881,normal,36.9,1.1737,0.95,0.0301,61.92,86.51,2.2642,1.6049,33941.05078125,0.0926190862972555,-0.48915854017141847,0.45,53.39855593733283,51.800617792764776,-209.0657931046078,-1273.2041758468706,0.7857,-0.12,0.8,0.28,0.624,strengthened
2025-04-23,3191.581874951358,3244.6009284823726,3165.3094642241085,3237.108154296875,3543923,yfinance:TCS.NS,2026-08-05T14:32:45.912639,1.4264,3.4587,5.0736,3.4431,2800821.0,3474098.0,1.2653,1.0201,elevated,79.29,2.4495,47.99,1.5267,66.39,89.05,2.1591,1.6186,35414.6484375,0.09140590961984967,-1.7557406451922328,0.05,39.018223827501615,50.05975837808395,-138.58048238968698,138.30041700480828,3.1667,0.52,0.84,0.24,0.764,strongly_participatory
2025-04-24,3225.821178130507,3236.6335756939984,3213.111620905439,3226.29541015625,2252175,yfinance:TCS.NS,2026-08-05T14:32:45.912639,0.0147,2.4085,3.9037,3.8958,2774378.0,3378610.0,0.8118,0.6666,dry,23.52,0.7291,-11.29,-0.3487,61.88,85.27,1.2339,1.6055,35307.1015625,0.09137808733591794,-1.6128961582547479,0.05,51.059277969472404,50.296870399919996,-196.6186853856485,690.9998394980753,0.6667,-0.2,0.84,0.28,0.624,strengthened
2025-04-25,3243.7469624034766,3298.5682293078635,3229.520002042058,3270.303955078125,2742991,yfinance:TCS.NS,2026-08-05T14:32:45.912639,0.8187,4.0309,4.5197,4.7085,2736507.0,3424022.0,1.0024,0.8011,normal,69.05,2.1114,17.45,0.5409,60.09,88.12,1.2539,1.6103,35562.25,0.09195998439576025,-0.9671953560468659,0.15,49.33161766570445,48.08239314455837,-1258.241846286667,318.6110512522402,0.2195,-0.64,0.82,0.2,0.52,mixed
2025-04-28,3257.9741879514845,3279.5992157727555,3229.520264912607,3266.0361328125,1593296,yfinance:TCS.NS,2026-08-05T14:32:45.912639,0.2475,0.8936,3.6699,6.0648,2568577.0,3346918.0,0.6203,0.476,dry,50.08,1.5333,-12.33,-0.377,56.85,81.69,1.2391,1.6063,35482.94921875,0.09204522748877514,-0.8848955784462849,0.2,67.64240111928716,52.090015303859694,1042.1724903224965,245.65789359506712,4.0,0.6,0.8,0.12,0.752,strongly_participatory
2025-04-29,3276.943382576269,3314.881945616226,3253.6110736832507,3293.54150390625,1578332,yfinance:TCS.NS,2026-08-05T14:32:45.912639,0.5065,2.0843,4.7701,7.4578,2342143.0,3339109.0,0.6739,0.4727,dry,61.27,1.8603,10.91,0.334,61.73,78.77,1.0321,1.6065,35920.3984375,0.09169000476531114,-1.1734279942427939,0.15,42.89808012598947,49.989920141591014,991.8792014178205,223.84246969140864,0.6897,-0.1837,0.86,0.18,0.6253,strengthened
2025-04-30,3293.06738873724,3329.014085869881,3192.53019311335,3275.71044921875,2809332,yfinance:TCS.NS,2026-08-05T14:32:45.912639,-0.5271,0.1653,1.1925,6.3266,2195225.0,3353152.0,1.2797,0.8378,elevated,136.48,4.1665,-0.47,-0.0144,68.82,72.03,0.7021,1.5757,35794.94921875,0.09151320285999673,-1.2666880561112257,0.15,43.752024359985455,50.93668024808779,-1117.6277253386459,966.7391841817908,0.7857,-0.12,0.86,0.18,0.638,strengthened
2025-05-02,3293.067202073011,3311.562251162995,3243.7470711663877,3254.18017578125,1721761,yfinance:TCS.NS,2026-08-05T14:32:45.912639,-1.1809,-0.363,0.8643,4.8017,2089142.0,3336644.0,0.8241,0.516,dry,67.82,2.0839,17.36,0.5299,77.58,70.53,0.8844,1.5955,35891.8515625,0.09066626641187926,-1.7883885333553466,0.05,43.55618304671796,49.4360612635369,353.230027713339,117.1940353107549,0.4286,-0.4,0.84,0.18,0.574,strengthened
2025-05-05,3272.2008552943626,3323.8921441678535,3268.786292213226,3276.279296875,1284443,yfinance:TCS.NS,2026-08-05T14:32:45.912639,0.1246,-0.5241,0.1827,4.7107,1797433.0,3269942.0,0.7146,0.3928,dry,55.11,1.682,18.02,0.5538,77.07,70.03,0.7623,1.5954,35991.25,0.09102988356544993,-1.3180186000898693,0.1,59.36403398391884,51.44254452717978,204.00879553356702,2280.261753464722,2.8462,0.48,0.84,0.16,0.748,strongly_participatory
2025-05-06,3281.68603515625,3294.0160693923863,3259.871359200009,3281.68603515625,1324763,yfinance:TCS.NS,2026-08-05T14:32:45.912639,0.0,0.1824,0.4792,4.1667,1743726.0,3247964.0,0.7597,0.4079,dry,34.14,1.0405,5.41,0.165,73.89,66.17,0.7174,1.5954,35869.19921875,0.09149036238982458,-0.8698746559672408,0.25,43.43402965000419,46.60087023332318,653.1942043599727,-944.6415651140619,0.7241,-0.16,0.84,0.08,0.612,strengthened
2025-05-07,3244.316098457132,3281.2112559731218,3244.316098457132,3267.553466796875,1477128,yfinance:TCS.NS,2026-08-05T14:32:45.912639,0.7162,0.411,-0.7891,3.9434,1723485.0,3094930.0,0.8571,0.4773,dry,36.9,1.1291,-37.37,-1.1387,69.11,63.22,0.7275,1.5711,35920.30078125,0.09096676240813946,-1.1723284506192253,0.1,41.34115541516617,46.28948529115853,-206.3786899313203,-324.1952499981044,0.8519,-0.08,0.82,0.02,0.614,strengthened
2025-05-08,3270.304189784248,3297.809648457028,3251.9987864937443,3271.15771484375,2543591,yfinance:TCS.NS,2026-08-05T14:32:45.912639,0.0261,-0.1563,-0.139,1.0519,1670337.0,2956241.0,1.5228,0.8604,spike,45.81,1.4004,2.75,0.0842,50.97,63.17,0.5901,1.5538,36002.44921875,0.09085931056990806,-1.131995770560608,0.1,51.77132445109123,47.89334530937968,884.1194893268114,-248.80239054428856,0.3514,-0.48,0.74,0.02,0.502,mixed
2025-05-09,3223.8296054868374,3268.5970664946117,3222.976080385976,3263.001220703125,2531757,yfinance:TCS.NS,2026-08-05T14:32:45.912639,1.2151,-0.5694,0.2711,1.1377,1832336.0,2751631.0,1.3817,0.9201,elevated,45.62,1.3981,-47.33,-1.4468,47.04,60.81,0.6902,1.4759,35880.1015625,0.09094180558600878,-1.014392302489543,0.15,43.58221564575223,47.89855182918653,3083.969251775838,-1009.3062706713031,0.3158,-0.52,0.68,0.02,0.47,mixed
2025-05-12,3324.3664350329263,3443.3986711517946,3321.710689429311,3433.819091796875,2228678,yfinance:TCS.NS,2026-08-05T14:32:45.912639,3.2924,5.0884,4.8085,5.0,2021183.0,2585187.0,1.1027,0.8621,elevated,121.69,3.5438,61.37,1.8806,69.18,68.96,1.1964,1.5824,38282.55078125,0.0896967161728076,-1.8313033344873986,0.05,35.874047080022144,43.200554448407196,523.1095013887879,1038.1492421347004,15.6667,0.88,0.92,0.22,0.866,strongly_participatory
2025-05-13,3433.819342081611,3436.2854413701325,3329.5832299005933,3333.851318359375,3062887,yfinance:TCS.NS,2026-08-05T14:32:45.912639,-2.9113,1.9166,1.5896,2.0764,2368808.0,2588818.0,1.293,1.1831,elevated,106.7,3.2006,0.0,0.0,83.69,73.95,1.6018,1.6802,37354.6015625,0.08924874523909265,-2.0509380257914978,0.05,60.38004161064049,46.58975684053445,782.404264673597,1526.9849581214446,0.3514,-0.48,0.84,0.22,0.562,strengthened
2025-05-14,3339.542044274439,3377.4806076856794,3327.7811822404,3365.814453125,2119499,yfinance:TCS.NS,2026-08-05T14:32:45.912639,0.7867,3.1509,3.0072,2.1944,2497282.0,2339345.0,0.8487,0.906,dry,49.7,1.4766,5.69,0.1707,86.16,70.28,1.6116,1.6831,37853.55078125,0.08891674317623563,-2.037559917909331,0.05,62.36702138476417,50.794930034454055,191.5425137999799,1464.1814327951568,3.1667,0.52,0.88,0.12,0.768,strongly_participatory
2025-05-15,3380.326007773164,3414.4707149223877,3332.9977424314357,3395.406494140625,3548330,yfinance:TCS.NS,2026-08-05T14:32:45.912639,0.4461,-1.1187,3.7983,3.654,2698230.0,2341153.0,1.3151,1.5156,elevated,81.47,2.3995,14.51,0.4311,93.29,74.39,1.5952,1.676,38293.80078125,0.0886672627127453,-1.9081575526972874,0.05,43.09769047612491,49.06020323946079,-1523.6514338073596,490.8328562309569,15.6667,0.88,0.94,0.36,0.888,strongly_participatory
2025-05-16,3408.6849264465072,3408.6849264465072,3363.348529175367,3377.76513671875,1666727,yfinance:TCS.NS,2026-08-05T14:32:45.912639,-0.9071,1.3172,3.5171,3.7977,2525224.0,2305270.0,0.66,0.723,dry,45.34,1.3422,13.28,0.3911,92.72,72.46,1.57,1.6683,37972.3515625,0.08895327778579028,-1.532179720258796,0.15,44.89838752051213,49.32343761441277,-825.5372547670172,1663.7923120034714,1.0833,0.04,0.96,0.22,0.714,strongly_participatory
2025-05-19,3367.0476004136544,3367.0476004136544,3323.133665679634,3337.45556640625,2537377,yfinance:TCS.NS,2026-08-05T14:32:45.912639,-0.8789,-0.8426,-2.8063,1.8672,2586964.0,2285522.0,0.9808,1.1102,normal,43.91,1.3158,-10.72,-0.3173,67.57,72.79,1.6125,1.6729,37477.80078125,0.0890515317557258,-1.385861489978974,0.2,53.26835418138264,52.80229903468487,868.9473090641462,972.8863944916794,0.6667,-0.2,0.94,0.16,0.652,strengthened
2025-05-20,3349.785756293493,3374.6354708973113,3313.933764844071,3318.01220703125,2038374,yfinance:TCS.NS,2026-08-05T14:32:45.912639,-0.9485,-2.2794,-0.4751,1.1069,2382061.0,2265793.0,0.8557,0.8996,dry,60.7,1.8295,12.33,0.3694,58.37,72.75,1.6515,1.6839,37283.5,0.08899411823008167,-1.2927639377089415,0.2,64.08163631013079,53.54261797458294,480.3223035037342,619.8075744783074,0.1628,-0.72,0.86,0.06,0.506,mixed
2025-05-21,3327.212019490534,3354.717478032502,3318.0119641520128,3344.0947265625,1440153,yfinance:TCS.NS,2026-08-05T14:32:45.912639,0.5074,-0.9968,-0.6453,2.3425,2246192.0,2202276.0,0.6412,0.6539,dry,36.71,1.0976,9.2,0.2773,55.77,65.62,1.644,1.6126,37540.1015625,0.08908059880964793,-1.1274056032178128,0.3,46.5844221800476,50.386098133639614,602.7175126644433,-211.49151580135123,2.5,0.4286,0.88,0.06,0.7437,strongly_participatory
2025-05-22,3314.8821689714327,3317.5379148748953,3273.4343323692665,3297.809814453125,2034383,yfinance:TCS.NS,2026-08-05T14:32:45.912639,-0.515,-1.1879,-2.8744,0.8148,1943403.0,2126799.0,1.0468,0.9565,normal,44.1,1.3374,-29.21,-0.8736,53.61,65.82,1.6542,1.5714,37050.1484375,0.08900935498318474,-1.071683788971272,0.25,41.613622043692374,50.089284447153105,795.19151467352,529.3792242766652,0.1628,-0.72,0.82,0.0,0.484,mixed
2025-05-23,3297.8098235860703,3352.820743852965,3286.9974249846496,3333.47216796875,1274331,yfinance:TCS.NS,2026-08-05T14:32:45.912639,1.0814,0.4659,-1.3113,2.1597,1864924.0,2077907.0,0.6833,0.6133,dry,65.82,1.9746,0.0,0.0,57.7,65.55,1.6439,1.2114,37403.55078125,0.08912181058595603,-0.885663722606986,0.4,36.965446175883784,48.50269617822744,155.10507785477526,73.4191311686678,15.6667,0.88,0.86,0.06,0.826,strongly_participatory
2025-05-26,3339.54242872468,3362.3055693919314,3329.2042616284266,3355.00244140625,967470,yfinance:TCS.NS,2026-08-05T14:32:45.912639,0.4629,0.3262,0.5258,-2.2953,1550942.0,1989131.0,0.6238,0.4864,dry,33.1,0.9866,6.07,0.1821,53.4,65.47,1.1957,1.2116,37785.8984375,0.08878980201980939,-1.0605034029574438,0.1,62.356462908142305,50.32031792357937,424.51442073276934,730.6200868924159,4.4444,0.6327,0.88,0.24,0.8025,strongly_participatory
2025-05-27,3349.9752588067204,3357.5629717372003,3303.5954561426133,3318.391357421875,2467680,yfinance:TCS.NS,2026-08-05T14:32:45.912639,-0.9428,0.6241,0.0114,-0.4637,1636803.0,2032850.0,1.5076,1.2139,spike,53.97,1.6263,-5.03,-0.1498,52.05,66.66,0.8182,1.2229,37501.44921875,0.08848701654342317,-1.2205624635310828,0.05,43.85910960771063,46.275812583095345,305.7109502093873,1232.070685795905,0.25,-0.6,0.78,0.08,0.5,mixed
2025-05-28,3338.593667057572,3347.129844047208,3312.985136088664,3317.44287109375,1222933,yfinance:TCS.NS,2026-08-05T14:32:45.912639,-0.6335,-0.4809,-0.797,-1.4371,1593359.0,2015080.0,0.7675,0.6069,dry,34.14,1.0292,20.2,0.6088,51.54,65.82,0.7709,1.1809,37465.75,0.08854601525643421,-1.076966606325179,0.1,49.790303613111185,46.91698886970806,-801.3467840435817,-1222.4323816770534,0.3889,-0.44,0.78,0.04,0.528,mixed
2025-05-29,3324.0819895702,3350.449337105284,3306.819989757275,3317.822265625,3188072,yfinance:TCS.NS,2026-08-05T14:32:45.912639,-0.1883,-1.1082,0.6068,-2.285,1824097.0,2034017.0,1.7478,1.5674,spike,43.63,1.315,6.64,0.2001,46.13,65.5,0.734,1.1137,37754.1484375,0.0878796742328192,-1.5509376301573734,0.05,47.86861683141798,48.16798782725318,13.81835545713191,701.5412085228903,2.5,0.4286,0.76,0.04,0.6937,strengthened
2025-05-30,3310.1398835450454,3325.979188538535,3275.141649033021,3284.91064453125,3404365,yfinance:TCS.NS,2026-08-05T14:32:45.912639,-0.7622,-1.0089,-1.4568,-2.749,2250104.0,2118147.0,1.513,1.6072,spike,50.84,1.5476,-7.68,-0.2315,43.14,56.24,0.722,1.1201,37321.75,0.08801598651004441,-1.2789220819110907,0.1,57.507146187584674,52.276327829593356,2197.9515177687335,-423.7680898098279,0.1905,-0.68,0.7,0.1,0.454,mixed
2025-06-02,3272.201121116267,3281.6857620470387,3242.41944121709,3272.011474609375,1877585,yfinance:TCS.NS,2026-08-05T14:32:45.912639,-0.0058,-1.3695,-2.4736,-1.9609,2432127.0,2147804.0,0.772,0.8742,dry,39.27,1.2001,-12.71,-0.3869,45.01,51.66,0.694,1.0826,37061.8515625,0.08828515944735121,-0.9408455700386078,0.15,44.084484459854224,48.62193213993574,-957.7200461261594,-76.81752516128783,0.6667,-0.2,0.7,0.02,0.542,mixed
2025-06-03,3268.407343175387,3294.490106360913,3225.252225904789,3229.7099609375,2848125,yfinance:TCS.NS,2026-08-05T14:32:45.912639,-1.184,-2.6557,-2.6724,-2.6613,2508216.0,2223972.0,1.1355,1.2806,elevated,69.24,2.1438,-3.6,-0.1102,48.07,53.05,0.7257,1.0924,36814.8984375,0.08772834091666779,-1.427887523935478,0.05,56.35328701655258,51.12076762170413,1265.8262297925542,166.60329434398048,0.1628,-0.72,0.66,-0.06,0.414,weakened
2025-06-04,3242.9152450223373,3248.465279476926,3224.7342507303856,3235.164306640625,2544807,yfinance:TCS.NS,2026-08-05T14:32:45.912639,-0.239,-1.5144,-2.4802,-3.2574,2772591.0,2277356.0,0.9178,1.1174,normal,23.73,0.7335,13.21,0.4089,45.99,48.93,0.6797,1.0923,36938.1015625,0.08758339410504525,-1.4957802414470593,0.05,53.45513191701049,51.85373328248399,-1454.9967992364702,-330.4954248710602,1.7778,0.28,0.64,-0.06,0.606,strengthened
2025-06-05,3262.0530702216233,3262.0530702216233,3218.7057063727016,3225.786865234375,3584683,yfinance:TCS.NS,2026-08-05T14:32:45.912639,-1.1118,-1.4127,-2.774,-2.184,2851913.0,2329411.0,1.2569,1.5389,elevated,43.35,1.3438,26.89,0.8311,45.93,48.79,0.726,1.0758,37107.94921875,0.08692980703995469,-2.074686127958757,0.05,62.77365860588827,54.834741637378045,1677.1353822876397,-796.6910409023367,1.6316,0.24,0.62,-0.02,0.594,strengthened
2025-06-06,3225.7868448606714,3244.7331673196672,3213.9212139850256,3238.322021484375,2070390,yfinance:TCS.NS,2026-08-05T14:32:45.912639,0.3886,0.2667,-1.4183,-2.8544,2585118.0,2306342.0,0.8009,0.8977,dry,30.81,0.9515,-0.0,-0.0,41.92,47.09,0.5953,1.0792,37294.8515625,0.08683026975070494,-2.146507412107705,0.05,52.67142548260771,53.86759749638266,-732.8609421342366,934.9767285237523,9.0,0.8,0.74,0.04,0.76,strongly_participatory
2025-06-09,3253.440835404879,3285.975243758928,3244.7330032516393,3274.396728515625,1718678,yfinance:TCS.NS,2026-08-05T14:32:45.912639,0.6441,1.2127,0.0729,-2.4026,2553337.0,2280842.0,0.6731,0.7535,dry,41.24,1.2595,15.12,0.4669,42.96,46.15,0.6271,1.0747,37669.19921875,0.086925042114667,-1.797036107153605,0.1,56.869628644663266,56.42462633334446,112.31626017426562,-804.1665698787918,4.0,0.6,0.88,0.18,0.79,strongly_participatory
2025-06-10,3291.7168496023487,3335.5426613582063,3275.6409764041855,3313.629638671875,2419874,yfinance:TCS.NS,2026-08-05T14:32:45.912639,0.6657,2.7231,2.5984,-0.1435,2467686.0,2248692.0,0.9806,1.0761,normal,59.9,1.8077,17.32,0.529,41.34,47.9,0.6777,1.0818,38300.0,0.0865177451350359,-1.9659589013708976,0.05,54.56385744957891,56.06674041994974,817.7594707762793,874.7251645518209,1.1739,0.08,0.86,0.24,0.684,strengthened
2025-06-11,3320.423449229873,3338.604442179547,3300.424450431947,3322.241455078125,2847013,yfinance:TCS.NS,2026-08-05T14:32:45.912639,0.0548,2.5914,2.6916,0.1446,2528128.0,2285068.0,1.1261,1.2459,elevated,38.18,1.1492,6.79,0.205,44.23,45.58,0.6685,1.0766,38784.30078125,0.08565943921011049,-2.351384340248902,0.05,52.05819224885838,55.78735248631931,3085.7517953922766,61.72998993498787,1.2727,0.12,0.86,0.18,0.686,strengthened
2025-06-12,3322.2416207116808,3324.9209717927824,3275.640909498604,3286.166748046875,4060134,yfinance:TCS.NS,2026-08-05T14:32:45.912639,-1.0859,0.3595,1.8718,-0.9541,2623218.0,2310658.0,1.5478,1.7571,spike,49.28,1.4996,0.0,0.0,45.41,44.4,0.7282,1.0893,38460.30078125,0.08544308498099247,-2.1094914767480226,0.05,56.53339751671323,54.5393002684843,1959.8211003608997,-623.5096284935315,0.1905,-0.68,0.8,0.08,0.492,mixed
2025-06-13,3246.933943792306,3301.76403815699,3246.933943792306,3297.1708984375,2178493,yfinance:TCS.NS,2026-08-05T14:32:45.912639,1.5472,-0.4967,1.8173,0.3732,2644838.0,2336246.0,0.8237,0.9325,dry,54.83,1.6629,-39.23,-1.1939,50.22,45.95,0.8987,1.1099,38469.25,0.08570925865301507,-1.643475671845396,0.15,57.35436472356538,55.47588811667583,1291.3309075290665,1405.7867058058334,0.25,-0.6,0.74,-0.26,0.45,mixed
2025-06-16,3291.716884024651,3357.7426005937496,3278.5116939874692,3345.590087890625,1934088,yfinance:TCS.NS,2026-08-05T14:32:45.912639,1.6366,0.7028,2.1742,2.2487,2687920.0,2306082.0,0.7195,0.8387,dry,79.23,2.3682,-5.45,-0.1654,56.53,47.75,1.0427,1.1499,39073.05078125,0.0856239792132145,-1.5189247548634952,0.1,46.66305535746517,53.43457345923622,1437.2535126873845,875.3606496776848,11.5,0.84,0.8,0.16,0.804,strongly_participatory
2025-06-17,3358.6994089523137,3368.2683531373627,3337.743514633776,3363.77099609375,2111940,yfinance:TCS.NS,2026-08-05T14:32:45.912639,0.151,2.3615,1.5132,4.1509,2626334.0,2309760.0,0.8041,0.9144,dry,30.52,0.9075,13.11,0.3918,50.41,47.5,0.9355,1.1501,39356.1015625,0.08547012693195405,-1.4621281775433854,0.1,49.17370949146658,52.35654386761375,-256.19206614093343,1558.2181746255026,0.3514,-0.48,0.7,0.1,0.494,mixed
2025-06-18,3367.4069330910083,3385.492142497093,3294.6829639474868,3302.625,2696327,yfinance:TCS.NS,2026-08-05T14:32:45.912639,-1.9238,0.1654,-0.5905,2.0852,2596196.0,2372569.0,1.0386,1.1365,normal,90.81,2.7496,3.64,0.1081,60.94,50.87,1.1609,1.1969,39030.8984375,0.08461565406413789,-1.8410340046485087,0.05,57.65207173206686,53.47531976425544,2324.7453995131173,964.1027967306068,0.4706,-0.36,0.7,0.04,0.512,mixed
2025-06-19,3301.2855030665887,3302.242397415304,3265.8804121641356,3276.40625,2672768,yfinance:TCS.NS,2026-08-05T14:32:45.912639,-0.7536,-2.0679,-0.297,1.5692,2318723.0,2404488.0,1.1527,1.1116,elevated,36.36,1.1098,-1.34,-0.0406,58.43,49.86,1.1245,1.2037,38664.94921875,0.0847384082017921,-1.5650867400974782,0.1,41.46451463210211,50.46154318733322,440.7422845881994,1463.4827493799057,0.6667,-0.2,0.64,-0.08,0.508,mixed
2025-06-20,3277.3635707817734,3297.745469784743,3263.8712652626323,3287.602294921875,2351248,yfinance:TCS.NS,2026-08-05T14:32:45.912639,0.3124,-2.2644,-0.2902,1.5218,2353274.0,2458334.0,0.9991,0.9564,normal,33.87,1.0304,0.96,0.0292,54.24,49.24,1.1228,1.1816,38991.44921875,0.08431598108800097,-1.6718795107626034,0.05,50.94938647098321,49.18054753681679,141.35608735983106,933.0252774074795,15.6667,0.88,0.74,0.14,0.786,strongly_participatory
2025-06-23,3267.7943410253647,3277.3632849229502,3224.7340934862314,3247.31689453125,3123421,yfinance:TCS.NS,2026-08-05T14:32:45.912639,-0.6266,-1.6747,-2.9374,-0.827,2591141.0,2566131.0,1.2054,1.2172,elevated,52.63,1.6207,-19.81,-0.6025,50.96,48.79,1.1294,0.9955,38414.1015625,0.0845345006767331,-1.379717089489077,0.1,58.22761490085839,51.49345944549543,1111.7965623133084,517.6966732820574,0.4286,-0.4,0.7,0.06,0.506,mixed
2025-06-24,3286.549310178985,3293.726017546798,3236.2165757260095,3244.25439453125,3403048,yfinance:TCS.NS,2026-08-05T14:32:45.912639,-1.2869,-0.9813,-3.5531,-2.0936,2849362.0,2612900.0,1.1943,1.3024,elevated,57.51,1.7727,39.23,1.2081,56.36,51.2,1.1692,0.8825,38417.94921875,0.08444631898643568,-1.3099926502830772,0.1,49.528792544159224,51.56447605603396,92.53588525721433,1124.017274157474,1.7778,0.28,0.72,0.2,0.664,strengthened
2025-06-25,3260.426516604334,3301.2858630262535,3253.441140373699,3296.31005859375,1757699,yfinance:TCS.NS,2026-08-05T14:32:45.912639,1.1006,0.2649,-0.1912,-0.7805,2661637.0,2639638.0,0.6604,0.6659,dry,47.84,1.4515,16.17,0.4985,49.61,52.18,1.2389,0.896,39046.30078125,0.08442054670071679,-1.2221289391395533,0.1,48.37149238524919,49.70836018667042,-527.4708346047787,485.11944544875934,4.5556,0.64,0.8,0.22,0.77,strongly_participatory
2025-06-26,3296.3098921986184,3302.625255099875,3268.081507258558,3293.439208984375,2879106,yfinance:TCS.NS,2026-08-05T14:32:45.912639,-0.0871,1.4203,0.5199,0.2213,2702904.0,2624190.0,1.0652,1.0971,normal,34.54,1.0489,-0.0,-0.0,49.17,52.44,1.1892,0.8887,38996.25,0.0844552799047184,-1.0888922194948132,0.2,37.12115087216065,48.83968743468213,1795.7629012804186,-677.2572152015973,5.25,0.68,0.84,0.3,0.802,strongly_participatory
2025-06-27,3306.0705155665805,3316.979019479463,3283.1050474410818,3292.769775390625,1778433,yfinance:TCS.NS,2026-08-05T14:32:45.912639,-0.4023,1.4954,0.1572,-0.1335,2588341.0,2542893.0,0.6871,0.6994,dry,33.87,1.0287,12.63,0.3835,49.17,51.46,1.0617,0.8793,38822.94921875,0.084815034448757,-0.7423617440859567,0.4,53.97002852821777,49.44381584612904,1187.7470273404158,1466.9205230505806,1.3333,0.1429,0.88,0.44,0.7246,strongly_participatory
2025-06-30,3291.6208515129015,3315.5432107745055,3282.1476906920225,3312.768310546875,1468351,yfinance:TCS.NS,2026-08-05T14:32:45.912639,0.6425,0.4993,2.0156,-0.981,2257327.0,2522431.0,0.6505,0.5821,dry,33.4,1.0081,-1.15,-0.0349,43.27,49.48,0.9071,0.8807,38950.0,0.0850518179857991,-0.4810425186129888,0.45,45.53777412037599,46.90584769003256,-253.39969843109918,862.4636239641254,0.6129,-0.24,0.82,0.18,0.598,strengthened
2025-07-01,3306.0698242055073,3334.7766533592453,3266.3587105428364,3281.8603515625,2375183,yfinance:TCS.NS,2026-08-05T14:32:45.912639,-0.7323,-0.3516,1.1592,-2.4351,2051754.0,2498784.0,1.1576,0.9505,elevated,68.42,2.0847,-6.7,-0.2022,45.45,51.64,0.9027,0.8745,38833.1484375,0.08451182774542448,-0.8965745593588794,0.25,49.75320262131151,46.95072970546302,809.0995914299342,-319.3164172366978,1.0,0.0,0.78,0.22,0.634,strengthened
2025-07-02,3336.882278295821,3339.4658465866687,3272.5790179988544,3275.73681640625,3090585,yfinance:TCS.NS,2026-08-05T14:32:45.912639,-1.8324,-0.5173,-0.6241,-0.8141,2318332.0,2526073.0,1.3331,1.2235,elevated,66.89,2.0419,55.02,1.6765,47.42,52.9,0.8856,0.9207,38879.1015625,0.08425443708210047,-1.0957301140677924,0.05,49.995069469686044,47.27544512235039,-652.2489506584864,174.42555388152334,0.9231,-0.04,0.74,0.18,0.606,strengthened
2025-07-03,3282.1480591402083,3287.2196465963534,3251.144771503511,3254.206787109375,2531870,yfinance:TCS.NS,2026-08-05T14:32:45.912639,-0.8513,-1.7678,-1.1912,-0.6776,2248884.0,2473432.0,1.1258,1.0236,elevated,36.07,1.1086,6.41,0.1957,47.73,51.56,0.8908,0.9269,38854.30078125,0.083754094699338,-1.5145510854086328,0.05,60.6196262381078,51.97514019553982,145.45037068485982,1361.2835800854684,0.7241,-0.16,0.7,0.18,0.566,strengthened
2025-07-04,3261.096050751665,3279.2770439923584,3243.967734776887,3272.387451171875,1109320,yfinance:TCS.NS,2026-08-05T14:32:45.912639,0.3462,-0.2886,-0.619,-0.4628,2115062.0,2425379.0,0.5245,0.4574,dry,35.31,1.079,6.89,0.2117,48.02,48.42,0.8938,0.9012,39166.55078125,0.08355056510971724,-1.618974909700856,0.05,47.23763574090438,50.62866163807714,1290.7946273414782,893.5037743965273,1.7778,0.28,0.8,0.0,0.676,strengthened
2025-07-07,3270.952315509477,3278.416138875185,3261.4789203702617,3264.63671875,1639174,yfinance:TCS.NS,2026-08-05T14:32:45.912639,-0.1931,-0.3389,-1.4529,0.5334,2149226.0,2421404.0,0.7627,0.677,dry,16.94,0.5188,-1.44,-0.0439,44.73,47.45,0.8906,0.8919,38866.94921875,0.08399518831220976,-1.073013755316735,0.15,49.49287298525086,51.419681411052125,-215.46602951164513,-1067.1621446164804,0.8519,-0.08,0.78,0.12,0.608,strengthened
2025-07-08,3258.2253086430815,3277.363195918518,3247.125240576613,3259.37353515625,2325242,yfinance:TCS.NS,2026-08-05T14:32:45.912639,0.0352,0.1588,-0.6852,0.466,2139238.0,2416672.0,1.0869,0.9622,normal,30.24,0.9277,-6.41,-0.1964,37.09,43.12,0.8287,0.8834,38983.25,0.08360958963545241,-1.5496390484926716,0.1,44.42853108359577,50.35474710350897,-1101.756589219743,967.4741341585255,1.0,0.0,0.8,0.14,0.634,strengthened
2025-07-09,3263.0097947012437,3266.837372173034,3221.8633368794976,3237.939208984375,2034938,yfinance:TCS.NS,2026-08-05T14:32:45.912639,-0.7683,-1.0527,-1.1539,-1.7708,1928109.0,2376068.0,1.0554,0.8564,normal,44.97,1.389,3.64,0.1116,32.71,43.71,0.705,0.8859,38680.8515625,0.0837090983830218,-1.2807056858903751,0.15,49.55271994318646,50.26627719820905,-936.0989745400003,-1115.821428801866,0.7857,-0.12,0.78,0.06,0.594,strengthened
2025-07-10,3234.303008112803,3252.484001353674,3211.33754296644,3236.216796875,3035012,yfinance:TCS.NS,2026-08-05T14:32:45.912639,0.0592,-0.8705,-0.5528,-1.7375,2028737.0,2324812.0,1.496,1.3055,elevated,41.15,1.2714,-3.64,-0.1123,33.72,44.23,0.7133,0.8874,38376.6484375,0.08432775994353663,-0.2685984249500689,0.4,56.58905399887818,49.46016275036313,-1597.6375781681988,557.6116762495701,0.2821,-0.56,0.76,0.0,0.492,mixed
2025-07-11,3157.655913683438,3191.2430024482833,3120.528595780786,3125.21728515625,7635550,yfinance:TCS.NS,2026-08-05T14:32:45.912639,-1.0273,-4.116,-4.4973,-5.0885,3333983.0,2597665.0,2.2902,2.9394,spike,70.71,2.2627,-78.56,-2.4276,49.8,48.0,0.7432,0.8944,37693.25,0.08291185517715373,-2.217909223688327,0.05,39.78787760471152,47.97021112312456,-461.55694349019114,-135.5016092925203,0.2821,-0.56,0.68,-0.22,0.438,weakened
2025-07-14,3125.217267735536,3130.9586344245786,3062.062234156067,3083.78369140625,3924009,yfinance:TCS.NS,2026-08-05T14:32:45.912639,-1.3258,-4.7609,-5.5398,-6.9122,3790950.0,2697161.0,1.0351,1.4549,normal,68.9,2.2342,-0.0,-0.0,60.19,48.82,0.6854,0.9158,37273.69921875,0.08273350260483395,-2.189154695136878,0.05,57.56037303139874,49.58371113235414,206.31766181730075,-855.2051330376053,0.7857,-0.12,0.6,-0.18,0.498,mixed
2025-07-15,3067.8034091107847,3118.9014760029677,3067.8034091107847,3112.107666015625,2590889,yfinance:TCS.NS,2026-08-05T14:32:45.912639,1.4442,-3.835,-4.5182,-5.1725,3844080.0,2721109.0,0.674,0.9521,dry,51.1,1.6419,-15.98,-0.5182,64.36,48.39,0.9452,0.9496,37424.6015625,0.08315673477026413,-1.4543857951209438,0.15,35.8145047617298,47.86090586798095,741.7126512741955,686.4571048474232,2.5714,0.44,0.72,-0.02,0.674,strengthened
2025-07-16,3098.377660261314,3115.5641051149655,3092.23284636304,3104.234619140625,2540733,yfinance:TCS.NS,2026-08-05T14:32:45.912639,0.189,-0.6714,-4.1293,-5.2355,3945239.0,2713329.0,0.644,0.9364,dry,23.33,0.7516,-13.73,-0.4412,60.03,47.59,0.8147,0.9518,37660.75,0.0824262559598687,-2.129710143612724,0.05,43.52862522182729,46.656086923709104,67.89996160968094,229.39442306439773,0.8148,-0.102,0.72,0.12,0.5796,strengthened
2025-07-17,3095.5933632665156,3112.779808234124,3076.390526695053,3081.287109375,2947640,yfinance:TCS.NS,2026-08-05T14:32:45.912639,-0.4621,-0.081,-4.7874,-5.3137,3927764.0,2727073.0,0.7505,1.0809,dry,36.39,1.181,-8.64,-0.2784,59.08,47.77,0.7895,0.9367,37138.55078125,0.08296734914413079,-1.2507898782782947,0.2,51.01769500051617,45.5418151240367,-178.7362984567138,1425.8215909240314,0.6129,-0.24,0.66,-0.04,0.512,mixed
2025-07-18,3096.4571730230687,3100.105758589483,3059.9717861781455,3062.756103515625,3432645,yfinance:TCS.NS,2026-08-05T14:32:45.912639,-1.0884,-1.5858,-1.9986,-6.4061,3087183.0,2781142.0,1.1119,1.2343,elevated,40.13,1.3104,15.17,0.4923,43.97,48.25,0.8152,0.9468,37141.8984375,0.0824609465956468,-1.6754246402182023,0.1,60.52419223387472,49.68907804986934,2140.6228046678643,-603.0187018363239,0.4286,-0.4,0.6,-0.14,0.446,weakened
2025-07-21,3062.8523807267275,3070.1495522628406,3026.3669918654064,3032.31982421875,3844346,yfinance:TCS.NS,2026-08-05T14:32:45.912639,-0.9969,-2.3167,-1.6689,-7.1162,3071251.0,2817189.0,1.2517,1.3646,elevated,43.78,1.4439,0.1,0.0031,38.95,46.49,0.8412,0.9445,37031.75,0.08188432424119169,-2.0104597529357275,0.05,63.04925655552472,50.78685475469454,-398.9226257921202,1234.5894379584022,1.2727,0.12,0.68,-0.14,0.582,strengthened
2025-07-22,3033.6640625,3053.3469689942053,3028.8633535989743,3033.6640625,3198036,yfinance:TCS.NS,2026-08-05T14:32:45.912639,0.0,-1.5456,-2.5206,-6.9249,3192680.0,2806938.0,1.0017,1.1393,normal,24.48,0.8071,1.34,0.0443,33.62,43.46,0.8393,0.9301,36858.8984375,0.08230479452998439,-1.370530356632493,0.1,36.415888796670046,50.90713156168259,-182.3403780460225,580.645264842815,0.5625,-0.28,0.58,-0.08,0.468,mixed
2025-07-23,3033.663954701298,3055.171036049811,3031.743671209123,3052.38671875,1922875,yfinance:TCS.NS,2026-08-05T14:32:45.912639,0.6172,-0.3386,-1.6702,-5.7306,3069108.0,2815197.0,0.6265,0.683,dry,23.43,0.7675,-0.0,-0.0,33.64,42.56,0.8844,0.9424,36951.5,0.08260521815758494,-0.9443867279809095,0.25,30.409552347039345,48.283316986725005,-785.9808115749349,178.41317807561234,3.1667,0.52,0.62,-0.04,0.648,strengthened
2025-07-24,3038.944885626984,3047.2019644087272,3014.8452328363246,3022.5263671875,2934778,yfinance:TCS.NS,2026-08-05T14:32:45.912639,-0.5403,-0.323,-1.907,-6.6031,3066536.0,2817980.0,0.957,1.0414,normal,32.36,1.0705,-13.44,-0.4404,33.87,42.72,0.8807,0.9308,36135.80078125,0.08364354191247968,0.23520691756850218,0.6,51.52011560042666,48.3838011067071,-1164.4765720109106,-543.6029958392976,0.3243,-0.5102,0.56,-0.2,0.402,weakened
2025-07-25,3014.845292873372,3031.0715957495104,3001.019344529776,3010.812744140625,2568917,yfinance:TCS.NS,2026-08-05T14:32:45.912639,-0.1338,-0.7533,-1.696,-3.6607,2893790.0,2857505.0,0.8877,0.899,dry,30.05,0.9981,-7.68,-0.2541,31.86,43.66,0.8455,0.8688,35623.75,0.0845170074498228,1.2621641609763632,0.95,43.98356620517911,45.07567590096798,-623.5334240018029,1892.4714713595147,0.2195,-0.64,0.36,-0.38,0.278,deteriorated
2025-07-28,2986.041003699968,2993.72213811463,2947.539223682625,2956.564697265625,3374473,yfinance:TCS.NS,2026-08-05T14:32:45.912639,-0.9871,-3.1392,-2.4983,-4.1254,2799816.0,2952811.0,1.2052,1.1428,elevated,46.18,1.562,-24.77,-0.8228,35.76,46.02,0.8024,0.7981,35370.05078125,0.08358949540533112,0.3115040849930977,0.55,49.95040571016959,42.45590573189695,743.6279322698346,370.288191682219,0.5625,-0.28,0.34,-0.44,0.336,weakened
2025-07-29,2938.0339265993125,2951.4759118844077,2919.9832137631183,2934.193359375,4785312,yfinance:TCS.NS,2026-08-05T14:32:45.912639,-0.1307,-2.9225,-3.2789,-5.7168,3117271.0,3073317.0,1.5351,1.5571,spike,31.49,1.0733,-18.53,-0.6268,38.18,45.42,0.5639,0.7934,35373.25,0.08294949882679709,-0.43167588013993885,0.4,43.487370954106176,43.87020216338418,1724.8626005482613,-465.1048505069589,2.8462,0.48,0.38,-0.38,0.51,mixed
2025-07-30,2938.033974050545,2946.6752504448114,2925.7441118523307,2931.88916015625,2880121,yfinance:TCS.NS,2026-08-05T14:32:45.912639,-0.2091,-2.6213,-3.9477,-5.5519,3308720.0,3062794.0,0.8705,0.9404,dry,20.93,0.7139,3.84,0.1309,37.68,43.97,0.5346,0.7382,35481.69921875,0.08263102457637989,-0.7807201986123156,0.3,37.75756481063284,45.33980465610288,1397.4173477959241,-633.4352617717012,1.0,0.0,0.42,-0.02,0.466,mixed
2025-07-31,2920.4633903186314,2937.8420514011964,2894.827650050853,2915.7587890625,2968371,yfinance:TCS.NS,2026-08-05T14:32:45.912639,-0.1611,-1.3802,-3.5324,-5.3721,3315439.0,3084619.0,0.8953,0.9623,dry,43.01,1.4752,-11.43,-0.3897,38.77,38.78,0.5388,0.7342,35301.6484375,0.0825955420814051,-0.7507423009944156,0.25,54.97965862624116,46.03171326126577,-1022.5052973966219,1059.8817913133314,0.3158,-0.52,0.38,-0.26,0.322,weakened
2025-08-01,2909.133629601001,2915.7587488570334,2880.4254827204045,2883.305908203125,2053847,yfinance:TCS.NS,2026-08-05T14:32:45.912639,-0.8878,-1.7343,-4.235,-5.8591,3212425.0,3131845.0,0.6393,0.6558,dry,35.33,1.2254,-6.63,-0.2272,39.83,36.38,0.5118,0.7322,34649.6015625,0.08321324858533502,0.14453651763665787,0.65,53.20160942366929,47.87532190496381,-1823.763530020729,710.6991344526244,0.3158,-0.52,0.28,-0.36,0.272,deteriorated
2025-08-04,2889.1625521624956,2956.660327755159,2872.360072011628,2951.859619140625,2519252,yfinance:TCS.NS,2026-08-05T14:32:45.912639,2.1701,0.6811,-0.1591,-2.6534,3041381.0,3175849.0,0.8283,0.7933,dry,84.3,2.8558,5.86,0.2031,44.03,38.76,0.8971,0.8615,35203.3515625,0.08385166434792142,1.075992619363752,0.9,39.43932186939078,45.77310513680805,307.14253527293147,255.82775842059783,6.0,0.7143,0.36,-0.18,0.5689,strengthened
2025-08-05,2951.859809051624,2954.836342347973,2920.751308991888,2941.7783203125,1927996,yfinance:TCS.NS,2026-08-05T14:32:45.912639,-0.3415,0.8924,0.2585,-3.0289,2469917.0,3155987.0,0.7806,0.6109,dry,34.09,1.1587,0.0,0.0,43.53,39.52,0.9024,0.8392,35034.5,0.08396804065456907,1.1868080255186528,0.9,35.795798632602086,44.23479067250723,815.1521853927577,-863.0819766575775,0.9231,-0.04,0.38,-0.02,0.442,weakened
2025-08-06,2940.9145408794843,2944.5631268588136,2905.389291773203,2911.438232421875,1487081,yfinance:TCS.NS,2026-08-05T14:32:45.912639,-1.0023,0.9757,-0.6975,-4.6176,2191309.0,3128594.0,0.6786,0.4753,dry,39.17,1.3455,-0.86,-0.0294,47.18,39.72,0.9126,0.8127,34426.25,0.0845702983166007,1.816672808330623,1.0,42.464735440950044,45.17622479857067,1105.0654404010443,325.26961456990983,0.3889,-0.44,0.32,-0.14,0.326,weakened
2025-08-07,2895.7876067904904,2929.9687479023937,2890.890789951502,2925.552001953125,2543076,yfinance:TCS.NS,2026-08-05T14:32:45.912639,1.0279,-0.8912,0.3359,-3.2084,2106250.0,3103997.0,1.2074,0.8193,elevated,39.08,1.3357,-15.65,-0.5376,46.39,39.65,0.9838,0.847,34726.80078125,0.08424478892777001,1.4127518744733292,0.9,47.63531186915602,43.707355447153645,1852.5856413988106,140.5598846348313,1.6667,0.25,0.3,-0.28,0.442,weakened
2025-08-08,2926.6083584758467,2937.841970823321,2904.428988797544,2915.37451171875,2762140,yfinance:TCS.NS,2026-08-05T14:32:45.912639,-0.3839,-0.8975,1.1122,-3.1698,2247909.0,2860327.0,1.2288,0.9657,elevated,33.41,1.1461,1.06,0.0361,46.01,38.91,0.9889,0.8469,34398.5,0.0847529546846156,1.7805204026952206,1.0,49.94671559458153,43.05637668133609,-642.8196875999223,-590.2751850761575,0.25,-0.6,0.24,-0.12,0.264,deteriorated
2025-08-11,2915.3743566889298,2928.3362704951187,2900.8763567070323,2919.59912109375,1884215,yfinance:TCS.NS,2026-08-05T14:32:45.912639,0.1449,0.2803,-1.0929,-1.2503,2120902.0,2758337.0,0.8884,0.6831,dry,27.46,0.9405,-0.0,-0.0,34.64,39.12,0.9384,0.8335,34544.6484375,0.084516683571872,1.3374437250823936,0.85,37.98768460647645,42.76604922875323,904.5354278052993,778.3811622839894,11.25,0.8367,0.4,-0.22,0.6053,strengthened
2025-08-12,2919.791194448837,2972.9829560524563,2906.253101394714,2914.414306640625,3358232,yfinance:TCS.NS,2026-08-05T14:32:45.912639,-0.1842,-0.3807,-0.9302,-0.6741,2406949.0,2796704.0,1.3952,1.2008,elevated,66.73,2.2896,0.19,0.0066,41.17,42.21,0.9395,0.829,34674.30078125,0.08405113415341266,0.7454335675348572,0.75,59.55011683258608,47.516912868750026,-871.7355675879099,-572.1731630665679,0.6129,-0.24,0.36,0.02,0.398,weakened
2025-08-13,2915.086743648966,2923.055733419127,2907.8856798255947,2915.1826171875,2148166,yfinance:TCS.NS,2026-08-05T14:32:45.912639,0.0033,-0.0066,0.1286,-0.5698,2539166.0,2777076.0,0.846,0.7735,dry,15.17,0.5204,0.67,0.0231,36.37,40.61,0.9362,0.774,34692.94921875,0.08402810031532208,0.6434796930063921,0.7,47.34279057285945,48.4925238951319,613.7586484133794,-596.6537609955379,2.8462,0.48,0.4,0.04,0.56,strengthened
2025-08-14,2913.0700372499637,2934.0970475783347,2898.7640190971856,2901.83642578125,3342174,yfinance:TCS.NS,2026-08-05T14:32:45.912639,-0.3856,-0.6084,-0.8106,-0.4775,2698985.0,2796803.0,1.2383,1.195,elevated,35.33,1.2176,-2.11,-0.0725,35.62,40.99,0.9442,0.7649,34833.19921875,0.08330662961957427,-0.2054400195618605,0.45,56.93836665270502,50.35313485184171,-145.02527403732302,553.6638123763809,0.8519,-0.08,0.4,0.02,0.446,weakened
2025-08-18,2925.07176065916,2927.472114967924,2883.689558612238,2891.1787109375,2945609,yfinance:TCS.NS,2026-08-05T14:32:45.912639,-1.1587,-0.7973,-0.8299,0.273,2735679.0,2772451.0,1.0767,1.0625,normal,43.78,1.5143,23.24,0.8007,37.7,39.6,0.9764,0.7789,34634.94921875,0.08347576006758889,-0.07131895970151668,0.45,51.58166848013852,50.680125428953104,-483.6501416815086,-113.63442610682407,3.5455,0.56,0.42,0.32,0.612,strengthened
2025-08-19,2891.178783449569,2904.42878644818,2891.0829099205744,2895.9794921875,2650784,yfinance:TCS.NS,2026-08-05T14:32:45.912639,0.166,-0.6587,-0.809,-1.893,2888993.0,2712773.0,0.9175,0.9771,normal,13.35,0.4608,0.0,0.0,34.87,37.94,0.6193,0.7821,34756.69921875,0.0833214763565702,-0.38718466041460753,0.4,53.14178207894035,53.71094492344588,-980.7980275906318,513.8633371974976,1.1739,0.08,0.46,0.08,0.508,mixed
2025-08-20,2890.890836056874,2979.7039520714934,2890.890836056874,2975.095458984375,4952358,yfinance:TCS.NS,2026-08-05T14:32:45.912639,2.9128,2.5246,2.0821,1.1326,3207818.0,2800489.0,1.5438,1.7684,spike,88.81,2.9852,-5.09,-0.1757,39.29,42.79,1.1613,0.9677,35690.05078125,0.08335923860739813,-0.44558288343918434,0.4,58.63322024105945,53.52756560514056,1381.0021618172989,22.423738844919463,1.0833,0.04,0.52,0.18,0.534,mixed
2025-08-21,3005.2440729447403,3005.2440729447403,2960.2135127082415,2978.936279296875,3230726,yfinance:TCS.NS,2026-08-05T14:32:45.912639,-0.8754,3.0354,2.187,2.3184,3424330.0,2865881.0,0.9435,1.1273,normal,45.03,1.5116,30.15,1.0134,45.26,42.93,1.1483,0.9704,35723.8984375,0.08338777148044496,-0.4928083879873681,0.4,49.57216935761176,53.97344136209102,-866.055258162113,-389.46494838904266,0.96,-0.0204,0.54,0.12,0.5239,mixed
2025-08-22,2962.997485687316,2972.310813922428,2928.4323821601793,2932.27294921875,1593791,yfinance:TCS.NS,2026-08-05T14:32:45.912639,-1.0369,1.2532,1.0489,0.2297,3074654.0,2798832.0,0.5184,0.5694,dry,43.88,1.4964,-15.94,-0.535,48.3,44.02,1.1539,0.984,35440.8515625,0.0827370906719801,-1.374479936834291,0.15,53.672030060708096,53.32017404369164,-543.0459223148425,598.0985288242516,0.1951,-0.6735,0.46,-0.02,0.3473,weakened
2025-08-25,2964.246022642929,3026.3671543415535,2954.4526225152476,3015.421630859375,3448370,yfinance:TCS.NS,2026-08-05T14:32:45.912639,1.7264,1.3555,4.2973,3.4317,3175206.0,2842805.0,1.086,1.213,normal,71.91,2.3849,31.97,1.0904,58.36,44.72,1.2784,1.0273,36280.1015625,0.08311502727368847,-0.7266556733372553,0.25,42.58886158352584,51.5216126643691,727.387687628702,-192.30586610850412,1.7778,0.28,0.5,0.12,0.568,strengthened
2025-08-26,3004.283667485289,3035.968346624635,2995.6423913563763,3031.359619140625,5522097,yfinance:TCS.NS,2026-08-05T14:32:45.912639,0.9012,1.7598,4.6748,3.8279,3749468.0,2950186.0,1.4728,1.8718,elevated,40.33,1.3303,-11.14,-0.3694,63.75,45.16,1.3014,1.0133,36063.19921875,0.08405686918548698,0.6894333795073704,0.8,62.40752346328652,53.374760941238335,-101.75139488690218,-370.8631714336196,0.2195,-0.64,0.32,-0.04,0.296,deteriorated
2025-08-28,3019.646194165862,3021.08640697707,2963.4778945287544,2970.390869140625,3116051,yfinance:TCS.NS,2026-08-05T14:32:45.912639,-1.6312,1.2999,-0.1581,1.9207,3382207.0,2866723.0,0.9213,1.087,normal,57.61,1.9394,-11.71,-0.3864,59.57,47.21,1.4244,1.0189,35488.80078125,0.08369938695448928,0.08706472379444398,0.55,36.55379918305562,48.958876729637566,1528.1321131436516,454.938343154745,0.3611,-0.4694,0.3,-0.08,0.3181,weakened
2025-08-29,2969.7184911417403,2990.841610057071,2954.548204311535,2961.749267578125,2271789,yfinance:TCS.NS,2026-08-05T14:32:45.912639,-0.2683,-1.7799,-0.577,1.5974,3190420.0,2836306.0,0.7121,0.801,dry,36.29,1.2254,-0.67,-0.0226,57.82,47.01,1.4282,1.018,35181.25,0.08418544729303606,0.7750779684922435,0.8,49.02483531928631,48.84940992197248,438.0742569517034,899.1711568156211,0.9231,-0.04,0.28,-0.18,0.386,weakened
2025-09-01,2966.8380558481663,3006.2999761800884,2966.8380558481663,2988.537353515625,1246862,yfinance:TCS.NS,2026-08-05T14:32:45.912639,0.7314,-1.4126,1.9188,2.9878,3121034.0,2750231.0,0.3995,0.4534,dry,39.46,1.3204,5.09,0.1718,56.63,47.81,1.4353,1.0269,35740.6484375,0.08361732324867323,-0.28958153938355136,0.45,42.77900816558087,46.670805542947036,186.31114479185305,-1276.026827513494,4.5556,0.64,0.38,0.02,0.582,strengthened
2025-09-02,2996.698656186325,3029.247369338668,2979.416103841445,2987.481201171875,2185229,yfinance:TCS.NS,2026-08-05T14:32:45.912639,-0.3076,0.5754,-0.9266,3.3309,2868406.0,2756800.0,0.7618,0.7927,dry,49.83,1.668,8.16,0.2731,47.78,49.41,1.3732,1.0098,35737.8984375,0.08359420480184399,-0.37812041711277783,0.4,44.43053253428176,47.03913973309822,1482.9097566144694,1305.955892366354,1.381,0.16,0.38,0.1,0.494,mixed
2025-09-03,3005.1475613511693,3016.6692623196923,2964.917715899919,2974.0390625,1799774,yfinance:TCS.NS,2026-08-05T14:32:45.912639,-1.0352,0.415,-1.8909,2.6954,2123941.0,2720826.0,0.8474,0.6615,dry,51.75,1.7401,17.67,0.5913,50.06,48.34,1.4309,1.0111,35474.94921875,0.08383490682850916,0.08365244230211247,0.55,32.88367415243575,41.13436987092806,-929.9710458171193,442.5955930068305,2.3333,0.4,0.46,0.12,0.576,strengthened
2025-09-04,2991.8017155695825,2993.721999084069,2967.6061901689773,2972.310791015625,1481391,yfinance:TCS.NS,2026-08-05T14:32:45.912639,-0.6515,-0.543,0.0646,-0.0936,1797009.0,2698496.0,0.8244,0.549,dry,26.12,0.8786,17.76,0.5973,41.71,49.12,1.0485,1.0172,35143.1015625,0.08457736109971796,1.3719464364330383,0.95,44.381549446007384,42.699919923518415,958.7214440890531,825.7322127236478,0.6129,-0.24,0.46,0.32,0.468,mixed
2025-09-05,2973.655259644998,2979.703965451406,2907.885546409113,2926.80029296875,2802055,yfinance:TCS.NS,2026-08-05T14:32:45.912639,-1.5757,-2.0312,-1.18,-1.7502,1903062.0,2764244.0,1.4724,1.0137,elevated,71.82,2.4538,1.34,0.0452,48.81,51.72,1.1165,1.045,34635.8515625,0.08450204516229007,1.2520775741610364,0.85,28.608965386968347,38.61674593705482,-898.6042355701348,-322.71864357284477,1.0,0.0,0.44,0.04,0.48,mixed
2025-09-08,2928.4323632618416,2942.7383816988513,2895.7875434746607,2898.66796875,2626187,yfinance:TCS.NS,2026-08-05T14:32:45.912639,-1.0164,-2.5343,-3.0071,-1.146,2178927.0,2768400.0,1.2053,0.9486,elevated,46.95,1.6197,1.63,0.0558,49.29,51.95,1.115,1.0549,34310.44921875,0.08448353299804462,1.1700080593589128,0.8,54.28640126920666,40.91822455777998,346.1425421330751,-186.96602538432302,0.8148,-0.102,0.4,0.08,0.4476,weakened
2025-09-09,2911.2459361835313,2938.0337976334035,2909.997705008497,2927.856201171875,2489301,yfinance:TCS.NS,2026-08-05T14:32:45.912639,0.5706,-1.4956,-1.9958,-2.9039,2239742.0,2754758.0,1.1114,0.9036,elevated,28.04,0.9576,12.58,0.4339,47.2,53.81,0.9236,1.0631,35255.94921875,0.08304573457959168,-1.294193634952734,0.1,51.40366049427972,42.31285014977957,2103.416416192054,-1590.208684999719,2.125,0.36,0.44,0.08,0.556,strengthened
2025-09-10,2934.5773210773896,2998.2347696750494,2931.696895660388,2986.041015625,2079428,yfinance:TCS.NS,2026-08-05T14:32:45.912639,1.7537,2.0241,0.4036,-1.495,2295672.0,2764519.0,0.9058,0.7522,normal,66.54,2.2283,6.72,0.2296,50.93,52.49,1.0852,1.1038,36183.80078125,0.0825242498342609,-1.9561412383873642,0.05,40.264190854966294,43.78895349028568,-106.20639436987612,853.2149795067467,3.1667,0.52,0.6,0.08,0.652,strengthened
2025-09-11,3013.885194748687,3013.885194748687,2986.137189714118,2999.675048828125,2263446,yfinance:TCS.NS,2026-08-05T14:32:45.912639,-0.4715,3.4846,0.9206,0.9859,2452083.0,2709779.0,0.9231,0.8353,normal,27.75,0.925,27.84,0.9325,51.27,51.26,0.99,1.1066,36003.5,0.08331620672512742,-0.5133983333526037,0.3,47.618309150864164,44.43630543125703,-257.06533906364626,-347.9406766841463,0.8519,-0.08,0.52,0.1,0.502,mixed
2025-09-12,3018.685652923867,3023.198272253378,2996.602392740264,3008.508056640625,1447167,yfinance:TCS.NS,2026-08-05T14:32:45.912639,-0.3372,2.7546,2.7917,1.5788,2181106.0,2674729.0,0.6635,0.5411,dry,26.6,0.884,19.01,0.6338,42.23,49.56,0.9906,1.1074,36110.75,0.08331336393291817,-0.4599076770874124,0.3,47.97117968727545,48.30874829131846,-2188.61407368411,369.93199678515543,1.1364,0.0638,0.66,0.16,0.5928,strengthened
2025-09-15,3009.0844623500607,3009.0844623500607,2972.5990732086116,2987.865234375,1732539,yfinance:TCS.NS,2026-08-05T14:32:45.912639,-0.7052,0.0611,3.0772,-0.0225,2002376.0,2594248.0,0.8652,0.6678,dry,36.49,1.2211,0.58,0.0192,40.13,45.44,0.9378,1.1137,35902.19921875,0.08322234568891203,-0.6112524098559168,0.25,55.018898324605374,48.455247702398204,-1062.6042854762184,641.4281184961063,0.4286,-0.4,0.6,0.08,0.468,mixed
2025-09-16,3003.323408916267,3024.4465275211764,2985.176823514983,3020.31787109375,2573429,yfinance:TCS.NS,2026-08-05T14:32:45.912639,0.5659,0.6882,3.158,1.0991,2019202.0,2575639.0,1.2745,0.9991,elevated,39.27,1.3002,15.46,0.5174,40.11,45.37,0.9846,1.1086,36212.1484375,0.08340620486262056,-0.28001262427511214,0.55,46.23228660936269,47.4209729254148,-823.1988412194269,858.0820119594699,4.0,0.6,0.68,0.1,0.702,strongly_participatory
2025-09-17,3026.367137231914,3055.55535595913,3017.149681628776,3046.338134765625,2418271,yfinance:TCS.NS,2026-08-05T14:32:45.912639,0.6599,1.2574,2.0193,2.431,2086970.0,2564013.0,1.1587,0.9432,elevated,38.41,1.2607,6.05,0.2003,33.72,43.26,0.988,1.0376,36447.1484375,0.08358234499441078,0.007643563541931685,0.55,48.215086711956246,49.011152096812786,738.4660112416041,540.7457666325736,1.7778,0.28,0.72,0.22,0.666,strengthened
2025-09-18,3058.051743641503,3075.334296666793,3035.392302577828,3050.08251953125,2633138,yfinance:TCS.NS,2026-08-05T14:32:45.912639,-0.2606,2.0823,1.6804,2.6165,2160909.0,2448052.0,1.2185,1.0756,elevated,39.94,1.3095,11.71,0.3845,36.14,43.52,0.9722,1.037,36750.25,0.08299487811732573,-0.9785411956270543,0.15,49.66706246358042,49.42090275935603,1916.5027742351253,-232.05460752714515,2.5,0.4286,0.8,0.24,0.7297,strongly_participatory
2025-09-19,3043.6495079786732,3053.730996885227,3018.685821162444,3042.88134765625,4901694,yfinance:TCS.NS,2026-08-05T14:32:45.912639,-0.0252,0.7471,1.1425,3.9661,2851814.0,2531600.0,1.7188,1.9362,spike,35.05,1.1517,-6.43,-0.2109,37.83,42.84,0.8191,1.0219,36578.25,0.08318827028784181,-0.6210850632954267,0.3,31.666121052605675,46.15989103242208,379.12390469970796,451.1861775691037,0.6667,-0.2,0.8,0.26,0.606,strengthened
2025-09-22,2971.6388949892716,2983.06448873766,2942.8346407567424,2951.283935546875,3634901,yfinance:TCS.NS,2026-08-05T14:32:45.912639,-0.685,-3.1203,-1.2243,1.8152,3232287.0,2633656.0,1.1246,1.3802,elevated,40.23,1.3631,-71.24,-2.3413,50.54,46.43,0.7756,1.0081,35500.1484375,0.08313441113472457,-0.778294024636454,0.25,39.98703992084067,43.15351935166914,881.9648840132921,251.87355160294544,0.5625,-0.28,0.72,0.1,0.542,mixed
2025-09-23,2947.6353061603577,2957.9087764692863,2930.352753876681,2940.338134765625,3177741,yfinance:TCS.NS,2026-08-05T14:32:45.912639,-0.2476,-3.5981,-2.6481,0.4263,3353149.0,2620124.0,0.9477,1.2128,normal,27.56,0.9372,-3.65,-0.1236,48.2,44.7,0.7643,1.007,35249.1015625,0.08341597386679847,-0.3066514783535685,0.5,45.75119765691236,43.057301561179074,-537.9887070817856,699.2066159866188,0.6129,-0.24,0.58,0.08,0.492,mixed
2025-09-24,2928.432470591566,2935.153463147022,2912.1100600997443,2914.414306640625,1625714,yfinance:TCS.NS,2026-08-05T14:32:45.912639,-0.4787,-4.2219,-4.3306,-2.3987,3194638.0,2425305.0,0.5089,0.6703,dry,23.04,0.7907,-11.91,-0.4049,46.16,44.85,0.4741,1.0084,34994.30078125,0.08328254148750337,-0.4856019793318765,0.35,62.38149221479618,45.89058266174706,1526.3448403293355,-92.19098989838463,0.4706,-0.36,0.62,0.1,0.486,mixed
2025-09-25,2901.548445826189,2908.845617084501,2833.3783797594588,2839.523193359375,4974361,yfinance:TCS.NS,2026-08-05T14:32:45.912639,-2.1377,-3.7869,-6.9034,-5.339,3662882.0,2518221.0,1.358,1.9753,elevated,75.47,2.6577,-12.87,-0.4415,54.38,45.51,0.7768,1.0742,34548.30078125,0.08218995230296353,-2.066617898864677,0.05,53.12674289013608,46.582518747058195,1127.0035239969677,1014.0341073955449,0.225,-0.6327,0.52,-0.12,0.3695,weakened
2025-09-26,2823.7769658283983,2837.026969231378,2776.057966398974,2783.547119140625,3934636,yfinance:TCS.NS,2026-08-05T14:32:45.912639,-1.4247,-5.3324,-8.5227,-7.4775,3469471.0,2601363.0,1.1341,1.5125,elevated,60.97,2.1903,-15.75,-0.5545,60.07,46.69,0.8456,1.0973,33702.0,0.08259293570531794,-1.2762705410152484,0.15,43.430568081737626,48.935408152884584,413.0922482503935,1375.8121992055871,0.1111,-0.8,0.46,-0.28,0.296,deteriorated
2025-09-29,2799.7732301976,2812.5431618400235,2778.6501125486475,2780.66650390625,3110035,yfinance:TCS.NS,2026-08-05T14:32:45.912639,-0.6824,-4.5892,-5.7811,-6.9347,3364497.0,2694522.0,0.9244,1.1542,normal,33.89,1.2189,16.23,0.5829,46.84,46.3,0.8449,1.1002,33693.1015625,0.08252925302077553,-1.239454687477458,0.15,55.39706946330215,52.01741406137688,-476.91516582881485,-349.28550119548663,0.9231,-0.04,0.44,-0.22,0.446,weakened
2025-09-30,2794.9724895498107,2799.101145742985,2770.1049132760872,2773.273193359375,2253458,yfinance:TCS.NS,2026-08-05T14:32:45.912639,-0.7764,-2.3331,-5.6818,-8.1794,3179641.0,2697933.0,0.7087,0.8353,dry,29.0,1.0456,14.31,0.5145,47.12,43.34,0.7646,1.0913,33655.1015625,0.08240275811407678,-1.2849285953976735,0.1,48.47704295936139,52.56258312186668,335.1177762474505,-192.2269839898008,1.1304,0.0612,0.44,-0.12,0.4762,mixed
2025-10-01,2775.770165499064,2808.223007812976,2752.342797471782,2798.04541015625,1952902,yfinance:TCS.NS,2026-08-05T14:32:45.912639,0.8025,0.5209,-3.9929,-8.1505,3245078.0,2705590.0,0.6018,0.7218,dry,55.88,1.9971,2.5,0.09,52.65,45.35,0.7917,1.1052,33905.19921875,0.0825255558035151,-0.9987406037362337,0.2,42.82450577835541,48.65118583457853,35.74696586281716,-327.54351433268135,3.1667,0.52,0.52,-0.06,0.606,strengthened
2025-10-03,2807.454578770542,2807.454578770542,2775.8660078142957,2786.2353515625,2899519,yfinance:TCS.NS,2026-08-05T14:32:45.912639,-0.7558,0.2003,-1.8766,-8.6505,2830110.0,2776496.0,1.0245,1.0443,normal,31.59,1.1337,9.41,0.3363,42.76,45.7,0.7841,0.9394,33949.75,0.08206939230958991,-1.558431557588796,0.05,51.147883083374,48.25541387322612,-385.73665545517537,-4.224630810806018,1.381,0.16,0.56,0.02,0.558,strengthened
2025-10-06,2786.331441741774,2874.2805224330996,2780.18662812204,2869.28759765625,2112774,yfinance:TCS.NS,2026-08-05T14:32:45.912639,2.9773,3.4621,3.0803,-5.7049,2465738.0,2742032.0,0.8569,0.7705,dry,94.09,3.2793,0.1,0.0034,48.89,49.82,1.3883,1.1092,34722.55078125,0.0826347008816429,-0.6312977616036091,0.4,56.39642172255468,50.848584601389526,1817.741961423047,314.9444885686305,1.6316,0.24,0.56,0.08,0.58,strengthened
2025-10-07,2875.624650921264,2884.745997894136,2837.699050349848,2855.173583984375,3062943,yfinance:TCS.NS,2026-08-05T14:32:45.912639,-0.7112,2.0417,2.6795,-3.2566,2456319.0,2763870.0,1.247,1.1082,elevated,47.05,1.6478,6.34,0.2209,51.52,50.37,1.389,1.1022,34709.44921875,0.08225925931552996,-1.3267741046258856,0.15,43.718118307515454,48.512794370232186,1966.8617516726024,1299.0320990050598,0.7857,-0.12,0.62,0.04,0.528,mixed
2025-10-08,2856.4219038307547,2921.711547346886,2849.7009111158586,2906.541259765625,4121889,yfinance:TCS.NS,2026-08-05T14:32:45.912639,1.7546,4.3179,4.8054,-1.1494,2830005.0,2845499.0,1.4565,1.4486,elevated,72.01,2.4775,1.25,0.0437,60.12,52.77,1.5404,1.1039,35232.25,0.08249661204622541,-0.7526552377215442,0.25,58.539152525074606,50.525216283374824,226.714277801613,928.3861561425374,0.4706,-0.36,0.62,-0.08,0.468,mixed
2025-10-09,2913.070135429991,2943.794672125363,2899.628150625765,2939.666015625,3211304,yfinance:TCS.NS,2026-08-05T14:32:45.912639,0.913,2.4528,5.0614,0.8664,3081686.0,2902093.0,1.0421,1.1065,normal,44.17,1.5024,6.53,0.2246,57.78,53.08,1.5693,1.1043,35628.5,0.08250883465834935,-0.7244179839497609,0.3,49.5807968375392,51.87647449521158,-493.8752020747251,1249.3744761069297,4.5556,0.64,0.72,0.04,0.72,strongly_participatory
2025-10-10,2928.432196055488,2947.635030127983,2887.049994865423,2907.59716796875,8817365,yfinance:TCS.NS,2026-08-05T14:32:45.912639,-0.7115,1.8361,4.3558,2.3974,4265255.0,3229789.0,2.0673,2.73,spike,60.59,2.0837,-11.23,-0.3821,63.58,54.9,1.4107,1.0751,35609.05078125,0.0816533185855027,-2.0981892953620727,0.05,64.60208698100212,54.56731527473721,2175.3281712575463,-856.1885754757318,2.3333,0.4,0.78,0.12,0.704,strongly_participatory
2025-10-13,2906.349233459963,2914.5104387736105,2878.6971026918,2887.33837890625,2866865,yfinance:TCS.NS,2026-08-05T14:32:45.912639,-0.6541,-0.6607,0.6291,3.7287,4416073.0,3300774.0,0.6492,0.8685,dry,35.81,1.2404,-1.25,-0.0429,51.92,50.31,1.3348,1.0788,35330.80078125,0.08172298150792427,-1.713653399427979,0.1,49.58328626770118,53.20468818376651,2727.070920782692,751.2113612814544,0.5625,-0.28,0.74,0.08,0.548,mixed
2025-10-14,2900.5884226064827,2906.5412549765147,2837.699133735008,2842.307861328125,3611416,yfinance:TCS.NS,2026-08-05T14:32:45.912639,-2.0093,-3.3119,-0.4506,2.2168,4525768.0,3394718.0,0.798,1.0638,dry,68.84,2.4221,13.25,0.4589,56.28,53.26,1.4908,1.1158,35214.8515625,0.08071332790608365,-2.6369609576840833,0.05,42.78865597108441,53.018795716480305,-536.814841652521,996.0245058992475,0.5625,-0.28,0.68,0.0,0.516,mixed
2025-10-15,2863.220385125294,2871.6047262713414,2843.9459294866183,2862.06396484375,4282226,yfinance:TCS.NS,2026-08-05T14:32:45.912639,-0.0404,-1.566,-1.5302,3.2017,4557835.0,3480158.0,0.9395,1.2305,normal,27.66,0.9664,20.91,0.7358,47.74,53.34,1.4616,1.1164,35401.80078125,0.08084515198898008,-2.064887052903266,0.1,44.12891332756543,50.136747876978475,449.91368104672756,-250.6266523640612,3.5455,0.56,0.74,0.08,0.716,strongly_participatory
2025-10-16,2862.160371154854,2867.0754517571395,2836.332787245134,2862.931396484375,3251495,yfinance:TCS.NS,2026-08-05T14:32:45.912639,0.0269,-0.8453,-2.6103,2.319,4565873.0,3521819.0,0.7121,0.9232,dry,30.74,1.0738,0.1,0.0034,45.06,49.74,1.444,1.1074,35531.05078125,0.08057547788581489,-2.0692054492733285,0.05,45.43722153444544,49.30803281635972,-207.20157196165292,517.9497209475861,6.1429,0.72,0.78,0.26,0.782,strongly_participatory
2025-10-17,2862.256586509825,2880.3746213869317,2848.1861401528254,2854.739501953125,4374683,yfinance:TCS.NS,2026-08-05T14:32:45.912639,-0.2626,0.4374,-1.8179,2.4587,3677337.0,3608896.0,1.1896,1.2122,elevated,32.19,1.1275,-0.67,-0.0236,39.38,47.51,1.4205,1.1043,34950.69921875,0.08167903835301936,-0.6608755116112978,0.25,51.39332757121533,46.666280934402366,-328.33335165890725,674.8084071150225,1.7778,0.28,0.82,0.36,0.72,strongly_participatory
2025-10-20,2877.1943748710046,2913.333979311689,2870.4483153754104,2905.81689453125,3133039,yfinance:TCS.NS,2026-08-05T14:32:45.912639,0.9948,1.5287,0.64,1.2731,3730572.0,3520463.0,0.8398,0.89,dry,42.89,1.4759,22.45,0.7866,43.93,49.27,1.075,1.0934,35292.6015625,0.08233501543900955,0.19867710600291455,0.5,47.805163261912135,46.31065633324455,108.19194855100534,1045.1122057693415,1.9412,0.32,0.84,0.44,0.744,strongly_participatory
2025-10-21,2921.1404673344027,2921.815026282457,2887.3137006926995,2897.62548828125,310644,yfinance:TCS.NS,2026-08-05T14:32:45.912639,-0.805,1.2118,1.9462,1.4868,3070417.0,3354250.0,0.1012,0.0926,dry,34.5,1.1907,15.32,0.5273,37.06,49.67,1.0816,1.088,35299.75,0.08208628923097898,-0.05242383068580648,0.4,65.13816286889491,50.78055771280665,-610.5601159173704,-720.693593620023,1.6316,0.24,0.84,0.16,0.7,strongly_participatory
2025-10-23,2944.1731825516827,2985.613263353556,2925.958915568601,2961.712890625,5564758,yfinance:TCS.NS,2026-08-05T14:32:45.912639,0.5957,3.7472,3.4817,1.8982,3326924.0,3473601.0,1.6726,1.602,spike,59.65,2.0142,46.55,1.6064,48.8,51.96,0.9121,1.0886,36078.6484375,0.08209046122544346,0.04451506500984583,0.45,51.49058935739226,52.25289291877201,-590.4727108896619,449.82555514667456,1.0833,0.04,0.88,0.56,0.716,strongly_participatory
2025-10-24,2968.2662739630537,2977.9035021252716,2947.3535359078196,2952.07568359375,2684318,yfinance:TCS.NS,2026-08-05T14:32:45.912639,-0.5455,1.5919,3.1137,0.4221,3213488.0,3526532.0,0.8353,0.7612,dry,30.55,1.0349,6.55,0.2213,48.76,51.89,0.8279,1.0327,35986.3515625,0.08203320301772395,0.057213452333598216,0.35,48.3040278253456,52.82625417695205,1472.0349278692756,-667.5962628210435,0.5625,-0.28,0.86,0.08,0.596,strengthened
2025-10-27,2955.2558763824863,2981.95095007438,2949.184375870237,2972.98828125,1946312,yfinance:TCS.NS,2026-08-05T14:32:45.912639,0.6,2.6008,4.1422,2.249,2727814.0,3375129.0,0.7135,0.5767,dry,32.77,1.1021,3.18,0.1077,48.88,47.51,0.8658,1.0409,36129.1015625,0.082287910650283,0.45252268516434735,0.6,39.81765947841276,50.51112055839153,263.3999271233485,82.36497458431197,2.8462,0.48,0.84,0.26,0.758,strongly_participatory
2025-10-28,2964.4114953280427,2978.096312781555,2929.9101701396817,2946.968017578125,3470737,yfinance:TCS.NS,2026-08-05T14:32:45.912639,-0.5884,-0.4978,1.4162,2.0652,2795354.0,3351934.0,1.2416,1.0354,elevated,48.19,1.6351,-8.58,-0.2885,46.8,47.59,0.8622,1.0435,35860.3984375,0.082178897780913,0.3196713058467182,0.55,45.94098770061324,50.13828544613175,231.04795204671046,202.65272728633107,0.5625,-0.28,0.84,0.18,0.598,strengthened
2025-10-29,2946.96788369373,2964.4113606511696,2935.596142774,2946.678955078125,2895420,yfinance:TCS.NS,2026-08-05T14:32:45.912639,-0.0098,-0.1828,1.6929,3.6721,3312309.0,3341203.0,0.8741,0.8666,dry,28.82,0.9779,-0.0,-0.0,45.66,44.5,0.5838,1.0385,36090.1015625,0.08164784324519384,-0.4759850345169171,0.2,34.651327408979284,44.04091835414863,-1539.0992728519504,158.14584096420222,1.9412,0.32,0.8,0.32,0.716,strongly_participatory
2025-10-30,2938.487165302022,2952.653842834952,2922.778437237614,2925.187744140625,2241536,yfinance:TCS.NS,2026-08-05T14:32:45.912639,-0.4526,-1.6078,-1.2332,2.2055,2647665.0,3340607.0,0.8466,0.671,dry,29.88,1.0213,-8.19,-0.278,34.04,43.48,0.601,1.0316,35906.3984375,0.08146703293654792,-0.6983286078873332,0.2,51.19378498084223,43.981557478838624,286.49405653783685,1573.8595013226761,0.3514,-0.48,0.76,0.08,0.516,mixed
2025-10-31,2924.898585437403,2956.1231088421955,2915.357824198127,2947.064208984375,1868085,yfinance:TCS.NS,2026-08-05T14:32:45.912639,0.7578,0.0033,-0.1698,2.9387,2484418.0,3336366.0,0.7519,0.5599,dry,40.77,1.3833,-0.29,-0.0099,36.08,42.07,0.6529,1.0344,35712.3515625,0.0825222669480819,1.042349974080662,0.95,53.17756751762193,44.95626541729389,-291.04596911569837,227.76915515795847,0.2821,-0.56,0.74,0.1,0.494,mixed
2025-11-03,2936.3668007969727,2947.0642176101555,2900.805524854993,2907.35888671875,2194877,yfinance:TCS.NS,2026-08-05T14:32:45.912639,-0.9879,-1.3344,-2.2075,1.8432,2534131.0,3301134.0,0.8661,0.6649,dry,46.26,1.5911,-10.7,-0.363,38.78,42.81,0.7251,1.0453,35653.1015625,0.08154574943843639,-0.5225112064576843,0.25,38.19387469598127,44.631508460807595,54.94643902610257,425.6426630413245,1.1739,0.08,0.72,0.02,0.606,strengthened
2025-11-04,2910.0577150577624,2919.405779977123,2868.039303195767,2881.72412109375,2670720,yfinance:TCS.NS,2026-08-05T14:32:45.912639,-0.9736,-1.4858,-2.2139,-0.8291,2374128.0,3329032.0,1.1249,0.8023,elevated,51.37,1.7825,2.7,0.0928,39.42,41.56,0.6774,1.0546,35274.55078125,0.08169414088259673,-0.21115551777641167,0.45,36.28500095832144,42.70031111234923,1011.6910518786607,1943.1963029273948,0.3158,-0.52,0.64,-0.04,0.448,weakened
2025-11-06,2881.627848230561,2914.2979594160083,2881.531381829982,2901.673095703125,2542721,yfinance:TCS.NS,2026-08-05T14:32:45.912639,0.6956,-1.5402,-1.5273,0.1397,2303588.0,3303020.0,1.1038,0.7698,elevated,32.77,1.1292,-0.1,-0.0033,40.21,41.81,0.7042,1.0635,35337.6015625,0.08211290431160329,0.5247619540352176,0.7,56.37678642089723,47.04540291473282,-496.35074191038706,384.2243028605593,0.5152,-0.32,0.58,-0.02,0.466,mixed
2025-11-07,2892.1323165785257,2895.0234851722394,2853.101540563387,2883.26611328125,1830520,yfinance:TCS.NS,2026-08-05T14:32:45.912639,-0.3066,-0.8287,-1.4331,-2.6487,2221385.0,3188452.0,0.824,0.5741,dry,41.92,1.454,-9.54,-0.3288,43.95,43.09,0.6631,1.0637,35117.6484375,0.08210305192879559,0.559415895274552,0.7,61.47142153166295,49.10093022489697,649.0988342444696,-111.74453579689883,1.6316,0.24,0.6,-0.16,0.572,strengthened
2025-11-10,2884.422275161144,2937.3305615709287,2883.4585523829414,2915.4541015625,1556656,yfinance:TCS.NS,2026-08-05T14:32:45.912639,1.0758,1.1705,-1.0726,-1.2405,2159099.0,3105720.0,0.721,0.5012,dry,53.87,1.8478,1.16,0.0401,46.61,44.65,0.7558,1.086,35688.25,0.08169226850749196,-0.10696740871819312,0.45,47.691932243994344,48.00380317017145,1585.783766454507,1493.6066866269027,1.7778,0.28,0.62,0.0,0.604,strengthened
2025-11-11,2934.5359333014544,2944.847720230334,2908.5154176367123,2936.46337890625,2806868,yfinance:TCS.NS,2026-08-05T14:32:45.912639,0.0657,1.199,1.0011,-1.2286,2281497.0,2805195.0,1.2303,1.0006,elevated,36.33,1.2373,19.08,0.6545,44.62,43.06,0.7254,1.0172,36116.8984375,0.08130441721034756,-0.7882845395226151,0.2,46.61898160047344,49.68882455106988,784.5207431072055,2239.337652025387,4.0,0.6,0.6,0.04,0.664,strengthened
2025-11-12,2948.991669923252,3022.619995280987,2946.1969680097523,3018.18701171875,4460315,yfinance:TCS.NS,2026-08-05T14:32:45.912639,2.3464,4.6794,4.7355,2.4167,2639416.0,2884867.0,1.6899,1.5461,spike,76.42,2.5321,12.53,0.4266,51.58,46.75,1.0252,1.0727,36855.3984375,0.08189267080742708,0.2802796634585177,0.55,55.069279499893376,53.44568025938427,-48.149815663688045,-157.26954345679925,2.125,0.36,0.64,0.26,0.654,strengthened
2025-11-13,3018.1871954349617,3018.2834265472866,2989.4682081451956,2993.033935546875,1740435,yfinance:TCS.NS,2026-08-05T14:32:45.912639,-0.8334,2.661,3.1486,1.5731,2478959.0,2791318.0,0.7021,0.6235,dry,28.82,0.9627,0.0,0.0,50.79,42.52,1.0776,1.0768,36679.5,0.08159963836875843,-0.378656598411914,0.3,53.21858302730736,52.81403958066629,528.4778378142761,473.5613346916894,0.6129,-0.24,0.62,0.1,0.51,mixed
2025-11-14,2977.9034333434784,3000.1655239975616,2965.6642009169345,2993.322998046875,2210794,yfinance:TCS.NS,2026-08-05T14:32:45.912639,0.5178,1.9363,3.8171,2.3293,2555014.0,2687747.0,0.8653,0.8225,dry,34.5,1.1526,-15.13,-0.5055,47.97,42.8,1.062,1.0675,36301.25,0.0824578491938122,1.2950880317069253,0.95,35.388862744126,47.597527823158906,1343.0734254415747,-847.4171765628878,1.2727,0.12,0.62,0.02,0.574,strengthened
2025-11-17,2993.323082448971,3010.188231818854,2974.626953832486,2989.660888671875,2232853,yfinance:TCS.NS,2026-08-05T14:32:45.912639,-0.1223,-0.9451,2.5453,1.4454,2690253.0,2636815.0,0.83,0.8468,dry,35.56,1.1895,0.0,0.0,44.27,43.0,1.0503,1.0603,36375.19921875,0.08218953993056954,0.7016949054430375,0.8,42.99549838792377,46.658241051944785,26.543906378395558,-939.6375660279734,2.5714,0.44,0.66,0.14,0.666,strengthened
2025-11-18,2989.4682629851,2992.3594315179676,2966.338914722159,2975.10888671875,2548350,yfinance:TCS.NS,2026-08-05T14:32:45.912639,-0.4803,-0.5989,1.3161,2.3303,2638549.0,2545498.0,0.9658,1.0011,normal,26.02,0.8746,-0.19,-0.0064,42.21,41.42,1.0004,1.0539,35975.19921875,0.08269888565809931,1.8509422147420984,1.0,51.16642826749927,47.567730385349954,231.92366589002643,557.2247165266476,0.2821,-0.56,0.6,0.04,0.432,weakened
2025-11-19,2984.6495543039355,3040.5454775036865,2971.639296317787,3033.51025390625,3151053,yfinance:TCS.NS,2026-08-05T14:32:45.912639,1.6371,1.3426,0.5077,5.2672,2376697.0,2546399.0,1.3258,1.2375,elevated,68.91,2.2715,9.54,0.3207,38.76,44.28,1.0012,0.9509,37044.6484375,0.08188794824235535,-0.23348907074490133,0.4,51.95224149026191,46.94432278342366,-660.3704762851204,442.69325918412284,1.5789,0.2245,0.6,0.1,0.5949,strengthened
2025-11-20,3033.799686533007,3049.701114369028,3024.2589239449585,3030.7158203125,2700767,yfinance:TCS.NS,2026-08-05T14:32:45.912639,-0.1017,1.3732,1.259,4.4472,2568763.0,2665905.0,1.0514,1.0131,normal,25.44,0.8395,0.29,0.0095,38.09,43.97,1.012,0.9405,37043.30078125,0.08181549042321143,-0.39147169385769076,0.4,50.08539012659126,46.31768420328044,1617.8789398571482,-658.1454741665541,1.45,0.1837,0.7,0.2,0.6367,strengthened
2025-11-21,3030.715292741771,3055.001058516103,3021.463460406849,3036.304931640625,4177037,yfinance:TCS.NS,2026-08-05T14:32:45.912639,0.1844,2.0569,1.4359,5.3078,2962012.0,2596519.0,1.4102,1.6087,elevated,33.54,1.1046,-0.0,-0.0,37.89,43.45,0.9866,0.8856,36885.3515625,0.08231736456397304,0.9088252495288364,0.85,43.59755876923664,47.95942340830257,-16.361591515075837,1214.6824709390717,0.6129,-0.24,0.56,0.04,0.48,mixed
2025-11-24,3043.4366842823783,3063.578397230728,3017.4161679823073,3027.24609375,6703764,yfinance:TCS.NS,2026-08-05T14:32:45.912639,-0.532,-0.2065,1.2572,3.8345,3856194.0,2797491.0,1.7384,2.3963,spike,46.16,1.5249,7.13,0.2349,40.01,43.44,1.0004,0.8744,37037.94921875,0.0817336315213018,-0.5846224496488763,0.4,57.381832154074914,50.8366901615328,1427.7054932407084,-1323.6612742368686,0.3514,-0.48,0.58,0.06,0.442,weakened
2025-11-25,3031.197449305625,3035.534202019235,3001.996600643867,3006.044189453125,2737920,yfinance:TCS.NS,2026-08-05T14:32:45.912639,-0.8298,-0.8141,1.0398,2.3695,3894108.0,2837071.0,0.7031,0.9651,dry,33.54,1.1157,3.95,0.1305,41.52,42.17,1.0589,0.8779,36826.8984375,0.08162631980954818,-0.7815070981226119,0.25,52.348801236755456,51.07316475538404,-926.4854630318841,546.4560385639726,0.5806,-0.2653,0.58,0.02,0.4809,mixed
2025-11-26,3005.658657913636,3062.71099952004,3003.923909850209,3048.15869140625,2508527,yfinance:TCS.NS,2026-08-05T14:32:45.912639,1.414,0.3904,0.4829,0.993,3765603.0,2788961.0,0.6662,0.8994,dry,58.79,1.9286,-0.39,-0.0128,39.49,44.03,0.8712,0.9082,37364.6015625,0.08157878216117402,-0.822037822136207,0.2,45.03508534331115,49.68973352599389,-401.702497867707,652.1765132974132,9.0,0.8,0.66,0.18,0.742,strongly_participatory
2025-11-27,3064.6384631299097,3064.6384631299097,3011.6337098367826,3022.81298828125,2836233,yfinance:TCS.NS,2026-08-05T14:32:45.912639,-1.3648,-0.1464,-0.2608,0.9949,3792696.0,2786002.0,0.7478,1.018,dry,53.0,1.7535,16.48,0.5406,45.01,44.34,0.9464,0.8648,37446.30078125,0.08072394135644032,-2.429934614228764,0.05,54.173589685186755,50.507373437712985,466.86482080895314,-80.078332371371,0.8519,-0.08,0.7,0.22,0.586,strengthened
2025-11-28,3026.089482694223,3033.12470593688,3011.6336412163846,3023.68017578125,1616690,yfinance:TCS.NS,2026-08-05T14:32:45.912639,-0.0796,0.5867,-0.4158,1.0142,3280627.0,2754759.0,0.4928,0.5869,dry,21.49,0.7108,3.28,0.1084,42.6,42.02,0.9311,0.865,37405.5,0.08083517599768082,-1.9270500861438713,0.1,25.211659034959396,46.83019349085753,-828.0706824933712,-696.8493648653916,0.7241,-0.16,0.7,0.14,0.562,strengthened
2025-12-01,3024.0655121248697,3039.5815424570487,3008.935112061614,3019.728759765625,1747647,yfinance:TCS.NS,2026-08-05T14:32:45.912639,-0.1434,-0.9327,-0.2483,1.0057,2289403.0,2748737.0,0.7634,0.6358,dry,30.65,1.0149,0.39,0.0127,39.49,41.61,0.9314,0.8657,37549.75,0.08041941050914121,-2.268937006891156,0.05,45.100472468774946,44.37392155379754,-369.57364717961786,681.1957669982193,0.8846,-0.0612,0.74,0.14,0.5978,strengthened
2025-12-02,3017.4161065078188,3029.9445029896465,3007.200550647543,3021.945556640625,2512003,yfinance:TCS.NS,2026-08-05T14:32:45.912639,0.1501,-0.0287,0.529,1.5743,2244220.0,2764594.0,1.1193,0.9086,elevated,22.74,0.7526,-2.31,-0.0766,37.33,37.08,0.9187,0.8639,37541.25,0.08049666850839077,-1.8433484848329627,0.1,39.04264084299085,41.71268947504462,51.70704260522223,702.2814556150732,0.4706,-0.36,0.72,0.06,0.522,mixed
2025-12-03,3026.089516693691,3095.3810901757683,3025.125793917674,3064.638427734375,3952112,yfinance:TCS.NS,2026-08-05T14:32:45.912639,1.2739,1.3546,0.5406,1.0261,2532937.0,2828663.0,1.5603,1.3972,spike,70.26,2.2924,4.14,0.1371,40.26,40.27,0.8531,0.8757,37825.25,0.08102096953052194,-0.9350588870212101,0.25,37.64254819423276,40.23418204522894,49.51193953233811,17.798744600803396,0.3889,-0.44,0.6,-0.02,0.45,weakened
2025-12-04,3078.13047294951,3132.0989471151875,3071.769808666434,3112.053466796875,5025905,yfinance:TCS.NS,2026-08-05T14:32:45.912639,1.1021,3.0574,2.9522,2.6838,2970871.0,2952822.0,1.6917,1.7021,spike,60.33,1.9386,13.49,0.4402,43.16,42.62,0.9199,0.8791,38360.25,0.08112703819179684,-0.6963601151552021,0.3,57.28661429902815,40.85678696799722,-687.961134764646,-989.0991226038265,3.0833,0.5102,0.62,0.14,0.664,strengthened
2025-12-05,3112.824571063191,3152.915532717371,3105.5001838412545,3120.72705078125,5244013,yfinance:TCS.NS,2026-08-05T14:32:45.912639,0.2539,3.2688,3.2096,2.7804,3696336.0,3123497.0,1.4187,1.6789,elevated,47.42,1.5194,0.77,0.0248,48.34,43.47,0.9208,0.8751,38703.6484375,0.08063134037145642,-1.3096676612351645,0.15,44.25839038950487,44.66613323890631,486.75094725200034,1550.6417422598706,4.5556,0.64,0.74,0.1,0.734,strongly_participatory
2025-12-08,3125.353065437683,3141.6398867746047,3092.2010949656524,3119.0888671875,2544725,yfinance:TCS.NS,2026-08-05T14:32:45.912639,-0.2004,1.7767,3.2904,3.0339,3855752.0,3172901.0,0.66,0.802,dry,49.44,1.585,4.63,0.1482,52.1,45.14,0.9002,0.8682,38590.69921875,0.08082488605627632,-0.9323483132418176,0.25,51.81632661778497,46.00930406870832,-457.51914045095737,190.4179755206769,0.087,-0.84,0.58,-0.1,0.354,weakened
2025-12-09,3112.824602659864,3116.390329915732,3065.794883587669,3091.911865234375,2734893,yfinance:TCS.NS,2026-08-05T14:32:45.912639,-0.6718,-0.6472,2.3153,2.8565,3900330.0,3169302.0,0.7012,0.8629,dry,50.6,1.6364,-6.26,-0.2008,58.21,44.03,0.8822,0.8758,38130.6015625,0.08108741374474283,-0.5271156086521552,0.4,48.614575128482045,47.923690925806554,74.81516291729864,1005.0474866390449,0.5625,-0.28,0.6,-0.32,0.452,mixed
2025-12-10,3108.0062080861744,3108.0062080861744,3062.807700289892,3073.5048828125,1386849,yfinance:TCS.NS,2026-08-05T14:32:45.912639,-1.1101,-1.5132,0.2893,0.8315,3387277.0,3015628.0,0.4094,0.4599,dry,45.2,1.4706,16.09,0.5205,52.56,45.44,0.8482,0.8948,37789.8984375,0.08133138774891686,-0.1311947790054559,0.5,37.73606220649144,47.942393728258295,-704.1652092433548,-274.5025853963602,0.9231,-0.04,0.56,-0.1,0.506,mixed
2025-12-11,3088.7315521574005,3092.0081155406747,3038.7144333046613,3076.106689453125,1914362,yfinance:TCS.NS,2026-08-05T14:32:45.912639,-0.4087,-1.378,-1.1551,1.763,2764968.0,3024325.0,0.6924,0.633,dry,53.29,1.7325,15.23,0.4954,49.73,46.85,0.7333,0.899,38097.0,0.08074406618508347,-0.9155446633300915,0.25,55.97013455557712,47.67909777956809,279.71000908831377,-1112.206329638189,3.0833,0.5102,0.6,-0.12,0.63,strengthened
2025-12-12,3081.696263178982,3106.078496384854,3070.131589906683,3103.669189453125,1146554,yfinance:TCS.NS,2026-08-05T14:32:45.912639,0.713,0.3803,-0.5466,2.6454,1945477.0,2971113.0,0.5893,0.3859,dry,35.95,1.1582,5.59,0.1817,47.43,46.12,0.7639,0.9012,38274.75,0.08108920866767581,-0.3405110525046281,0.5,44.0499473347095,47.63740916860902,689.2337648335795,-826.2819104974872,2.8462,0.48,0.64,0.02,0.654,strengthened
2025-12-15,3094.610369719165,3120.727116365754,3081.31094805451,3113.017333984375,1562190,yfinance:TCS.NS,2026-08-05T14:32:45.912639,0.5948,1.2856,-0.1947,3.0893,1748970.0,2937580.0,0.8932,0.5318,dry,39.42,1.2662,-9.06,-0.2919,45.43,46.54,0.7738,0.8976,38386.30078125,0.08109709116604812,-0.2568217215163707,0.55,60.00607832507448,49.27535951006692,792.3394212109696,-855.3892079450865,0.9231,-0.04,0.58,0.0,0.524,mixed
2025-12-16,3103.187500999765,3103.187500999765,3075.336005430436,3088.828125,1734623,yfinance:TCS.NS,2026-08-05T14:32:45.912639,-0.4627,0.4136,-0.0997,2.2132,1548916.0,2896893.0,1.1199,0.5988,elevated,27.85,0.9017,-9.83,-0.3158,42.31,45.03,0.7994,0.8807,38062.5,0.08115147783251231,-0.05007488767974424,0.65,54.80177393690794,50.512799271752094,74.81756105125402,691.62389479492,0.3158,-0.52,0.6,-0.06,0.43,weakened
2025-12-17,3084.3949307247763,3119.4743477745933,3084.3949307247763,3101.0673828125,1376350,yfinance:TCS.NS,2026-08-05T14:32:45.912639,0.5405,-0.0838,0.8968,1.1887,1546816.0,2808158.0,0.8898,0.4901,dry,35.08,1.1312,-4.43,-0.1435,40.28,43.75,0.7091,0.8594,38172.05078125,0.08123921349113722,0.1966013503480333,0.7,45.210782924737124,52.00774341540123,-337.2191508425196,99.36460898759832,1.0,0.0,0.54,-0.12,0.504,mixed
2025-12-18,3110.897368738883,3168.5280423912595,3104.151308769499,3161.781982421875,2307422,yfinance:TCS.NS,2026-08-05T14:32:45.912639,1.6357,1.5665,2.7852,1.5979,1625428.0,2788491.0,1.4196,0.8275,elevated,64.38,2.0361,9.83,0.317,43.12,47.04,0.8111,0.8958,38633.3515625,0.08184073745988175,1.4375557154540213,0.95,45.20593836545257,49.854904177376326,-669.9566545276875,-478.35636002153944,0.96,-0.0204,0.52,-0.08,0.4959,mixed
2025-12-19,3179.3215200364916,3197.5357868591873,3159.854366515901,3162.938232421875,3902511,yfinance:TCS.NS,2026-08-05T14:32:45.912639,-0.5153,2.3993,1.9096,1.3526,2176619.0,2774765.0,1.7929,1.4064,spike,37.68,1.1913,17.54,0.5547,43.46,47.54,0.8299,0.9006,38691.6015625,0.08174741041186062,1.4866460121497138,0.95,45.42691959026094,50.13029862848661,409.8594845826784,-377.7331735881998,6.1429,0.72,0.58,0.18,0.694,strengthened
2025-12-22,3189.9226061933546,3207.8479451634685,3171.6118722000997,3204.281982421875,2632816,yfinance:TCS.NS,2026-08-05T14:32:45.912639,0.4501,3.3284,2.9317,2.7313,2390744.0,2571217.0,1.1013,1.024,elevated,36.24,1.1309,26.98,0.8531,44.56,49.12,0.8369,0.8865,39488.0,0.08114571470881977,0.1450582407550741,0.65,51.44033317752856,48.417149598977424,-859.4997311547119,-267.4813541492977,3.5455,0.56,0.6,0.16,0.668,strengthened
2025-12-23,3199.4631245744913,3199.4631245744913,3174.0209376032617,3189.92236328125,2365420,yfinance:TCS.NS,2026-08-05T14:32:45.912639,-0.2982,0.89,3.2729,3.1699,2516904.0,2552592.0,0.9398,0.9267,normal,25.44,0.7976,-4.82,-0.1504,43.08,46.04,0.8076,0.8904,39173.69921875,0.08143020513504208,0.9103576507739779,0.85,56.24226763225474,48.705248338046786,-30.035806551626226,2107.8771372213596,1.0833,0.04,0.6,0.14,0.562,strengthened
2025-12-24,3184.236571775606,3206.4021959958864,3176.5267894381177,3198.595947265625,1367708,yfinance:TCS.NS,2026-08-05T14:32:45.912639,0.451,1.1274,3.145,4.07,2515175.0,2495551.0,0.5438,0.5481,dry,29.88,0.934,-5.69,-0.1782,42.04,43.35,0.6866,0.7913,38974.80078125,0.08206830780785943,2.2310107202982152,1.0,49.91031327221211,49.64515440754178,2084.7060544535634,250.74437853992026,0.7857,-0.12,0.58,0.12,0.52,mixed
2025-12-26,3192.9103071634727,3199.559900795541,3153.108505919085,3161.010986328125,1176664,yfinance:TCS.NS,2026-08-05T14:32:45.912639,-0.9991,-1.3504,-0.0244,2.7601,2289024.0,2412573.0,0.514,0.4877,dry,46.45,1.4695,-5.69,-0.1778,37.84,43.28,0.7715,0.7985,38572.30078125,0.0819502835533392,1.7011530361010674,0.95,46.429201207320176,49.889806975915306,450.69797962239824,-1150.4237577422884,0.5625,-0.28,0.56,0.02,0.47,mixed
2025-12-29,3161.0105311971397,3168.7203129805475,3125.25632406304,3133.54443359375,2079473,yfinance:TCS.NS,2026-08-05T14:32:45.912639,-0.8689,-1.7674,-0.9293,0.9626,1924416.0,2435712.0,1.0806,0.8537,normal,43.46,1.3871,-0.0,-0.0,38.99,42.86,0.8179,0.8127,38282.69921875,0.08185275588036411,1.3295468013073042,0.9,53.82103634909584,51.568630327682285,-1402.4845301638288,431.7099211546789,0.3889,-0.44,0.52,0.0,0.42,weakened
2025-12-30,3132.099002526,3148.9641510011397,3121.9799134409154,3129.01513671875,2807593,yfinance:TCS.NS,2026-08-05T14:32:45.912639,-0.0985,-2.1754,-2.3489,0.5139,1959372.0,2488709.0,1.4329,1.1281,elevated,26.98,0.8624,-1.45,-0.0461,35.41,40.98,0.796,0.8126,37998.6015625,0.08234553399477489,2.050572838115432,1.0,48.415567086458395,50.96367710946825,139.51698498414018,1672.0111364256,0.5625,-0.28,0.56,0.0,0.468,mixed
2025-12-31,3122.461816571668,3128.2441532690227,3082.4673210816295,3089.887939453125,3362634,yfinance:TCS.NS,2026-08-05T14:32:45.912639,-1.0432,-2.25,-3.136,0.0343,2158814.0,2531241.0,1.5576,1.3285,spike,45.78,1.4815,-6.55,-0.2094,38.66,41.08,0.8514,0.8313,37884.05078125,0.08156170936668702,0.42089407474671675,0.7,53.86112061772464,50.487447706562236,-497.530591149039,-155.62601963105357,6.1429,0.72,0.64,0.2,0.72,strongly_participatory
2026-01-01,3098.368779137981,3116.775978595714,3082.1781891606697,3110.31884765625,1255735,yfinance:TCS.NS,2026-08-05T14:32:45.912639,0.3857,-0.7412,-2.7599,0.2983,2136420.0,2396422.0,0.5878,0.524,dry,34.6,1.1124,8.48,0.2745,39.61,39.74,0.8403,0.7771,38171.5,0.0814827514678818,0.20612459837100597,0.65,47.35426735913134,49.97623852394608,350.37810499509163,-239.4808005382306,2.125,0.36,0.62,0.24,0.644,strengthened
2026-01-02,3116.6795578205924,3136.243177859361,3102.7055771191704,3132.773681640625,1184324,yfinance:TCS.NS,2026-08-05T14:32:45.912639,0.5164,0.1201,-0.8933,-0.9175,2137952.0,2204343.0,0.554,0.5373,dry,33.54,1.0705,6.36,0.2045,37.03,39.57,0.6341,0.783,38320.30078125,0.08175232494974259,0.7173983928170913,0.75,48.62908152252872,50.416214586987785,122.19312174413888,171.62175934283147,3.1667,0.52,0.72,0.32,0.724,strongly_participatory
2026-01-05,3122.94369701057,3129.207895137578,3075.2394189664337,3099.428955078125,2341703,yfinance:TCS.NS,2026-08-05T14:32:45.912639,-0.753,0.3088,-1.0887,-2.0079,2190398.0,2059227.0,1.0691,1.1372,normal,53.97,1.7412,-9.83,-0.3138,39.84,40.86,0.6514,0.7941,37771.1484375,0.08205810739926948,1.2708464459347413,0.9,50.77190780718394,49.80638887860541,-55.97521409263702,582.3218206559991,1.0,0.0,0.76,0.46,0.65,strengthened
2026-01-06,3093.550169667909,3144.8201752673103,3088.7315556964636,3137.688720703125,2912325,yfinance:TCS.NS,2026-08-05T14:32:45.912639,1.4268,0.88,0.2772,-2.0783,2211344.0,2077607.0,1.317,1.4018,elevated,56.09,1.7876,-5.88,-0.1897,45.66,42.18,0.8163,0.8311,37977.3984375,0.08261989630139802,2.1444965371304203,1.0,55.984080878877215,51.32009163708917,1679.116981117545,-28.878581672880866,2.125,0.36,0.78,0.32,0.716,strongly_participatory
2026-01-07,3125.2565425983025,3180.8635358265738,3106.271250685878,3176.044921875,1989442,yfinance:TCS.NS,2026-08-05T14:32:45.912639,1.6251,1.3812,2.7884,-0.435,1936706.0,2040335.0,1.0272,0.9751,normal,74.59,2.3486,-12.43,-0.3962,51.27,45.0,0.9816,0.8632,38688.80078125,0.08209210049783261,0.955981574090768,0.9,24.829956974450486,45.51385890843434,675.9463602670577,359.36082921685295,0.6897,-0.1837,0.74,0.2,0.5793,strengthened
2026-01-08,3167.66037916829,3167.66037916829,3066.565951499233,3087.67138671875,4159336,yfinance:TCS.NS,2026-08-05T14:32:45.912639,-2.5252,-0.3793,-0.7281,-3.4679,2517426.0,2178959.0,1.6522,1.9089,spike,101.09,3.2741,-8.38,-0.264,66.25,48.0,1.2624,0.9539,37920.30078125,0.08142528732908876,-0.4356067828201575,0.35,64.70699763824582,48.98440496425724,14.194397877565784,-553.0605592978158,0.0652,-0.8776,0.62,0.0,0.3725,weakened
2026-01-09,3075.2393421369984,3112.5353660738615,3075.2393421369984,3091.429931640625,1938673,yfinance:TCS.NS,2026-08-05T14:32:45.912639,0.5265,-1.4743,-1.3197,-2.2012,2668296.0,2180175.0,0.7266,0.8892,dry,37.3,1.2064,-12.43,-0.4026,67.0,47.97,1.2517,0.9236,38027.19921875,0.08129523065470305,-0.831931004005379,0.3,46.88328297475861,48.635245254703214,1254.0424748134014,328.70521959679155,0.3514,-0.48,0.56,-0.12,0.416,weakened
2026-01-12,3086.8043094933746,3134.0267294637697,3059.1455105674945,3122.07666015625,2228342,yfinance:TCS.NS,2026-08-05T14:32:45.912639,1.1427,-1.6992,0.7307,-0.366,2645624.0,2234264.0,0.8423,0.9973,dry,74.88,2.3984,-4.63,-0.1496,70.47,50.11,1.2724,0.9445,37988.25,0.08218532467687377,1.078224621436625,0.9,52.90219124050056,49.061301941366544,27.711135228139273,351.03694030252785,3.1667,0.52,0.6,-0.32,0.612,strengthened
2026-01-13,3127.2804209827063,3161.0107182814413,3094.031985073954,3149.446044921875,5645341,yfinance:TCS.NS,2026-08-05T14:32:45.912639,0.7088,2.0007,0.3747,0.653,3192227.0,2438422.0,1.7685,2.3152,spike,66.98,2.1267,5.2,0.1667,72.65,52.74,1.2826,0.95,38236.6015625,0.08236731080229288,1.3590670002655927,0.95,39.57267549461075,45.77902086451324,-1646.0295965152045,-41.1419648939225,0.6129,-0.24,0.56,-0.1,0.466,mixed
2026-01-14,3141.7363480080267,3141.7363480080267,3067.529691935444,3076.68505859375,3539511,yfinance:TCS.NS,2026-08-05T14:32:45.912639,-2.0706,-0.477,-3.1284,-0.4273,3502241.0,2528666.0,1.0106,1.3998,normal,74.21,2.4119,-7.71,-0.2448,74.11,56.45,1.4264,1.0305,37822.69921875,0.08134493629869051,-1.063196441729281,0.2,43.00984831443356,49.41499913250986,-524.7573669263252,-857.1152107089233,0.6667,-0.2,0.52,-0.02,0.466,mixed
2026-01-15,3076.68505859375,3076.68505859375,3076.68505859375,3076.68505859375,0,yfinance:TCS.NS,2026-08-05T14:32:45.912639,0.0,-1.4539,-0.3558,-1.0814,2670373.0,2459849.0,0.0,0.0,dry,0.0,0.0,0.0,0.0,52.21,53.14,1.423,1.004,37822.69921875,0.08134493629869051,-1.0933244579515178,0.175,63.31225083093429,49.13604977104755,186.19422971529838,-1854.4497352830142,0.0,0.0,0.5,0.0,0.5,mixed
2026-01-16,3159.0110444402844,3161.464149941515,3111.519017760894,3146.54931640625,4293470,yfinance:TCS.NS,2026-08-05T14:32:45.912639,-0.3945,-0.092,1.783,0.4397,3141333.0,2559151.0,1.3668,1.6777,elevated,49.95,1.5873,82.33,2.6758,61.71,56.09,1.4197,0.9844,39086.6484375,0.080501896227752,-2.4382516368701084,0.05,46.474540793893226,49.05430133487448,784.4426958957524,-121.33663721992045,0.7241,-0.16,0.5,-0.08,0.46,mixed
2026-01-19,3128.2002715520307,3159.600023336744,3092.973770842994,3104.258056640625,3387562,yfinance:TCS.NS,2026-08-05T14:32:45.912639,-0.7654,0.8962,-0.5707,0.1558,3373177.0,2533404.0,1.0043,1.3372,normal,66.63,2.1463,-18.35,-0.5831,60.06,58.92,1.4204,0.9912,38902.5,0.07979585005181222,-2.7676229717473215,0.05,51.96545510378083,48.86695410753053,423.57751470350604,785.3999643824562,0.7241,-0.16,0.48,-0.12,0.448,weakened
2026-01-20,3092.4832014713097,3100.7255406282875,3033.118044759914,3044.10791015625,4499273,yfinance:TCS.NS,2026-08-05T14:32:45.912639,-1.5643,-1.0588,-3.3447,-2.9825,3143963.0,2626726.0,1.4311,1.7129,elevated,67.61,2.2209,-11.77,-0.3793,60.89,60.67,1.3936,1.0274,38101.05078125,0.07989564192424566,-2.193425770568755,0.1,49.20335124114861,50.79308925683811,-706.0867789442381,200.665776806404,0.0417,-0.92,0.4,-0.34,0.242,deteriorated
2026-01-21,3041.8509292683366,3079.6287553253787,3024.188569033875,3064.027099609375,2015150,yfinance:TCS.NS,2026-08-05T14:32:45.912639,0.729,-2.6226,-0.4114,-3.527,2839091.0,2609213.0,0.7098,0.7723,dry,55.44,1.8094,-2.26,-0.0741,55.6,62.16,1.2778,1.0337,37992.30078125,0.08064863239663382,-1.1153945473962443,0.2,50.919688019729804,52.375057197897355,414.5340370711343,593.6020123368241,0.5152,-0.32,0.38,-0.5,0.338,weakened
2026-01-22,3090.9130188550284,3100.7254411371077,3063.7326570458863,3091.305419921875,2269827,yfinance:TCS.NS,2026-08-05T14:32:45.912639,0.0127,-0.4173,0.4752,0.1177,3293056.0,2654319.0,0.6893,0.8551,dry,36.99,1.1967,26.89,0.8775,63.0,62.41,1.0442,1.0153,38301.75,0.08070924748665205,-0.941137383984138,0.25,67.2273246819062,53.15807196809173,-1231.3384494982322,-459.5220590599782,4.0,0.6,0.44,-0.06,0.59,strengthened
2026-01-23,3130.457047950816,3134.578217290946,3092.875423666008,3103.178466796875,2068857,yfinance:TCS.NS,2026-08-05T14:32:45.912639,-0.8714,1.9405,-1.3784,0.38,2848134.0,2698929.0,0.7264,0.7665,dry,41.7,1.3439,39.15,1.2665,54.69,61.39,1.0344,1.0245,38238.5,0.08115324782083175,-0.3382404401237304,0.3,47.539049623731316,53.37097373405935,-2070.4132021611113,-709.3776240585148,0.3158,-0.52,0.38,-0.18,0.33,weakened
2026-01-27,3115.4440572399217,3115.4440572399217,3071.2881572160486,3098.762939453125,4279874,yfinance:TCS.NS,2026-08-05T14:32:45.912639,-0.5354,1.1337,-0.177,-0.7467,3026596.0,2808949.0,1.4141,1.5237,elevated,44.16,1.425,12.27,0.3953,50.2,60.54,0.9005,1.0174,38566.1015625,0.08034939529553663,-1.214140800231364,0.15,57.496242444483045,54.47713120219979,-247.03433158366067,-117.00581955707699,2.125,0.36,0.46,-0.2,0.536,mixed
2026-01-28,3116.425451779539,3145.0776781720924,3111.1268393421374,3140.073486328125,2751234,yfinance:TCS.NS,2026-08-05T14:32:45.912639,0.7588,1.5776,3.1525,-0.2976,2676988.0,2806131.0,1.0277,0.9804,normal,33.95,1.0812,17.66,0.57,45.24,58.52,0.9079,1.0217,38725.3515625,0.08108573220465841,-0.250881539528944,0.35,53.10984177623348,55.258429309216766,1169.2133398427438,-718.8755775107527,2.3333,0.4,0.42,0.06,0.554,strengthened
2026-01-29,3140.07335254898,3140.07335254898,3066.9708064954257,3085.41796875,2457641,yfinance:TCS.NS,2026-08-05T14:32:45.912639,-1.7406,-0.5723,0.6981,0.2838,2765487.0,2760881.0,0.8887,0.8902,dry,73.1,2.3693,-0.0,-0.0,48.77,55.92,0.8473,1.0633,38431.30078125,0.08028398482560145,-1.1469072121544324,0.15,38.85596069815613,52.845683844902034,1046.6872377493828,1013.5234186197888,0.8462,-0.0833,0.4,0.02,0.4453,weakened
2026-01-30,3082.081828102924,3082.081828102924,3034.000959087629,3065.302490234375,3022068,yfinance:TCS.NS,2026-08-05T14:32:45.912639,-0.5444,-1.0798,-0.8412,-0.37,2915935.0,2849198.0,1.0364,1.0607,normal,48.08,1.5686,-3.34,-0.1081,51.65,56.93,0.8334,1.0579,38036.1484375,0.08058919254853576,-0.7099559524214504,0.3,61.067452258408764,51.61370936020255,810.8180939736211,-517.1434837916689,1.0833,0.04,0.4,-0.04,0.464,mixed
2026-02-02,3138.0126916764966,3138.0126916764966,3075.2131881532646,3110.1455078125,2636272,yfinance:TCS.NS,2026-08-05T14:32:45.912639,-0.8881,-0.9531,0.2245,-1.1569,3029418.0,2921795.0,0.8702,0.9023,dry,62.8,2.0192,72.71,2.372,57.54,56.77,0.8416,1.0082,38074.1484375,0.08168654153665206,0.6258748588690353,0.75,41.96579319984514,50.49905807542531,-369.95179625459014,489.55481265634677,0.2821,-0.56,0.4,-0.28,0.32,weakened
2026-02-03,3287.1613923698505,3287.1613923698505,3126.53209104895,3164.800537109375,4366060,yfinance:TCS.NS,2026-08-05T14:32:45.912639,-3.7224,2.5728,2.1311,1.9503,3046655.0,3023013.0,1.4331,1.4443,elevated,160.63,5.0755,177.02,5.6916,84.11,64.63,1.3154,1.1901,38611.75,0.0819647008257687,0.975636353341367,0.8,47.48689322725606,48.49718823197992,-1289.3434370374596,947.346824474623,11.5,0.84,0.54,0.34,0.718,strongly_participatory
2026-02-04,3061.475843095512,3061.475843095512,2929.9893806035893,2942.84375,10852595,yfinance:TCS.NS,2026-08-05T14:32:45.912639,-3.875,-3.995,-6.2811,-3.3266,4666927.0,3420026.0,2.3254,3.1732,spike,131.49,4.468,-103.32,-3.2648,121.81,75.56,1.6241,1.3404,36345.6484375,0.08096825552749502,-0.1562351461489282,0.45,50.63009928242785,48.00123973321878,151.15481295860008,-216.84989741624213,2.3333,0.4,0.56,0.0,0.604,strengthened
2026-02-05,2933.9143670738968,2972.869637012123,2916.5464269268496,2935.38623046875,3521545,yfinance:TCS.NS,2026-08-05T14:32:45.912639,0.0502,-5.619,-4.8626,-4.1984,4879708.0,3496632.0,0.7217,1.0071,dry,56.32,1.9188,-8.93,-0.3034,118.46,79.58,1.5534,1.3438,36143.30078125,0.0812152229325866,0.24760020101212116,0.6,50.57085772360219,50.344219138308,749.9305970570394,217.80821159125276,0.6129,-0.24,0.5,0.06,0.458,mixed
2026-02-06,2920.765595757455,2929.0079343210614,2861.302223276454,2886.422119140625,4687389,yfinance:TCS.NS,2026-08-05T14:32:45.912639,-1.1758,-8.7961,-5.8357,-6.6277,5212772.0,3523034.0,0.8992,1.3305,dry,67.71,2.3457,-14.62,-0.4981,122.99,78.81,1.5003,1.337,35611.05078125,0.08105411258070457,0.04593452513440302,0.5,51.37536603388228,48.4058018934027,1504.8378295965285,-451.4310162445626,0.7857,-0.12,0.52,-0.02,0.482,mixed
2026-02-09,2903.5941220720847,2921.15826303242,2882.3991930324937,2892.8984375,2380318,yfinance:TCS.NS,2026-08-05T14:32:45.912639,-0.3684,-1.6972,-6.9851,-6.7763,5161581.0,3545116.0,0.4612,0.6714,dry,38.76,1.3398,17.17,0.5949,116.2,76.82,1.5228,1.3347,35616.6484375,0.08122320780902365,0.29327307635652194,0.7,46.04674691767481,49.221992636968636,255.686488142052,475.01682746982425,2.8462,0.48,0.56,0.34,0.654,strengthened
2026-02-10,2894.468444356794,2955.109263473934,2888.2865702537815,2928.61572265625,3547763,yfinance:TCS.NS,2026-08-05T14:32:45.912639,1.1797,-0.2307,-7.4629,-5.4908,4997922.0,3611088.0,0.7098,0.9825,dry,66.82,2.2817,1.57,0.0543,94.16,76.52,1.6935,1.3688,35722.19921875,0.08198307457842818,1.4294714774606123,0.95,55.71269734630686,50.867153460778795,1763.792608618236,205.56388847188262,1.2273,0.102,0.6,0.2,0.5804,strengthened
2026-02-11,2924.1019081110685,2941.76426862986,2849.723697569715,2855.21875,3363513,yfinance:TCS.NS,2026-08-05T14:32:45.912639,-2.3557,-1.081,-2.9776,-9.0716,3500106.0,3496996.0,0.961,0.9618,normal,92.04,3.2236,-4.51,-0.1541,65.61,79.13,1.6119,1.4095,35095.1484375,0.08135650872327216,0.654260870297524,0.85,57.51576391139712,52.244286386572654,-438.04073501090505,1689.7836176303533,1.2727,0.12,0.64,0.2,0.6,strengthened
2026-02-12,2815.9687988010764,2825.977420921291,2688.603518515395,2698.51416015625,10612156,yfinance:TCS.NS,2026-08-05T14:32:45.912639,-4.171,-6.7194,-8.0695,-12.5398,4918228.0,3850628.0,2.1577,2.756,spike,137.37,5.0907,-39.25,-1.3747,87.66,88.39,1.8447,1.5562,33160.19921875,0.08137810458721281,0.6856732526315282,0.85,38.17913747890406,49.76594233763303,-504.73922024254585,1313.1397609019996,0.7857,-0.12,0.62,0.1,0.534,mixed
2026-02-13,2536.5110796879476,2662.110080925881,2536.5110796879476,2641.7001953125,11168735,yfinance:TCS.NS,2026-08-05T14:32:45.912639,4.147,-9.797,-8.4784,-13.8193,6214497.0,4409065.0,1.7972,2.5331,spike,125.6,4.7545,-162.0,-6.0034,105.25,96.87,2.5867,1.7776,32681.5,0.08083166914959533,-0.1688367453450213,0.45,52.77920055879886,50.046709242616345,-846.6273798176675,1818.9905470701483,0.1628,-0.72,0.52,-0.08,0.356,weakened
2026-02-16,2649.3540277067937,2668.7826718221954,2620.898002964758,2655.830322265625,2918730,yfinance:TCS.NS,2026-08-05T14:32:45.912639,0.2444,-6.9833,-8.1948,-14.6075,6322179.0,4340328.0,0.4617,0.6725,dry,47.88,1.803,7.65,0.2897,107.07,97.14,2.6224,1.7729,32738.05078125,0.08112365455144,0.26611395495940376,0.6,59.00565450649296,52.63849076037998,-27.959405837674627,68.50274211191994,2.8462,0.48,0.56,0.04,0.624,strengthened
2026-02-17,2665.0538469624375,2708.228504276998,2644.6439610469733,2666.427490234375,4209118,yfinance:TCS.NS,2026-08-05T14:32:45.912639,0.0515,-1.189,-8.9526,-15.7474,6454450.0,4381406.0,0.6521,0.9607,dry,63.58,2.3846,9.22,0.3473,106.43,98.37,2.454,1.7754,33075.05078125,0.08061748741882364,-0.7224764897578599,0.25,46.79955530373978,50.855862351866556,1465.2993760910151,-301.9759401381001,1.381,0.16,0.58,0.06,0.57,strengthened
2026-02-18,2678.7913077273606,2678.7913077273606,2607.4550449905755,2644.349609375,2950820,yfinance:TCS.NS,2026-08-05T14:32:45.912639,-1.2857,0.1003,-7.3854,-10.1431,6371912.0,4303983.0,0.4631,0.6856,dry,71.34,2.6977,12.36,0.4637,102.28,98.24,2.1963,1.7427,32668.30078125,0.08094542863070267,-0.24002090957592492,0.4,49.00461162777234,49.1536318951416,1885.0310129308616,-74.42834522268127,2.5,0.4286,0.62,0.2,0.6537,strengthened
2026-02-19,2657.2039438116426,2697.140454434555,2616.5806115438327,2627.66845703125,3238849,yfinance:TCS.NS,2026-08-05T14:32:45.912639,-1.1115,-1.0604,-2.6254,-10.483,4897250.0,4365168.0,0.6614,0.742,dry,80.56,3.0658,12.85,0.4861,85.07,100.33,2.2024,1.6937,32319.400390625,0.08130313140937685,0.45770958791183375,0.75,46.61542540572904,50.8408894805066,-230.75414491187047,-119.32497499836461,0.1111,-0.8,0.56,0.16,0.38,weakened
2026-02-20,2616.972941852777,2651.905259923164,2597.838718993336,2635.812744140625,2293482,yfinance:TCS.NS,2026-08-05T14:32:45.912639,0.7199,-1.1482,-0.2229,-8.6824,3122200.0,4366351.0,0.7346,0.5253,dry,54.07,2.0512,-10.7,-0.407,63.49,98.99,2.2179,1.6754,32004.05078125,0.08235872271783955,2.2225557123809523,1.0,48.12463238065174,49.909975844877174,2694.4056179800696,-725.2899214806234,2.125,0.36,0.6,0.06,0.618,strengthened
2026-02-23,2635.616634548502,2653.2789947204583,2610.3005370564806,2626.0986328125,4699596,yfinance:TCS.NS,2026-08-05T14:32:45.912639,-0.3611,-0.6902,-1.1195,-9.2226,3478373.0,4497888.0,1.3511,1.0448,elevated,42.98,1.6366,-0.2,-0.0074,62.51,89.42,2.2178,1.6631,31550.5,0.0832347706949969,2.7774525544514947,1.0,60.756040505799774,50.26005304473854,-165.23398198146438,-218.12316641325828,2.5714,0.44,0.66,0.18,0.67,strengthened
2026-02-24,2591.460746119642,2597.8388206557183,2513.255787797201,2525.423095703125,7798833,yfinance:TCS.NS,2026-08-05T14:32:45.912639,-2.5483,-3.8911,-5.2881,-13.7673,4196316.0,4673836.0,1.8585,1.6686,spike,84.58,3.3493,-34.64,-1.319,72.36,80.71,2.2556,1.6661,30053.5,0.08403091472551034,2.8467898286459232,1.0,41.22430921345338,49.145003826681254,-150.12000796409032,-2265.582631302051,0.6667,-0.2,0.66,0.02,0.526,mixed
2026-02-25,2547.3048106742554,2604.4130601353972,2546.3235684513456,2579.980224609375,3621285,yfinance:TCS.NS,2026-08-05T14:32:45.912639,1.2827,-2.1182,-2.4342,-9.6398,4330409.0,4717338.0,0.8362,0.7677,dry,58.09,2.2515,21.88,0.8665,73.89,82.33,2.2463,1.6863,30526.349609375,0.08451649992952426,2.56127629886379,1.0,40.068861204349545,47.35785374199669,1096.8935558620044,-492.7831267377546,2.8462,0.48,0.68,0.28,0.696,strengthened
2026-02-26,2600.2918170703697,2620.897903167908,2585.5731841435563,2598.034912109375,3464267,yfinance:TCS.NS,2026-08-05T14:32:45.912639,-0.0868,-1.0686,-1.1278,-3.7235,4375493.0,4767670.0,0.7917,0.7266,dry,35.32,1.3597,20.31,0.7873,65.96,79.96,1.7899,1.6698,30554.19921875,0.08503037155413504,2.409672404662362,1.0,30.77287909117028,44.189344479084944,-1096.1422703619864,962.4249953231972,1.0417,0.0204,0.66,0.12,0.5801,strengthened
2026-02-27,2631.299321894741,2638.168017666852,2576.8403768444346,2587.92822265625,5083717,yfinance:TCS.NS,2026-08-05T14:32:45.912639,-1.6483,2.475,-1.8167,-2.0355,4933540.0,4870752.0,1.0304,1.0437,normal,61.33,2.3698,33.26,1.2804,67.41,81.57,1.1649,1.6751,30603.849609375,0.08456217945416512,1.7748754377532325,0.95,42.88830601848398,43.14207920665139,-566.1022207718266,-523.9039050182121,0.0889,-0.8367,0.52,0.02,0.3427,weakened
2026-03-02,2543.37985460111,2574.5834053591284,2531.8993684474203,2564.4765625,3374385,yfinance:TCS.NS,2026-08-05T14:32:45.912639,0.8295,-0.6009,-2.3465,-3.4397,4668497.0,4907658.0,0.7228,0.6876,dry,42.68,1.6644,-44.55,-1.7214,70.02,80.8,1.2185,1.6974,30272.94921875,0.0847118179325473,1.6396733051531829,0.95,56.07853671474108,42.20657844843966,144.64893274386625,997.6957215184973,0.1905,-0.68,0.46,-0.34,0.314,weakened
2026-03-04,2575.7609535201655,2585.5733762002424,2531.997452542583,2539.2587890625,3446434,yfinance:TCS.NS,2026-08-05T14:32:45.912639,-1.4171,-2.2623,0.5479,-4.7693,3798018.0,4861676.0,0.9074,0.7089,normal,53.58,2.1099,11.28,0.44,58.17,78.05,1.2441,1.7031,30305.30078125,0.08378926206314206,0.948641931053932,0.75,66.01948644275447,47.165613894299874,822.8215147539629,839.7293341436789,0.087,-0.84,0.34,-0.48,0.22,deteriorated
2026-03-05,2551.229777430436,2560.551578540278,2498.6350985020495,2530.427490234375,2960636,yfinance:TCS.NS,2026-08-05T14:32:45.912639,-0.8154,-2.2219,-1.9207,-4.3081,3665888.0,4467079.0,0.8076,0.6628,dry,61.92,2.4469,11.97,0.4714,54.75,70.57,1.2225,1.6951,30126.80078125,0.08399257221527603,0.9761446133676188,0.75,55.85412389593275,50.322666432616515,-4.589778468429934,391.2012481243771,3.5455,0.56,0.4,-0.12,0.56,strengthened
2026-03-06,2523.7550365456814,2570.069622274581,2505.7002751879877,2509.625244140625,3998643,yfinance:TCS.NS,2026-08-05T14:32:45.912639,-0.5599,-2.1389,-3.4029,-4.4923,3772763.0,4490933.0,1.0599,0.8904,normal,64.37,2.5649,-6.67,-0.2637,59.44,63.6,1.2049,1.6751,30138.400390625,0.08327002135525685,0.45495825798798667,0.65,45.40134893193102,53.24836040076866,-703.520725806407,-235.21606327232098,0.2821,-0.56,0.36,-0.08,0.324,weakened
2026-03-09,2482.542780637602,2511.9800468111703,2458.0117254929614,2479.991455078125,3653428,yfinance:TCS.NS,2026-08-05T14:32:45.912639,-0.1028,-2.334,-4.1708,-5.9117,3486705.0,4439235.0,1.0478,0.823,normal,53.97,2.1761,-27.08,-1.0791,57.97,64.03,1.1418,1.6736,30162.05078125,0.08222224254790367,-0.26617460693859346,0.5,36.88342026589123,52.04738325025011,575.2751708285272,383.65937715689876,0.2195,-0.64,0.24,-0.66,0.202,deteriorated
2026-03-10,2493.3365235176843,2497.45769299971,2443.39138949283,2465.9599609375,4323710,yfinance:TCS.NS,2026-08-05T14:32:45.912639,-1.098,-2.5477,-3.8416,-6.098,3676570.0,4536405.0,1.176,0.9531,elevated,54.07,2.1925,13.35,0.5381,57.58,63.35,1.1525,1.6749,30024.05078125,0.08213282008160905,-0.36299688301815175,0.45,34.836810024344864,47.799037912170874,242.09531864771716,1102.4026196162858,4.5556,0.64,0.34,0.0,0.564,strengthened
2026-03-11,2461.0536733182116,2473.711601954393,2413.9540474182472,2418.663818359375,2720664,yfinance:TCS.NS,2026-08-05T14:32:45.912639,-1.7224,-3.6245,-4.7492,-4.2274,3531416.0,4495050.0,0.7704,0.6053,dry,59.76,2.4707,-4.91,-0.199,58.82,62.53,1.0207,1.6847,29651.69921875,0.08156914720185592,-0.7238678490111347,0.4,56.180563456077124,45.8312533148354,110.0431597265854,-781.5968038281854,0.1905,-0.68,0.22,-0.18,0.234,deteriorated
2026-03-12,2413.6596961153996,2426.513825649523,2390.3060830242093,2396.5859375,2752075,yfinance:TCS.NS,2026-08-05T14:32:45.912639,-0.7074,-3.3631,-5.2893,-7.1084,3489704.0,4464478.0,0.7886,0.6164,dry,36.21,1.5108,-5.0,-0.2069,53.67,59.36,0.7966,1.6607,29579.44921875,0.0810219933365371,-1.0672912515898838,0.2,67.51801925071419,48.164032385791685,1514.4282945889443,-1379.4707811951155,0.2895,-0.551,0.22,-0.46,0.2318,deteriorated
2026-03-13,2391.287343235487,2400.0203033629555,2352.0376535639975,2365.284423828125,2466488,yfinance:TCS.NS,2026-08-05T14:32:45.912639,-1.0874,-4.0826,-5.7515,-8.9587,3183273.0,4057195.0,0.7748,0.6079,dry,47.98,2.0286,-5.3,-0.2211,50.4,58.92,0.7688,1.6521,29071.30078125,0.08136149261520671,-0.8412947670368621,0.35,59.074182548084146,50.898599109022314,-5.521906065365412,611.4127480705542,0.087,-0.84,0.16,-0.52,0.144,deteriorated
2026-03-16,2364.793830777467,2379.5124645789865,2321.7173916761253,2364.0087890625,3807907,yfinance:TCS.NS,2026-08-05T14:32:45.912639,-0.0332,-2.2597,-4.6767,-8.6525,3214169.0,3689153.0,1.1847,1.0322,elevated,57.8,2.4448,-0.49,-0.0207,51.16,59.98,0.7478,1.6572,29042.55078125,0.08139811158008596,-0.8530589025524439,0.35,54.82732447024246,54.487379949892556,-149.38053901100452,-106.75694376793436,2.5,0.4286,0.14,-0.54,0.3877,weakened
2026-03-17,2374.6061161428333,2374.6061161428333,2315.731584337639,2346.8369140625,2993367,yfinance:TCS.NS,2026-08-05T14:32:45.912639,-1.1694,-2.0758,-4.8307,-8.4867,2948100.0,3692885.0,1.0154,0.8106,normal,58.87,2.5087,10.6,0.4483,52.12,56.13,0.5405,1.6588,28760.900390625,0.08159817259502358,-0.7450543762615145,0.4,54.07142871829412,58.334303688682404,859.5634650916563,124.25005640968612,2.125,0.36,0.16,-0.12,0.424,weakened
2026-03-18,2364.793804301608,2436.326267951688,2364.793804301608,2395.01611328125,3082388,yfinance:TCS.NS,2026-08-05T14:32:45.912639,1.278,1.257,-0.9777,-5.6805,3020445.0,3636549.0,1.0205,0.8476,normal,71.53,2.9867,17.96,0.7652,58.07,56.88,0.8316,1.6015,29559.30078125,0.08102411254600624,-1.1755677653207965,0.15,50.249531391755006,57.14809727581799,879.0203045104228,889.4057507324646,3.1667,0.52,0.16,-0.02,0.466,mixed
2026-03-19,2371.6624152761565,2378.5311107279285,2306.115387909886,2311.806640625,2757060,yfinance:TCS.NS,2026-08-05T14:32:45.912639,-2.5238,-2.2082,-3.5375,-8.6397,3021442.0,3626861.0,0.9125,0.7602,normal,72.42,3.1324,-23.35,-0.9751,68.61,60.3,1.0318,1.5232,28579.599609375,0.08089009895949191,-1.2642157411930082,0.05,48.83360883161501,53.411215191998146,-209.37398914927604,65.75848931677267,0.0204,-0.96,0.12,-0.32,0.124,deteriorated
2026-03-20,2341.2440023374425,2362.6351312433567,2319.8528734315287,2345.7578125,4206320,yfinance:TCS.NS,2026-08-05T14:32:45.912639,0.1928,-0.046,-0.8256,-6.5296,3369408.0,3675234.0,1.2484,1.1445,elevated,42.78,1.8238,29.44,1.2733,69.18,59.55,1.0755,1.5254,29199.599609375,0.0803352732188443,-1.5479622970582545,0.05,47.49925497680382,51.09622967774209,-153.31772809174328,32.29089647261396,2.5714,0.44,0.14,-0.16,0.428,weakened
2026-03-23,2320.6378037995523,2361.6537756859007,2303.956686393805,2339.085205078125,3860515,yfinance:TCS.NS,2026-08-05T14:32:45.912639,0.7949,-2.3353,-1.0543,-5.6817,3379930.0,3753586.0,1.1422,1.0285,elevated,57.7,2.4667,-25.12,-1.0709,69.16,59.67,1.1645,1.5397,29147.05078125,0.08025117953212729,-1.4439817126130479,0.05,34.456345486436916,47.02203388098097,-72.89135617129351,585.184058657303,0.087,-0.84,0.1,-0.68,0.104,deteriorated
2026-03-24,2359.0045869106293,2389.7172776589064,2334.47353068287,2353.803955078125,3420182,yfinance:TCS.NS,2026-08-05T14:32:45.912639,-0.2205,1.8166,0.2969,-4.5482,3465293.0,3689615.0,0.987,0.927,normal,55.24,2.347,19.92,0.8516,68.43,59.79,1.1564,1.5403,29648.900390625,0.07938924965400738,-1.7152807700743722,0.05,47.213282985642,45.650404734450554,383.93634027606544,285.36575115691755,7.3333,0.76,0.14,-0.12,0.496,mixed
2026-03-25,2355.864368126978,2376.1762738846405,2325.3478785890734,2332.80517578125,5843778,yfinance:TCS.NS,2026-08-05T14:32:45.912639,-0.9788,-0.5522,-2.5975,-3.5498,4017571.0,3591862.0,1.4546,1.6269,elevated,50.83,2.1789,2.06,0.0875,60.7,59.0,1.0927,1.5104,29671.30078125,0.07862160115526196,-1.851492590790284,0.05,40.09127114279266,43.61875268465808,758.8657879489666,-590.8131265617795,9.0,0.8,0.14,0.02,0.518,mixed
2026-03-27,2358.808027526138,2376.6668272056972,2340.262645780238,2344.97265625,4979411,yfinance:TCS.NS,2026-08-05T14:32:45.912639,-0.5865,0.2517,1.4346,-2.1536,4462041.0,3659769.0,1.1159,1.3606,elevated,36.4,1.5524,26.0,1.1147,51.69,57.54,1.0901,1.4715,29541.650390625,0.07937852575068635,-1.308567872920941,0.1,49.439153209227825,43.73986156018064,-130.64387147695084,1178.1320658301784,0.1364,-0.76,0.14,-0.04,0.2,deteriorated
2026-03-30,2330.5484146912077,2353.0187649541185,2302.1903717438945,2314.652099609375,6804756,yfinance:TCS.NS,2026-08-05T14:32:45.912639,-0.6821,-1.6633,-1.326,-2.1406,4981728.0,3826793.0,1.3659,1.7782,elevated,50.83,2.1959,-14.42,-0.6151,51.69,57.31,1.0705,1.2982,29062.599609375,0.07964367024010872,-1.080891225697135,0.2,35.43599517101458,41.327209599022794,-81.45821900384405,-1069.6965335441905,0.087,-0.84,0.12,-0.46,0.134,deteriorated
2026-04-01,2383.4374750291136,2425.630892660341,2352.9207445923203,2363.027587890625,4132661,yfinance:TCS.NS,2026-08-05T14:32:45.912639,-0.8563,1.2955,1.0236,-0.0415,5036158.0,3779240.0,0.8206,1.0935,dry,72.71,3.077,68.79,2.9717,62.35,61.38,1.0714,0.9797,29669.05078125,0.07964621468051791,-0.9973080572239178,0.25,55.52616950390573,45.54117440251656,-930.0262257452833,-492.19952258657986,3.5455,0.56,0.08,-0.1,0.434,weakened
2026-04-02,2341.24390183887,2423.570027038862,2331.1370592120925,2404.730224609375,5378361,yfinance:TCS.NS,2026-08-05T14:32:45.912639,2.7116,2.5483,2.1636,2.4669,5427793.0,3879439.0,0.9909,1.3864,normal,92.43,3.8438,-21.78,-0.9219,69.79,63.71,1.4336,1.1385,30441.44921875,0.0789952609459938,-1.316835558178861,0.1,40.140100851693525,44.12653797572686,-961.7665339422667,-262.3375782395369,1.0,0.0,0.06,-0.38,0.286,deteriorated
2026-04-06,2427.593337237373,2435.4432752720936,2402.2772391631793,2427.4951171875,2572417,yfinance:TCS.NS,2026-08-05T14:32:45.912639,-0.004,4.8752,4.0591,1.3561,4773521.0,3835738.0,0.5389,0.6706,dry,33.17,1.3663,22.86,0.9508,66.25,63.49,1.3531,1.1377,30636.55078125,0.07923526164940085,-1.0810240830938593,0.15,48.84300404916768,45.87688455700187,-461.89127587285424,-769.1970556197886,9.0,0.8,0.1,0.04,0.504,mixed
2026-04-07,2414.837240451596,2496.182129281132,2402.0810908677395,2492.1591796875,4516550,yfinance:TCS.NS,2026-08-05T14:32:45.912639,3.202,5.4647,6.2767,7.8014,4680949.0,3913534.0,0.9649,1.1541,normal,94.1,3.7759,-12.66,-0.5214,76.3,66.79,1.4737,1.3077,31403.349609375,0.07935966101347046,-0.9523415404733369,0.2,37.32779604065436,43.45461312328718,-158.50443734187277,-505.34304777548186,2.5714,0.44,0.14,0.06,0.45,weakened
2026-04-08,2523.755016821873,2531.899375247164,2492.453485493659,2511.195068359375,4769337,yfinance:TCS.NS,2026-08-05T14:32:45.912639,-0.4977,4.4273,8.4913,7.0526,4273865.0,3952069.0,1.1159,1.2068,elevated,39.45,1.5708,31.6,1.2678,74.08,65.5,1.4983,1.2995,31565.80078125,0.07955429630193377,-0.7424970664062843,0.35,43.18905884839029,45.00522585876232,128.82964987627147,296.7230791712549,4.5556,0.64,0.24,0.32,0.556,strengthened
2026-04-09,2506.092558435327,2556.135910228672,2483.6222080623565,2540.43603515625,5628261,yfinance:TCS.NS,2026-08-05T14:32:45.912639,1.3704,4.6526,7.5077,8.6081,4572985.0,4050810.0,1.2308,1.3894,elevated,72.51,2.8544,-5.1,-0.2032,66.39,66.47,1.5306,1.3222,31636.19921875,0.08030155637819462,0.015757545093219995,0.55,50.5582554731403,44.01164305260923,297.86380091576945,1696.5195241181082,0.7241,-0.16,0.28,0.1,0.39,weakened
2026-04-10,2517.671257898199,2517.671257898199,2454.1849361455575,2476.94970703125,10480239,yfinance:TCS.NS,2026-08-05T14:32:45.912639,-1.6174,-0.6103,3.0032,5.2318,5593361.0,4358637.0,1.8737,2.4045,spike,63.49,2.5631,-22.76,-0.8961,65.15,66.24,1.6473,1.3449,31030.599609375,0.07982281161859699,-0.37192913495069646,0.5,35.25605013174665,43.034832908619855,1970.6682608346168,200.7177532920768,6.1429,0.72,0.38,0.16,0.612,strengthened
2026-04-13,2443.195026142192,2457.9136601554055,2423.6684008424363,2426.2197265625,3739587,yfinance:TCS.NS,2026-08-05T14:32:45.912639,-0.6948,-3.3839,-0.0525,4.0044,5826795.0,4409583.0,0.6418,0.8481,dry,34.25,1.4115,-33.75,-1.3628,69.18,63.7,1.6269,1.2796,30669.80078125,0.07910777588244951,-1.0426152467548462,0.15,52.41991963533718,43.75021602585375,1868.179441254334,-1102.2149080932459,0.3158,-0.52,0.32,0.1,0.334,weakened
2026-04-15,2454.9697496490417,2510.9987747578325,2446.629190999006,2506.9755859375,5261384,yfinance:TCS.NS,2026-08-05T14:32:45.912639,2.1184,-1.3171,0.5945,6.9085,5975762.0,4535048.0,0.8805,1.1602,dry,64.37,2.5676,28.75,1.185,67.31,66.12,1.6986,1.3224,31539.75,0.07948622249502611,-0.5508221704724092,0.4,58.91312343979075,48.06728150568104,1365.1817812465558,11.82835041173207,15.6667,0.88,0.48,0.46,0.714,strongly_participatory
2026-04-16,2523.754997213638,2545.3423261167095,2510.0176060935014,2528.56298828125,3905403,yfinance:TCS.NS,2026-08-05T14:32:45.912639,0.1905,2.0837,0.6916,9.2416,5802975.0,4606994.0,0.673,0.8477,dry,35.32,1.397,16.78,0.6693,67.04,64.74,1.6526,1.3243,31817.5,0.0794708254350986,-0.4931783622232048,0.4,49.00179602118326,49.22982894023963,368.2413857293398,415.4494023008495,1.0,0.0,0.48,0.46,0.538,mixed
2026-04-17,2521.792618261851,2540.4362212762385,2507.957006516208,2533.076904296875,2718206,yfinance:TCS.NS,2026-08-05T14:32:45.912639,0.4475,4.4043,-0.2897,7.1962,5220964.0,4552509.0,0.5206,0.5971,dry,32.48,1.2822,-6.77,-0.2678,59.03,63.11,1.5752,1.301,31809.849609375,0.07963184156489463,-0.21019251287764398,0.55,44.564755670997975,48.03112897981116,102.9802395785658,724.1074294660775,3.5455,0.56,0.52,0.28,0.648,strengthened
2026-04-20,2538.571963483115,2545.3424392975157,2513.15764504414,2531.212646484375,2288558,yfinance:TCS.NS,2026-08-05T14:32:45.912639,-0.2899,0.9668,2.1907,5.2597,3582628.0,4517269.0,0.6388,0.5066,dry,32.18,1.2715,5.5,0.2169,48.22,61.78,1.4337,1.2882,31585.75,0.08013780412003435,0.6923482363120579,0.75,48.39088056260564,50.65809506598296,-2004.2269200775468,656.1289242478489,0.8519,-0.08,0.54,0.38,0.538,mixed
2026-04-21,2511.9802240950007,2564.9673069470045,2511.9802240950007,2561.532958984375,2719959,yfinance:TCS.NS,2026-08-05T14:32:45.912639,1.9727,1.3039,5.5771,5.5217,3378702.0,4499147.0,0.805,0.6045,dry,52.99,2.0686,-19.23,-0.7598,48.16,62.44,1.503,1.324,31729.099609375,0.08073134726544584,1.7739310722936832,0.95,48.32473352963106,49.83905784484173,76.63712279644568,-1178.8621161833407,2.5714,0.44,0.66,0.4,0.692,strengthened
2026-04-22,2531.6048516902206,2531.6048516902206,2456.6380441545243,2490.88330078125,5232045,yfinance:TCS.NS,2026-08-05T14:32:45.912639,-1.6085,-1.6657,-0.6419,-0.0512,3372834.0,4622896.0,1.5512,1.1318,spike,74.97,3.0096,-29.93,-1.1684,52.18,66.3,1.3465,1.3472,30496.25,0.08167834736340533,2.834413692665298,1.0,42.38406649754596,46.53324645639278,-239.10471923622728,175.22310840192023,0.5625,-0.28,0.58,0.24,0.5,mixed
2026-04-23,2481.5614778281533,2511.489364373728,2469.0997500312283,2474.49658203125,2509050,yfinance:TCS.NS,2026-08-05T14:32:45.912639,-0.2847,-2.2407,-2.1382,-1.4614,3093564.0,4538033.0,0.8111,0.5529,dry,42.39,1.7131,-9.32,-0.3742,52.99,61.4,1.337,1.3448,30124.30078125,0.0821428719624068,2.680380880531289,1.0,42.69679265959241,45.272245784074606,829.9876168291397,1437.2278168974697,0.4706,-0.36,0.5,0.08,0.436,weakened
2026-04-24,2441.3307179215667,2458.0118361710306,2343.991534636913,2351.939453125,5107719,yfinance:TCS.NS,2026-08-05T14:32:45.912639,-3.6616,-8.1823,-7.1509,-7.4199,3571466.0,4600393.0,1.4301,1.1103,elevated,114.02,4.8479,-33.17,-1.3403,72.59,64.12,1.7224,1.4952,28530.599609375,0.08243568257682764,2.4021775761577135,1.0,36.779157825602454,43.71512621499551,-669.5507065224324,527.4220918422681,0.3514,-0.48,0.48,0.04,0.4,weakened
2026-04-27,2351.9393059532576,2412.874541687738,2351.9393059532576,2401.6884765625,5853425,yfinance:TCS.NS,2026-08-05T14:32:45.912639,2.1152,-3.5809,-5.1171,-3.0385,4284440.0,4722055.0,1.3662,1.2396,elevated,60.94,2.5372,-0.0,-0.0,78.34,66.1,1.8173,1.5431,29159.150390625,0.08236483040104867,1.9592378361211173,0.95,42.45675841763274,42.52830178600093,2925.020807349765,653.516879874773,4.5556,0.64,0.54,0.26,0.67,strengthened
2026-04-28,2398.155951805419,2440.349366669426,2381.867235359066,2398.8427734375,4508363,yfinance:TCS.NS,2026-08-05T14:32:45.912639,0.0286,-3.0573,-6.3513,-1.1284,4642120.0,4655285.0,0.9712,0.9684,normal,58.48,2.4379,-3.53,-0.1471,79.44,63.56,1.7995,1.5122,28959.900390625,0.08283325360518373,2.0116865692781087,1.0,42.25274187544642,41.313903455163995,650.7629855557993,-642.2189813031608,0.6129,-0.24,0.54,0.2,0.488,mixed
2026-04-29,2405.024637022461,2441.2323784506298,2401.688509360205,2428.280029296875,2835961,yfinance:TCS.NS,2026-08-05T14:32:45.912639,0.967,3.2459,-2.5133,-3.1391,4162904.0,4548112.0,0.6812,0.6235,dry,39.54,1.6285,6.18,0.2577,66.94,63.75,1.6897,1.5174,29245.25,0.0830316044245433,1.8497022009863966,1.0,55.15939501555553,43.868969158765914,-639.4777244112415,778.4168337384839,2.8462,0.48,0.6,0.22,0.658,strengthened
2026-04-30,2432.4995485090735,2444.2744555611544,2392.26861608113,2427.4951171875,3970446,yfinance:TCS.NS,2026-08-05T14:32:45.912639,-0.2057,1.0745,-1.8994,-3.997,4455183.0,4406397.0,0.8912,0.9011,dry,52.01,2.1424,4.22,0.1738,68.86,62.28,1.6891,1.5037,29353.900390625,0.08269753201052592,1.4247004940904011,0.9,45.64040257366378,44.457691141580185,159.8045247242409,745.8007233927736,0.3158,-0.52,0.6,0.16,0.452,mixed
2026-05-01,2427.4951171875,2427.4951171875,2427.4951171875,2427.4951171875,0,yfinance:TCS.NS,2026-08-05T14:32:45.912639,0.0,1.1944,3.2125,-4.1681,3433639.0,4199764.0,0.0,0.0,dry,0.0,0.0,0.0,0.0,42.76,56.12,1.6803,1.5037,29353.900390625,0.08269753201052592,1.275078559932385,0.875,57.981936581389874,48.698246892737664,1085.0898918686637,633.8802878168989,0.0,0.0,0.58,0.0,0.532,mixed
2026-05-04,2447.2181772447047,2451.4375668418284,2379.512461835769,2385.6943359375,2632358,yfinance:TCS.NS,2026-08-05T14:32:45.912639,-2.514,-1.7537,-0.666,-5.749,2789426.0,4062463.0,0.9437,0.648,normal,71.93,3.0148,19.72,0.8125,44.96,57.45,1.8476,1.5603,29076.150390625,0.08204986918442675,0.7599191488284046,0.65,41.31722357392194,48.47033992399551,1730.3010308595233,27.364000470241766,2.5714,0.44,0.66,0.24,0.676,strengthened
2026-05-05,2384.4185931895904,2414.24826083551,2366.952433771704,2381.769287109375,3385720,yfinance:TCS.NS,2026-08-05T14:32:45.912639,-0.1111,-1.8837,-0.7117,-7.0178,2564897.0,4103129.0,1.32,0.8252,elevated,47.3,1.9857,-1.28,-0.0535,42.72,54.77,1.6693,1.5417,29107.30078125,0.08182721252681854,0.5354229179573975,0.6,65.1611930221871,53.05203015334364,2032.7334301292565,-496.60262244552393,0.6667,-0.2,0.64,0.12,0.528,mixed
2026-05-06,2396.0951150032492,2424.6493574491965,2361.359238648924,2389.717041015625,3147628,yfinance:TCS.NS,2026-08-05T14:32:45.912639,-0.2662,-1.5563,-1.5881,-4.0615,2627230.0,4034682.0,1.1981,0.7801,elevated,63.29,2.6484,14.33,0.6015,46.9,56.55,1.6261,1.4697,29267.94921875,0.0816496237284946,0.3423855172553916,0.5,38.4992126477639,49.719993679785325,1168.9045577333327,721.8766520423754,2.125,0.36,0.72,0.18,0.678,strengthened
2026-05-07,2392.4647422177254,2393.9366055534624,2353.018852732181,2356.35498046875,5829594,yfinance:TCS.NS,2026-08-05T14:32:45.912639,-1.5093,-1.2298,-2.9306,-4.7744,2999060.0,4087695.0,1.9438,1.4261,spike,40.92,1.7365,2.75,0.115,44.69,57.16,1.6627,1.496,29043.5,0.08113192213296434,-0.0989849406989774,0.45,50.47856568181622,50.68762630141581,370.770931967963,180.69601904906878,0.9231,-0.04,0.74,0.14,0.602,strengthened
2026-05-08,2353.0188960201936,2361.8500761970836,2330.548544505656,2349.486328125,3792199,yfinance:TCS.NS,2026-08-05T14:32:45.912639,-0.1501,-1.3554,-3.2136,-0.1043,3757500.0,3995892.0,1.0092,0.949,normal,31.3,1.3323,-3.34,-0.1416,50.95,57.09,1.2421,1.4882,29394.19921875,0.07993027163761983,-0.9898458491636601,0.3,53.070215047456784,49.705281994629196,907.9943796338915,1020.9021806734881,0.7857,-0.12,0.7,0.04,0.56,strengthened
2026-05-11,2326.5252955775945,2369.699953108347,2326.5252955775945,2348.014404296875,1975188,yfinance:TCS.NS,2026-08-05T14:32:45.912639,0.9237,-1.7451,-1.5794,-2.2348,3626066.0,3570640.0,0.5447,0.5532,dry,43.17,1.8388,-22.96,-0.9773,45.2,56.39,1.0398,1.4984,29329.44921875,0.08005654612824488,-0.9118281040264656,0.3,46.96143440213259,50.83412416027132,-587.901129200937,64.95360627346837,0.3514,-0.48,0.64,-0.04,0.456,mixed
2026-05-12,2330.450360002076,2330.450360002076,2240.176072372522,2257.151611328125,6347884,yfinance:TCS.NS,2026-08-05T14:32:45.912639,-3.1453,-4.21,-5.2321,-5.9066,4218499.0,3701054.0,1.5048,1.7152,spike,90.27,3.9995,-17.56,-0.748,57.3,56.6,1.3668,1.5954,28234.900390625,0.07994190098427194,-1.080020380987341,0.25,48.35049177583288,47.47198391100047,1128.2123550423084,164.2165025782384,0.0638,-0.88,0.44,-0.26,0.274,deteriorated
2026-05-13,2262.7446759395275,2265.8846032931383,2226.4387119283556,2230.16748046875,3171843,yfinance:TCS.NS,2026-08-05T14:32:45.912639,-1.4397,-5.0785,-6.6765,-8.1586,4223342.0,3596577.0,0.751,0.8819,dry,39.45,1.7687,5.59,0.2478,52.54,56.39,1.2684,1.6122,27916.650390625,0.07988664289099982,-1.1656297423041884,0.15,46.82398398697209,49.136938178842115,2233.3233170635044,435.1528896988287,0.9231,-0.04,0.42,-0.26,0.434,weakened
2026-05-14,2222.513720137884,2222.513720137884,2165.012827845418,2203.8701171875,5633313,yfinance:TCS.NS,2026-08-05T14:32:45.912639,-0.8389,-6.139,-6.4712,-9.2122,4184085.0,3682973.0,1.3464,1.5296,elevated,57.5,2.6091,-7.65,-0.3432,57.38,51.73,1.2488,1.6143,27360.349609375,0.08054977910195803,-0.7054049534035982,0.35,55.71103293435928,50.18343162935072,781.2629099886915,34.20595536400259,3.1667,0.52,0.56,-0.1,0.618,strengthened
2026-05-15,2209.7573207679993,2261.6649346543286,2209.7573207679993,2221.5322265625,3410637,yfinance:TCS.NS,2026-08-05T14:32:45.912639,0.5329,-1.5781,-5.446,-8.4846,4107773.0,3717594.0,0.8303,0.9174,dry,51.91,2.3366,5.89,0.2671,62.68,51.5,1.3019,1.6124,27716.900390625,0.0801508175608956,-1.1044740716067643,0.3,65.68418401273081,52.70622542240553,1760.723423781778,-852.0240575770483,0.7241,-0.16,0.54,0.16,0.5,mixed
2026-05-18,2221.5322685970373,2249.8900714309348,2209.953563101145,2240.3720703125,3773336,yfinance:TCS.NS,2026-08-05T14:32:45.912639,0.8481,0.4576,-4.5844,-6.0914,4467403.0,3791833.0,0.8446,0.9951,dry,39.94,1.7826,0.0,0.0,62.03,50.18,1.2584,1.5354,28389.80078125,0.07891468092978483,-1.9707601374970438,0.05,47.29374361318996,52.772687264617005,885.5820937261275,-826.0626991238285,0.8519,-0.08,0.56,-0.18,0.49,mixed
2026-05-19,2256.857213357978,2333.0017090765828,2254.011706609054,2283.448974609375,10394707,yfinance:TCS.NS,2026-08-05T14:32:45.912639,1.1783,3.6109,1.1651,-4.128,5276767.0,4175571.0,1.9699,2.4894,spike,78.99,3.4592,16.49,0.7358,58.99,53.77,1.3659,1.554,29308.0,0.07791213916368825,-2.2729499014840475,0.05,68.63767470123454,56.83012384969734,-20.073095997743383,-123.22459465988453,1.0,0.0,0.56,0.04,0.528,mixed
2026-05-20,2280.3085723429836,2298.06915136111,2274.3231388707036,2283.742919921875,2537422,yfinance:TCS.NS,2026-08-05T14:32:45.912639,0.1506,2.8004,2.4023,-4.4346,5149883.0,4040840.0,0.4927,0.6279,dry,23.75,1.0398,-3.14,-0.1375,55.85,51.75,1.3763,1.4251,29185.150390625,0.07825016795717696,-1.7542785650968389,0.1,41.570603456242154,55.77944774355135,-1868.890495355913,513.8122901806057,0.8519,-0.08,0.56,-0.16,0.492,mixed
2026-05-21,2287.275643394801,2292.0836345084317,2270.594525446405,2283.546875,3299087,yfinance:TCS.NS,2026-08-05T14:32:45.912639,-0.163,1.9271,3.6153,-3.0899,4683038.0,4080342.0,0.7045,0.8085,dry,21.49,0.941,3.53,0.1547,47.12,53.28,1.3142,1.424,29021.099609375,0.07868574608600706,-1.3200323906443319,0.15,61.11293444355254,56.85982804539001,833.6131127287114,340.7405696516465,0.96,-0.0204,0.58,0.04,0.5319,mixed
2026-05-22,2287.373954930871,2296.106915322829,2264.805382686245,2273.832763671875,2617262,yfinance:TCS.NS,2026-08-05T14:32:45.912639,-0.592,-0.4211,2.3543,-3.22,4524363.0,3955819.0,0.5785,0.6616,dry,31.3,1.3766,3.83,0.1676,41.82,50.38,1.3193,1.3947,28912.5,0.07864531824200173,-1.2099702058897417,0.15,61.421606512611525,56.00731254536614,-2140.9255164018223,56.7139733559342,1.1739,0.08,0.62,0.04,0.568,strengthened
2026-05-25,2312.321719007271,2313.415817804508,2280.496215777924,2295.61328125,3298364,yfinance:TCS.NS,2026-08-05T14:32:45.912639,-0.7226,0.5198,2.4657,-2.2317,4429368.0,3828066.0,0.7447,0.8616,dry,32.92,1.434,38.49,1.6927,41.75,49.83,1.2572,1.3739,28979.849609375,0.07921411988650788,-0.7836301921135237,0.3,61.0271729850283,58.753998419733804,-189.10754054643127,746.8914858873534,4.5556,0.64,0.76,0.18,0.75,strongly_participatory
2026-05-26,2295.613098349941,2315.205623652634,2260.008270887014,2263.78759765625,3587597,yfinance:TCS.NS,2026-08-05T14:32:45.912639,-1.3864,-0.8653,-0.861,0.294,3067946.0,3782027.0,1.1694,0.9486,elevated,55.2,2.4383,-0.0,-0.0,34.26,49.25,0.908,1.3878,28978.5,0.0781195575221716,-1.3169793087461754,0.1,44.966978072100105,54.01985909390693,-537.2621615773305,-35.95936282413837,0.6129,-0.24,0.72,0.1,0.55,strengthened
2026-05-27,2262.5943570616037,2283.0821217701528,2248.571147658945,2271.744140625,2653950,yfinance:TCS.NS,2026-08-05T14:32:45.912639,0.4044,-0.0919,-0.5254,1.8643,3091252.0,3772927.0,0.8585,0.7034,dry,34.51,1.5191,-1.19,-0.0527,36.42,48.79,0.8211,1.3208,28906.69921875,0.07858884625441631,-0.9492412179246209,0.2,46.371357119181106,54.98000982649471,193.4017965123835,834.0246766701582,2.0625,0.3469,0.64,0.1,0.6354,strengthened
2026-05-28,2271.744140625,2271.744140625,2271.744140625,2271.744140625,0,yfinance:TCS.NS,2026-08-05T14:32:45.912639,0.0,-1.0398,-0.5169,3.0798,2431435.0,3574404.0,0.0,0.0,dry,0.0,0.0,0.0,0.0,32.12,46.56,0.7741,1.3188,28906.69921875,0.07858884625441631,-0.8735232306717646,0.225,43.34655268841085,51.42673347546638,476.502952043554,84.25635538513431,0.0,0.0,0.64,0.0,0.556,strengthened
2026-05-29,2278.507085795833,2321.2726050840133,2222.81245602518,2246.58203125,16331582,yfinance:TCS.NS,2026-08-05T14:32:45.912639,-1.4011,-0.76,-1.1984,1.1276,5174299.0,4390984.0,3.1563,3.7193,spike,98.46,4.3827,6.76,0.2977,45.55,50.51,0.8689,1.3253,29080.150390625,0.07725482850234035,-1.680445813665991,0.05,39.88194615445707,47.11880140383549,-385.2677365383244,1132.3337559110105,0.1111,-0.8,0.56,-0.06,0.358,weakened
2026-06-01,2271.5452382799426,2322.267132829976,2267.5670504720965,2284.8720703125,7505095,yfinance:TCS.NS,2026-08-05T14:32:45.912639,0.5867,0.5779,-0.4679,1.9863,6015645.0,4634620.0,1.2476,1.6194,elevated,54.7,2.394,24.96,1.1112,52.77,48.21,0.8383,1.3368,29854.25,0.0765342311500875,-1.9627284652505974,0.05,48.27266774607381,44.56790035604459,1497.2505366193468,-298.4392087137383,0.2195,-0.64,0.46,-0.22,0.334,weakened
2026-06-02,2307.34897134468,2443.9996279549005,2303.569644295269,2433.556884765625,11306127,yfinance:TCS.NS,2026-08-05T14:32:45.912639,5.4698,7.1228,7.4993,6.5737,7559351.0,5030641.0,1.4956,2.2475,elevated,140.43,5.7706,22.48,0.9837,73.56,56.76,1.9631,1.6593,31116.55078125,0.07820779693332916,-0.700207393385907,0.25,41.840214151530866,43.942547571930746,-22.906524066059625,1365.0967302170732,1.2727,0.12,0.48,-0.36,0.48,mixed
2026-06-03,2379.9508308808004,2379.9508308808004,2212.6680838914085,2229.475830078125,15660062,yfinance:TCS.NS,2026-08-05T14:32:45.912639,-6.3226,-0.7614,-1.8606,-2.3762,10160573.0,5656262.0,1.5413,2.7686,spike,167.28,7.5032,-53.61,-2.2028,110.83,67.88,2.8574,1.9857,29384.44921875,0.07587264316172763,-2.2058999770153473,0.05,49.87028729432598,44.64233360695972,544.2134630385839,533.7876313725776,0.6667,-0.2,0.46,-0.14,0.43,weakened
2026-06-04,2229.4759194813155,2240.8139007540485,2204.5129359355733,2228.77978515625,4867263,yfinance:TCS.NS,2026-08-05T14:32:45.912639,-0.0312,-2.4549,-1.8912,-2.3983,11134026.0,5608146.0,0.4372,0.8679,dry,36.3,1.6287,0.0,0.0,118.09,66.35,2.859,1.9867,29300.599609375,0.07606601280757173,-1.8455075967862475,0.1,35.55283483037098,43.08359003535174,-1798.282087632246,-237.89602078104113,0.9231,-0.04,0.44,-0.06,0.462,mixed
2026-06-05,2250.560184151513,2259.4117976453776,2180.0469028924485,2186.9091796875,5019717,yfinance:TCS.NS,2026-08-05T14:32:45.912639,-2.8282,-10.1353,-2.6562,-3.8228,8871653.0,5669522.0,0.5658,0.8854,dry,79.36,3.6291,21.78,0.9772,114.27,69.16,2.9613,1.9446,29010.30078125,0.0753838850613003,-1.9845800362331834,0.05,50.64704185771566,45.236609176003455,751.5401814060695,298.418578662806,0.8519,-0.08,0.38,0.0,0.436,weakened
2026-06-08,2158.1668832997775,2165.128711955583,2131.6125282744956,2139.668212890625,6536734,yfinance:TCS.NS,2026-08-05T14:32:45.912639,-0.8571,-4.0282,-6.355,-6.7932,8677981.0,5897599.0,0.7533,1.1084,dry,33.52,1.5664,-28.74,-1.3143,110.2,66.5,2.9622,1.8897,28653.55078125,0.0746737543708111,-2.06916294734889,0.05,50.99245255878058,45.78056613854481,303.82736210532113,-459.8761417648955,0.2195,-0.64,0.32,-0.2,0.28,deteriorated
2026-06-09,2162.145087858845,2162.145087858845,2121.169801728995,2139.2705078125,4148655,yfinance:TCS.NS,2026-08-05T14:32:45.912639,-1.058,-4.0161,-12.0928,-5.5004,7246486.0,5787638.0,0.5725,0.7168,dry,40.98,1.9154,22.48,1.0505,86.57,67.73,2.9547,1.8907,28516.25,0.07501934889098322,-1.6368238848761314,0.1,57.82135193978634,48.97679369619591,-88.54033016482377,276.6804731573559,1.7778,0.28,0.38,-0.16,0.492,mixed
2026-06-10,2139.568864676436,2168.907999188303,2133.1043096144995,2142.154541015625,2848650,yfinance:TCS.NS,2026-08-05T14:32:45.912639,0.1209,-2.0465,-3.9167,-5.7044,4684204.0,5771478.0,0.6081,0.4936,dry,35.8,1.6714,0.3,0.0139,49.55,68.75,2.9453,1.8746,28279.94921875,0.07574817495058819,-1.0988455910076924,0.2,38.32287185047036,46.66731060742478,-729.4976841312648,901.1230218355093,0.6667,-0.2,0.36,-0.1,0.394,weakened
2026-06-11,2115.4013888441136,2142.8509821277357,2098.494090484758,2123.95458984375,3079815,yfinance:TCS.NS,2026-08-05T14:32:45.912639,0.4043,-0.7344,-4.7033,-6.5056,4326714.0,5643803.0,0.7118,0.5457,dry,44.36,2.0884,-26.75,-1.2489,51.16,69.68,2.9577,1.8813,27821.05078125,0.07634343528373089,-0.6756719390360317,0.35,61.38057909470163,51.83285946029091,648.7887875734142,653.278805677273,0.5625,-0.28,0.34,-0.26,0.354,weakened
2026-06-12,2138.276030955957,2156.177876796519,2126.3414670622496,2149.61376953125,2124656,yfinance:TCS.NS,2026-08-05T14:32:45.912639,0.5302,0.4835,-1.7054,-4.3163,3747702.0,5579504.0,0.5669,0.3808,dry,29.84,1.388,14.32,0.6743,41.73,69.16,2.962,1.8885,27795.75,0.07733605927277551,0.04732506206823466,0.5,51.35215207492836,51.97388150373346,-356.06815946510915,-109.06601198910492,3.1667,0.52,0.42,0.0,0.572,strengthened
2026-06-15,2180.046856932239,2180.046856932239,2147.525221086398,2150.21044921875,3337083,yfinance:TCS.NS,2026-08-05T14:32:45.912639,-1.3686,0.3761,0.4927,-5.8936,3107772.0,5557691.0,1.0738,0.6004,normal,32.52,1.5125,30.43,1.4157,37.18,67.54,2.9543,1.8572,28067.900390625,0.07660745617926394,-0.3918408471241744,0.45,52.46661530017378,52.26871405201209,-933.2472710708153,-793.2919242261283,1.9412,0.32,0.5,0.24,0.588,strengthened
2026-06-16,2155.183285992923,2196.954258771743,2148.818282502735,2187.0087890625,3079898,yfinance:TCS.NS,2026-08-05T14:32:45.912639,1.4767,2.9687,2.2315,-10.1312,2894020.0,5191951.0,1.0642,0.5932,normal,48.14,2.201,4.97,0.2313,38.61,68.51,2.223,1.8891,28568.099609375,0.07655422723129977,-0.38292149027053535,0.45,48.60804313129929,50.42605229031468,35.66826771662844,-738.2287967981167,1.6316,0.24,0.52,0.06,0.562,strengthened
2026-06-17,2196.9542720106556,2218.8343055028395,2188.6994835403766,2210.8779296875,2865010,yfinance:TCS.NS,2026-08-05T14:32:45.912639,0.6338,2.85,3.2081,-0.8342,2897292.0,5208330.0,0.9889,0.5501,normal,30.13,1.363,9.95,0.4548,37.81,70.78,1.2419,1.8981,28809.55078125,0.07674114554838517,-0.19723486125030207,0.55,52.31004793957095,53.2234875081348,1260.4911834109118,1066.3691469235087,1.8824,0.3061,0.56,0.1,0.5952,strengthened
2026-06-18,2196.9542695909468,2201.927004470057,2170.101501243751,2191.285400390625,3735188,yfinance:TCS.NS,2026-08-05T14:32:45.912639,-0.258,1.9103,3.1701,-1.6823,3028367.0,5230135.0,1.2334,0.7142,elevated,31.83,1.4524,-13.92,-0.6298,37.1,66.66,1.2386,1.8855,28466.44921875,0.07697782689901804,0.0414703756551733,0.6,40.63461125536507,49.07429394026749,-329.64950255039054,-1151.6137570087842,1.7778,0.28,0.58,0.18,0.606,strengthened
2026-06-19,2093.521413717831,2126.341464384191,2048.6672473500757,2113.412353515625,13286502,yfinance:TCS.NS,2026-08-05T14:32:45.912639,0.9501,-3.3652,-1.6841,-3.3608,5260736.0,5763597.0,2.5256,2.3052,spike,77.67,3.6753,-97.76,-4.4615,59.18,71.44,0.9253,1.8993,27426.849609375,0.07705632923998759,0.1712685315777196,0.65,49.35488659228862,48.674840843739545,-220.8166097429164,-662.9886937014527,0.7241,-0.16,0.54,0.02,0.486,mixed
2026-06-22,2120.572930884224,2145.237743488044,2109.434053749718,2116.197021484375,4566101,yfinance:TCS.NS,2026-08-05T14:32:45.912639,-0.2064,-4.2825,-1.5819,-1.097,5506540.0,5826984.0,0.8292,0.7836,dry,35.8,1.6919,7.16,0.3388,59.83,62.64,0.8753,1.8859,27628.55078125,0.07659457197879967,-0.10760494099219259,0.5,40.76873886828168,46.33526555736112,1010.1916422542774,655.9864769146934,1.7778,0.28,0.58,0.16,0.604,strengthened
2026-06-23,2099.4885101234904,2102.4721508294924,2043.7938836114508,2048.368896484375,6392736,yfinance:TCS.NS,2026-08-05T14:32:45.912639,-2.4349,-6.522,-6.3392,-4.2492,6169107.0,5967241.0,1.0362,1.0713,normal,58.68,2.8646,-16.71,-0.7896,64.69,52.03,1.1476,1.8533,27012.05078125,0.07583166909734299,-0.7176002869411313,0.25,42.115760459281866,45.03680902295764,301.93764725371153,-113.50982964608617,0.2821,-0.56,0.5,0.1,0.398,weakened
2026-06-24,2049.761258251466,2109.1356624395376,2049.761258251466,2097.49951171875,4747277,yfinance:TCS.NS,2026-08-05T14:32:45.912639,2.329,-0.7529,-5.1282,-2.0846,6545561.0,6071908.0,0.7253,0.7818,dry,59.37,2.8307,1.39,0.068,70.47,53.78,1.368,1.8997,27566.69921875,0.07608816329711672,-0.39958569857626136,0.4,57.8887454016835,46.15254851538015,-80.50963185138922,1558.7586327600804,1.5,0.2,0.5,0.02,0.542,mixed
2026-06-25,2121.965363861958,2136.78401555451,2076.61392807904,2083.27734375,4738903,yfinance:TCS.NS,2026-08-05T14:32:45.912639,-1.8232,-1.5556,-4.929,-1.9152,6746304.0,6308853.0,0.7024,0.7512,dry,60.17,2.8882,24.47,1.1664,74.35,52.41,1.5064,1.9201,27330.849609375,0.07622439014978138,-0.15869814558401535,0.45,56.73048096475415,49.37172245725797,-377.7727170864493,-68.48226678024383,0.6129,-0.24,0.5,0.18,0.47,mixed
2026-06-26,2083.27734375,2083.27734375,2083.27734375,2083.27734375,0,yfinance:TCS.NS,2026-08-05T14:32:45.912639,0.0,1.7042,-1.4259,-3.086,4089003.0,5492274.0,0.0,0.0,dry,0.0,0.0,0.0,0.0,45.83,48.46,1.4943,1.9156,27330.849609375,0.07622439014978138,-0.09976222171111802,0.475,56.73048096475415,50.846841331751065,-377.7727170864493,-68.48226678024383,0.0,0.0,0.52,0.0,0.508,mixed
2026-06-29,2078.6031371123327,2093.521341445675,2059.706744956766,2086.4599609375,3412470,yfinance:TCS.NS,2026-08-05T14:32:45.912639,0.378,-0.5263,-1.4052,-2.9648,3858277.0,5287642.0,0.8845,0.6454,dry,33.81,1.6207,-4.67,-0.2244,45.43,47.94,1.4261,1.9086,27038.5,0.07716626147669065,1.009601057343391,0.9,56.73048096475415,54.03918975104557,-377.7727170864493,-68.48226678024383,0.8519,-0.08,0.42,0.06,0.458,mixed
2026-06-30,2078.60311543387,2092.8251853118586,2007.791421498655,2020.422119140625,6848411,yfinance:TCS.NS,2026-08-05T14:32:45.912639,-2.799,-3.0171,-1.3643,-7.6171,3949412.0,5064757.0,1.734,1.3522,spike,85.03,4.2087,-7.86,-0.3766,47.96,51.46,1.5995,1.9453,26299.05078125,0.0768249065696733,0.7896815731657139,0.8,56.73048096475415,56.96213385214001,-377.7727170864493,-68.48226678024383,0.8519,-0.08,0.46,-0.16,0.452,mixed
2026-07-01,2028.776408877907,2040.8104030555385,1966.0205187179013,1971.788818359375,4658295,yfinance:TCS.NS,2026-08-05T14:32:45.912639,-2.809,-5.3516,-5.9934,-10.8142,3931616.0,4514668.0,1.1848,1.0318,elevated,74.79,3.793,8.35,0.4135,50.76,53.63,1.7354,1.993,25769.80078125,0.07651548551333934,0.30831042459699054,0.55,56.73048096475415,56.73048096475415,-377.7727170864493,-68.48226678024383,1.9412,0.32,0.5,0.02,0.566,strengthened
2026-07-02,1997.0503819057585,2065.5745732846704,1991.580373389582,2056.82275390625,6040621,yfinance:TCS.NS,2026-08-05T14:32:45.912639,2.993,-1.4205,-1.2699,-6.1362,4191959.0,4573336.0,1.441,1.3208,elevated,73.99,3.5975,25.26,1.2811,57.48,58.03,2.089,2.0901,26965.05078125,0.07627735510650142,-0.04580718278245716,0.45,56.73048096475415,56.73048096475415,-377.7727170864493,-68.48226678024383,3.5455,0.56,0.6,0.2,0.672,strengthened
2026-07-03,2088.5485393778363,2105.0581154318793,2073.6303355251375,2082.083984375,4028819,yfinance:TCS.NS,2026-08-05T14:32:45.912639,-0.3095,3.0519,-0.0573,-1.4824,4997723.0,4523791.0,0.8061,0.8906,dry,31.43,1.5094,31.73,1.5425,67.13,59.15,2.0399,2.0896,27439.400390625,0.07587935431294515,-0.6745789969277727,0.25,56.73048096475415,56.73048096475415,-377.7727170864493,-68.48226678024383,2.125,0.36,0.62,0.34,0.654,strengthened
2026-07-06,2078.6031065753987,2081.5867473982344,2039.4180542258837,2046.3798828125,2567386,yfinance:TCS.NS,2026-08-05T14:32:45.912639,-1.5502,3.7829,-1.921,-3.2992,4828706.0,4325324.0,0.5317,0.5936,dry,42.17,2.0606,-3.48,-0.1672,68.9,58.76,2.0648,2.1002,27276.44921875,0.07502369045182779,-2.100773510554135,0.1,56.73048096475415,56.73048096475415,-377.7727170864493,-68.48226678024383,1.2273,0.102,0.6,0.22,0.5824,strengthened
2026-07-07,2038.8212111731864,2111.124724588052,2037.826664240907,2084.669921875,4769048,yfinance:TCS.NS,2026-08-05T14:32:45.912639,2.2488,1.3539,3.1799,1.7722,4412834.0,4356343.0,1.0807,1.0947,normal,73.3,3.5161,-7.56,-0.3694,66.55,61.73,2.1331,2.1441,27939.150390625,0.07461464979173141,-2.5188376061506226,0.05,56.73048096475415,56.73048096475415,-377.7727170864493,-68.48226678024383,1.0,0.0,0.64,0.32,0.588,strengthened
2026-07-08,2082.5813599967723,2098.1956989000228,2037.627885410664,2046.2803955078125,3666985,yfinance:TCS.NS,2026-08-05T14:32:45.912639,-1.7431,-1.7196,3.7779,-2.4419,4214572.0,4397260.0,0.8701,0.8339,dry,60.57,2.9599,-2.09,-0.1002,63.71,63.14,1.9948,2.1572,27555.19921875,0.07426113595707252,-2.444992062334319,0.05,56.73048096475415,56.73048096475415,-377.7727170864493,-68.48226678024383,0.087,-0.84,0.54,-0.02,0.346,weakened
2026-07-09,2046.280350211656,2053.7394523387943,2005.006651774823,2038.323974609375,3791498,yfinance:TCS.NS,2026-08-05T14:32:45.912639,-0.3888,-0.3937,-0.8994,-2.1578,3764747.0,4432844.0,1.0071,0.8553,normal,48.73,2.3908,-0.0,-0.0,54.7,56.43,1.9433,2.1564,27471.25,0.07419844290337625,-2.083786275095004,0.05,56.73048096475415,56.73048096475415,-377.7727170864493,-68.48226678024383,1.6316,0.24,0.56,0.0,0.572,strengthened
2026-07-10,2093.7200783959847,2121.666943317309,2053.341620075063,2057.717529296875,6714551,yfinance:TCS.NS,2026-08-05T14:32:45.912639,-1.7195,-1.2929,-1.1703,-1.2269,4301894.0,4662339.0,1.5608,1.4402,spike,68.33,3.3204,55.4,2.7177,61.72,59.83,1.9799,2.1626,28010.400390625,0.07346262461801821,-2.331838766658296,0.05,56.73048096475415,56.73048096475415,-377.7727170864493,-68.48226678024383,4.0,0.6,0.56,0.12,0.656,strengthened
2026-07-13,2063.684994131224,2192.8765503750355,2053.8390761022306,2169.604248046875,12382622,yfinance:TCS.NS,2026-08-05T14:32:45.912639,5.1325,6.0267,6.0216,3.9849,6264941.0,5114616.0,1.9765,2.421,spike,139.04,6.4084,5.97,0.29,81.0,64.59,2.6799,2.3787,29015.849609375,0.07477307324290368,-1.0021681423271789,0.25,56.73048096475415,56.73048096475415,-377.7727170864493,-68.48226678024383,0.7241,-0.16,0.58,0.02,0.502,mixed
2026-07-14,2170.996422535663,2215.850586742918,2167.1177865856457,2188.60009765625,9546290,yfinance:TCS.NS,2026-08-05T14:32:45.912639,0.8109,7.3725,4.9854,8.3239,7220389.0,5437936.0,1.3221,1.7555,elevated,48.73,2.2267,1.39,0.0642,76.08,63.73,2.5131,2.1358,28724.75,0.07619213736085606,0.3201597418747785,0.5,56.73048096475415,56.73048096475415,-377.7727170864493,-68.48226678024383,0.4706,-0.36,0.52,-0.06,0.43,weakened
2026-07-15,2174.10009765625,2202.89990234375,2145.39990234375,2189.199951171875,5426489,yfinance:TCS.NS,2026-08-05T14:32:45.912639,0.6945,6.3897,6.9844,11.0261,7572290.0,5566010.0,0.7166,0.9749,dry,57.5,2.6265,-14.5,-0.6625,75.47,63.54,2.2691,1.82,28532.25,0.07672721047838411,0.8167212449559998,0.8,56.73048096475415,56.73048096475415,-377.7727170864493,-68.48226678024383,1.0833,0.04,0.58,0.02,0.542,mixed
2026-07-16,2206.0,2231.39990234375,2187.800048828125,2201.0,5197595,yfinance:TCS.NS,2026-08-05T14:32:45.912639,-0.2267,1.4471,7.9809,7.0097,7853509.0,5639130.0,0.6618,0.9217,dry,43.6,1.9809,16.8,0.7674,74.44,66.65,2.1178,1.8201,28722.599609375,0.07662955407704802,0.7539337549592852,0.8,56.73048096475415,56.73048096475415,-377.7727170864493,-68.48226678024383,1.0833,0.04,0.56,-0.02,0.53,mixed
2026-07-17,2224.800048828125,2275.0,2215.10009765625,2269.0,5615138,yfinance:TCS.NS,2026-08-05T14:32:45.912639,1.9867,3.6736,10.2678,8.9774,7633627.0,5255562.0,0.7356,1.0684,dry,59.9,2.6399,23.8,1.0813,72.57,69.52,2.1689,1.7852,29226.599609375,0.07763475841617148,1.608637712098759,1.0,56.73048096475415,56.73048096475415,-377.7727170864493,-68.48226678024383,3.1667,0.52,0.64,0.04,0.664,strengthened
2026-07-20,2280.10009765625,2283.39990234375,2245.10009765625,2251.10009765625,2202693,yfinance:TCS.NS,2026-08-05T14:32:45.912639,-1.2719,2.8275,3.7563,10.004,5597641.0,5137391.0,0.3935,0.4288,dry,38.3,1.7014,11.1,0.4892,52.43,66.18,2.1409,1.794,29161.900390625,0.07719318931560222,1.1519671693738072,0.95,56.73048096475415,56.73048096475415,-377.7727170864493,-68.48226678024383,3.4545,0.551,0.62,0.2,0.6782,strengthened
2026-07-21,2245.10009765625,2259.89990234375,2218.5,2221.10009765625,2382160,yfinance:TCS.NS,2026-08-05T14:32:45.912639,-1.069,0.9132,1.485,6.5444,4164815.0,4936863.0,0.572,0.4825,dry,41.4,1.8639,-6.0,-0.2665,50.96,63.8,2.1056,1.7942,28984.400390625,0.07663087963602189,0.6142755007824476,0.75,56.73048096475415,56.73048096475415,-377.7727170864493,-68.48226678024383,2.125,0.36,0.6,0.22,0.634,strengthened
2026-07-22,2216.0,2226.800048828125,2201.0,2208.300048828125,1599665,yfinance:TCS.NS,2026-08-05T14:32:45.912639,-0.3475,-2.6752,0.8725,7.9178,3399450.0,4779482.0,0.4706,0.3347,dry,25.8,1.1683,-5.1,-0.2296,44.62,58.94,2.0048,1.7954,28549.849609375,0.07734892053872602,1.1428735642318966,0.95,56.73048096475415,56.73048096475415,-377.7727170864493,-68.48226678024383,0.3889,-0.44,0.62,0.12,0.472,mixed
2026-07-23,2204.0,2250.0,2193.60009765625,2242.89990234375,2503539,yfinance:TCS.NS,2026-08-05T14:32:45.912639,1.765,-0.3643,1.9037,10.0365,2860639.0,4667714.0,0.8752,0.5364,dry,56.4,2.5146,-4.3,-0.1947,47.18,59.53,2.0309,1.8227,28533.55078125,0.07860570594731613,1.8840622417755175,1.0,56.73048096475415,56.73048096475415,-377.7727170864493,-68.48226678024383,0.5625,-0.28,0.54,-0.06,0.454,mixed
2026-07-24,2205.10009765625,2264.300048828125,2205.10009765625,2254.300048828125,3211699,yfinance:TCS.NS,2026-08-05T14:32:45.912639,2.2312,1.4948,-0.6479,9.5534,2379951.0,4828299.0,1.3495,0.6652,elevated,59.2,2.6261,-37.8,-1.6853,44.22,60.71,1.9159,1.864,28767.94921875,0.0783615137695963,1.5132614564648306,0.95,56.73048096475415,56.73048096475415,-377.7727170864493,-68.48226678024383,0.5152,-0.32,0.48,-0.18,0.41,weakened
2026-07-27,2286.0,2315.0,2272.39990234375,2295.60009765625,4007292,yfinance:TCS.NS,2026-08-05T14:32:45.912639,0.42,3.9533,1.9768,5.8073,2740871.0,4858040.0,1.4621,0.8249,elevated,42.6,1.8557,31.7,1.4062,48.7,59.81,1.2381,1.8436,29441.900390625,0.07797051369643325,1.1765576457462665,0.9,56.73048096475415,56.73048096475415,-377.7727170864493,-68.48226678024383,7.3333,0.76,0.56,0.14,0.69,strengthened
2026-07-28,2325.0,2417.39990234375,2323.0,2398.0,8248513,yfinance:TCS.NS,2026-08-05T14:32:45.912639,3.1398,6.9152,7.9645,9.5678,3914142.0,4928045.0,2.1074,1.6738,spike,94.4,3.9366,29.4,1.2807,64.78,64.18,1.4955,1.9081,30418.349609375,0.07883399430917618,1.5843077857688543,1.0,56.73048096475415,56.73048096475415,-377.7727170864493,-68.48226678024383,1.6316,0.24,0.54,0.2,0.584,strengthened
2026-07-29,2440.0,2475.5,2415.10009765625,2446.60009765625,7169419,yfinance:TCS.NS,2026-08-05T14:32:45.912639,0.2705,8.5304,10.7911,11.7577,5028092.0,5053601.0,1.4259,1.4187,elevated,60.4,2.4687,42.0,1.7515,75.12,66.24,1.5027,1.9066,31123.099609375,0.07861042532278106,1.3079618597205538,0.95,56.73048096475415,56.73048096475415,-377.7727170864493,-68.48226678024383,2.5714,0.44,0.64,0.28,0.672,strengthened
2026-07-30,2440.0,2495.0,2423.0,2431.800048828125,4901582,yfinance:TCS.NS,2026-08-05T14:32:45.912639,-0.3361,5.9331,8.4221,10.4861,5507701.0,4996649.0,0.89,0.981,dry,72.0,2.9608,-6.6,-0.2698,78.24,65.43,1.5105,1.9073,31194.55078125,0.07795592460622316,0.8417917635270138,0.75,56.73048096475415,56.73048096475415,-377.7727170864493,-68.48226678024383,1.0833,0.04,0.64,0.28,0.592,strengthened
2026-07-31,2385.0,2391.0,2326.10009765625,2365.60009765625,4343683,yfinance:TCS.NS,2026-08-05T14:32:45.912639,-0.8134,-1.3511,4.9372,4.2574,5734098.0,5012392.0,0.7575,0.8666,dry,64.9,2.7435,-46.8,-1.9245,87.54,63.05,1.5006,1.9109,30708.94921875,0.07703292225355216,0.25719178785559565,0.55,56.73048096475415,56.73048096475415,-377.7727170864493,-68.48226678024383,1.9412,0.32,0.64,0.2,0.64,strengthened
2026-08-03,2383.89990234375,2473.699951171875,2383.0,2473.699951171875,3036839,yfinance:TCS.NS,2026-08-05T14:32:45.912639,3.7669,1.1077,7.7583,9.8885,5540007.0,5035865.0,0.5482,0.603,dry,90.7,3.6666,18.3,0.7736,97.02,67.29,1.7088,2.0198,31715.25,0.07799717647415282,0.7522366807925103,0.8,56.73048096475415,56.73048096475415,-377.7727170864493,-68.48226678024383,,,,,,strengthened
2026-08-04,2463.10009765625,2467.39990234375,2435.10009765625,2460.0,2792792,yfinance:TCS.NS,2026-08-05T14:32:45.912639,-0.1259,1.1596,2.5855,10.7559,4448863.0,4937052.0,0.6278,0.5657,dry,32.3,1.313,-10.6,-0.4285,80.38,65.94,1.6111,1.9556,31715.25,0.07756520916593752,0.4201130253055542,0.6,56.73048096475415,56.73048096475415,-377.7727170864493,-68.48226678024383,,,,,,strengthened
